State/Province,County/Parish,DI Basin,DI Play,DI Subplay,Grantor,Grantee Alias,Vol/Page,Record Number,Instrument Type,Instrument Date,Record Date,Effective Date,Term (Months),Expiration of Primary Term,Options/Extensions,Ext. Bonus,Ext. Term (Months),Bonus,Royalty,Area (Acres),Abstract,Section,Township,Township Direction,Range,Range Direction,Block,BLM,State Lease,Grantee,Grantor Address,Grantee Address,Majority Legal Assignee,Majority Assignment Effective Date,Majority Legal Assignee Interest,Majority Assignment Vol/Page,Max Depth,Min Depth,Latitude (NAD27),Longitude (NAD27)
TX,HARRISON (TX),EAST TEXAS,HAYNESVILLE - TX,EAST TEXAS - HAYNESVILLE NORTH,BURKETT ASHLEY BATEMAN,BROOKSTON ENERGY #1,NA/NA,2026-000011025,Lease ratification,2026-08-28,2026-09-17,1976-08-04,,,0,,,,,320.0,52,,,,,,,0,0,BROOKSTON ENERGY 1 LP,,,,,,,,,32.5090479,-94.1306117
TX,GAINES (TX),CENTRAL BASIN PLATFORM,CENTRAL BASIN PLATFORM,,BLOWEY EDDY,VELASCO LLC,NA/NA,2026-05486,Memorandum of lease,2026-08-06,2026-09-23,2026-07-23,36,2029-07-23,0,,,,,321.3,1804,,,,,,"Blk: G, Sec: 186",0,0,VELASCO LLC,"P O BOX 1410, RUSTON, LA 71273","P O BOX 22190, HOUSTON, TX 77227",,,,,,,32.7583964,-102.6485318
TX,ECTOR (TX),CENTRAL BASIN PLATFORM,CENTRAL BASIN PLATFORM,,KNOWLES EVELYN LA VERN,O G OIL LLC,NA/NA,2026-00019775,Memo of lease,2026-08-07,2026-09-23,2026-08-01,36,2029-08-01,0,,,,,0.1928000003099441,119,,,,,,"Blk: 42 T2S, Sec: 23",0,0,O G OIL LLC,"1511 E 13TH STREET, ODESSA, TX 79761","1330 8TH STREET SUITE 111, ODESSA, TX 79761",,,,,,,31.8667747,-102.3525792
TX,ECTOR (TX),CENTRAL BASIN PLATFORM,CENTRAL BASIN PLATFORM,,CAMPOS HECTOR,O G OIL LLC,NA/NA,2026-00019643,Memo of lease,2026-08-20,2026-09-23,2026-08-01,36,2029-08-01,0,,,,,0.1708000004291534,119,,,,,,"Blk: 42 T2S, Sec: 23",0,0,O G OIL LLC,"2235 WYOMING STREET, PECOS, TX 79772","1330 8TH STREET SUITE 111, ODESSA, TX 79761",,,,,,,31.8667747,-102.3525792
TX,HARRISON (TX),EAST TEXAS,HAYNESVILLE - TX,EAST TEXAS - HAYNESVILLE NORTH,GAUT LINDA FAYE SADLER,RFE ETX IV,NA/NA,2026-000010937,Memo of lease,2026-09-02,2026-09-15,2026-08-24,36,2029-08-24,1,,24,,,1.950000047683716,361,,,,,,,0,0,RFE ETX IV LLC,"5071 STATE HIGHWAY 154, MARSHALL, TX 75670","3838 OAK LAWN AVENUE SUITE 1410, DALLAS, TX 75219",,,,,,,32.5739523,-94.4061027
TX,LEON (TX),GULF COAST CENTRAL,,,MILLS DANA P,BULL RUN RESOURCES,NA/NA,00493394,Memo of lease,2026-08-08,2026-09-29,2026-08-08,36,2029-08-08,1,,24,,,339.7330017089844,31,,,,,,,0,0,BULL RUN RESOURCES LLC,"330 MORGAN MEADOWS LANE, EOLIA, MO 63344","P O BOX 1097, NEWARK, TX 76071",,,,,,,31.0292136,-96.1518630
TX,HARRISON (TX),EAST TEXAS,HAYNESVILLE - TX,EAST TEXAS - HAYNESVILLE NORTH,HE RF II GP LLC ET AL,HE EAST TEXAS,NA/NA,2026-000011065,Memo of lease,2026-09-17,2026-09-17,2026-09-17,36,2029-09-17,0,,,,,16.06999969482422,473,,,,,,,0,0,HE EAST TEXAS LP ET AL,,"3000 TURTLE CREEK BLVD, DALLAS, TX 75219",,,,,,,32.5318508,-94.4430009
TX,ECTOR (TX),CENTRAL BASIN PLATFORM,CENTRAL BASIN PLATFORM,,LLANAS JOSE BARRIENTOS ET AL,OG OIL LLC,NA/NA,19714,Memo of lease,2026-08-13,2026-09-23,2026-08-13,60,2031-08-13,1,,36,,,0.2671999931335449,119,,,,,,"Blk: 42 T2S, Sec: 23",0,0,OG OIL LLC,"1600 REDBUD AVE, ODESSA, TX 79761","1330 E 8TH STREET SUITE 111, ODESSA, TX 79761",,,,,,,31.8667747,-102.3525792
TX,HARRISON (TX),EAST TEXAS,HAYNESVILLE - TX,EAST TEXAS - HAYNESVILLE NORTH,DUNN OLLIE PEARL,RFE ETX IV,NA/NA,2026-000010929,Memo of lease,2026-07-21,2026-09-15,2026-07-21,36,2029-07-21,1,,24,,,55.04999923706055,361,,,,,,,0,0,RFE ETX IV LLC,"5923 KARNACK HWY, MARHSALL, TX 75672","3838 OAK LAWN AVENUE SUITE 1410, DALLAS, TX 75219",,,,,,,32.5739523,-94.4061027
TX,HARRISON (TX),EAST TEXAS,HAYNESVILLE - TX,EAST TEXAS - HAYNESVILLE NORTH,MCCORMICK SHARON DIAN INDEPENDENT EXECUTOR ET AL,RFE ETX IV,NA/NA,2026-000010930,Memo of lease,2026-08-03,2026-09-15,2026-07-12,36,2029-07-12,1,,24,,,24.84000015258789,139,,,,,,,0,0,RFE ETX IV LLC,"6032 FRED COUPLES, SCHERTZ, TX 78108","3838 OAK LAWN AVENUE SUITE 1410, DALLAS, TX 75219",,,,,,,32.6007538,-94.4345020
TX,BURLESON (TX),GULF COAST CENTRAL,EAGLEBINE,GIDDINGS,BACA RITA ET AL,CLAYTON WILLIAMS ENERGY,NA/NA,2026-4426,Lease ratification,2026-09-03,2026-09-21,2026-09-03,,,0,,,,,50.0,54,,,,,,,0,0,CLAYTON WILLIAMS ENERGY INC,,,,,,,,,30.5574971,-96.7047471
TX,UPTON (TX),MIDLAND,MIDLAND,,PRESLAR ROBERT L,LONE PEAK ENERGY,1300/683,204900,Memo of lease,2026-08-26,2026-09-22,2026-08-26,36,2029-08-26,0,,,,,640.0,435,,,,,,"Blk: 39 T5S, Sec: 25",0,0,LONE PEAK ENERGY LLC,"740 VILLA FLORES, EL PASO, TX 79912-1525","3724 HULEN ST, FORT WORTH, TX 76107",,,,,,,31.5901630,-101.9245912
TX,HARRISON (TX),EAST TEXAS,HAYNESVILLE - TX,EAST TEXAS - HAYNESVILLE NORTH,LAND SONNY O SERVICES LLC,COMSTOCK O&G LOUISIANA,NA/NA,2026-000010853,Memo of lease,2026-08-01,2026-09-14,2026-08-01,36,2029-08-01,1,,24,,,33.33000183105469,148,,,,,,,0,0,COMSTOCK OIL & GAS LLC,"P O BOX 724, CARTHAGE, TX 75633","5300 TOWN AND COUNTRY BLVD SUITE 500, Frisco, TX 75034",,,,,,,32.4703476,-94.3192049
TX,BURLESON (TX),GULF COAST CENTRAL,EAGLEBINE,GIDDINGS,SUROVIK RICHARD,HAWKWOOD ENERGY EAST TEXAS,NA/NA,2026-4525,Lease amendment,2026-08-12,2026-09-25,2026-05-07,,,0,,,,,172.6699981689453,213,,,,,,,0,0,HAWKWOOD ENERGY EAST TEXAS LLC,,,,,,,,,30.5949990,-96.6461496
TX,HARRISON (TX),EAST TEXAS,HAYNESVILLE - TX,EAST TEXAS - HAYNESVILLE NORTH,FARMER STACEY,RFE ETX IV,NA/NA,2026-000010920,Memo of lease,2026-09-05,2026-09-15,2026-07-11,36,2029-07-11,1,,24,,,55.04999923706055,361,,,,,,,0,0,RFE ETX IV LLC,"7071 1/2 TIPPECANOE AVE, SAN BERNADICO, CA 92404","3838 OAK LAWN AVENUE SUITE 1410, DALLAS, TX 75219",,,,,,,32.5739523,-94.4061027
TX,ECTOR (TX),CENTRAL BASIN PLATFORM,CENTRAL BASIN PLATFORM,,NEWFORK ROYALTIES ET AL,CONTINENTAL RESOURCES,NA/NA,2026-00019383,Memo of lease,2026-07-24,2026-09-21,2026-07-16,36,2029-07-16,0,,,,,1276.5,323,,,,,,"Blk: 44 T3S, Sec: 11",0,0,CONTINENTAL RESOURCES INC,"15303 DALLAS PARKWAY SUITE 1350, ADDISON, TX 75001","20 NORTH BROADWAY, OKC, OK 73102",,,,,,,31.7406710,-102.5075775
TX,ECTOR (TX),CENTRAL BASIN PLATFORM,CENTRAL BASIN PLATFORM,,NEWFORK ROYALTIES ET AL,CONTINENTAL RESOURCES,NA/NA,2026-00019383,Memo of lease,2026-07-24,2026-09-21,2026-07-16,36,2029-07-16,0,,,,,1276.5,571,,,,,,"Blk: 44 T3S, Sec: 12",0,0,CONTINENTAL RESOURCES INC,"15303 DALLAS PARKWAY SUITE 1350, ADDISON, TX 75001","20 NORTH BROADWAY, OKC, OK 73102",,,,,,,31.7265705,-102.5035776
TX,BURLESON (TX),GULF COAST CENTRAL,EAGLEBINE,GIDDINGS,HRUSKA DAVID LEE,WHE ACQCO,NA/NA,2026-4422,Lease ratification,2026-09-03,2026-09-21,1995-01-24,,,0,,,,,39.5,54,,,,,,,0,0,WHE ACQCO LLC,,,,,,,,,30.5574971,-96.7047471
TX,LEON (TX),GULF COAST CENTRAL,,,PAYNE GLYNDA ET AL,BULL RUN RESOURCES,NA/NA,00493385,Memo of lease,2026-09-18,2026-09-29,2026-09-18,36,2029-09-18,1,,36,,,58.2400016784668,30,,,,,,,0,0,BULL RUN RESOURCES LLC,"1185 N MEEKER, BEAUMONT, TX 77713","P O BOX 1097, NEWARK, TX 76071",,,,,,,31.0787152,-96.1982610
TX,BURLESON (TX),GULF COAST CENTRAL,EAGLEBINE,GIDDINGS,PIVONKA LEONARD ET AL,WHE ACQCO,NA/NA,2026-4419,Lease ratification,2026-09-03,2026-09-21,1995-01-24,,,0,,,,,39.5,54,,,,,,,0,0,WHE ACQCO LLC,,,,,,,,,30.5574971,-96.7047471
TX,BURLESON (TX),GULF COAST CENTRAL,EAGLEBINE,GIDDINGS,BACA RITA,WHE ACQCO,NA/NA,2026-4418,Lease ratification,2026-09-03,2026-09-21,1995-01-24,,,0,,,,,39.5,54,,,,,,,0,0,WHE ACQCO LLC,,,,,,,,,30.5574971,-96.7047471
TX,ECTOR (TX),CENTRAL BASIN PLATFORM,CENTRAL BASIN PLATFORM,,CONTRERAS DAVID ET AL,OG OIL LLC,NA/NA,2026-00019799,Memo of lease,2026-08-26,2026-09-23,2026-08-01,60,2031-08-01,1,,36,,,0.1899999976158142,119,,,,,,"Blk: 42 T2S, Sec: 23",0,0,OG OIL LLC,"1422 TULIP LANE, ODESSA, TX 79701","1330 8TH STREET SUITE 111, ODESSA, TX 79761",,,,,,,31.8667747,-102.3525792
TX,ECTOR (TX),CENTRAL BASIN PLATFORM,CENTRAL BASIN PLATFORM,,MORRIS JAYNAN J,O G OI LLC,NA/NA,2026-000019975,Memo of lease,2026-08-27,2026-09-25,2026-08-01,36,2029-08-01,1,,36,,,0.1872999966144561,119,,,,,,"Blk: 42 T2S, Sec: 23",0,0,O G OI LLC,"2211 E 12TH STREET, ODESSA, TX 79761","1330 8TH STREET SUITE 111, ODESSA, TX 79761",,,,,,,31.8667747,-102.3525792
TX,ECTOR (TX),CENTRAL BASIN PLATFORM,CENTRAL BASIN PLATFORM,,THOMPSON JENNIFER,O G OIL LLC,NA/NA,2026-00019694,Memo of lease,2026-07-09,2026-09-23,2026-06-01,60,2031-06-01,1,,36,,,0.1763000041246414,119,,,,,,"Blk: 42 T2S, Sec: 23",0,0,O G OIL LLC,"1421 TULIP LN, ODESSA, TX 79761","1330 8TH STREET SUITE 111, ODESSA, TX 79761",,,,,,,31.8667747,-102.3525792
TX,ECTOR (TX),CENTRAL BASIN PLATFORM,CENTRAL BASIN PLATFORM,,GALLEGOS KLOEE AARYN ET AL,O G OIL LLC,NA/NA,2026-00019610,Memo of lease,2026-07-16,2026-09-23,2026-07-01,60,2031-07-01,1,,36,,,0.1730999946594238,119,,,,,,"Blk: 42 T2S, Sec: 23",0,0,O G OIL LLC,"1516 BEVERLY ST, ODESSA, TX 79761","1330 8TH STREET SUITE 111, ODESSA, TX 79761",,,,,,,31.8667747,-102.3525792
TX,ECTOR (TX),CENTRAL BASIN PLATFORM,CENTRAL BASIN PLATFORM,,THOMAS GARY COLE II TRUST CREATED UNDER TRUST AGREEMENT DATED MARCH 5 1996 ET AL,RING ENERGY,721/502,19506,Memo of lease,2026-08-03,2026-09-22,2026-08-03,36,2029-08-03,0,,,,,16283.0,851,,,,,,"Blk: B16, Sec: 22",0,0,RING ENERGY INC,"504 BYERS, FORT WORTH, TX 76107","1725 HUGHES LANDING BLVD SUITE 900, THE WOODLANDS, TX 77380",,,,,,,31.6594691,-102.6605746
TX,ECTOR (TX),CENTRAL BASIN PLATFORM,CENTRAL BASIN PLATFORM,,THOMAS GARY COLE II TRUST CREATED UNDER TRUST AGREEMENT DATED MARCH 5 1996 ET AL,RING ENERGY,721/502,19506,Memo of lease,2026-08-03,2026-09-22,2026-08-03,36,2029-08-03,0,,,,,16283.0,972,,,,,,"Blk: B16, Sec: 6",0,0,RING ENERGY INC,"504 BYERS, FORT WORTH, TX 76107","1725 HUGHES LANDING BLVD SUITE 900, THE WOODLANDS, TX 77380",,,,,,,31.6813700,-102.6845741
TX,ECTOR (TX),CENTRAL BASIN PLATFORM,CENTRAL BASIN PLATFORM,,THOMAS GARY COLE II TRUST CREATED UNDER TRUST AGREEMENT DATED MARCH 5 1996 ET AL,RING ENERGY,721/502,19506,Memo of lease,2026-08-03,2026-09-22,2026-08-03,36,2029-08-03,0,,,,,16283.0,494,,,,,,"Blk: B16, Sec: 17",0,0,RING ENERGY INC,"504 BYERS, FORT WORTH, TX 76107","1725 HUGHES LANDING BLVD SUITE 900, THE WOODLANDS, TX 77380",,,,,,,31.6693696,-102.6815741
TX,ECTOR (TX),CENTRAL BASIN PLATFORM,CENTRAL BASIN PLATFORM,,THOMAS GARY COLE II TRUST CREATED UNDER TRUST AGREEMENT DATED MARCH 5 1996 ET AL,RING ENERGY,721/502,19506,Memo of lease,2026-08-03,2026-09-22,2026-08-03,36,2029-08-03,0,,,,,16283.0,480,,,,,,"Blk: B16, Sec: 24",0,0,RING ENERGY INC,"504 BYERS, FORT WORTH, TX 76107","1725 HUGHES LANDING BLVD SUITE 900, THE WOODLANDS, TX 77380",,,,,,,31.6670692,-102.6275752
TX,ECTOR (TX),CENTRAL BASIN PLATFORM,CENTRAL BASIN PLATFORM,,THOMAS GARY COLE II TRUST CREATED UNDER TRUST AGREEMENT DATED MARCH 5 1996 ET AL,RING ENERGY,721/502,19506,Memo of lease,2026-08-03,2026-09-22,2026-08-03,36,2029-08-03,0,,,,,16283.0,852,,,,,,"Blk: B16, Sec: 15",0,0,RING ENERGY INC,"504 BYERS, FORT WORTH, TX 76107","1725 HUGHES LANDING BLVD SUITE 900, THE WOODLANDS, TX 77380",,,,,,,31.6771697,-102.6485748
TX,ECTOR (TX),CENTRAL BASIN PLATFORM,CENTRAL BASIN PLATFORM,,THOMAS GARY COLE II TRUST CREATED UNDER TRUST AGREEMENT DATED MARCH 5 1996 ET AL,RING ENERGY,721/502,19506,Memo of lease,2026-08-03,2026-09-22,2026-08-03,36,2029-08-03,0,,,,,16283.0,870,,,,,,"Blk: B16, Sec: 28",0,0,RING ENERGY INC,"504 BYERS, FORT WORTH, TX 76107","1725 HUGHES LANDING BLVD SUITE 900, THE WOODLANDS, TX 77380",,,,,,,31.6575688,-102.6065756
TX,ECTOR (TX),CENTRAL BASIN PLATFORM,CENTRAL BASIN PLATFORM,,THOMAS GARY COLE II TRUST CREATED UNDER TRUST AGREEMENT DATED MARCH 5 1996 ET AL,RING ENERGY,721/502,19506,Memo of lease,2026-08-03,2026-09-22,2026-08-03,36,2029-08-03,0,,,,,16283.0,973,,,,,,"Blk: B16, Sec: 18",0,0,RING ENERGY INC,"504 BYERS, FORT WORTH, TX 76107","1725 HUGHES LANDING BLVD SUITE 900, THE WOODLANDS, TX 77380",,,,,,,31.6770700,-102.6955739
TX,ECTOR (TX),CENTRAL BASIN PLATFORM,CENTRAL BASIN PLATFORM,,THOMAS GARY COLE II TRUST CREATED UNDER TRUST AGREEMENT DATED MARCH 5 1996 ET AL,RING ENERGY,721/502,19506,Memo of lease,2026-08-03,2026-09-22,2026-08-03,36,2029-08-03,0,,,,,16283.0,497,,,,,,"Blk: B16, Sec: 21",0,0,RING ENERGY INC,"504 BYERS, FORT WORTH, TX 76107","1725 HUGHES LANDING BLVD SUITE 900, THE WOODLANDS, TX 77380",,,,,,,31.6568692,-102.6765742
TX,ECTOR (TX),CENTRAL BASIN PLATFORM,CENTRAL BASIN PLATFORM,,THOMAS GARY COLE II TRUST CREATED UNDER TRUST AGREEMENT DATED MARCH 5 1996 ET AL,RING ENERGY,721/502,19506,Memo of lease,2026-08-03,2026-09-22,2026-08-03,36,2029-08-03,0,,,,,16283.0,853,,,,,,"Blk: B16, Sec: 16",0,0,RING ENERGY INC,"504 BYERS, FORT WORTH, TX 76107","1725 HUGHES LANDING BLVD SUITE 900, THE WOODLANDS, TX 77380",,,,,,,31.6733697,-102.6645745
TX,ECTOR (TX),CENTRAL BASIN PLATFORM,CENTRAL BASIN PLATFORM,,THOMAS GARY COLE II TRUST CREATED UNDER TRUST AGREEMENT DATED MARCH 5 1996 ET AL,RING ENERGY,721/502,19506,Memo of lease,2026-08-03,2026-09-22,2026-08-03,36,2029-08-03,0,,,,,16283.0,854,,,,,,"Blk: B16, Sec: 23",0,0,RING ENERGY INC,"504 BYERS, FORT WORTH, TX 76107","1725 HUGHES LANDING BLVD SUITE 900, THE WOODLANDS, TX 77380",,,,,,,31.6632692,-102.6445749
TX,ECTOR (TX),CENTRAL BASIN PLATFORM,CENTRAL BASIN PLATFORM,,THOMAS GARY COLE II TRUST CREATED UNDER TRUST AGREEMENT DATED MARCH 5 1996 ET AL,RING ENERGY,721/502,19506,Memo of lease,2026-08-03,2026-09-22,2026-08-03,36,2029-08-03,0,,,,,16283.0,481,,,,,,"Blk: B16, Sec: 30",0,0,RING ENERGY INC,"504 BYERS, FORT WORTH, TX 76107","1725 HUGHES LANDING BLVD SUITE 900, THE WOODLANDS, TX 77380",,,,,,,31.6540688,-102.6405749
TX,ECTOR (TX),CENTRAL BASIN PLATFORM,CENTRAL BASIN PLATFORM,,THOMAS GARY COLE II TRUST CREATED UNDER TRUST AGREEMENT DATED MARCH 5 1996 ET AL,RING ENERGY,721/502,19506,Memo of lease,2026-08-03,2026-09-22,2026-08-03,36,2029-08-03,0,,,,,16283.0,493,,,,,,"Blk: B16, Sec: 13",0,0,RING ENERGY INC,"504 BYERS, FORT WORTH, TX 76107","1725 HUGHES LANDING BLVD SUITE 900, THE WOODLANDS, TX 77380",,,,,,,31.6849698,-102.6155754
TX,ECTOR (TX),CENTRAL BASIN PLATFORM,CENTRAL BASIN PLATFORM,,THOMAS GARY COLE II TRUST CREATED UNDER TRUST AGREEMENT DATED MARCH 5 1996 ET AL,RING ENERGY,721/502,19506,Memo of lease,2026-08-03,2026-09-22,2026-08-03,36,2029-08-03,0,,,,,16283.0,869,,,,,,"Blk: B16, Sec: 29",0,0,RING ENERGY INC,"504 BYERS, FORT WORTH, TX 76107","1725 HUGHES LANDING BLVD SUITE 900, THE WOODLANDS, TX 77380",,,,,,,31.6556688,-102.6235753
TX,ECTOR (TX),CENTRAL BASIN PLATFORM,CENTRAL BASIN PLATFORM,,THOMAS GARY COLE II TRUST CREATED UNDER TRUST AGREEMENT DATED MARCH 5 1996 ET AL,RING ENERGY,721/502,19506,Memo of lease,2026-08-03,2026-09-22,2026-08-03,36,2029-08-03,0,,,,,16283.0,868,,,,,,"Blk: B16, Sec: 7",0,0,RING ENERGY INC,"504 BYERS, FORT WORTH, TX 76107","1725 HUGHES LANDING BLVD SUITE 900, THE WOODLANDS, TX 77380",,,,,,,31.6872702,-102.6695744
TX,ECTOR (TX),CENTRAL BASIN PLATFORM,CENTRAL BASIN PLATFORM,,THOMAS GARY COLE II TRUST CREATED UNDER TRUST AGREEMENT DATED MARCH 5 1996 ET AL,RING ENERGY,721/502,19506,Memo of lease,2026-08-03,2026-09-22,2026-08-03,36,2029-08-03,0,,,,,16283.0,902,,,,,,"Blk: B16, Sec: 14",0,0,RING ENERGY INC,"504 BYERS, FORT WORTH, TX 76107","1725 HUGHES LANDING BLVD SUITE 900, THE WOODLANDS, TX 77380",,,,,,,31.6810697,-102.6325751
TX,ECTOR (TX),CENTRAL BASIN PLATFORM,CENTRAL BASIN PLATFORM,,THOMAS GARY COLE II TRUST CREATED UNDER TRUST AGREEMENT DATED MARCH 5 1996 ET AL,RING ENERGY,721/502,19506,Memo of lease,2026-08-03,2026-09-22,2026-08-03,36,2029-08-03,0,,,,,16283.0,496,,,,,,"Blk: 16, Sec: 20",0,0,RING ENERGY INC,"504 BYERS, FORT WORTH, TX 76107","1725 HUGHES LANDING BLVD SUITE 900, THE WOODLANDS, TX 77380",,,,,,,31.6552692,-102.6935739
TX,ECTOR (TX),CENTRAL BASIN PLATFORM,CENTRAL BASIN PLATFORM,,THOMAS GARY COLE II TRUST CREATED UNDER TRUST AGREEMENT DATED MARCH 5 1996 ET AL,RING ENERGY,721/502,19506,Memo of lease,2026-08-03,2026-09-22,2026-08-03,36,2029-08-03,0,,,,,16283.0,901,,,,,,"Blk: B16, Sec: 25",0,0,RING ENERGY INC,"504 BYERS, FORT WORTH, TX 76107","1725 HUGHES LANDING BLVD SUITE 900, THE WOODLANDS, TX 77380",,,,,,,31.6708693,-102.6115755
TX,ECTOR (TX),CENTRAL BASIN PLATFORM,CENTRAL BASIN PLATFORM,,THOMAS GARY COLE II TRUST CREATED UNDER TRUST AGREEMENT DATED MARCH 5 1996 ET AL,RING ENERGY,721/502,19506,Memo of lease,2026-08-03,2026-09-22,2026-08-03,36,2029-08-03,0,,,,,16283.0,695,,,,,,"Blk: B16, Sec: 31",0,0,RING ENERGY INC,"504 BYERS, FORT WORTH, TX 76107","1725 HUGHES LANDING BLVD SUITE 900, THE WOODLANDS, TX 77380",,,,,,,31.6522689,-102.6545747
TX,ECTOR (TX),CENTRAL BASIN PLATFORM,CENTRAL BASIN PLATFORM,,THOMAS GARY COLE II TRUST CREATED UNDER TRUST AGREEMENT DATED MARCH 5 1996 ET AL,RING ENERGY,721/502,19506,Memo of lease,2026-08-03,2026-09-22,2026-08-03,36,2029-08-03,0,,,,,16283.0,495,,,,,,"Blk: B16, Sec: 19",0,0,RING ENERGY INC,"504 BYERS, FORT WORTH, TX 76107","1725 HUGHES LANDING BLVD SUITE 900, THE WOODLANDS, TX 77380",,,,,,,31.6657696,-102.6975738
TX,HARRISON (TX),EAST TEXAS,HAYNESVILLE - TX,EAST TEXAS - HAYNESVILLE NORTH,GRIFFITH ALFRED E SR,RFE ETX IV,NA/NA,2026-000010936,Memo of lease,2026-09-05,2026-09-15,2026-09-01,36,2029-09-01,1,,24,,,12.048999786376951,361,,,,,,,0,0,RFE ETX IV LLC,"1633 14TH STREET, OAKLAND, CA 94607","3838 OAK LAWN AVENUE SUITE 1410, DALLAS, TX 75219",,,,,,,32.5739523,-94.4061027
TX,BURLESON (TX),GULF COAST CENTRAL,EAGLEBINE,GIDDINGS,MORGAN DEBORAH,WHE ACQCO,NA/NA,2026-4421,Lease ratification,2026-09-02,2026-09-21,,,,0,,,,,39.5,54,,,,,,,0,0,WHE ACQCO LLC,,,,,,,,,30.5574971,-96.7047471
TX,ECTOR (TX),CENTRAL BASIN PLATFORM,CENTRAL BASIN PLATFORM,,HALL ROBERT,O G OIL LLC,NA/NA,2026-00019807,Memo of lease,2026-07-07,2026-09-24,2026-07-01,60,2031-07-01,1,,36,,,0.2439000010490417,119,,,,,,"Blk: 42 T2S, Sec: 23",0,0,O G OIL LLC,"1707 LAUREL AVE, ODESSA, TX 79761-3018","414 N LEE AVE, ODESSA, TX 79761",,,,,,,31.8667747,-102.3525792
TX,HARRISON (TX),EAST TEXAS,HAYNESVILLE - TX,EAST TEXAS - HAYNESVILLE NORTH,OLIVER MILES JAY,RFE ETX IV,NA/NA,2026-000010916,Memo of lease,2026-07-06,2026-09-15,2026-07-06,36,2029-07-06,1,,24,,,41.91999816894531,361,,,,,,,0,0,RFE ETX IV LLC,"308 SOUTH 1ST APT D, ROGERS, AZ 72756","3838 OAK LAWN AVENUE SUITE 1410, DALLAS, TX 75219",,,,,,,32.5739523,-94.4061027
TX,LEON (TX),GULF COAST CENTRAL,,,MERRYMAN SARA K,BULL RUN RESOURCES,NA/NA,00493389,Memo of lease,2026-08-19,2026-09-29,2026-08-19,36,2029-08-19,1,,24,,,27.940000534057617,21,,,,,,,0,0,BULL RUN RESOURCES LLC,"4101 FM 1940, FRANKIN, TX 77856","P O BOX 1097, NEWARK, TX 76071",,,,,,,31.0503141,-96.1134636
TX,BURLESON (TX),GULF COAST CENTRAL,EAGLEBINE,GIDDINGS,MORGAN DEBORAH,CLAYTON WILLIAMS ENERGY,NA/NA,2026-4425,Lease ratification,2026-09-02,2026-09-21,1994-12-13,,,0,,,,,50.0,54,,,,,,,0,0,CLAYTON WILLIAMS ENERGY INC,,,,,,,,,30.5574971,-96.7047471
TX,ECTOR (TX),CENTRAL BASIN PLATFORM,CENTRAL BASIN PLATFORM,,RSG PROPERTIES LTD ET AL,BTA OIL PRODUCERS,NA/NA,2026-00019335,Memo of lease,2026-08-19,2026-09-21,2026-08-19,36,2029-08-19,0,,,,,2754.199951171875,169,,,,,,"Blk: 43 T1N, Sec: 21",0,0,BTA OIL PRODUCERS LLC ET AL,"2700 RACQUET CLUB DRIVE, MIDLAND, TX 79705","104 SOUTH PEOS, MIDLAND, TX 79701",,,,,,,32.0259839,-102.5815713
TX,ECTOR (TX),CENTRAL BASIN PLATFORM,CENTRAL BASIN PLATFORM,,RSG PROPERTIES LTD ET AL,BTA OIL PRODUCERS,NA/NA,2026-00019335,Memo of lease,2026-08-19,2026-09-21,2026-08-19,36,2029-08-19,0,,,,,2754.199951171875,1222,,,,,,"Blk: A, Sec: 17",0,0,BTA OIL PRODUCERS LLC ET AL,"2700 RACQUET CLUB DRIVE, MIDLAND, TX 79705","104 SOUTH PEOS, MIDLAND, TX 79701",,,,,,,32.0399845,-102.5855707
TX,ECTOR (TX),CENTRAL BASIN PLATFORM,CENTRAL BASIN PLATFORM,,RSG PROPERTIES LTD ET AL,BTA OIL PRODUCERS,NA/NA,2026-00019335,Memo of lease,2026-08-19,2026-09-21,2026-08-19,36,2029-08-19,0,,,,,2754.199951171875,1220,,,,,,"Blk: A, Sec: 2",0,0,BTA OIL PRODUCERS LLC ET AL,"2700 RACQUET CLUB DRIVE, MIDLAND, TX 79705","104 SOUTH PEOS, MIDLAND, TX 79701",,,,,,,32.0540851,-102.5905701
TX,ECTOR (TX),CENTRAL BASIN PLATFORM,CENTRAL BASIN PLATFORM,,RSG PROPERTIES LTD ET AL,BTA OIL PRODUCERS,NA/NA,2026-00019335,Memo of lease,2026-08-19,2026-09-21,2026-08-19,36,2029-08-19,0,,,,,2754.199951171875,1017,,,,,,"Blk: A, Sec: 3",0,0,BTA OIL PRODUCERS LLC ET AL,"2700 RACQUET CLUB DRIVE, MIDLAND, TX 79705","104 SOUTH PEOS, MIDLAND, TX 79701",,,,,,,32.0501852,-102.6075698
TX,ECTOR (TX),CENTRAL BASIN PLATFORM,CENTRAL BASIN PLATFORM,,RSG PROPERTIES LTD ET AL,BTA OIL PRODUCERS,NA/NA,2026-00019335,Memo of lease,2026-08-19,2026-09-21,2026-08-19,36,2029-08-19,0,,,,,2754.199951171875,1049,,,,,,"Blk: A, Sec: 16",0,0,BTA OIL PRODUCERS LLC ET AL,"2700 RACQUET CLUB DRIVE, MIDLAND, TX 79705","104 SOUTH PEOS, MIDLAND, TX 79701",,,,,,,32.0359846,-102.6025704
TX,BURLESON (TX),GULF COAST CENTRAL,EAGLEBINE,GIDDINGS,PIVONKA THOMAS G ET AL,WHE ACQCO,NA/NA,2026-4424,Lease ratification,2026-09-10,2026-09-21,1995-01-24,,,0,,,,,39.5,54,,,,,,,0,0,WHE ACQCO LLC,,,,,,,,,30.5574971,-96.7047471
TX,UPTON (TX),MIDLAND,MIDLAND,,MORRISSEY GREGORY,LONE PEAK ENERGY,1300/686,204901,Memo of lease,2026-08-28,2026-09-22,2026-08-28,36,2029-08-28,0,,,,,640.0,435,,,,,,"Blk: 39 T5S, Sec: 25",0,0,LONE PEAK ENERGY LLC,"2520 COSTERO MAGESTUOSO, SAN CLEMENTE, CA 92673","3724 HULEN ST, FORT WORTH, TX 76107",,,,,,,31.5901630,-101.9245912
TX,ECTOR (TX),CENTRAL BASIN PLATFORM,CENTRAL BASIN PLATFORM,,MANN MOORE MINERALS LLC ET AL,BTA OIL PRODUCERS,NA/NA,2026-00019932,Memo of lease,2026-09-09,2026-09-25,2026-09-01,36,2029-09-01,0,,,,,,1222,,,,,,"Blk: A, Sec: 17",0,0,BTA OIL PRODUCERS LLC,"5949 SHERRY LANE SUITE 1850, DALLAS, TX 75225","104 SOUTH PECOS, MIDLAND, TX 79701",,,,,,,32.0399845,-102.5855707
TX,ECTOR (TX),CENTRAL BASIN PLATFORM,CENTRAL BASIN PLATFORM,,DAVIDGE T MILLER JR,BTA OIL PRODUCERS,NA/NA,2026-00019334,Memo of lease,2026-08-10,2026-09-21,2026-07-07,36,2029-07-07,0,,,,,1296.5,1017,,,,,,"Blk: A, Sec: 3",0,0,BTA OIL PRODUCERS LLC,"P O BOX 477, DENTON, TX 76201-0477","104 SOUTH PECOS, MIDLAND, TX 79701",,,,,,,32.0501852,-102.6075698
TX,ECTOR (TX),CENTRAL BASIN PLATFORM,CENTRAL BASIN PLATFORM,,DAVIDGE T MILLER JR,BTA OIL PRODUCERS,NA/NA,2026-00019334,Memo of lease,2026-08-10,2026-09-21,2026-07-07,36,2029-07-07,0,,,,,1296.5,1049,,,,,,"Blk: A, Sec: 16",0,0,BTA OIL PRODUCERS LLC,"P O BOX 477, DENTON, TX 76201-0477","104 SOUTH PECOS, MIDLAND, TX 79701",,,,,,,32.0359846,-102.6025704
TX,BURLESON (TX),GULF COAST CENTRAL,EAGLEBINE,GIDDINGS,PIVONKA RICHARD,WHE ACQCO,NA/NA,2026-4420,Lease ratification,2026-09-04,2026-09-21,2026-09-04,,,0,,,,,39.5,54,,,,,,,0,0,WHE ACQCO LLC,,,,,,,,,30.5574971,-96.7047471
TX,ECTOR (TX),CENTRAL BASIN PLATFORM,CENTRAL BASIN PLATFORM,,PAM MICHAEL A ET AL,OG OIL LLC,NA/NA,19649,Memo of lease,2026-08-14,2026-09-23,2026-08-14,60,2031-08-14,1,,36,,,0.245399996638298,119,,,,,,"Blk: 42 T2S, Sec: 23",0,0,OG OIL LLC,"1701 PATTON DR, ODESSA, TX 79761","1330 E 8TH STREET SUITE 111, ODESSA, TX 79761",,,,,,,31.8667747,-102.3525792
TX,HARRISON (TX),EAST TEXAS,HAYNESVILLE - TX,EAST TEXAS - HAYNESVILLE NORTH,CLAUGHTON JAMES A,RFE ETX IV,NA/NA,2026-000010928,Memo of lease,2026-07-14,2026-09-15,2026-07-14,36,2029-07-14,1,,2,,,24.670000076293945,139,,,,,,,0,0,RFE ETX IV LLC,"PO BOX 29, INDUSTRY, TX 78944","3838 OAK LAWN AVE SUITE 1410, DALLAS, TX 75219",,,,,,,32.6007538,-94.4345020
TX,ECTOR (TX),CENTRAL BASIN PLATFORM,CENTRAL BASIN PLATFORM,,LOMELI RAUL ET AL,OG OIL LLC,NA/NA,2026-00019716,Memo of lease,2026-08-06,2026-09-23,2026-08-01,60,2031-08-01,1,,36,,,0.2065999954938888,119,,,,,,"Blk: 42 T2S, Sec: 23",0,0,OG OIL LLC,"1703 GLENWOOD AVE, ODESSA, TX 79761","1330 8TH STREET SUITE 111, ODESSA, TX 79761",,,,,,,31.8667747,-102.3525792
TX,ECTOR (TX),CENTRAL BASIN PLATFORM,CENTRAL BASIN PLATFORM,,GROCE ANTHONY ET AL,OG OIL LLC,NA/NA,2026-00019803,Memo of lease,2026-08-21,2026-09-24,2026-08-01,60,2031-08-01,1,,36,,,0.1736000031232834,119,,,,,,"Blk: 42 T2S, Sec: 23",0,0,OG OIL LLC,"1516 DORAN DRIVE, ODESSA, TX 79761","1330 8TH STREET SUITE 111, ODESSA, TX 79761",,,,,,,31.8667747,-102.3525792
TX,ECTOR (TX),CENTRAL BASIN PLATFORM,CENTRAL BASIN PLATFORM,,KEMP PRISCILLA,O G OIL LLC,NA/NA,2026-00019771,Memo of lease,2026-08-21,2026-09-23,2026-08-01,60,2031-08-01,1,,36,,,0.1928000003099441,119,,,,,,"Blk: 42 T2S, Sec: 23",0,0,O G OIL LLC,"1424 WILSHIRE DRIVE, ODESSA, TX 79761","1330 8TH STREET SUITE 111, ODESSA, TX 79761",,,,,,,31.8667747,-102.3525792
TX,ECTOR (TX),CENTRAL BASIN PLATFORM,CENTRAL BASIN PLATFORM,,REYES LUIS EDUARDO,OG OIL LLC,NA/NA,19952,Memo of lease,2026-07-22,2026-09-25,2026-07-22,60,2031-07-22,1,,36,,,0.232800006866455,119,,,,,,"Blk: 42 T2S, Sec: 23",0,0,OG OIL LLC,"1703 E 21ST STREET, ODESSA, TX 79761","1330 E 8TH STREET SUITE 111, ODESSA, TX 79761",,,,,,,31.8667747,-102.3525792
TX,ECTOR (TX),CENTRAL BASIN PLATFORM,CENTRAL BASIN PLATFORM,,EASLON DONALD O ET AL,O G OIL LLC,NA/NA,2026-00019665,Memo of lease,2026-09-01,2026-09-23,2026-09-01,60,2031-09-01,1,,36,,,0.1763000041246414,119,,,,,,"Blk: 42 T2S, Sec: 23",0,0,O G OIL LLC,"1415 ROSEWOOD AVE, ODESSA, TX 79761","1330 E 8TH STREET SUITE 111, ODESSA, TX 79761",,,,,,,31.8667747,-102.3525792
TX,ECTOR (TX),CENTRAL BASIN PLATFORM,CENTRAL BASIN PLATFORM,,ESPARZA YOLANDA SANCHEZ,O G OIL LLC,NA/NA,2026-00019667,Memo of lease,2026-08-06,2026-09-23,2026-08-01,60,2031-08-01,1,,36,,,0.3012999892234802,119,,,,,,"Blk: 42 T2S, Sec: 23",0,0,O G OIL LLC,"1612 EASTOVER DR, ODESSA, TX 79761","1330 8TH STREET SUITE 111, ODESSA, TX 79761",,,,,,,31.8667747,-102.3525792
TX,ECTOR (TX),CENTRAL BASIN PLATFORM,CENTRAL BASIN PLATFORM,,PRADO OSCAR JR,O G OIL LLC,NA/NA,2026-00019655,Memo of lease,2026-08-28,2026-09-23,2026-08-28,36,2029-08-28,1,,36,,,0.2583000063896179,119,,,,,,"Blk: 42 T2S, Sec: 23",0,0,O G OIL LLC,"1704 BVRON AVE, ODESSA, TX 79761","414 N LEE AVE, ODESSA, TX 79761",,,,,,,31.8667747,-102.3525792
TX,UPTON (TX),MIDLAND,MIDLAND,,SARATOGA ROYALTY L P,LONE PEAK ENERGY,1300/692,204903,Memo of lease,2026-09-01,2026-09-22,2026-09-01,36,2029-09-01,0,,,,,654.7000122070312,1390,,,,,,"Blk: 39 T5S, Sec: 46",0,0,LONE PEAK ENERGY LLC,"P O BOX 141356, DALLAS, TX 75214","3724 HULEN ST, FORT WORTH, TX 76107",,,,,,,31.5396619,-101.9445906
TX,CRANE (TX),CENTRAL BASIN PLATFORM,CENTRAL BASIN PLATFORM,,BLE FAMILY PARTNERSHIP LP,SEP LAND FUND,721/639,118218,Lease amendment,2026-08-27,2026-08-27,2025-05-01,,,0,,,,,324.92498779296875,98,,,,,,"Blk: 35, Sec: 9",0,0,SEP LAND FUND LP,,,,,,,,,31.1041519,-102.3935810
TX,UPTON (TX),MIDLAND,MIDLAND,,8600 VENTURE PROPERTIES,LONE PEAK ENERGY,1300/674,204896,Memo of lease,2026-08-31,2026-09-22,2025-10-01,36,2028-10-01,0,,,,,330.75,1373,,,,,,"Blk: 39 T5S, Sec: 12",0,0,LONE PEAK ENERGY LLC,"104 SOUTH PECOS STREET, MIDLAND, TX 79701","3724 HULEN ST, FORT WORTH, TX 76107",,,,,,,31.6326645,-101.9385906
TX,ECTOR (TX),CENTRAL BASIN PLATFORM,CENTRAL BASIN PLATFORM,,TREVINO NATHAN,O G OIL LLC,NA/NA,2026-00019696,Memo of lease,2026-08-01,2026-09-23,2026-08-01,60,2031-08-01,1,,36,,,0.19930000603199,119,,,,,,"Blk: 42 T2S, Sec: 23",0,0,O G OIL LLC,"2303 NABORS LANE, ODESSA, TX 79761","1330 E 8TH STREET SUITE 111, ODESSA, TX 79761",,,,,,,31.8667747,-102.3525792
TX,HARRISON (TX),EAST TEXAS,HAYNESVILLE - TX,EAST TEXAS - HAYNESVILLE NORTH,AI PROPERTIES LLC,RFE ETX IV,NA/NA,2026-000010964,Memo of lease,2026-08-24,2026-09-15,2026-08-24,36,2029-08-24,1,,24,,,146.6529998779297,396,,,,,,,0,0,RFE ETX V LLC,"24291 FM 1252, GLADEWATER, TX 75647","3838 OAK LAWN AVENUE SUITE 1410, DALLAS, TX 75219",,,,,,,32.5659535,-94.5931953
TX,ECTOR (TX),CENTRAL BASIN PLATFORM,CENTRAL BASIN PLATFORM,,KIRCHMEIER FAMILY TRUST DATED 12 10 20 ET AL,O G OIL LLC,NA/NA,2026-00019774,Memo of lease,2026-08-03,2026-09-23,2026-06-01,60,2031-06-01,1,,36,,,0.2065999954938888,119,,,,,,"Blk: 42 T2S, Sec: 23",0,0,O G OIL LLC,"6341 RAPID LIGHTMINE RD, SANDPOINT, ID 86864","1330 8TH STREET SUITE 111, ODESSA, TX 79761",,,,,,,31.8667747,-102.3525792
TX,ECTOR (TX),CENTRAL BASIN PLATFORM,CENTRAL BASIN PLATFORM,,PENA RODRIGO,O G OIL LLC,NA/NA,2026-00019651,Memo of lease,2026-07-13,2026-09-23,2026-07-01,60,2031-07-01,1,,36,,,0.2065999954938888,119,,,,,,"Blk: 42 T2S, Sec: 23",0,0,O G OIL LLC,"1701 E 13TH STREET, ODESSA, TX 79761","1330 8TH STREET SUITE 111, ODESSA, TX 79761",,,,,,,31.8667747,-102.3525792
TX,HARRISON (TX),EAST TEXAS,HAYNESVILLE - TX,EAST TEXAS - HAYNESVILLE NORTH,GEORGE CHARLES EDDINS SP,LONG WAVE ENERGY,NA/NA,2026-000011059,Memo of lease,2026-08-01,2026-09-17,2026-08-01,36,2029-08-01,1,,24,,,100.0,74,,,,,,,0,0,LONG WAVE ENERGY LLC,"16009 MULBERRYPARK CIRCLE, LITHIA, FL 33547","3880 HULEN STREET SUITE 500, FORT WORTH, TX 76107",,,,,,,32.4559494,-94.6248933
TX,UPTON (TX),MIDLAND,MIDLAND,,TOWA LP,BOWIE ENERGY PARTNERS LLC,1300/701,204906,Memo of lease,2026-08-28,2026-09-22,2026-08-15,36,2029-08-15,0,,,,,240.0,472,,,,,,"Blk: 40 T5S, Sec: 41",0,0,BOWIE ENERGY PARTNERS LLC,"3701 DAWN AVENUE, Odessa, TX 79762","3732 HULEN STREET SUITE 140, FORT WORTH, TX 76107",,,,,,,31.5225624,-102.0805863
TX,CRANE (TX),CENTRAL BASIN PLATFORM,CENTRAL BASIN PLATFORM,,US LAND GUILD LLC,BLACKBEARD RESOURCES,720/199,118094,Memo of lease,2026-07-13,2026-08-04,2026-06-01,36,2029-06-01,0,,,,,,1111,,,,,,"Blk: B21, Sec: 4",0,0,BLACKBEARD OPERATING LLC,"1751 RIVER RUN SUITE 405, FORT WORTH, TX 76107","1751 RIVER RUN SUITE 405, FORT WORTH, TX 76107",,,,,,,31.5418653,-102.7105734
TX,UPTON (TX),MIDLAND,MIDLAND,,KRR LLC,LONE PEAK ENERGY,1300/695,204904,Memo of lease,2026-08-19,2026-09-22,2026-08-19,36,2029-08-19,0,,,,,491.0249938964844,1390,,,,,,"Blk: 39 T5S, Sec: 46",0,0,LONE PEAK ENERGY LLC,"P O BOX 120789, NASHVILLE, TN 37208","3724 HULEN ST, FORT WORTH, TX 76107",,,,,,,31.5396619,-101.9445906
TX,ECTOR (TX),CENTRAL BASIN PLATFORM,CENTRAL BASIN PLATFORM,,TRAN JEANNIE PHUONG,O G OIL LLC,NA/NA,2026-00019958,Memo of lease,2026-08-05,2026-09-25,2026-07-01,60,2031-07-01,1,,36,,,0.1763000041246414,119,,,,,,"Blk: 42 T2S, Sec: 23",0,0,O G OIL LLC,"5203 HILLBROOK COURT, SUGARLAND, TX 77479","1330 8TH STREET SUITE 111, ODESSA, TX 79761",,,,,,,31.8667747,-102.3525792
TX,CRANE (TX),CENTRAL BASIN PLATFORM,CENTRAL BASIN PLATFORM,,US LAND GUILD LLC,BLACKBEARD RESOURCES,720/201,118095,Memo of lease,2026-07-13,2026-08-04,2026-06-01,36,2029-06-01,0,,,,,,1156,,,,,,"Blk: B23, Sec: 10",0,0,BLACKBEARD OPERATING LLC,"1751 RIVER RUN SUITE 405, FORT WORTH, TX 76107","1751 RIVER RUN SUITE 405, FORT WORTH, TX 76107",,,,,,,31.6201670,-102.5075776
TX,HOWARD (TX),MIDLAND,MIDLAND,,ROSE GAY FRANCES SUTHERLAND,SM ENERGY,2377/387,2026-00005413,Memo of lease,2026-08-01,2026-09-23,2026-08-01,36,2029-08-01,1,,24,,,,137,,,,,,"Blk: 32 T1N, Sec: 19",0,0,SM ENERGY CO,"38306 VIA LA PALOMA, MURRIETA, CA 92563","1700 LINCLON STREET SUITE 3200, DENVER, CO 80203",,,,,,,32.3073815,-101.4955963
TX,GAINES (TX),CENTRAL BASIN PLATFORM,CENTRAL BASIN PLATFORM,,TURNBULL ROBERT JR AGENT ET AL,VELASCO LLC,NA/NA,2026-05484,Memo of lease,2026-08-06,2026-09-23,2026-07-23,36,2029-07-23,0,,,,,321.29998779296875,1804,,,,,,"Blk: G, Sec: 186",0,0,VELASCO LLC,,"P O BOX 22190, HOUSTON, TX 77227",,,,,,,32.7583964,-102.6485318
TX,RUSK (TX),EAST TEXAS,HAYNESVILLE - TX,EAST TEXAS - HAYNESVILLE NORTH,ANDERSON RICK D,CONCORD LAND SERVICES,NA/NA,2026-276040,Memo of lease,2026-07-20,2026-09-23,2026-07-20,36,2029-07-20,1,,24,,,55.0,93,,,,,,,0,0,CONCORD LAND SERVICES LLC ET AL,"18799 W BIG LAKE BLVD, MOUNT VERNON, WA 98274","P O BOX 8528, TYLER, TX 75711-8528",,,,,,,32.0989371,-94.6099928
TX,RUSK (TX),EAST TEXAS,HAYNESVILLE - TX,EAST TEXAS - HAYNESVILLE NORTH,DENNIS RANDALL EUGENE,RFE OVERTON LLC,NA/NA,2026-276031,Memo of lease,2026-07-23,2026-09-23,2026-06-16,36,2029-06-16,1,,24,,,50.75,7,,,,,,,0,0,RFE OVERTON LLC,"1503 LAMPLIGHT TRAIL DRIVE, KATY, TX 77450","3838 OAK LAWN AVENUE SUITE 1410, DALLAS, TX 75219",,,,,,,32.2294441,-94.9590824
TX,HARRISON (TX),EAST TEXAS,HAYNESVILLE - TX,EAST TEXAS - HAYNESVILLE NORTH,MOSELEY KRISTIN VIRGINIA,COMSTOCK O&G LOUISIANA,NA/NA,2026-000010851,Memo of lease,2026-08-20,2026-09-14,2026-08-20,36,2029-08-20,0,,,,,93.0,744,,,,,,,0,0,COMSTOCK OIL & GAS LLC,"585 HERMOSA MEADOWS ROAD, DURANGO, CO 81301","5300 TOWN AND COUNTRY BLVD SUITE 500, Frisco, TX 75034",,,,,,,32.4608467,-94.2138085
TX,RUSK (TX),EAST TEXAS,HAYNESVILLE - TX,EAST TEXAS - HAYNESVILLE NORTH,GIBSON ALAN ET AL,CONCORD LAND SERVICES,NA/NA,2026-276042,Memo of lease,2026-07-23,2026-09-23,2026-07-23,36,2029-07-23,1,,24,,,17.350000381469727,711,,,,,,,0,0,CONCORD LAND SERVICES LLC,"707 S MARSHALL, HENDERSON, TX 75654","P O BOX 8528, Tyler, TX 75711",,,,,,,32.1284382,-94.6171927
TX,WARD (TX),DELAWARE,DELAWARE,,LUTTRELL R CLAYTON,RED RIVER ENERGY PARTNERS,NA/NA,2026-3671,Memo of lease,2026-08-31,2026-09-21,2026-08-19,36,2029-08-19,0,,,,,426.6700134277344,251,,,,,,"Blk: 34, Sec: 147",0,0,RED RIVER ENERGY PARTNERS II LLC,"7124 BENNINGTON DRIVE, DALLAS, TX 75214","P O BOX 1149, COVINGTON, LA 70434",,,,,,,31.5296671,-103.2555562
TX,RUSK (TX),EAST TEXAS,HAYNESVILLE - TX,EAST TEXAS - HAYNESVILLE NORTH,NAVARRO COMMUNITY FOUNDATION,RFE OVERTON LLC,NA/NA,2026-276008,Memo of lease,2026-07-28,2026-09-23,2026-07-28,36,2029-07-28,1,,24,,,124.0,7,,,,,,,0,0,RFE OVERTON LLC,"401 NORTH 14TH STREET, Corsicana, TX 75151","3838 OAK LAWN AVENUE SUITE 1410, DALLAS, TX 75219",,,,,,,32.2294441,-94.9590824
TX,ECTOR (TX),CENTRAL BASIN PLATFORM,CENTRAL BASIN PLATFORM,,POWELL NANCY LYNN ATTORNEY ET AL,O G OIL LLC,NA/NA,2026-00019654,Memo of lease,2026-08-01,2026-09-23,2026-08-01,60,2031-08-01,1,,36,,,0.1791000068187713,119,,,,,,"Blk: 42 T2S, Sec: 23",0,0,O G OIL LLC,"P O BOX 1413, BURNET, TX 78611","1330 E 8TH ST SUITE 111, ODESSA, TX 79761",,,,,,,31.8667747,-102.3525792
TX,ECTOR (TX),CENTRAL BASIN PLATFORM,CENTRAL BASIN PLATFORM,,CHAVEZ CONSUELO,OG OIL LLC,NA/NA,2026-00019795,Memo of lease,2026-07-24,2026-09-23,2026-07-01,60,2031-07-01,1,,36,,,0.1377999931573867,119,,,,,,"Blk: 42 T2S, Sec: 23",0,0,OG OIL LLC,"1106 W SAN ANTONIO STREET, MARFA, TX 79843","414 N LEE AVE, ODESSA, TX 79761",,,,,,,31.8667747,-102.3525792
TX,WARD (TX),DELAWARE,DELAWARE,,ABRAXAS PETROLEUM CORPORATION ET AL,MEWBOURNE OIL,NA/NA,2026-3759,Lease,2026-08-01,2026-09-24,2026-08-01,36,2029-08-01,1,,24,,0.25,,54,,,,,,"Blk: F, Sec: 100",0,0,MEWBOURNE OIL COMPANY,"19100 RIDGEWOOD PARKWAY SUITE 1200, SAN ANTONIO, TX 78259","414 WEST TEXAS AVENUE, MIDLAND, TX 79701",,,,,,,31.5398668,-103.1225611
TX,RUSK (TX),EAST TEXAS,HAYNESVILLE - TX,EAST TEXAS - HAYNESVILLE NORTH,MCNERNEY CHERYL K,CONCORD LAND SERVICES ET AL,NA/NA,2026-276043,Memo of lease,2026-07-20,2026-09-23,2026-07-20,36,2029-07-20,1,,24,,,55.0,93,,,,,,,0,0,CONCORD LAND SERVICES ET AL,"18859 175TH PL SE, RENTON, WA 98058","PO BOX 8528, TYLER, TX 75711",,,,,,,32.0989371,-94.6099928
TX,GAINES (TX),CENTRAL BASIN PLATFORM,CENTRAL BASIN PLATFORM,,WEBER SCOTT D ET AL,VELASCO LLC,NA/NA,2026-05500,Memo of lease,2026-07-23,2026-09-23,2026-07-23,36,2029-07-23,0,,,,,321.29998779296875,1804,,,,,,"Blk: G, Sec: 186",0,0,VELASCO LLC,"P O BOX 1410, RUSTON, LA 71273","PO BOX 22190, HOUSTON, TX 77227",,,,,,,32.7583964,-102.6485318
TX,ECTOR (TX),CENTRAL BASIN PLATFORM,CENTRAL BASIN PLATFORM,,GALVAN JAIME MINJAREZ,O G OIL LLC,NA/NA,2026-00019676,Memo of lease,2026-07-10,2026-09-23,2026-07-01,60,2031-07-01,1,,36,,,0.1928000003099441,119,,,,,,"Blk: 42 T2S, Sec: 23",0,0,O G OIL LLC,"1710 BEVERLY ST, ODESSA, TX 79761","1330 E 8TH STREET SUITE 111, ODESSA, TX 79761",,,,,,,31.8667747,-102.3525792
TX,ECTOR (TX),CENTRAL BASIN PLATFORM,CENTRAL BASIN PLATFORM,,ORTEGA AARON,O G OIL LLC,NA/NA,2026-00019633,Memo of lease,2026-07-09,2026-09-23,2026-07-01,60,2031-07-01,1,,36,,,0.1955000013113021,119,,,,,,"Blk: 42 T2S, Sec: 23",0,0,O G OIL LLC,"1709 PATTON DR, ODESSA, TX 79761","1330 E 8TH STREET SUITE 111, ODESSA, TX 79761",,,,,,,31.8667747,-102.3525792
TX,HARRISON (TX),EAST TEXAS,HAYNESVILLE - TX,EAST TEXAS - HAYNESVILLE NORTH,CLARK EDNA ROBERTSON,RFE ETX IV,NA/NA,2026-000010935,Memo of lease,2026-08-21,2026-09-15,2026-08-18,36,2029-08-18,1,,24,,,11.850000381469728,361,,,,,,,0,0,RFE ETX IV LLC,"5208 HIGHWAY 154, MARSHALL, TX 75670","3838 OAK LAWN AVENUE SUITE 1410, DALLAS, TX 75219",,,,,,,32.5739523,-94.4061027
TX,RUSK (TX),EAST TEXAS,HAYNESVILLE - TX,EAST TEXAS - HAYNESVILLE NORTH,STICH DEBORAH BARNES,RFE OVERTON LLC,NA/NA,2026-276003,Memo of lease,2026-07-16,2026-09-23,2026-06-30,36,2029-06-30,1,,24,,,566.1229858398438,7,,,,,,,0,0,RFE OVERTON LLC,"6704 JAMESON ROAD, AMARILLO, TX 79106","3838 OAK LAWN AVENUE SUITE 1410, DALLAS, TX 75219",,,,,,,32.2294441,-94.9590824
TX,ECTOR (TX),CENTRAL BASIN PLATFORM,CENTRAL BASIN PLATFORM,,BMM MANAGEMENT LLC ET AL,BTA OIL PRODUCERS,NA/NA,19336,Memo of lease,2026-08-04,2026-09-21,2026-08-04,36,2029-08-04,0,,,,,1295.300048828125,1017,,,,,,"Blk: A, Sec: 3",0,0,BTA OIL PRODUCERS LLC,,"104 SOUTH PECOS, MIDLAND, TX 79701",,,,,,,32.0501852,-102.6075698
TX,ECTOR (TX),CENTRAL BASIN PLATFORM,CENTRAL BASIN PLATFORM,,BMM MANAGEMENT LLC ET AL,BTA OIL PRODUCERS,NA/NA,19336,Memo of lease,2026-08-04,2026-09-21,2026-08-04,36,2029-08-04,0,,,,,1295.300048828125,1220,,,,,,"Blk: A, Sec: 2",0,0,BTA OIL PRODUCERS LLC,,"104 SOUTH PECOS, MIDLAND, TX 79701",,,,,,,32.0540851,-102.5905701
TX,RUSK (TX),EAST TEXAS,HAYNESVILLE - TX,EAST TEXAS - HAYNESVILLE NORTH,THOMAS WILLIAM BANKS JR,RFE OVERTON LLC,NA/NA,2026-276005,Memo of lease,2026-09-01,2026-09-23,2026-08-25,36,2029-08-25,1,,24,,,50.0,7,,,,,,,0,0,RFE OVERTON LLC,"P O BOX 651, HUNT, TX 78024","3838 OAK LAWN AVENUE SUITE 1410, DALLAS, TX 75219",,,,,,,32.2294441,-94.9590824
TX,ECTOR (TX),CENTRAL BASIN PLATFORM,CENTRAL BASIN PLATFORM,,HUNT OIL COMPANY,BTA OIL PRODUCERS,NA/NA,2020-00019338,Memo of lease,2026-09-21,2026-09-21,2026-08-05,24,2028-08-05,0,,,,,649.7000122070312,1222,,,,,,"Blk: A, Sec: 17",0,0,BTA OIL PRODUCERS LLC,"1900 NORTH AKARD STREET, DALLAS, TX 75201","104 SOUTH PECOS, MIDLAND, TX 79701",,,,,,,32.0399845,-102.5855707
TX,ECTOR (TX),CENTRAL BASIN PLATFORM,CENTRAL BASIN PLATFORM,,HODGE LINDA JEAN,O G OIL LLC,NA/NA,2026-00019711,Memo of lease,2026-09-15,2026-09-23,2026-09-01,60,2031-09-01,1,,60,,,0.137700006365776,459,,,,,,"Blk: 42 T2S, Sec: 26",0,0,O G OIL LLC,"315 CARVER AVE, ODESSA, TX 79761","414 N LEE AVE, ODESSA, TX 79761",,,,,,,31.8501740,-102.3455795
TX,ECTOR (TX),CENTRAL BASIN PLATFORM,CENTRAL BASIN PLATFORM,,KIRBY SABRINA LEIGH ET AL,OG OIL LLC,NA/NA,2026-00019773,Memo of lease,2026-07-31,2026-09-23,2026-07-01,60,2031-07-01,1,,36,,,0.1845999956130981,119,,,,,,"Blk: 42 T2S, Sec: 23",0,0,OG OIL LLC,"1711 E 11TH ST, ODESSA, TX 76791","414 N LEE AVE, ODESSA, TX 79761",,,,,,,31.8667747,-102.3525792
TX,RUSK (TX),EAST TEXAS,HAYNESVILLE - TX,EAST TEXAS - HAYNESVILLE NORTH,THOMAS JAMES BUTLER,RFE OVERTON LLC,NA/NA,2026-276006,Memo of lease,2026-08-25,2026-09-23,2026-08-25,36,2029-08-25,1,,24,,,50.0,7,,,,,,,0,0,RFE OVERTON LLC,"8521 BUGLE DRIVE, DALLAS, TX 75243","3838 OAK LAWN AVENUE SUITE 1410, DALLAS, TX 75219",,,,,,,32.2294441,-94.9590824
TX,UPSHUR (TX),EAST TEXAS,HAYNESVILLE - TX,EAST TEXAS - HAYNESVILLE NORTH,ANDERSON VERNICE ROY,NETX ACQUISITIONS,NA/NA,202605008,Memo of lease,2026-07-24,2026-07-24,2026-07-24,36,2029-07-24,1,,36,,,99.47000122070312,22,,,,,,,0,0,NETX ACQUISITIONS LLC,"108 LAKEWOOD DR, LONGVIEW, TX 75604","4608 KINSEY DRIVE, TYLER, TX 75703",,,,,,,32.8775681,-94.7547915
TX,ECTOR (TX),CENTRAL BASIN PLATFORM,CENTRAL BASIN PLATFORM,,ACOSTA ELIASER GALINDO ET AL,OG OIL LLC,NA/NA,2026-00019574,Memo of lease,2026-09-14,2026-09-22,2026-09-01,60,2031-09-01,1,,36,,,0.1515000015497207,459,,,,,,"Blk: 42 T2S, Sec: 26",0,0,OG OIL LLC,"230 ANGEL TRL, ODESSA, TX 79766","414 N LEE AVE, ODESSA, TX 79761",,,,,,,31.8501740,-102.3455795
TX,RUSK (TX),EAST TEXAS,HAYNESVILLE - TX,EAST TEXAS - HAYNESVILLE NORTH,GAUDET JUDY MURPHY,RFE OVERTON LLC,NA/NA,2026-276019,Memo of lease,2026-08-06,2026-09-23,2026-07-23,36,2029-07-23,1,,24,,,80.0,7,,,,,,,0,0,RFE OVERTON LLC,"P O BOX 422, NEW LONDON, TX 75682","3838 OAK LAWN AVENUE SUITE 1410, DALLAS, TX 75219",,,,,,,32.2294441,-94.9590824
TX,RUSK (TX),EAST TEXAS,HAYNESVILLE - TX,EAST TEXAS - HAYNESVILLE NORTH,SHIELDS HARRIS LAND SERVICES LLC,CONCORD LAND SERVICES ET AL,NA/NA,2026-276039,Memo of lease,2026-08-10,2026-09-23,2026-08-10,36,2029-08-10,1,,24,,,11.270000457763672,93,,,,,,,0,0,CONCORD LAND SERVICES ET AL,"PO BOX 724, CARTHAGE, TX 75633","PO BOX 8528, TYLER, TX 75711",,,,,,,32.0989371,-94.6099928
TX,ECTOR (TX),CENTRAL BASIN PLATFORM,CENTRAL BASIN PLATFORM,,PENA MICHAEL ET AL,O G OIL LLC,NA/NA,2026-00019650,Memo of lease,2026-09-23,2026-09-23,2026-06-01,36,2029-06-01,1,,36,,,0.1928000003099441,119,,,,,,"Blk: 42 T2S, Sec: 23",0,0,O G OIL LLC,"2201 E 12TH STREET, ODESSA, TX 79761","1330 E 8TH STREET SUITE 111, ODESSA, TX 79761",,,,,,,31.8667747,-102.3525792
TX,ECTOR (TX),CENTRAL BASIN PLATFORM,CENTRAL BASIN PLATFORM,,BAEZA SHERARD BRYANT,OG OIL LLC,NA/NA,2026-00019790,Memo of lease,2026-09-23,2026-09-23,2026-04-24,60,2031-04-24,1,,36,,,0.1679999977350235,119,,,,,,"Blk: 42 T2S, Sec: 23",0,0,OG OIL LLC,"4600 LEISURE DR, MIDLAND, TX 79703","414 N LEE AVE, ODESSA, TX 79761",,,,,,,31.8667747,-102.3525792
TX,RUSK (TX),EAST TEXAS,HAYNESVILLE - TX,EAST TEXAS - HAYNESVILLE NORTH,SONNY O LAND SERVICES LLC,CONCORD LAND SERVICES,NA/NA,2026-276038,Memo of lease,2026-08-10,2026-09-23,2026-08-10,36,2029-08-10,1,,24,,,11.270000457763672,93,,,,,,,0,0,CONCORD LAND SERVICES LLC ET AL,"PO BOX 724, CARTHAGE, TX 75633","P O BOX 8528, TYLER, TX 75711-8528",,,,,,,32.0989371,-94.6099928
TX,GAINES (TX),CENTRAL BASIN PLATFORM,CENTRAL BASIN PLATFORM,,BLOWEY WILLIAM E JR,VELASCO LLC,NA/NA,2026-05508,Memo of lease,2026-07-23,2026-09-23,2026-07-23,36,2029-07-23,0,,,,,321.29998779296875,1804,,,,,,"Blk: G, Sec: 186",0,0,VELASCO LLC,"PO BOX 1410, RUSTON, LA 71273","PO BOX 22190, HOUSTON, TX 77227",,,,,,,32.7583964,-102.6485318
TX,HARRISON (TX),EAST TEXAS,HAYNESVILLE - TX,EAST TEXAS - HAYNESVILLE NORTH,ROCK POROSITY LLC,SABINE EAST TEXAS BASIN,NA/NA,2026-000011093,Lease ratification,2026-09-11,2026-09-18,2026-07-21,,,0,,,,,51.060001373291016,634,,,,,,,0,0,SABINE EAST TEXAS BASIN LLC,,"1415 LOUISIANA SUITE 1600, Houston, TX 77002",,,,,,,32.4824495,-94.5372970
TX,GAINES (TX),CENTRAL BASIN PLATFORM,CENTRAL BASIN PLATFORM,,LAZY S MINERALS LLC,VELASCO LLC,NA/NA,2026-05496,Memo of lease,2026-08-03,2026-09-23,2026-07-22,36,2029-07-22,0,,,,,321.29998779296875,1804,,,,,,"Blk: G, Sec: 186",0,0,VELASCO LLC,"P O BOX 100493, Fort Worth, TX 76185","P O BOX 22190, HOUSTON, TX 77227",,,,,,,32.7583964,-102.6485318
TX,ECTOR (TX),CENTRAL BASIN PLATFORM,CENTRAL BASIN PLATFORM,,CARRASCO DEIDA,OG OIL LLC,NA/NA,2026-00019645,Memo of lease,2026-08-13,2026-09-23,2026-08-01,60,2031-08-01,1,,60,,,0.1918999999761581,119,,,,,,"Blk: 42 T2S, Sec: 23",0,0,OG OIL LLC,"1600 REDBUD AVE, ODESSA, TX 79761","414 N LEE AVE, ODESSA, TX 79761",,,,,,,31.8667747,-102.3525792
TX,BEE (TX),GULF COAST WEST,EAGLEFORD,SUGARKANE,BARRERA AMBROSIO ET AL,TIDAL PETR,NA/NA,2026-2594,Memo of lease,2026-08-20,2026-09-15,2026-08-17,36,2029-08-17,1,,24,,,38.84999847412109,202,,,,,,,0,0,TIDAL PETROLEUM INC,"14548 CR 150, KENEDY, TX 78119","5501 MID CITIES PARKWAY SUITE 200, SCHERTZ, TX 78154",,,,,,,28.6841370,-97.9770191
TX,RUSK (TX),EAST TEXAS,HAYNESVILLE - TX,EAST TEXAS - HAYNESVILLE NORTH,HANCOCK DORIE MINERALS LLC,RFE OVERTON LLC,NA/NA,2026-276016,Memo of lease,2026-08-03,2026-09-23,2026-07-21,36,2029-07-21,1,,24,,,116.0,29,,,,,,,0,0,RFE OVERTON LLC,"311 MILL DAM ROAD, COMFORT, TX 78013","3838 OAK LAWN AVENUE SUITE 1410, DALLAS, TX 75219",,,,,,,32.1906423,-94.9587824
TX,ECTOR (TX),CENTRAL BASIN PLATFORM,CENTRAL BASIN PLATFORM,,GROCE KAYLIN ET AL,O G OIL LLC,NA/NA,2026-00019804,Memo of lease,2026-08-01,2026-09-24,2026-08-01,60,2031-08-01,1,,36,,,0.1736000031232834,119,,,,,,"Blk: 42 T2S, Sec: 23",0,0,O G OIL LLC,"1514 DORAN DR, ODESSA, TX 79761","1330 E 8TH ST SUITE 111, ODESSA, TX 79761",,,,,,,31.8667747,-102.3525792
TX,HARRISON (TX),EAST TEXAS,HAYNESVILLE - TX,EAST TEXAS - HAYNESVILLE NORTH,MANNING NANCY COOPER,RFE ETX IV,NA/NA,2026-000010969,Memo of lease,2026-09-04,2026-09-15,2026-07-01,36,2029-07-01,1,,24,,,187.72799682617188,301,,,,,,,0,0,RFE ETX V LLC,"2905 CARRIE DRIVE, LONGVIEW, TX 75605","3838 OAK LAWN AVENUE SUITE 1410, DALLAS, TX 75219",,,,,,,32.5520536,-94.6888912
TX,HARRISON (TX),EAST TEXAS,HAYNESVILLE - TX,EAST TEXAS - HAYNESVILLE NORTH,MANNING NANCY COOPER,RFE ETX IV,NA/NA,2026-000010969,Memo of lease,2026-09-04,2026-09-15,2026-07-01,36,2029-07-01,1,,24,,,187.72799682617188,360,,,,,,,0,0,RFE ETX V LLC,"2905 CARRIE DRIVE, LONGVIEW, TX 75605","3838 OAK LAWN AVENUE SUITE 1410, DALLAS, TX 75219",,,,,,,32.5117519,-94.6888909
TX,RUSK (TX),EAST TEXAS,HAYNESVILLE - TX,EAST TEXAS - HAYNESVILLE NORTH,POOL ROBERT LEATH,RFE OVERTON LLC,NA/NA,2026-276004,Memo of lease,2026-09-03,2026-09-23,2026-08-11,36,2029-08-11,1,,24,,,245.1100006103516,7,,,,,,,0,0,RFE OVERTON LLC,"1005 OAK KNOLL PLACE, BRYAN, TX 77802","3838 OAK LAWN AVENUE SUITE 1410, DALLAS, TX 75219",,,,,,,32.2294441,-94.9590824
TX,RUSK (TX),EAST TEXAS,HAYNESVILLE - TX,EAST TEXAS - HAYNESVILLE NORTH,JACKSON LAURA STRIBLING,RFE OVERTON LLC,NA/NA,2026-276010,Memo of lease,2026-08-26,2026-09-23,2026-08-17,36,2029-08-17,1,,24,,,245.1100006103516,7,,,,,,,0,0,RFE OVERTON LLC,"3306 TRAFALGAR SQUARE 3306, TYLER, TX 75701","3838 OAK LAWN AVENUE SUITE 1410, DALLAS, TX 75219",,,,,,,32.2294441,-94.9590824
TX,ECTOR (TX),CENTRAL BASIN PLATFORM,CENTRAL BASIN PLATFORM,,MARINELARENA JAVIER,OG OIL LLC,NA/NA,2026-00019821,Memo of lease,2026-07-10,2026-09-24,2026-07-01,60,2031-07-01,1,,36,,,0.1763000041246414,119,,,,,,"Blk: 42 T2S, Sec: 23",0,0,OG OIL LLC,"1405 E CRESCENT DR, ODESSA, TX 79761","414 N LEE AVE, ODESSA, TX 79761",,,,,,,31.8667747,-102.3525792
TX,ECTOR (TX),CENTRAL BASIN PLATFORM,CENTRAL BASIN PLATFORM,,GARBS NINA,O G OIL LLC,NA/NA,2026-00019607,Memo of lease,2026-08-06,2026-09-23,2026-08-01,60,2031-08-01,1,,36,,,0.2399999946355819,119,,,,,,"Blk: 42 T2S, Sec: 23",0,0,O G OIL LLC,"3397 FM 1270, ZAVALLA, TX 75980","1330 E 8TH STREET SUITE 111, ODESSA, TX 79761",,,,,,,31.8667747,-102.3525792
TX,WARD (TX),DELAWARE,DELAWARE,,BLAKE OIL AND GAS CORPORATION ET AL,ADMIRAL PERMIAN RESOURCES,NA/NA,2026-3755,Memo of lease,2026-08-11,2026-09-24,2026-08-11,36,2029-08-11,0,,,,,40.0,321,,,,,,"Blk: 1, Sec: 11",0,0,ADMIRAL PERMIAN ENERGY LLC,"PO BOX 2020, TYLER, TX 75710","200 N LORAINE STREET SUITE 800, MIDLAND, TX 79701",,,,,,,31.5946686,-103.3935503
TX,RUSK (TX),EAST TEXAS,HAYNESVILLE - TX,EAST TEXAS - HAYNESVILLE NORTH,CULVER HAYDN SCOTT ATTORNEY ET AL,RFE OVERTON LLC,NA/NA,2026-276000,Memo of lease,2026-08-10,2026-09-23,2026-08-04,36,2029-08-04,1,,24,,,221.25999450683597,749,,,,,,,0,0,RFE OVERTON LLC,"15907 REDWOOD PLACE DRIVE, HOUSTON, TX 77079","3838 OAK LAWN AVENUE SUITE 1410, DALLAS, TX 75219",,,,,,,32.2243441,-94.9833817
TX,RUSK (TX),EAST TEXAS,HAYNESVILLE - TX,EAST TEXAS - HAYNESVILLE NORTH,CULVER HAYDN SCOTT ATTORNEY ET AL,RFE OVERTON LLC,NA/NA,2026-276000,Memo of lease,2026-08-10,2026-09-23,2026-08-04,36,2029-08-04,1,,24,,,221.25999450683597,917,,,,,,,0,0,RFE OVERTON LLC,"15907 REDWOOD PLACE DRIVE, HOUSTON, TX 77079","3838 OAK LAWN AVENUE SUITE 1410, DALLAS, TX 75219",,,,,,,32.2247441,-94.9893815
TX,RUSK (TX),EAST TEXAS,HAYNESVILLE - TX,EAST TEXAS - HAYNESVILLE NORTH,CULVER HAYDN SCOTT ATTORNEY ET AL,RFE OVERTON LLC,NA/NA,2026-276000,Memo of lease,2026-08-10,2026-09-23,2026-08-04,36,2029-08-04,1,,24,,,221.25999450683597,7,,,,,,,0,0,RFE OVERTON LLC,"15907 REDWOOD PLACE DRIVE, HOUSTON, TX 77079","3838 OAK LAWN AVENUE SUITE 1410, DALLAS, TX 75219",,,,,,,32.2294441,-94.9590824
TX,NUECES (TX),GULF COAST WEST,,,STINSON SEAN ALAN,WILCOX O&G,NA/NA,2026033450,Lease,2026-09-01,2026-09-23,2026-09-01,12,2027-09-01,0,,,,0.24,214.83999633789065,607,,,,,,,0,0,WILCOX OIL & GAS INC,"2080 GOUGH ST 415, SAN FRANCISCO, CA 94109","1001 MCKINNEY SUITE 805, Houston, TX 77002",,,,,,,27.8019976,-97.7040263
TX,RUSK (TX),EAST TEXAS,HAYNESVILLE - TX,EAST TEXAS - HAYNESVILLE NORTH,JONES SELWYN MURPHY,RFE OVERTON LLC,NA/NA,2026-276028,Memo of lease,2026-07-23,2026-09-23,2026-07-23,36,2029-07-23,1,,24,,,80.0,7,,,,,,,0,0,RFE OVERTON LLC,"260 ENFIELD LANE, BEAUMONT, TX 77707","3838 OAK LAWN AVENUE 1410, DALLAS, TX 75219",,,,,,,32.2294441,-94.9590824
TX,HARRISON (TX),EAST TEXAS,HAYNESVILLE - TX,EAST TEXAS - HAYNESVILLE NORTH,MONTERREYKEYSTONE LLC,SABINE EAST TEXAS BASIN,NA/NA,2026-000011054,Memo of lease,2026-09-08,2026-09-17,2026-09-08,36,2029-09-08,0,,,,,25.0,71,,,,,,,0,0,SABINE EAST TEXAS BASIN LLC,"PO DRAWER 379, Tilden, TX 78072","1415 LOUISIANA STREET SUITE 1600, Houston, TX 77002",,,,,,,32.4782489,-94.4738994
TX,ECTOR (TX),CENTRAL BASIN PLATFORM,CENTRAL BASIN PLATFORM,,PALMA RUBEN JR ET AL,O G OIL LLC,NA/NA,2026-00019648,Memo of lease,2026-08-06,2026-09-23,2026-06-01,60,2031-06-01,1,,36,,,0.2176000028848648,119,,,,,,"Blk: 42 T2S, Sec: 23",0,0,O G OIL LLC,"1714 GLENWOOD AVE, ODESSA, TX 79761","1330 E 8TH STREET SUITE 111, ODESSA, TX 79761",,,,,,,31.8667747,-102.3525792
TX,ECTOR (TX),CENTRAL BASIN PLATFORM,CENTRAL BASIN PLATFORM,,KEESE KRISTOPHER ET AL,O G OIL LLC,NA/NA,2026-00019769,Memo of lease,2026-07-21,2026-09-23,2026-07-21,60,2031-07-21,1,,36,,,0.2793000042438507,119,,,,,,"Blk: 42 T2S, Sec: 23",0,0,O G OIL LLC,"2102 E CRESCENT DR, ODESSA, TX 79761","1330 E 8TH ST SUITE 111, ODESSA, TX 79761",,,,,,,31.8667747,-102.3525792
TX,RUSK (TX),EAST TEXAS,HAYNESVILLE - TX,EAST TEXAS - HAYNESVILLE NORTH,HUMPHRIES BRADLEY JAMES,RFE OVERTON LLC,NA/NA,2026-276012,Memo of lease,2026-08-14,2026-09-23,2026-08-06,36,2029-08-06,1,,24,,,103.68000030517578,7,,,,,,,0,0,RFE OVERTON LLC,"1215 VET6ERANS BOULEVARD, ARDMORE, OK 73401","3838 OAK LAWN AVENUE SUITE 1410, DALLAS, TX 75219",,,,,,,32.2294441,-94.9590824
TX,ECTOR (TX),CENTRAL BASIN PLATFORM,CENTRAL BASIN PLATFORM,,GOMEZ ELENA LOPEZ,OG OIL LLC,NA/NA,2026-00019611,Memo of lease,2026-07-14,2026-09-23,2026-07-01,36,2029-07-01,1,,24,,,0.1979999989271164,119,,,,,,"Blk: 42 T2S, Sec: 23",0,0,OG OIL LLC,"1800 E 21ST STREET, ODESSA, TX 79761","414 N LEE AVE, ODESSA, TX 79761",,,,,,,31.8667747,-102.3525792
TX,RUSK (TX),EAST TEXAS,HAYNESVILLE - TX,EAST TEXAS - HAYNESVILLE NORTH,WALKER DENNIS J,RFE OVERTON LLC,NA/NA,2026-275997,Memo of lease,2026-08-16,2026-09-23,2026-08-03,36,2029-08-03,1,,24,,,566.1229858398438,7,,,,,,,0,0,RFE OVERTON LLC,"7701 NORTH SENECA ROAD, MILWAUKEE, WI 53217","3838 OAK LAWN AVENUE SUITE 1410, DALLAS, TX 75219",,,,,,,32.2294441,-94.9590824
TX,GAINES (TX),CENTRAL BASIN PLATFORM,CENTRAL BASIN PLATFORM,,WOJENSKI LAURA ET AL,VELASCO LLC,NA/NA,2026-05495,Memo of lease,2026-08-06,2026-09-23,2026-07-23,36,2029-07-23,0,,,,,321.29998779296875,1804,,,,,,"Blk: G, Sec: 186",0,0,VELASCO LLC,"P O BOX 1410, RUSTON, LA 71273","P O BOX 22190, HOUSTON, TX 77227",,,,,,,32.7583964,-102.6485318
TX,HARRISON (TX),EAST TEXAS,HAYNESVILLE - TX,EAST TEXAS - HAYNESVILLE NORTH,RUTLEDGE KENDALL,RFE ETX IV,NA/NA,2026-000010965,Memo of lease,2026-09-01,2026-09-15,2026-08-21,36,2029-08-21,1,,24,,,100.0,600,,,,,,,0,0,RFE ETX V LLC,"1611 OLD HWY 51, TERRY, MS 39170","3838 OAK LAWN AVENUE SUITE 1410, DALLAS, TX 75219",,,,,,,32.6113555,-94.5958956
TX,RUSK (TX),EAST TEXAS,HAYNESVILLE - TX,EAST TEXAS - HAYNESVILLE NORTH,DORIE MINERALS LLC,RFE OVERTON LLC,NA/NA,2026-276017,Memo of lease,2026-08-11,2026-09-23,2026-07-21,36,2029-07-21,1,,24,,,116.0,29,,,,,,,0,0,RFE OVERTON LLC,"311 MILL DAM ROAD, COMFORT, TX 78013","3838 OAK LAWN AVENUE SUITE 1410, DALLAS, TX 75219",,,,,,,32.1906423,-94.9587824
TX,HARRISON (TX),EAST TEXAS,HAYNESVILLE - TX,EAST TEXAS - HAYNESVILLE NORTH,ROCK RESERVES LTD,SABINE EAST TEXAS BASIN,NA/NA,2026-000011085,Lease ratification,2026-09-11,2026-09-18,2026-07-21,,,0,,,,,107.6060028076172,634,,,,,,,0,0,SABINE EAST TEXAS BASIN LLC,,"1415 LOUISIANA SUITE 1600, Houston, TX 77002",,,,,,,32.4824495,-94.5372970
TX,RUSK (TX),EAST TEXAS,HAYNESVILLE - TX,EAST TEXAS - HAYNESVILLE NORTH,NELSON AMANDA RAE,RFE OVERTON LLC,NA/NA,2026-276009,Memo of lease,2026-08-25,2026-09-23,2026-07-06,36,2029-07-06,1,,24,,,116.0,29,,,,,,,0,0,RFE OVERTON LLC,"6421 COUNTRY RIDGE DRIVE, TROY, MI 48098","3838 OAK LAWN AVENUE SUITE 1410, DALLAS, TX 75219",,,,,,,32.1906423,-94.9587824
TX,PARKER (TX),FORT WORTH,BARNETT,BARNETT WET WINDOW,MINERAL WELLS CHAMBER OF COMMERCE,INCENDIUM RESOURCES,NA/NA,202626103,Lease,2026-08-10,2026-09-09,2026-08-10,24,2028-08-10,1,,24,,0.2,80.0,1735,,,,,,,0,0,INCENDIUM HOLDINGS A LP,"PO BOX 1408, MINERAL WELLS, TX 76068","215 DALLAS ST, ARGYLE, TX 76226",,,,,,,32.9388771,-98.0262809
TX,MIDLAND (TX),MIDLAND,MIDLAND,,ABILENE CHRISTIAN UNIVERSITY ET AL,ENDEAVOR ENERGY,NA/NA,2026-29977,Lease extension,2026-08-27,2026-09-22,2026-08-20,36,2029-08-20,0,,,,,,1030,,,,,,"Blk: 38 T1S, Sec: 38",0,0,ENDEAVOR ENERGY RESOURCES LP ET AL,,,,,,,,,32.0312766,-101.9765875
TX,GAINES (TX),CENTRAL BASIN PLATFORM,CENTRAL BASIN PLATFORM,,NORRIS JOHN R III ET AL,VELASCO LLC,NA/NA,2026-05491,Memo of lease,2026-07-23,2026-09-23,2026-07-23,36,2029-07-23,0,,,,,321.29998779296875,1804,,,,,,"Blk: G, Sec: 186",0,0,VELASCO LLC,"P O BOX 1410, RUSTON, LA 71273","P O BOX 22190, HOUSTON, TX 77227",,,,,,,32.7583964,-102.6485318
TX,HOWARD (TX),MIDLAND,MIDLAND,,PRP MIDLAND BASIN LP ET AL,LANGFORD & BRIGHAM OPERATING,2365/358,2026-00004057,Lease amendment,2026-07-22,2026-07-22,2017-07-01,,,0,,,,,,1297,,,,,,"Blk: 32 T3N, Sec: 36",0,0,LANGFORD & BRIGHAM OPERATING LLC,"OLD PARKLAND EAST RESOLUTE TOWER 4020 MAPLE AVENUE SUITE 200, DALLAS, TX 75219","5914 W COURTYARD DRIVE SUITE 100, AUSTIN, TX 78730",,,,,,,32.5199877,-101.4715929
TX,HOWARD (TX),MIDLAND,MIDLAND,,PRP MIDLAND BASIN LP ET AL,LANGFORD & BRIGHAM OPERATING,2365/358,2026-00004057,Lease amendment,2026-07-22,2026-07-22,2017-07-01,,,0,,,,,,1287,,,,,,"Blk: 31 T3N, Sec: 42",0,0,LANGFORD & BRIGHAM OPERATING LLC,"OLD PARKLAND EAST RESOLUTE TOWER 4020 MAPLE AVENUE SUITE 200, DALLAS, TX 75219","5914 W COURTYARD DRIVE SUITE 100, AUSTIN, TX 78730",,,,,,,32.5123874,-101.4505935
TX,HOWARD (TX),MIDLAND,MIDLAND,,PRP MIDLAND BASIN LP ET AL,LANGFORD & BRIGHAM OPERATING,2365/358,2026-00004057,Lease amendment,2026-07-22,2026-07-22,2017-07-01,,,0,,,,,,195,,,,,,"Blk: 31 T3N, Sec: 31",0,0,LANGFORD & BRIGHAM OPERATING LLC,"OLD PARKLAND EAST RESOLUTE TOWER 4020 MAPLE AVENUE SUITE 200, DALLAS, TX 75219","5914 W COURTYARD DRIVE SUITE 100, AUSTIN, TX 78730",,,,,,,32.5218877,-101.4545932
TX,HOWARD (TX),MIDLAND,MIDLAND,,PRP MIDLAND BASIN LP ET AL,LANGFORD & BRIGHAM OPERATING,2365/358,2026-00004057,Lease amendment,2026-07-22,2026-07-22,2017-07-01,,,0,,,,,,199,,,,,,"Blk: 31 T3N, Sec: 41",0,0,LANGFORD & BRIGHAM OPERATING LLC,"OLD PARKLAND EAST RESOLUTE TOWER 4020 MAPLE AVENUE SUITE 200, DALLAS, TX 75219","5914 W COURTYARD DRIVE SUITE 100, AUSTIN, TX 78730",,,,,,,32.5161875,-101.4335938
TX,HOWARD (TX),MIDLAND,MIDLAND,,PRP MIDLAND BASIN LP ET AL,LANGFORD & BRIGHAM OPERATING,2365/358,2026-00004057,Lease amendment,2026-07-22,2026-07-22,2017-07-01,,,0,,,,,,1288,,,,,,"Blk: 31 T3N, Sec: 40",0,0,LANGFORD & BRIGHAM OPERATING LLC,"OLD PARKLAND EAST RESOLUTE TOWER 4020 MAPLE AVENUE SUITE 200, DALLAS, TX 75219","5914 W COURTYARD DRIVE SUITE 100, AUSTIN, TX 78730",,,,,,,32.5185876,-101.4175941
TX,HOWARD (TX),MIDLAND,MIDLAND,,PRP MIDLAND BASIN LP ET AL,LANGFORD & BRIGHAM OPERATING,2365/358,2026-00004057,Lease amendment,2026-07-22,2026-07-22,2017-07-01,,,0,,,,,,293,,,,,,"Blk: 32 T3N, Sec: 37",0,0,LANGFORD & BRIGHAM OPERATING LLC,"OLD PARKLAND EAST RESOLUTE TOWER 4020 MAPLE AVENUE SUITE 200, DALLAS, TX 75219","5914 W COURTYARD DRIVE SUITE 100, AUSTIN, TX 78730",,,,,,,32.5085874,-101.4665932
TX,HARRISON (TX),EAST TEXAS,HAYNESVILLE - TX,EAST TEXAS - HAYNESVILLE NORTH,ADAMS CHRISTOPHER RYAN,RFE ETX IV,NA/NA,2026-000010923,Memo of lease,2026-09-03,2026-09-15,2026-08-28,36,2029-08-28,1,,24,,,5.980000019073486,361,,,,,,,0,0,RFE ETX IV LLC,"363 EPPS RD, MARSHALL, TX 75670","3838 OAK LAWN AVENUE SUITE 1410, DALLAS, TX 75219",,,,,,,32.5739523,-94.4061027
TX,ECTOR (TX),CENTRAL BASIN PLATFORM,CENTRAL BASIN PLATFORM,,MAGANA OSCAR JESUS ANGEL ET AL,O G OIL LLC,NA/NA,20226-00019819,Memo of lease,2026-08-31,2026-09-24,2026-08-01,60,2031-08-01,1,,36,,,0.1791000068187713,119,,,,,,"Blk: 42 T2S, Sec: 23",0,0,O G OIL LLC,"1013 GARNET AVE, ODESSA, TX 79761","1330 E 8TH STREET SUITE 111, ODESSA, TX 79761",,,,,,,31.8667747,-102.3525792
TX,RUSK (TX),EAST TEXAS,HAYNESVILLE - TX,EAST TEXAS - HAYNESVILLE NORTH,HUTCHINSON BRENT,RFE OVERTON LLC,NA/NA,2026-276021,Memo of lease,2026-08-03,2026-09-23,2026-07-24,36,2029-07-24,1,,24,,,172.66000366210938,7,,,,,,,0,0,RFE OVERTON LLC,"2917 SOUTH OCEAN DRIVE UNIT 804, HIGHLAND BEACH, FL 33487","3838 OAK LAWN AVENUE SUITE 1410, DALLAS, TX 75219",,,,,,,32.2294441,-94.9590824
TX,ECTOR (TX),CENTRAL BASIN PLATFORM,CENTRAL BASIN PLATFORM,,REDMAN BYNUM VANESSA ET AL,OG OIL LLC,NA/NA,2026-00019640,Memo of lease,2026-09-04,2026-09-23,2026-09-01,36,2029-09-01,1,,36,,,0.1956000030040741,119,,,,,,"Blk: 42 T2S, Sec: 23",0,0,OG OIL LLC,"2205 E 13TH STREET, ODESSA, TX 79761","414 N LEE AVE, ODESSA, TX 79761",,,,,,,31.8667747,-102.3525792
TX,ECTOR (TX),CENTRAL BASIN PLATFORM,CENTRAL BASIN PLATFORM,,TORRES JUAN MANUEL JR ET AL,OG OIL LLC,NA/NA,2026-00019695,Memo of lease,2026-08-20,2026-09-23,2026-08-01,60,2031-08-01,1,,36,,,0.1379999965429306,119,,,,,,"Blk: 42 T2S, Sec: 23",0,0,OG OIL LLC,"304 SANTA RITA DRIVE, ODESSA, TX 79763","414 N LEE AVE, ODESSA, TX 79761",,,,,,,31.8667747,-102.3525792
TX,HARRISON (TX),EAST TEXAS,HAYNESVILLE - TX,EAST TEXAS - HAYNESVILLE NORTH,JACKSON LATANYA DANIELS,RFE ETX IV,NA/NA,2026-000010925,Memo of lease,2026-08-13,2026-09-15,2026-08-13,36,2029-08-13,1,,24,,,55.04999923706055,361,,,,,,,0,0,RFE ETX IV LLC,"40137 168TH ST E, PALMDALE, CA 93591","3838 OAK LAWN AVENUE SUITE 1410, DALLAS, TX 75219",,,,,,,32.5739523,-94.4061027
TX,HARRISON (TX),EAST TEXAS,HAYNESVILLE - TX,EAST TEXAS - HAYNESVILLE NORTH,OAKLEAF RESOURCES III LLC,HE ETX GP,NA/NA,2026-000011066,Memo of lease,2026-09-16,2026-09-17,2026-09-10,36,2029-09-10,0,,,,,16.06999969482422,473,,,,,,,0,0,HE ETX GP LLC ET AL,"3838 OAK LAWN AVE STE 1410, DALLAS, TX 75219","3000 TURTLE CREEK BLVD, DALLAS, TX 75219",,,,,,,32.5318508,-94.4430009
TX,HARRISON (TX),EAST TEXAS,HAYNESVILLE - TX,EAST TEXAS - HAYNESVILLE NORTH,MOON CARLOS WELDON JR,RFE ETX IV,NA/NA,2026-000010932,Memo of lease,2026-08-06,2026-09-15,2026-07-29,36,2029-07-29,1,,24,,,55.04999923706055,361,,,,,,,0,0,RFE ETX IV LLC,"2920 SHADOW BRIAR DR APT 255, HOUSTON, TX 77082","3838 OAK LAWN AVENUE SUITE 1410, DALLAS, TX 75219",,,,,,,32.5739523,-94.4061027
TX,RUSK (TX),EAST TEXAS,HAYNESVILLE - TX,EAST TEXAS - HAYNESVILLE NORTH,MURPHY RANDAL ET AL,RFE OVERTON LLC,NA/NA,2026-276035,Memo of lease,2026-08-05,2026-09-23,2026-07-23,36,2029-07-23,1,,24,,,80.0,7,,,,,,,0,0,RFE OVERTON LLC,"1102 EAST MAIN STREET, HENDERSON, TX 75654","3838 OAK LAWN AVENUE SUITE 1410, DALLAS, TX 75219",,,,,,,32.2294441,-94.9590824
TX,HARRISON (TX),EAST TEXAS,HAYNESVILLE - TX,EAST TEXAS - HAYNESVILLE NORTH,ONEY REBECCA,RFE ETX IV,NA/NA,2026-000010915,Memo of lease,2026-07-09,2026-09-15,2026-07-06,36,2029-07-06,1,,24,,,4.861999988555908,361,,,,,,,0,0,RFE ETX IV LLC,"5101 STATE HIGHWAY 154, MARSHALL, TX 75670","3838 OAK LAWN AVENUE SUITE 1410, DALLAS, TX 75219",,,,,,,32.5739523,-94.4061027
TX,RUSK (TX),EAST TEXAS,HAYNESVILLE - TX,EAST TEXAS - HAYNESVILLE NORTH,FOREMAN TRUST DATED MAY 25 2017 ET AL,RFE OVERTON LLC,NA/NA,2026-276033,Memo of lease,2026-07-20,2026-09-23,2026-07-15,36,2029-07-15,1,,24,,,116.0,29,,,,,,,0,0,RFE OVERTON LLC,"13509 SW 104TH STREET, MUSTANG, OK 73064","3838 OAK LAWN AVENUE SUITE 1410, DALLAS, TX 75219",,,,,,,32.1906423,-94.9587824
TX,RUSK (TX),EAST TEXAS,HAYNESVILLE - TX,EAST TEXAS - HAYNESVILLE NORTH,COOKE JOHN G,RFE OVERTON LLC,NA/NA,2026-276030,Memo of lease,2026-07-15,2026-09-23,2026-07-15,36,2029-07-15,1,,24,,,116.0,29,,,,,,,0,0,RFE OVERTON LLC,"3706 WEST WAGON WHEEL PR NW, BENTON CITY, WA 99320","3838 OAK LAWN AVENUE SUITE 1410, DALLAS, TX 75219",,,,,,,32.1906423,-94.9587824
TX,HARRISON (TX),EAST TEXAS,HAYNESVILLE - TX,EAST TEXAS - HAYNESVILLE NORTH,CLARK EDNA ROBERTSON ET AL,RFE ETX IV,NA/NA,2026-000010934,Memo of lease,2026-08-21,2026-09-15,2026-08-18,36,2029-08-18,1,,24,,,1.0,361,,,,,,,0,0,RFE ETX IV LLC,"5208 HIGHWAY 154, MARSHALL, TX 75670","3838 OAK LAWN AVENUE SUITE 1410, DALLAS, TX 75219",,,,,,,32.5739523,-94.4061027
TX,RUSK (TX),EAST TEXAS,HAYNESVILLE - TX,EAST TEXAS - HAYNESVILLE NORTH,ANDERSON EMILY BYRNE,RFE OVERTON LLC,NA/NA,2026-276011,Memo of lease,2026-08-18,2026-09-23,2026-08-12,36,2029-08-12,1,,24,,,116.0,29,,,,,,,0,0,RFE OVERTON LLC,"5619 WHEELWRIGHT WAY, HAYMARKET, VA 20169","3838 OAK LAWN AVENUE SUITE 1410, DALLAS, TX 75219",,,,,,,32.1906423,-94.9587824
TX,HARRISON (TX),EAST TEXAS,HAYNESVILLE - TX,EAST TEXAS - HAYNESVILLE NORTH,COOPER THOMAS GORDON IV,RFE ETX IV,NA/NA,2026-000010968,Memo of lease,2026-09-04,2026-09-15,2026-07-01,36,2029-07-01,1,,24,,,187.72799682617188,360,,,,,,,0,0,RFE ETX V LLC,"3705 SMELLEY RD, LONGIVEW, TX 75605","3838 OAK LAWN AVENUE SUITE 1410, DALLAS, TX 75219",,,,,,,32.5117519,-94.6888909
TX,HARRISON (TX),EAST TEXAS,HAYNESVILLE - TX,EAST TEXAS - HAYNESVILLE NORTH,COOPER THOMAS GORDON IV,RFE ETX IV,NA/NA,2026-000010968,Memo of lease,2026-09-04,2026-09-15,2026-07-01,36,2029-07-01,1,,24,,,187.72799682617188,301,,,,,,,0,0,RFE ETX V LLC,"3705 SMELLEY RD, LONGIVEW, TX 75605","3838 OAK LAWN AVENUE SUITE 1410, DALLAS, TX 75219",,,,,,,32.5520536,-94.6888912
TX,HARRISON (TX),EAST TEXAS,HAYNESVILLE - TX,EAST TEXAS - HAYNESVILLE NORTH,CHRISTIAN DEWEY TRACY,RFE ETX IV,NA/NA,2026-000010942,Memo of lease,2026-09-01,2026-09-15,2026-08-21,36,2029-08-21,1,,24,,,90.0,360,,,,,,,0,0,RFE ETX IV LLC,"2100 PEMBROOKE PI, DENTON, TX 76205","3838 OAK LAWN AVENUE SUITE 1410, DALLAS, TX 75219",,,,,,,32.5117519,-94.6888909
TX,ECTOR (TX),CENTRAL BASIN PLATFORM,CENTRAL BASIN PLATFORM,,ALVARADO BELINDA,OG OIL LLC,NA/NA,2026-00019785,Memo of lease,2026-09-05,2026-09-23,2026-09-01,60,2031-09-01,1,,36,,,0.1870000064373016,119,,,,,,"Blk: 42 T2S, Sec: 23",0,0,OG OIL LLC,"1507 E 21ST, ODESSA, TX 79761","414 N LEE AVE, ODESSA, TX 79761",,,,,,,31.8667747,-102.3525792
TX,ECTOR (TX),CENTRAL BASIN PLATFORM,CENTRAL BASIN PLATFORM,,HAI CAI ET AL,O G OIL LLC,NA/NA,2026-00019625,Memo of lease,2026-08-24,2026-09-23,2026-08-01,60,2031-08-01,1,,36,,,0.1763000041246414,119,,,,,,"Blk: 42 T2S, Sec: 23",0,0,O G OIL LLC,"1404 TULIP LN, ODESSA, TX 79761","1330 E 8TH ST SUITE 111, ODESSA, TX 79761",,,,,,,31.8667747,-102.3525792
TX,ECTOR (TX),CENTRAL BASIN PLATFORM,CENTRAL BASIN PLATFORM,,ORTEGA NILEYAN MORALES ET AL,OG OIL LLC,NA/NA,2026-00019635,Memo of lease,2026-08-29,2026-09-23,2026-08-01,60,2031-08-01,1,,36,,,0.2258999943733215,119,,,,,,"Blk: 42 T2S, Sec: 23",0,0,OG OIL LLC,"1509 PARKER DRIVE, ODESSA, TX 79761","1330 E 8TH STREET SUITE 111, ODESSA, TX 79761",,,,,,,31.8667747,-102.3525792
TX,GAINES (TX),CENTRAL BASIN PLATFORM,CENTRAL BASIN PLATFORM,,LEMMONS KIMBERLY ANN NYSTEL,VELASCO LLC,NA/NA,2026-05493,Memo of lease,2026-08-03,2026-09-23,2026-07-27,36,2029-07-27,0,,,,,320.5,1808,,,,,,"Blk: G, Sec: 166",0,0,VELASCO LLC,"4234 BONHAM STREET, DALLAS, TX 75229","PO BOX 22190, HOUSTON, TX 77227",,,,,,,32.7801970,-102.6315318
TX,ECTOR (TX),CENTRAL BASIN PLATFORM,CENTRAL BASIN PLATFORM,,COY LUIZ,O G OIL LLC,NA/NA,2026-00019802,Memo of lease,2026-09-23,2026-09-23,2026-06-01,60,2031-06-01,1,,36,,,0.1928000003099441,119,,,,,,"Blk: 42 T2S, Sec: 23",0,0,O G OIL LLC,"1702 E 11TH ST, ODESSA, TX 79761","1330 E 8TH ST SUITE 111, ODESSA, TX 79761",,,,,,,31.8667747,-102.3525792
TX,HARRISON (TX),EAST TEXAS,HAYNESVILLE - TX,EAST TEXAS - HAYNESVILLE NORTH,BROWN LONDELL,RFE ETX IV,NA/NA,2026-000010922,Memo of lease,2026-09-02,2026-09-15,2026-07-30,36,2029-07-30,1,,24,,,1.4500000476837158,361,,,,,,,0,0,RFE ETX IV LLC,"2402 COXY STREET, MARSHALL, TX 75672","3838 OAK LAWN AVENUE SUITE 1410, DALLAS, TX 75219",,,,,,,32.5739523,-94.4061027
TX,ECTOR (TX),CENTRAL BASIN PLATFORM,CENTRAL BASIN PLATFORM,,GONZALEZ JOHANA ET AL,OG OIL LLC,NA/NA,2026-00019618,Memo of lease,2026-07-29,2026-09-23,2026-07-01,60,2031-07-01,1,,36,,,0.2124000042676925,119,,,,,,"Blk: 42 T2S, Sec: 23",0,0,OG OIL LLC,"1707 E 21ST STREET, ODESSA, TX 79761","414 N LEE AVE, ODESSA, TX 79761",,,,,,,31.8667747,-102.3525792
TX,ECTOR (TX),CENTRAL BASIN PLATFORM,CENTRAL BASIN PLATFORM,,JACKSON KEATON,O G OWL LLC,NA/NA,2026-00019757,Memo of lease,2026-07-21,2026-09-23,2026-07-21,60,2031-07-21,0,,,,,0.2793000042438507,119,,,,,,"Blk: 42 T2S, Sec: 23",0,0,O G OWL LLC,"2102 E CRESCENT DR, ODESSA, TX 79761","1330 E 8TH STREET SUITE 111, ODESSA, TX 79761",,,,,,,31.8667747,-102.3525792
TX,ECTOR (TX),CENTRAL BASIN PLATFORM,CENTRAL BASIN PLATFORM,,CARROLLTON ROYALTY ADVISORS LLC ET AL,BTA OIL PRODUCERS,NA/NA,19933,Memo of lease,2026-09-01,2026-09-25,2026-09-01,36,2029-09-01,0,,,,,,1222,,,,,,"Blk: A, Sec: 17",0,0,BTA OIL PRODUCERS LLC,"5949 SHERRY LANE SUITE 1850, DALLAS, TX 75225","104 SOUTH PECOS, MIDLAND, TX 79701",,,,,,,32.0399845,-102.5855707
TX,ECTOR (TX),CENTRAL BASIN PLATFORM,CENTRAL BASIN PLATFORM,,ORTIZ KARLA ET AL,O G OIL LLC,NA/NA,2026-00019949,Memo of lease,2026-08-04,2026-09-25,2026-08-01,60,2031-08-01,0,,,,,0.1791000068187713,119,,,,,,"Blk: 42 T2S, Sec: 23",0,0,O G OIL LLC,"1330 E 8TH ST SUITE 111, ODESSA, TX 79761","1330 E 8TH ST SUITE 111, ODESSA, TX 79761",,,,,,,31.8667747,-102.3525792
TX,RUSK (TX),EAST TEXAS,HAYNESVILLE - TX,EAST TEXAS - HAYNESVILLE NORTH,LEATHERBERRY JULIE ANN,RFE OVERTON LLC,NA/NA,2026-276007,Memo of lease,2026-08-25,2026-09-23,2026-07-06,36,2029-07-06,1,,24,,,116.0,29,,,,,,,0,0,RFE OVERTON LLC,"75255 12TH AVENUE, SOUTH HAVEN, MI 49090","3838 OAK LAWN AVENUE SUITE 1410, DALLAS, TX 75219",,,,,,,32.1906423,-94.9587824
TX,ECTOR (TX),CENTRAL BASIN PLATFORM,CENTRAL BASIN PLATFORM,,GONZALEZ SAMUEL ET AL,OG OIL LLC,NA/NA,2026-00019614,Memo of lease,2026-09-23,2026-09-23,2026-06-01,60,2031-06-01,1,,36,,,0.159400001168251,119,,,,,,"Blk: 42 T2S, Sec: 23",0,0,OG OIL LLC,"1525 E 10TH ST, ODESSA, TX 79761","414 N LEE AVE, ODESSA, TX 79761",,,,,,,31.8667747,-102.3525792
TX,HARRISON (TX),EAST TEXAS,HAYNESVILLE - TX,EAST TEXAS - HAYNESVILLE NORTH,BOUCK BRENDA WADE,RFE ETX IV,NA/NA,2026-000010966,Memo of lease,2026-09-01,2026-09-15,2026-08-14,36,2029-08-14,1,,24,,,100.0,600,,,,,,,0,0,RFE ETX V LLC,"10844 WEST MULBERRY, LA PORT, TX 77571","3838 OAK LAWN AVE SUITE 1410, DALLAS, TX 75219",,,,,,,32.6113555,-94.5958956
TX,RUSK (TX),EAST TEXAS,HAYNESVILLE - TX,EAST TEXAS - HAYNESVILLE NORTH,WILLIS PAULA J,RFE OVERTON LLC,NA/NA,2026-276032,Memo of lease,2026-07-21,2026-09-23,2026-07-15,36,2029-07-15,1,,24,,,116.0,29,,,,,,,0,0,RFE OVERTON LLC,"560 RICKETS LANE, ARDMORE, OK 73401","3838 OAK LAWN AVENUE SUITE 1410, DALLAS, TX 75219",,,,,,,32.1906423,-94.9587824
TX,JEFFERSON (TX),GULF COAST CENTRAL,,,MCCARLEY SARAH ATTORNEY ET AL,OLD LAKE PROD,NA/NA,2026-25762,Lease extension,2026-09-08,2026-09-22,2026-09-01,12,2027-09-01,0,,,,,40.0,67,,,,,,,0,0,OLD LAKE PRODUCTION LLC,,"7670 WOODWAY SUITE 343, HOUSTON, TX 77063",,,,,,,29.7128804,-93.8802344
TX,RUSK (TX),EAST TEXAS,HAYNESVILLE - TX,EAST TEXAS - HAYNESVILLE NORTH,GERHARDT VICKI,RFE OVERTON LLC,NA/NA,2026-276026,Memo of lease,2026-07-23,2026-09-23,2026-07-23,36,2029-07-23,1,,24,,,80.0,7,,,,,,,0,0,RFE OVERTON LLC,"P O BOX 426, NEW LONDON, TX 75682","3838 OAK LAWN AVENUE SUITE 140, DALLAS, TX 75219",,,,,,,32.2294441,-94.9590824
TX,ECTOR (TX),CENTRAL BASIN PLATFORM,CENTRAL BASIN PLATFORM,,COBB GLENDA F,OG OIL LLC,NA/NA,2026-00019797,Memo of lease,2026-08-27,2026-09-23,2026-08-01,36,2029-08-01,1,,36,,,0.1872999966144561,119,,,,,,"Blk: 42 T2S, Sec: 23",0,0,OG OIL LLC,"2209 E 12TH STREET, ODESSA, TX 79761","414 N LEE AVE, ODESSA, TX 79761",,,,,,,31.8667747,-102.3525792
TX,RUSK (TX),EAST TEXAS,HAYNESVILLE - TX,EAST TEXAS - HAYNESVILLE NORTH,THOMPSON BEN C,RFE OVERTON LLC,NA/NA,2026-276001,Memo of lease,2026-07-22,2026-09-23,2026-06-18,36,2029-06-18,1,,24,,,275.2799987792969,7,,,,,,,0,0,RFE OVERTON LLC,"P O BOX 1014, CULLOWHEE, NC 28723","3838 OAK LAWN AVENUE SUITE 1410, DALLAS, TX 75219",,,,,,,32.2294441,-94.9590824
TX,RUSK (TX),EAST TEXAS,HAYNESVILLE - TX,EAST TEXAS - HAYNESVILLE NORTH,THOMPSON BEN C,RFE OVERTON LLC,NA/NA,2026-276001,Memo of lease,2026-07-22,2026-09-23,2026-06-18,36,2029-06-18,1,,24,,,275.2799987792969,29,,,,,,,0,0,RFE OVERTON LLC,"P O BOX 1014, CULLOWHEE, NC 28723","3838 OAK LAWN AVENUE SUITE 1410, DALLAS, TX 75219",,,,,,,32.1906423,-94.9587824
TX,RUSK (TX),EAST TEXAS,HAYNESVILLE - TX,EAST TEXAS - HAYNESVILLE NORTH,DENNIS TONY LEE,RFE OVERTON LLC,NA/NA,2026-276029,Memo of lease,2026-07-24,2026-09-23,2026-06-16,36,2029-06-16,1,,24,,,50.75,7,,,,,,,0,0,RFE OVERTON LLC,"148 BRIARCOVE DRIVE APARTMENT 225, JACKSONVILLE, TX 75766","3838 OAK LAWN AVENUE SUITE 1410, DALLAS, TX 75219",,,,,,,32.2294441,-94.9590824
TX,RUSK (TX),EAST TEXAS,HAYNESVILLE - TX,EAST TEXAS - HAYNESVILLE NORTH,HUMPHRIES STUART ET AL,RFE OVERTON LLC,NA/NA,2026-276013,Memo of lease,2026-08-11,2026-09-23,2026-08-06,36,2029-08-06,1,,24,,,103.68000030517578,7,,,,,,,0,0,RFE OVERTON LLC,"13660 VICTORY LANE, TYLER, TX 75703","3838 OAK LAWN AVENUE SUITE 1410, DALLAS, TX 75219",,,,,,,32.2294441,-94.9590824
TX,ECTOR (TX),CENTRAL BASIN PLATFORM,CENTRAL BASIN PLATFORM,,DAVIS LEANNA,OG OIL LLC,NA/NA,2026-00019659,Memo of lease,2026-07-30,2026-09-23,2026-07-01,60,2031-07-01,1,,36,,,0.1928000003099441,119,,,,,,"Blk: 42 T2S, Sec: 23",0,0,OG OIL LLC,"1510 E 11TH ST, ODESSA, TX 79761","414 N LEE AVE, ODESSA, TX 79761",,,,,,,31.8667747,-102.3525792
TX,ECTOR (TX),CENTRAL BASIN PLATFORM,CENTRAL BASIN PLATFORM,,SMITH LOIS ANN ET AL,O G OIL LLC,NA/NA,2026-00019796,Memo of lease,2026-07-27,2026-09-23,2026-07-01,60,2031-07-01,1,,36,,,0.1679999977350235,119,,,,,,"Blk: 42 T2S, Sec: 23",0,0,O G OIL LLC,"1607 EASTOVER DR, ODESSA, TX 79761","1330 E 8TH TSREET SUITE 111, ODESSA, TX 79761",,,,,,,31.8667747,-102.3525792
TX,MIDLAND (TX),MIDLAND,MIDLAND,,BON IVOR,CONTINENTAL RESOURCES,NA/NA,2026-29887,Memo of lease,2026-08-12,2026-09-21,2026-08-12,36,2029-08-12,0,,,,,653.2000122070312,1120,,,,,,"Blk: 41 T1S, Sec: 24",0,0,CONTINENTAL RESOURCES INC,"9833 LARCHCREST DRIVE, DALLAS, TX 75238","20 NORTH BROADWAY AVE, Oklahoma City, OK 73102",,,,,,11375,32.0035788,-102.2715798
TX,MIDLAND (TX),MIDLAND,MIDLAND,,SMITH BEN X,CONTINENTAL RESOURCES,NA/NA,2026-29877,Memo of lease,2026-08-21,2026-09-21,2026-08-12,36,2029-08-12,0,,,,,,1452,,,,,,"Blk: 41 T1S, Sec: 24",0,0,CONTINENTAL RESOURCES INC,"3121 SIEBER DR, ARLINGTON, TX 76016","20 NORTH BROADWAY AVE, Oklahoma City, OK 73102",,,,,,11375,32.0105791,-102.2735796
TX,MIDLAND (TX),MIDLAND,MIDLAND,,SMITH BEN X,CONTINENTAL RESOURCES,NA/NA,2026-29877,Memo of lease,2026-08-21,2026-09-21,2026-08-12,36,2029-08-12,0,,,,,,1120,,,,,,"Blk: 41 T1S, Sec: 24",0,0,CONTINENTAL RESOURCES INC,"3121 SIEBER DR, ARLINGTON, TX 76016","20 NORTH BROADWAY AVE, Oklahoma City, OK 73102",,,,,,11375,32.0035788,-102.2715798
TX,HOUSTON (TX),GULF COAST CENTRAL,,,INGRAM LINDA SUE PENNINGTON,EXPAND ENERGY,NA/NA,20263465,Memo of lease,2026-08-18,2026-08-26,2026-08-18,36,2029-08-18,1,,36,,,43.369998931884766,656,,,,,,,0,0,EXPAND EXPLORATION LLC,"1753 SOUTH WINFREE STREET, DAYTON, TX 77535","6000 N CLASSEN BLVD, OKLAHOMA CITY, OK 73118",,,,,,,31.5246222,-95.4593730
TX,HOUSTON (TX),GULF COAST CENTRAL,,,INGRAM LINDA SUE PENNINGTON,EXPAND ENERGY,NA/NA,20263465,Memo of lease,2026-08-18,2026-08-26,2026-08-18,36,2029-08-18,1,,36,,,43.369998931884766,817,,,,,,,0,0,EXPAND EXPLORATION LLC,"1753 SOUTH WINFREE STREET, DAYTON, TX 77535","6000 N CLASSEN BLVD, OKLAHOMA CITY, OK 73118",,,,,,,31.5307223,-95.4450734
TX,MIDLAND (TX),MIDLAND,MIDLAND,,JACKET RESOURCES LLC,DE WEST TEXAS,NA/NA,2026-30091,Memo of lease,2026-08-18,2026-09-22,2026-08-17,36,2029-08-17,0,,,,,650.6900024414062,730,,,,,,"Blk: 38 T2S, Sec: 2",0,0,DE WEST TEXAS LLC,"2109 GROVER LN, ROCKWALL, TX 75087","3724 HULEN ST, FORT WORTH, TX 76107",,,,,,10998,32.0030756,-101.9675883
TX,UPSHUR (TX),EAST TEXAS,HAYNESVILLE - TX,EAST TEXAS - HAYNESVILLE NORTH,MOORE FREDDA PLUMLEE,SABINE EAST TEXAS BASIN,NA/NA,202606506,Memo of lease,2026-08-07,2026-09-18,2026-08-07,36,2029-08-07,1,,24,,,55.0,71,,,,,,,0,0,SABINE EAST TEXAS BASIN LLC,"2009 WATERFALL AVE, LEANDER, TX 78641","1415 LOUISIANA STREET SUITE 1600, Houston, TX 77002",,,,,,,32.5864585,-95.0182811
TX,LEON (TX),GULF COAST CENTRAL,,,DIXON CARLOS A,BULL RUN RESOURCES,NA/NA,00493319,Memo of lease,2026-09-09,2026-09-25,2026-09-09,60,2031-09-09,0,,,,,16.339000701904297,21,,,,,,,0,0,BULL RUN RESOURCES LLC,"3320 PERMIAN DRIVE, FORNEY, TX 75126","P O BOX 1097, NEWARK, TX 76071",,,,,,,31.0503141,-96.1134636
TX,LEON (TX),GULF COAST CENTRAL,,,CANNON JAIME DENEEN,BULL RUN RESOURCES,NA/NA,00493320,Memo of lease,2026-09-08,2026-09-25,2026-09-08,60,2031-09-08,1,,36,,,78.58999633789062,30,,,,,,,0,0,BULL RUN RESOURCES LLC,"2706 FM 852, GILMER, TX 75644","P O BOX 1097, NEWARK, TX 76071",,,,,,,31.0787152,-96.1982610
TX,MIDLAND (TX),MIDLAND,MIDLAND,,TORRES VIDAL B JR ET AL,MIDCONTINENT O&G,NA/NA,2026-30455,Memo of lease,2026-07-31,2026-09-25,2026-07-29,36,2029-07-29,1,,24,,,,686,,,,,,"Blk: 39 T1S, Sec: 28",0,0,MIDCONTINENT OIL & GAS LLC,"1602 SPARKS ST, MIDLAND, TX 79701","6608 NORTH WESTERN AVENUE NO 185, OKLAHOMA CITY, OK 73116",,,,,,,32.0005770,-102.1095844
TX,MIDLAND (TX),MIDLAND,MIDLAND,,STORCH TERESA ET AL,MIDCONTINENT O&G,NA/NA,2026-30301,Memo of lease,2026-09-17,2026-09-24,2026-09-10,36,2029-09-10,0,,,,,,43,,,,,,"Blk: 39 T1S, Sec: 29",0,0,MIDCONTINENT OIL & GAS LLC,"21726 PARK VALLEY DR, KATY, TX 77450","6608 NORTH WESTERN AVENUE NO 185, OKLAHOMA CITY, OK 73116",,,,,,,31.9966770,-102.1255840
TX,MIDLAND (TX),MIDLAND,MIDLAND,,MORGAN MICHAEL T,CONTINENTAL RESOURCES,NA/NA,2026-29889,Memo of lease,2026-07-15,2026-09-21,2026-06-03,36,2029-06-03,0,,,,,653.2000122070312,1120,,,,,,"Blk: 41 T1S, Sec: 24",0,0,CONTINENTAL RESOURCES INC,"111 POINT LOOP, BURNET, TX 78611","20 NORTH BROADWAY AVE, Oklahoma City, OK 73102",,,,,,,32.0035788,-102.2715798
TX,MIDLAND (TX),MIDLAND,MIDLAND,,MORGAN MICHAEL T,CONTINENTAL RESOURCES,NA/NA,2026-29889,Memo of lease,2026-07-15,2026-09-21,2026-06-03,36,2029-06-03,0,,,,,653.2000122070312,1452,,,,,,"Blk: 41 T1S, Sec: 24",0,0,CONTINENTAL RESOURCES INC,"111 POINT LOOP, BURNET, TX 78611","20 NORTH BROADWAY AVE, Oklahoma City, OK 73102",,,,,,,32.0105791,-102.2735796
TX,MIDLAND (TX),MIDLAND,MIDLAND,,NEVAREZ ADRIAN O,MIDCONTINENT O&G,NA/NA,2026-30335,Memo of lease,2026-09-18,2026-09-24,2026-09-11,36,2029-09-11,1,,24,,,,693,,,,,,"Blk: 39 T1S, Sec: 16",0,0,MIDCONTINENT OIL & GAS LLC,"2309 METZ PI, MIDLAND, TX 79705","6608 NORTH WESTERN AVENUE NO 185, OKLAHOMA CITY, OK 73116",,,,,,,32.0285780,-102.1185835
TX,NACOGDOCHES (TX),EAST TEXAS,HAYNESVILLE - TX,EAST TEXAS,MCMASTER GINA LYNN BUSBY ET AL,APEX NATURAL GAS,NA/NA,2026-7998,Memo of lease,2026-08-20,2026-09-22,2026-08-04,36,2029-08-04,1,,24,,,5.0,17,,,,,,,0,0,APEX NATURAL GAS LLC ET AL,"1409 VINE STREET, GOERGETOWN, TX 78626","1100 LOUISIANA STREET SUIT 3800, HOUSTON, TX 77002",,,,,,,31.4943166,-94.4074959
TX,NACOGDOCHES (TX),EAST TEXAS,HAYNESVILLE - TX,EAST TEXAS,HART ANDREW MICHAEL,APEX NATURAL GAS,NA/NA,2026-7983,Memo of lease,2026-07-23,2026-09-22,2026-06-16,36,2029-06-16,1,,24,,,44.221099853515625,17,,,,,,,0,0,APEX NATURAL GAS LLC,"203 ARAPAHOE CT, LYONS, CO 80540","1100 LOUISIANA SUITE 3800, HOUSTON, TX 77002",,,,,,,31.4943166,-94.4074959
TX,NACOGDOCHES (TX),EAST TEXAS,HAYNESVILLE - TX,EAST TEXAS,JOSEPH T MCENANEY SUPPLEMENTAL NEEDS TRUST ET AL,PETROLEUM PARTNERS,NA/NA,2026-7926,Memo of lease,2026-07-22,2026-09-21,2026-07-22,36,2029-07-22,1,,24,,,16.9685001373291,30,,,,,,,0,0,PETROLEUM PARTNERS L L C,"1212 FOX LANE, LONGVIEW, TX 75601","4021 B AMBASSADOR CAFFERY PARKWAY SUITE 200, LAFAYETTE, LA 70503-5281",,,,,,,31.6289204,-94.4211954
TX,NACOGDOCHES (TX),EAST TEXAS,HAYNESVILLE - TX,EAST TEXAS,MORTIMER HELEN ELIZABETH,APEX NATURAL GAS,NA/NA,2026-7991,Memo of lease,2026-07-27,2026-09-22,2026-07-27,36,2029-07-27,1,,24,,,163.52499389648438,17,,,,,,,0,0,APEX NATURAL GAS LLC,"5015 EL ADOBE LANE, LA CRESCENTA, CA 91214","1100 LOUISIAN SUITE 3800, HOUSTON, TX 77002",,,,,,,31.4943166,-94.4074959
TX,MIDLAND (TX),MIDLAND,MIDLAND,,FRANCO NEVADA TEXAS LP ET AL,LONE PEAK ENERGY,NA/NA,2026-30540,Memo of lease,2026-08-26,2026-09-25,2026-08-26,36,2029-08-26,0,,,,,640.0,298,,,,,,"Blk: 40 T4S, Sec: 11",0,0,LONE PEAK ENERGY LLC,"1745 SHEA CENTER DRIVE SUITE 400, HIGHLANDS RANCH, CO 80129","3724 HULEN STREET, FORT WORTH, TX 76107",,,,,,,31.7178682,-102.0905863
TX,LEON (TX),GULF COAST CENTRAL,,,CITY OF NORMANGEE,BULL RUN RESOURCES,NA/NA,00493300,Memo of lease,2026-09-14,2026-09-24,2026-09-14,36,2029-09-14,0,,,,,500.0,1186,,,,,,,0,0,BULL RUN RESOURCES LLC,"P O BOX 37, NORMANGEE, TX 77871","P O BOX 1097, NEWARK, TX 76071",,,,,,,31.0355140,-96.1883620
TX,LEON (TX),GULF COAST CENTRAL,,,CITY OF NORMANGEE,BULL RUN RESOURCES,NA/NA,00493300,Memo of lease,2026-09-14,2026-09-24,2026-09-14,36,2029-09-14,0,,,,,500.0,1074,,,,,,,0,0,BULL RUN RESOURCES LLC,"P O BOX 37, NORMANGEE, TX 77871","P O BOX 1097, NEWARK, TX 76071",,,,,,,31.0371141,-96.2051616
TX,LEON (TX),GULF COAST CENTRAL,,,CITY OF NORMANGEE,BULL RUN RESOURCES,NA/NA,00493300,Memo of lease,2026-09-14,2026-09-24,2026-09-14,36,2029-09-14,0,,,,,500.0,740,,,,,,,0,0,BULL RUN RESOURCES LLC,"P O BOX 37, NORMANGEE, TX 77871","P O BOX 1097, NEWARK, TX 76071",,,,,,,31.0328139,-96.1992618
TX,LEON (TX),GULF COAST CENTRAL,,,CITY OF NORMANGEE,BULL RUN RESOURCES,NA/NA,00493300,Memo of lease,2026-09-14,2026-09-24,2026-09-14,36,2029-09-14,0,,,,,500.0,1081,,,,,,,0,0,BULL RUN RESOURCES LLC,"P O BOX 37, NORMANGEE, TX 77871","P O BOX 1097, NEWARK, TX 76071",,,,,,,31.0344140,-96.2127615
TX,LEON (TX),GULF COAST CENTRAL,,,CITY OF NORMANGEE,BULL RUN RESOURCES,NA/NA,00493300,Memo of lease,2026-09-14,2026-09-24,2026-09-14,36,2029-09-14,0,,,,,500.0,1083,,,,,,,0,0,BULL RUN RESOURCES LLC,"P O BOX 37, NORMANGEE, TX 77871","P O BOX 1097, NEWARK, TX 76071",,,,,,,31.0296139,-96.2107616
TX,LEON (TX),GULF COAST CENTRAL,,,CITY OF NORMANGEE,BULL RUN RESOURCES,NA/NA,00493300,Memo of lease,2026-09-14,2026-09-24,2026-09-14,36,2029-09-14,0,,,,,500.0,1097,,,,,,,0,0,BULL RUN RESOURCES LLC,"P O BOX 37, NORMANGEE, TX 77871","P O BOX 1097, NEWARK, TX 76071",,,,,,,31.0291138,-96.1923620
TX,NACOGDOCHES (TX),EAST TEXAS,HAYNESVILLE - TX,EAST TEXAS,HANCOCK WENDY CALLAN,APEX NATURAL GAS,NA/NA,2026-7996,Memo of lease,2026-08-11,2026-09-22,2026-08-11,36,2029-08-11,1,,24,,,162.0,17,,,,,,,0,0,APEX NATURAL GAS LLC ET AL,"7138 COUNTY ROAD 275, TERRELL, TX 75160","1100 LOUISIANA STREET SUITE 3800, HOUSTON, TX 77002",,,,,,,31.4943166,-94.4074959
TX,NACOGDOCHES (TX),EAST TEXAS,HAYNESVILLE - TX,EAST TEXAS,FRONTIER ENTERPRISES LLC ET AL,APEX NATURAL GAS,NA/NA,2026-7984,Memo of lease,2026-08-13,2026-09-22,2026-08-12,36,2029-08-12,1,,24,,,130.16000366210938,17,,,,,,,0,0,APEX NATURAL GAS LLC ET AL,"1001 RICE MINE ROAD N, TUSCALOOSA, AL 35406","1100 LOUISIANA STREET SUIT 3800, HOUSTON, TX 77002",,,,,,,31.4943166,-94.4074959
TX,NACOGDOCHES (TX),EAST TEXAS,HAYNESVILLE - TX,EAST TEXAS,FRONTIER ENTERPRISES LLC ET AL,APEX NATURAL GAS,NA/NA,2026-7984,Memo of lease,2026-08-13,2026-09-22,2026-08-12,36,2029-08-12,1,,24,,,130.16000366210938,827,,,,,,,0,0,APEX NATURAL GAS LLC ET AL,"1001 RICE MINE ROAD N, TUSCALOOSA, AL 35406","1100 LOUISIANA STREET SUIT 3800, HOUSTON, TX 77002",,,,,,,31.4968166,-94.5076930
TX,MIDLAND (TX),MIDLAND,MIDLAND,,VELASQUEZ WILLIAM ET AL,MIDCONTINENT O&G,NA/NA,2026-30338,Memo of lease,2026-09-15,2026-09-24,2026-09-02,36,2029-09-02,1,,24,,,,39,,,,,,"Blk: 39 T1S, Sec: 21",0,0,MIDCONTINENT OIL & GAS LLC,"19111 WIMBERLY HILLS LN, CYPRESS, TX 77433","6608 NORTH WESTERN AVENUE NO 185, OKLAHOMA CITY, OK 73116",,,,,,,32.0145775,-102.1135840
TX,MIDLAND (TX),MIDLAND,MIDLAND,,CASTRO ALEXANDER ET AL,CONTINENTAL RESOURCES,NA/NA,2026-29876,Memo of lease,2026-08-12,2026-09-21,2026-08-10,36,2029-08-10,0,,,,,653.2000122070312,1120,,,,,,"Blk: 41 T1S, Sec: 24",0,0,CONTINENTAL RESOURCES INC,"2723 WAGONWHEEL DRIVE, CARROLLTON, TX 75006","20 NORTH BROADWAY AVE, Oklahoma City, OK 73102",,,,,,,32.0035788,-102.2715798
TX,MIDLAND (TX),MIDLAND,MIDLAND,,CASTRO ALEXANDER ET AL,CONTINENTAL RESOURCES,NA/NA,2026-29876,Memo of lease,2026-08-12,2026-09-21,2026-08-10,36,2029-08-10,0,,,,,653.2000122070312,1452,,,,,,"Blk: 41 T1S, Sec: 24",0,0,CONTINENTAL RESOURCES INC,"2723 WAGONWHEEL DRIVE, CARROLLTON, TX 75006","20 NORTH BROADWAY AVE, Oklahoma City, OK 73102",,,,,,,32.0105791,-102.2735796
TX,NACOGDOCHES (TX),EAST TEXAS,HAYNESVILLE - TX,EAST TEXAS,WORLEY LAURA DIANE FREEZIA,APEX NATURAL GAS,NA/NA,2026-8041,Memo of lease,2026-09-14,2026-09-22,2026-09-02,36,2029-09-02,1,,24,,,18.82999992370605,17,,,,,,,0,0,APEX NATURAL GAS LLC,"14123 WHITE OAK GARDENS DRIVE, CYPRESS, TX 77429","1100 LOUISIANA SUITE 3800, HOUSTON, TX 77002",,,,,,,31.4943166,-94.4074959
TX,NACOGDOCHES (TX),EAST TEXAS,HAYNESVILLE - TX,EAST TEXAS,BOOKER VIRGINIA HOLT,APEX NATURAL GAS,NA/NA,2026-8003,Memo of lease,2026-08-18,2026-09-22,2026-07-28,36,2029-07-28,1,,24,,,164.0,17,,,,,,,0,0,APEX NATURAL GAS LLC,"1103 WHISPERING OAK, RICHARDSON, TX 75081","1100 LOUISIANA SUITE 3800, HOUSTON, TX 77002",,,,,,,31.4943166,-94.4074959
TX,MIDLAND (TX),MIDLAND,MIDLAND,,CHENG AARON,CONTINENTAL RESOURCES,NA/NA,2026-29875,Memo of lease,2026-08-29,2026-09-21,2026-08-10,36,2029-08-10,0,,,,,653.2000122070312,1452,,,,,,"Blk: 41 T1S, Sec: 24",0,0,CONTINENTAL RESOURCES INC,"28332 RANCHO GRANDE, LAGUNA MIGUEL, CA 92677","20 NORTH BROADWAY AVE, Oklahoma City, OK 73102",,,,,,11375,32.0105791,-102.2735796
TX,MIDLAND (TX),MIDLAND,MIDLAND,,CHENG AARON,CONTINENTAL RESOURCES,NA/NA,2026-29875,Memo of lease,2026-08-29,2026-09-21,2026-08-10,36,2029-08-10,0,,,,,653.2000122070312,1120,,,,,,"Blk: 41 T1S, Sec: 24",0,0,CONTINENTAL RESOURCES INC,"28332 RANCHO GRANDE, LAGUNA MIGUEL, CA 92677","20 NORTH BROADWAY AVE, Oklahoma City, OK 73102",,,,,,11375,32.0035788,-102.2715798
TX,MIDLAND (TX),MIDLAND,MIDLAND,,OSADO PROPERTIES LTD ET AL,DE WEST TEXAS,NA/NA,2026-30537,Memo of lease,2026-09-15,2026-09-25,2026-09-18,36,2029-09-18,0,,,,,320.0,1275,,,,,,"Blk: X, Sec: 9",0,0,DE WEST TEXAS LLC,"P O BOX 11086, MIDLAND, TX 79702","3724 HULEN STREET, FORT WORTH, TX 76107",,,,,,10499,32.0565791,-102.1275826
TX,MIDLAND (TX),MIDLAND,MIDLAND,,HENDERSON ZACH,CONTINENTAL RESOURCES,NA/NA,2026-29892,Memo of lease,2026-08-12,2026-09-21,2026-08-12,36,2029-08-12,0,,,,,653.2000122070312,1152,,,,,,"Blk: 41 T4S, Sec: 16",0,0,CONTINENTAL RESOURCES INC,"3021 VERANDA VISTA DRIVE, FORT WORTH, TX 76177","20 NORTH BROADWAY AVE, Oklahoma City, OK 73102",,,,,,,31.6715672,-102.2185830
TX,MIDLAND (TX),MIDLAND,MIDLAND,,HENDERSON ZACH,CONTINENTAL RESOURCES,NA/NA,2026-29892,Memo of lease,2026-08-12,2026-09-21,2026-08-12,36,2029-08-12,0,,,,,653.2000122070312,1120,,,,,,"Blk: 41 T1S, Sec: 24",0,0,CONTINENTAL RESOURCES INC,"3021 VERANDA VISTA DRIVE, FORT WORTH, TX 76177","20 NORTH BROADWAY AVE, Oklahoma City, OK 73102",,,,,,,32.0035788,-102.2715798
TX,MIDLAND (TX),MIDLAND,MIDLAND,,YOUNGBLOOD ERIC,MIDCONTINENT O&G,NA/NA,2026-30342,Memo of lease,2026-09-18,2026-09-24,2026-09-19,36,2029-09-19,0,,,,,,686,,,,,,"Blk: 39 T1S, Sec: 28",0,0,MIDCONTINENT OIL & GAS LLC,"1422 LANHAM ST, MIDLAND, TX 79701","6608 NORTH WESTERN AVENUE NO 185, OKLAHOMA CITY, OK 73116",,,,,,,32.0005770,-102.1095844
TX,MIDLAND (TX),MIDLAND,MIDLAND,,IITFWI LLC,CONTINENTAL RESOURCES,NA/NA,2026-29886,Memo of lease,2026-08-31,2026-09-21,2026-08-11,36,2029-08-11,0,,,,,653.2000122070312,1120,,,,,,"Blk: 41 T1S, Sec: 24",0,0,CONTINENTAL RESOURCES INC,"292 PINTAIL PLACE, GILMER, TX 75645","20 NORTH BROADWAY AVE, Oklahoma City, OK 73102",,,,,,,32.0035788,-102.2715798
TX,MIDLAND (TX),MIDLAND,MIDLAND,,IITFWI LLC,CONTINENTAL RESOURCES,NA/NA,2026-29886,Memo of lease,2026-08-31,2026-09-21,2026-08-11,36,2029-08-11,0,,,,,653.2000122070312,1452,,,,,,"Blk: 41 T1S, Sec: 24",0,0,CONTINENTAL RESOURCES INC,"292 PINTAIL PLACE, GILMER, TX 75645","20 NORTH BROADWAY AVE, Oklahoma City, OK 73102",,,,,,,32.0105791,-102.2735796
TX,MIDLAND (TX),MIDLAND,MIDLAND,,NORTHCUTT JESSE ET AL,MIDCONTINENT O&G,NA/NA,2026-30391,Memo of lease,2026-09-24,2026-09-24,2026-09-12,36,2029-09-12,1,,24,,,,43,,,,,,"Blk: 39 T1S, Sec: 29",0,0,MIDCONTINENT OIL & GAS LLC,"4604 GREEN TREE BLVD, MIDLAND, TX 79707","6608 NORTH WESTERN AVENUE NO 185, OKLAHOMA CITY, OK 73116",,,,,,,31.9966770,-102.1255840
TX,MIDLAND (TX),MIDLAND,MIDLAND,,ABILENE PERMIAN I PARTNERS LP ET AL,ENDEAVOR ENERGY,NA/NA,2026-30022,Lease amendment,2026-08-26,2026-09-22,2026-08-20,36,2029-08-20,0,,,,,,1030,,,,,,"Blk: 38 T1S, Sec: 38",0,0,ENDEAVOR ENERGY RESOURCES LP,,,,,,,,,32.0312766,-101.9765875
TX,MIDLAND (TX),MIDLAND,MIDLAND,,UNIVERSAL GUARANTY LIFE INSURANCE COMPANY ET AL,ENDEAVOR ENERGY,NA/NA,2026-30029,Lease amendment,2026-08-20,2026-09-22,2023-11-30,72,2029-11-30,0,,,,,,1030,,,,,,"Blk: 38 T1S, Sec: 38",0,0,ENDEAVOR ENERGY RESOURCES L P,,,,,,,,,32.0312766,-101.9765875
TX,NACOGDOCHES (TX),EAST TEXAS,HAYNESVILLE - TX,EAST TEXAS,MEHTA MARY BAILEY,APEX NATURAL GAS,NA/NA,2026-8037,Memo of lease,2026-09-04,2026-09-22,2026-08-28,36,2029-08-28,1,,24,,,103.0,17,,,,,,,0,0,APEX NATURAL GAS LLC,"1519 TOULOUSE CIRCLE, MONROE, LA 71201","1100 LOUISIANA SUITE 3800, HOUSTON, TX 77002",,,,,,,31.4943166,-94.4074959
TX,MIDLAND (TX),MIDLAND,MIDLAND,,STUART RICHARD II,DE WEST TEXAS,NA/NA,2026-30539,Memo of lease,2026-09-10,2026-09-25,2026-08-21,36,2029-08-21,0,,,,,327.20001220703125,730,,,,,,"Blk: 38 T2S, Sec: 2",0,0,DE WEST TEXAS LLC,"P O BOX 1690, WEATHERFORD, TX 76086","3724 HULEN ST, FORT WORTH, TX 76107",,,,,,,32.0030756,-101.9675883
TX,MIDLAND (TX),MIDLAND,MIDLAND,,BUTSKI PAUL,CONTINENTAL RESOURCES,NA/NA,2026-29890,Memo of lease,2026-08-12,2026-09-21,2026-08-12,36,2029-08-12,0,,,,,653.2000122070312,1120,,,,,,"Blk: 41 T1S, Sec: 24",0,0,CONTINENTAL RESOURCES INC,"3374 CR 10, SCIO, NY 14880","20 NORTH BROADWAY AVE, Oklahoma City, OK 73102",,,,,,11475,32.0035788,-102.2715798
TX,MIDLAND (TX),MIDLAND,MIDLAND,,BUTSKI PAUL,CONTINENTAL RESOURCES,NA/NA,2026-29890,Memo of lease,2026-08-12,2026-09-21,2026-08-12,36,2029-08-12,0,,,,,653.2000122070312,1452,,,,,,"Blk: 41 T1S, Sec: 24",0,0,CONTINENTAL RESOURCES INC,"3374 CR 10, SCIO, NY 14880","20 NORTH BROADWAY AVE, Oklahoma City, OK 73102",,,,,,11475,32.0105791,-102.2735796
TX,MIDLAND (TX),MIDLAND,MIDLAND,,PITT HUNTING CLUB LLC,CONTINENTAL RESOURCES,NA/NA,2026-29891,Memo of lease,2026-08-12,2026-09-21,2026-08-12,36,2029-08-12,0,,,,,653.2000122070312,1120,,,,,,"Blk: 41 T1S, Sec: 24",0,0,CONTINENTAL RESOURCES INC,"292 PINTAIL PLACE, GILMER, TX 75645","20 NORTH BROADWAY AVE, Oklahoma City, OK 73102",,,,,,,32.0035788,-102.2715798
TX,MIDLAND (TX),MIDLAND,MIDLAND,,PITT HUNTING CLUB LLC,CONTINENTAL RESOURCES,NA/NA,2026-29891,Memo of lease,2026-08-12,2026-09-21,2026-08-12,36,2029-08-12,0,,,,,653.2000122070312,1452,,,,,,"Blk: 41 T1S, Sec: 24",0,0,CONTINENTAL RESOURCES INC,"292 PINTAIL PLACE, GILMER, TX 75645","20 NORTH BROADWAY AVE, Oklahoma City, OK 73102",,,,,,,32.0105791,-102.2735796
TX,MIDLAND (TX),MIDLAND,MIDLAND,,1995 SPIEVAK FAMILY TRUST ET AL,CONTINENTAL RESOURCES,NA/NA,2026-29874,Memo of lease,2026-08-31,2026-09-21,2026-08-24,36,2029-08-24,0,,,,,653.2000122070312,1452,,,,,,"Blk: 41 T1S, Sec: 24",0,0,CONTINENTAL RESOURCES INC,"4435 SUNSET BLUFFS WAY, SAN DIEGO, CA 92130","20 NORTH BROADWAY AVE, Oklahoma City, OK 73102",,,,,,,32.0105791,-102.2735796
TX,MIDLAND (TX),MIDLAND,MIDLAND,,1995 SPIEVAK FAMILY TRUST ET AL,CONTINENTAL RESOURCES,NA/NA,2026-29874,Memo of lease,2026-08-31,2026-09-21,2026-08-24,36,2029-08-24,0,,,,,653.2000122070312,1120,,,,,,"Blk: 41 T1S, Sec: 24",0,0,CONTINENTAL RESOURCES INC,"4435 SUNSET BLUFFS WAY, SAN DIEGO, CA 92130","20 NORTH BROADWAY AVE, Oklahoma City, OK 73102",,,,,,,32.0035788,-102.2715798
TX,NACOGDOCHES (TX),EAST TEXAS,HAYNESVILLE - TX,EAST TEXAS,FREEZIA TRACEY,APEX NATURAL GAS,NA/NA,2026-8039,Memo of lease,2026-09-02,2026-09-22,2026-09-02,36,2029-09-02,1,,24,,,18.82999992370605,17,,,,,,,0,0,APEX NATURAL GAS LLC,"28931 CRESTED BUTTE DRIVE, KATY, TX 77494","1100 LOUISIANA SUITE 3800, HOUSTON, TX 77002",,,,,,,31.4943166,-94.4074959
TX,NACOGDOCHES (TX),EAST TEXAS,HAYNESVILLE - TX,EAST TEXAS,HART STEPHEN FORREST,APEX NATURAL GAS,NA/NA,2026-7988,Memo of lease,2026-07-31,2026-09-22,2026-06-16,36,2029-06-16,1,,24,,,44.221099853515625,17,,,,,,,0,0,APEX NATURAL GAS LLC ET AL,"301 W SPREADING OAKS AVE, FRIENDSHIP, TX 77546","1100 LOUISIANA SUITE 3800, HOUSTON, TX 77002",,,,,,,31.4943166,-94.4074959
TX,NACOGDOCHES (TX),EAST TEXAS,HAYNESVILLE - TX,EAST TEXAS,EXCELSIOR CAPITAL LLC,PETROLEUM PARTNERS,NA/NA,2026-7925,Memo of lease,2026-08-13,2026-09-21,2026-08-13,36,2029-08-13,1,,24,,,267.406005859375,30,,,,,,,0,0,PETROLEUM PARTNERS L L C ET AL,"12736 US HIGHWAY 80 EAST, WASKOM, TX 75692","4021 B AMBASSADOR CAFFERY PARK WAY SUITE 200, LAFAYETTE, LA 70503",,,,,,,31.6289204,-94.4211954
TX,NACOGDOCHES (TX),EAST TEXAS,HAYNESVILLE - TX,EAST TEXAS,WAYMAKER ROYALTY II LLC,APEX NATURAL GAS,NA/NA,2026-7995,Memo of lease,2026-08-19,2026-09-22,2026-08-01,36,2029-08-01,1,,2,,,62.79999923706055,827,,,,,,,0,0,APEX NATURAL GAS LLC,"P O BOX 192, WELLINGTON, TX 79095","1100 LOUISIANA SUITE 3800, HOUSTON, TX 77002",,,,,,,31.4968166,-94.5076930
TX,NACOGDOCHES (TX),EAST TEXAS,HAYNESVILLE - TX,EAST TEXAS,KNOLLE PROPERTIES LLC ET AL,APEX NATURAL GAS,NA/NA,2026-7987,Memo of lease,2026-07-29,2026-09-22,2026-07-29,36,2029-07-29,1,,24,,,509.2900085449219,827,,,,,,,0,0,APEX NATURAL GAS LLC,"1201 PATTON WAY, SAN MARINO, CA 91108","1100 LOUISIANA SUITE 3800, HOUSTON, TX 77002",,,,,,,31.4968166,-94.5076930
TX,MIDLAND (TX),MIDLAND,MIDLAND,,LEATH TURLA B,MIDCONTINENT O&G,NA/NA,2026-30297,Memo of lease,2026-09-08,2026-09-24,2026-08-24,36,2029-08-24,1,,24,,,,39,,,,,,"Blk: 39 T1S, Sec: 21",0,0,MIDCONTINENT OIL & GAS LLC,"2502 NEELY AVE, MIDLAND, TX 79705-7343","6608 NORTH WESTERN AVENUE NO 185, OKLAHOMA CITY, OK 73116",,,,,,,32.0145775,-102.1135840
TX,MIDLAND (TX),MIDLAND,MIDLAND,,FREEHOLD ROYALTIES USA INC,LONE PEAK ENERGY,NA/NA,2026-30535,Memo of lease,2026-08-07,2026-09-25,2026-07-31,36,2029-07-31,0,,,,,173.5,832,,,,,,"Blk: 37 T1S, Sec: 26",0,0,LONE PEAK ENERGY LLC,,"3724 HULEN STREET, FORT WORTH, TX 76107",,,,,,9125,32.0812771,-101.8855893
TX,MIDLAND (TX),MIDLAND,MIDLAND,,KATYCO FAMILY L P ET AL,ENDEAVOR ENERGY,NA/NA,2026-30024,Lease amendment,2026-08-31,2026-09-22,2023-11-30,72,2029-11-30,0,,,,,,1030,,,,,,"Blk: 38 T1S, Sec: 38",0,0,ENDEAVOR ENERGY RESOURCES L P ET AL,,,,,,,,,32.0312766,-101.9765875
TX,MIDLAND (TX),MIDLAND,MIDLAND,,MCMINN ERIKA ET AL,CONTINENTAL RESOURCES,NA/NA,2026-29883,Memo of lease,2026-09-05,2026-09-21,2026-08-12,36,2029-08-12,0,,,,,653.2000122070312,1120,,,,,,"Blk: 41 T1S, Sec: 24",0,0,CONTINENTAL RESOURCES INC,"1000 AMANDA DRIVE, MANSFIELD, TX 76063","20 NORTH BROADWAY AVE, Oklahoma City, OK 73102",,,,,,,32.0035788,-102.2715798
TX,MIDLAND (TX),MIDLAND,MIDLAND,,MCMINN ERIKA ET AL,CONTINENTAL RESOURCES,NA/NA,2026-29883,Memo of lease,2026-09-05,2026-09-21,2026-08-12,36,2029-08-12,0,,,,,653.2000122070312,1452,,,,,,"Blk: 41 T1S, Sec: 24",0,0,CONTINENTAL RESOURCES INC,"1000 AMANDA DRIVE, MANSFIELD, TX 76063","20 NORTH BROADWAY AVE, Oklahoma City, OK 73102",,,,,,,32.0105791,-102.2735796
TX,LEON (TX),GULF COAST CENTRAL,,,LIGER BOTTOM RANCH LLC,BULL RUN RESOURCES,NA/NA,00493316,Memo of lease,2026-09-10,2026-09-25,2026-09-10,36,2029-09-10,1,,24,,,18.63400077819824,162,,,,,,,0,0,BULL RUN RESOURCES LLC,"4715 JADE STREET, NACOGDOCHES, TX 75965","P O BOX 1097, NEWARK, TX 76071",,,,,,,,
TX,NACOGDOCHES (TX),EAST TEXAS,HAYNESVILLE - TX,EAST TEXAS,CAGLE SUZANNE LEWIS,APEX NATURAL GAS,NA/NA,2026-8002,Memo of lease,2026-07-30,2026-09-22,2026-07-30,36,2029-07-30,1,,24,,,87.66000366210938,17,,,,,,,0,0,APEX NATURAL GAS LLC,"241 MIDDLE CRK, BUDA, TX 78610","1100 LOUISIANA SUITE 3800, HOUSTON, TX 77002",,,,,,,31.4943166,-94.4074959
TX,MIDLAND (TX),MIDLAND,MIDLAND,,FLATLAND III GP LLC,HOH ENERGY LLC,NA/NA,2026-30522,Memo of lease,2026-09-14,2026-09-25,2026-08-01,36,2029-08-01,0,,,,,,906,,,,,,"Blk: 37 T3S, Sec: 18",0,0,HOH ENERGY LLC,"4925 GREENVILLE AVE SUITE 1110, DALLAS, TX 75206-4022","507 N MARIENFELD ST SUITE 100, MIDLAND, TX 79701",,,,,,,31.8700706,-101.8895912
TX,MIDLAND (TX),MIDLAND,MIDLAND,,RAY PATRICK B ET AL,MIDCONTINENT O&G,NA/NA,2026-30343,Memo of lease,2026-09-18,2026-09-24,2026-09-11,36,2029-09-11,0,,,,,,686,,,,,,"Blk: 39 T1S, Sec: 28",0,0,MIDCONTINENT OIL & GAS LLC,,"6608 NORTH WESTERN AVENUE NO 185, OKLAHOMA CITY, OK 73116",,,,,,,32.0005770,-102.1095844
TX,MIDLAND (TX),MIDLAND,MIDLAND,,MILAM TYLER ET AL,MIDCONTINENT O&G,NA/NA,2026-29817,Memo of lease,2026-09-17,2026-09-21,2026-08-25,36,2029-08-25,1,,24,,,,39,,,,,,"Blk: 39 T1S, Sec: 21",0,0,MIDCONTINENT OIL & GAS LLC,"3105 SHELL AVE, MIDLAND, TX 79701","6608 NORTH WESTERN AVENUE NO 185, OKLAHOMA CITY, OK 73116",,,,,,,32.0145775,-102.1135840
TX,MIDLAND (TX),MIDLAND,MIDLAND,,FREEHOLD ROYALTIES USA INC,BOWIE ENERGY PARTNERS LLC,NA/NA,2026-30529,Memo of lease,2026-08-01,2026-09-25,2026-08-01,36,2029-08-01,0,,,,,,1030,,,,,,"Blk: 38 T1S, Sec: 38",0,0,BOWIE ENERGY PARTNERS LLC,,"3732 HULEN STREET SUITE 140, FORT WORTH, TX 76107",,,,,,,32.0312766,-101.9765875
TX,MIDLAND (TX),MIDLAND,MIDLAND,,JPMORGAN CHASE BANK N A CO TRUSTEE ET AL,LONE PEAK ENERGY,NA/NA,2026-30533,Memo of lease,2026-09-08,2026-09-25,2026-09-08,36,2029-09-08,0,,,,,500.5499877929688,1141,,,,,,"Blk: 40 T4S, Sec: 6",0,0,LONE PEAK ENERGY LLC,"P O BOX 2605, FORT WORTH, TX 76113-2605","3724 HULEN STREET, FORT WORTH, TX 76107",,,,,,,31.7159683,-102.1615845
TX,GREGG (TX),EAST TEXAS,HAYNESVILLE - TX,EAST TEXAS - HAYNESVILLE NORTH,HENDERSON PATTI K,SABINE EAST TEXAS BASIN,NA/NA,202614120,Memo of lease,2026-09-11,2026-09-22,2026-09-02,36,2029-09-02,0,,,,,160.0,123,,,,,,,0,0,SABINE EAST TEXAS BASIN LLC,"11388 AUTUMN BROOK DR, PONCHATOULA, LA 70454","1415 LOUISIANA STREET SUITE 1600, Houston, TX 77002",,,,,,,32.6229572,-94.7470895
TX,NACOGDOCHES (TX),EAST TEXAS,HAYNESVILLE - TX,EAST TEXAS,EADIE SUSAN HART,APEX NATURAL GAS,NA/NA,2026-7989,Memo of lease,2026-07-22,2026-09-22,2026-06-16,36,2029-06-16,1,,24,,,44.221099853515625,17,,,,,,,0,0,APEX NATURAL GAS LLC ET AL,"11211 CHAMPION WOOD DR, TOMBALL, TX 77375","1100 LOUISIANA SUITE 3800, HOUSTON, TX 77002",,,,,,,31.4943166,-94.4074959
TX,MIDLAND (TX),MIDLAND,MIDLAND,,FRANCO NEVADA TEXAS LP ET AL,LONE PEAK ENERGY,NA/NA,2026-30538,Memo of lease,2026-08-27,2026-09-25,2026-08-27,36,2029-08-27,0,,,,,166.1999969482422,1067,,,,,,"Blk: 39 T4S, Sec: 38",0,0,LONE PEAK ENERGY LLC,"1745 SHEA CENTER DRIVE SUITE 400, HIGHLANDS RANCH, CO 80129","3724 HULEN STREET, FORT WORTH, TX 76107",,,,,,,31.6712661,-101.9685896
TX,MIDLAND (TX),MIDLAND,MIDLAND,,FRANCO NEVADA U S CORPORATION ET AL,LONE PEAK ENERGY,NA/NA,2026-30542,Memo of lease,2026-08-26,2026-09-25,2026-08-26,36,2029-08-26,0,,,,,160.0,21,,,,,,"Blk: 38 T1S, Sec: 21",0,0,LONE PEAK ENERGY LLC,,"3724 HULEN STREET, FORT WORTH, TX 76107",,,,,,,32.0657782,-102.0235855
TX,MIDLAND (TX),MIDLAND,MIDLAND,,SEWELL ZACH,CONTINENTAL RESOURCES,NA/NA,2026-29893,Memo of lease,2026-08-11,2026-09-21,2026-08-11,36,2029-08-11,0,,,,,653.2000122070312,1120,,,,,,"Blk: 41 T1S, Sec: 24",0,0,CONTINENTAL RESOURCES INC,"230 CR 2208, PITTSBURG, TX 75686","20 NORTH BROADWAY AVE, Oklahoma City, OK 73102",,,,,,11375,32.0035788,-102.2715798
TX,NACOGDOCHES (TX),EAST TEXAS,HAYNESVILLE - TX,EAST TEXAS,NARTA SUSAN MCEACHERN,APEX NATURAL GAS,NA/NA,2026-8001,Memo of lease,2026-08-10,2026-09-22,2026-07-08,36,2029-07-08,1,,24,,,20.0,17,,,,,,,0,0,APEX NATURAL GAS LLC ET AL,"206 GIST STREET, FRANKLIN, TN 37064","1100 LOUISIANA SUITE 3800, HOUSTON, TX 77002",,,,,,,31.4943166,-94.4074959
TX,MIDLAND (TX),MIDLAND,MIDLAND,,WILSON M ET AL,CONTINENTAL RESOURCES,NA/NA,2026-29879,Memo of lease,2026-09-01,2026-09-21,2026-08-11,36,2029-08-11,0,,,,,653.2000122070312,1452,,,,,,"Blk: 41 T1S, Sec: 24",0,0,CONTINENTAL RESOURCES INC,"2509 CANTURA DRIVE, MESQUITE, TX 75181","20 NORTH BROADWAY AVE, Oklahoma City, OK 73102",,,,,,,32.0105791,-102.2735796
TX,MIDLAND (TX),MIDLAND,MIDLAND,,WILSON M ET AL,CONTINENTAL RESOURCES,NA/NA,2026-29879,Memo of lease,2026-09-01,2026-09-21,2026-08-11,36,2029-08-11,0,,,,,653.2000122070312,1120,,,,,,"Blk: 41 T1S, Sec: 24",0,0,CONTINENTAL RESOURCES INC,"2509 CANTURA DRIVE, MESQUITE, TX 75181","20 NORTH BROADWAY AVE, Oklahoma City, OK 73102",,,,,,,32.0035788,-102.2715798
TX,NACOGDOCHES (TX),EAST TEXAS,HAYNESVILLE - TX,EAST TEXAS,RANDLE STEPHEN,APEX NATURAL GAS,NA/NA,2026-8000,Memo of lease,2026-08-21,2026-09-22,2026-08-20,36,2029-08-20,1,,24,,,54.0,17,,,,,,,0,0,APEX NATURAL GAS LLC,"211 PERRIN PLACE, CHARLOTTE, NC 28207","1100 LOUISIANA SUITE 3800, HOUSTON, TX 77002",,,,,,,31.4943166,-94.4074959
TX,MIDLAND (TX),MIDLAND,MIDLAND,,CASTRO KACI ET AL,CONTINENTAL RESOURCES,NA/NA,2026-29894,Memo of lease,2026-08-11,2026-09-21,2026-08-06,36,2029-08-06,0,,,,,653.2000122070312,1120,,,,,,"Blk: 41 T1S, Sec: 24",0,0,CONTINENTAL RESOURCES INC,"13725 BRAEMER DRIVE, FARMERS BRANCH, TX 75234","20 NORTH BROADWAY AVE, Oklahoma City, OK 73102",,,,,,1135,32.0035788,-102.2715798
TX,MIDLAND (TX),MIDLAND,MIDLAND,,CASTRO KACI ET AL,CONTINENTAL RESOURCES,NA/NA,2026-29894,Memo of lease,2026-08-11,2026-09-21,2026-08-06,36,2029-08-06,0,,,,,653.2000122070312,1452,,,,,,"Blk: 41 T1S, Sec: 24",0,0,CONTINENTAL RESOURCES INC,"13725 BRAEMER DRIVE, FARMERS BRANCH, TX 75234","20 NORTH BROADWAY AVE, Oklahoma City, OK 73102",,,,,,1135,32.0105791,-102.2735796
TX,MIDLAND (TX),MIDLAND,MIDLAND,,ALLISON SHARON A,MIDCONTINENT O&G,NA/NA,2026-30298,Memo of lease,2026-09-14,2026-09-24,2026-09-01,36,2029-09-01,1,,24,,,,686,,,,,,"Blk: 39 T1S, Sec: 28",0,0,MIDCONTINENT OIL & GAS LLC,"2804 LOCKHEAD DR, MIDLAND, TX 79701","6608 NORTH WESTERN AVENUE NO 185, OKLAHOMA CITY, OK 73116",,,,,,,32.0005770,-102.1095844
TX,MIDLAND (TX),MIDLAND,MIDLAND,,REGIONS BANK ATTORNEY ET AL,CONTINENTAL RESOURCES,NA/NA,2026-29878,Memo of lease,2026-08-17,2026-09-21,2026-08-14,36,2029-08-14,0,,,,,653.2000122070312,1452,,,,,,"Blk: 41 T1S, Sec: 24",0,0,CONTINENTAL RESOURCES INC,"P O BOX 2020, TYLER, TX 75710","20 NORTH BROADWAY AVE, Oklahoma City, OK 73102",,,,,,,32.0105791,-102.2735796
TX,MIDLAND (TX),MIDLAND,MIDLAND,,REGIONS BANK ATTORNEY ET AL,CONTINENTAL RESOURCES,NA/NA,2026-29878,Memo of lease,2026-08-17,2026-09-21,2026-08-14,36,2029-08-14,0,,,,,653.2000122070312,1120,,,,,,"Blk: 41 T1S, Sec: 24",0,0,CONTINENTAL RESOURCES INC,"P O BOX 2020, TYLER, TX 75710","20 NORTH BROADWAY AVE, Oklahoma City, OK 73102",,,,,,,32.0035788,-102.2715798
TX,GREGG (TX),EAST TEXAS,HAYNESVILLE - TX,EAST TEXAS - HAYNESVILLE NORTH,HENDERSON BONNIE G,SABINE EAST TEXAS BASIN,NA/NA,202614245,Memo of lease,2026-09-09,2026-09-24,2026-09-02,36,2029-09-02,0,,,,,160.0,123,,,,,,,0,0,SABINE EAST TEXAS BASIN LLC,"551 CATALINA ISLE CIR, CENICE, FL 34292","1415 LOUISIANA STREET SUITE 1600, Houston, TX 77002",,,,,,,32.6229572,-94.7470895
TX,MIDLAND (TX),MIDLAND,MIDLAND,,PIEPER VALERIE B,MIDCONTINENT O&G,NA/NA,2026-30456,Memo of lease,2026-07-24,2026-09-25,2026-07-24,36,2029-07-24,1,,24,,,,686,,,,,,"Blk: 39 T1S, Sec: 28",0,0,MIDCONTINENT OIL & GAS LLC,"1402 SPARKS ST, MIDLAND, TX 79701","6608 NORTH WESTERN AVENUE NO 185, OKLAHOMA CITY, OK 73116",,,,,,,32.0005770,-102.1095844
TX,NACOGDOCHES (TX),EAST TEXAS,HAYNESVILLE - TX,EAST TEXAS,CALLAN JEFFREY H,APEX NATURAL GAS,NA/NA,2026-7992,Memo of lease,2026-08-13,2026-09-22,2026-08-06,36,2029-08-06,1,,24,,,,17,,,,,,,0,0,APEX NATURAL GAS LLC,"P O BOX 28, CANTON, TX 75103","1100 LOUISIANA SUITE 3800, HOUSTON, TX 77002",,,,,,,31.4943166,-94.4074959
TX,NACOGDOCHES (TX),EAST TEXAS,HAYNESVILLE - TX,EAST TEXAS,WEEKS DWAYNE CARR,APEX NATURAL GAS,NA/NA,2026-7997,Memo of lease,2026-08-20,2026-09-22,2026-07-28,36,2029-07-28,1,,24,,,3.5,17,,,,,,,0,0,APEX NATURAL GAS LLC,"2019 CR 555, NACOGDOCHES, TX 75961","1100 LOUISIANA SUITE 3800, HOUSTON, TX 77002",,,,,,,31.4943166,-94.4074959
TX,MIDLAND (TX),MIDLAND,MIDLAND,,DOBBS PAULETTE,MIDCONTINENT O&G,NA/NA,2026-30299,Memo of lease,2026-09-16,2026-09-24,2026-08-24,36,2029-08-24,1,,24,,,,686,,,,,,"Blk: 39 T1S, Sec: 28",0,0,MIDCONTINENT OIL & GAS LLC,"4412 ALAMEDA CT, ARLINGTON, TX 76016","6608 NORTH WESTERN AVENUE NO 185, OKLAHOMA CITY, OK 73116",,,,,,,32.0005770,-102.1095844
TX,MIDLAND (TX),MIDLAND,MIDLAND,,HILL JODY L ET AL,MIDCONTINENT O&G,NA/NA,2026-30302,Memo of lease,2026-09-18,2026-09-24,2026-09-11,36,2029-09-11,1,,24,,,,79,,,,,,"Blk: 39 T1S, Sec: 5",0,0,MIDCONTINENT OIL & GAS LLC,"3711 OAKMONT DR, MIDLAND, TX 79707","6608 NORTH WESTERN AVENUE NO 185, OKLAHOMA CITY, OK 73116",,,,,,,32.0801802,-102.1535813
TX,MIDLAND (TX),MIDLAND,MIDLAND,,HILL JODY L ET AL,MIDCONTINENT O&G,NA/NA,2026-30302,Memo of lease,2026-09-18,2026-09-24,2026-09-11,36,2029-09-11,1,,24,,,,693,,,,,,"Blk: 39 T1S, Sec: 16",0,0,MIDCONTINENT OIL & GAS LLC,"3711 OAKMONT DR, MIDLAND, TX 79707","6608 NORTH WESTERN AVENUE NO 185, OKLAHOMA CITY, OK 73116",,,,,,,32.0285780,-102.1185835
TX,NACOGDOCHES (TX),EAST TEXAS,HAYNESVILLE - TX,EAST TEXAS,ODOM LINDA FERNE LEWIS,APEX NATURAL GAS,NA/NA,2026-7999,Memo of lease,2026-07-30,2026-09-22,2026-07-30,36,2029-07-30,1,,24,,,87.66000366210938,17,,,,,,,0,0,APEX NATURAL GAS LLC,"224 OLD WATAUGA RD, ELIZABETHTON, TN 37643","1100 LOUISIANA SUITE 3800, HOUSTON, TX 77002",,,,,,,31.4943166,-94.4074959
TX,NACOGDOCHES (TX),EAST TEXAS,HAYNESVILLE - TX,EAST TEXAS,CALLAN CHRISTOPHER D,APEX NATURAL GAS,NA/NA,2026-7990,Memo of lease,2026-08-06,2026-09-22,2026-08-06,36,2029-08-06,1,,24,,,162.0,17,,,,,,,0,0,APEX NATURAL GAS LLC,"P O BOX 28, CANTON, TX 75103","1100 LOUISIANA SUITE 3800, HOUSTON, TX 77002",,,,,,,31.4943166,-94.4074959
TX,NACOGDOCHES (TX),EAST TEXAS,HAYNESVILLE - TX,EAST TEXAS,RAYGEE TOP ROYALTY LLC,APEX NATURAL GAS,NA/NA,2026-7993,Memo of lease,2026-08-19,2026-09-22,2026-08-01,36,2029-08-01,1,,24,,,62.79999923706055,827,,,,,,,0,0,APEX NATURAL GAS LLC,"P O BOX 192, WELLINGTON, TX 79095","1100 LOUISIANA SUITE 3800, HOUSTON, TX 77002",,,,,,,31.4968166,-94.5076930
TX,MIDLAND (TX),MIDLAND,MIDLAND,,SOFTVEST LP ET AL,ENDEAVOR ENERGY,NA/NA,2026-30025,Lease amendment,2026-08-31,2026-09-22,2023-11-30,72,2029-11-30,0,,,,,,1030,,,,,,"Blk: 38 T1S, Sec: 38",0,0,ENDEAVOR ENERGY RESOURCES L P ET AL,,,,,,,,,32.0312766,-101.9765875
TX,NACOGDOCHES (TX),EAST TEXAS,HAYNESVILLE - TX,EAST TEXAS,STANLEY TOMMY JR,APEX NATURAL GAS,NA/NA,2026-8040,Memo of lease,2026-09-09,2026-09-22,2026-08-28,36,2029-08-28,1,,24,,,18.82999992370605,17,,,,,,,0,0,APEX NATURAL GAS LLC,"425 SHORELINE DRIVE, NACOGDOCHES, TX 75964","1100 LOUISIANA SUITE 3800, HOUSTON, TX 77002",,,,,,,31.4943166,-94.4074959
TX,HOUSTON (TX),GULF COAST CENTRAL,,,BRACKETT ESTEL FRANKLIN,EXPAND ENERGY,NA/NA,20263110,Memorandum of lease,2026-07-23,2026-08-05,2026-07-23,36,2029-07-23,1,,36,,,43.1,488,,,,,,,0,0,EXPAND EXPLORATION LLC,"6144 S SAN ROSA AVENUE, OZARK, MO 65721","6000 N CLASEEN BLVD, OKLAHOMA CITY, OK 73118",,,,,,,31.5102220,-95.4856723
TX,PECOS (TX),DELAWARE,DELAWARE,,ATILAX MINERALS LP,MONGOOSE ENERGY,NA/NA,2026-194876,Memorandum of lease,2026-09-09,2026-09-11,2026-09-09,36,2029-09-09,0,,,,,20.0,3728,,,,,,"Blk: 106, Sec: 7",0,0,MONGOOSE ENERGY LLC,,"19707IH 10 WEST SUITE 108, SAN ANTONIO, TX 78257",,,,,,,31.0099486,-102.9855636
TX,LEON (TX),GULF COAST CENTRAL,,,JOHNSON SALLY ELIZABETH,COMSTOCK O&G LOUISIANA,NA/NA,00493216,Memorandum of lease,2026-07-07,2026-09-22,2026-07-07,36,2029-07-07,1,,24,,,100.45,273,,,,,,,0,0,COMSTOCK OIL & GAS LLC,"2302 HAWTHORN ROAD, PERRIN, TX 76486","5300 TOWN & COUNTRY BLVD STE 500, FRISCO, TX 75034",,,,,,,31.6010265,-95.8317630
TX,LEON (TX),GULF COAST CENTRAL,,,JOHNSON SALLY ELIZABETH,COMSTOCK O&G LOUISIANA,NA/NA,00493216,Memorandum of lease,2026-07-07,2026-09-22,2026-07-07,36,2029-07-07,1,,24,,,100.45,342,,,,,,,0,0,COMSTOCK OIL & GAS LLC,"2302 HAWTHORN ROAD, PERRIN, TX 76486","5300 TOWN & COUNTRY BLVD STE 500, FRISCO, TX 75034",,,,,,,31.6023266,-95.8463626
TX,LEON (TX),GULF COAST CENTRAL,,,JOHNSON SALLY ELIZABETH,COMSTOCK O&G LOUISIANA,NA/NA,00493216,Memorandum of lease,2026-07-07,2026-09-22,2026-07-07,36,2029-07-07,1,,24,,,100.45,1290,,,,,,,0,0,COMSTOCK OIL & GAS LLC,"2302 HAWTHORN ROAD, PERRIN, TX 76486","5300 TOWN & COUNTRY BLVD STE 500, FRISCO, TX 75034",,,,,,,31.5975264,-95.8306631
TX,MADISON (TX),GULF COAST CENTRAL,EAGLEBINE,GIDDINGS,PALMER MICHAEL NICHOLAS ESTATE OF,BULL RUN RESOURCES,2094/251,131129,Memorandum of lease,2026-08-18,2026-09-15,2026-08-15,60,2031-08-15,1,,36,,,121.8,35,,,,,,,0,0,BULL RUN RESOURCES LLC,"15814 HIGHWAY 80, DANVILLE, AR 72833","P O BOX 1097, NEWARK, TX 76071",,,,,,,31.0257132,-96.0657651
TX,GLASSCOCK (TX),MIDLAND,MIDLAND,,SHELBY ELLIS MANAGEMENT TRUST,MESA ROYALTY MGMT,580/494,1885,Memorandum of lease,2026-07-09,2026-09-14,2026-07-01,36,2029-07-01,0,,,,,169.871,918,,,,,,"Blk: 36 T2S, Sec: 46",0,0,MESA ROYALTY MANAGEMENT LLC,"P O BOX 830308, DALLAS, TX 75283","P O BOX 2700, MIDLAND, TX 79702",,,,,,,31.9467711,-101.7545946
TX,NACOGDOCHES (TX),EAST TEXAS,HAYNESVILLE - TX,EAST TEXAS,GRAVINK DEWITT GORDON,APEX NATURAL GAS,NA/NA,2026-7760,Memorandum of lease,2026-08-24,2026-09-14,2026-08-13,36,2029-08-13,1,,24,,,19.0,17,,,,,,,0,0,APEX NATURAL GAS LLC,"6229 SPRING HILL COURT 305, GREENBELT, MD 20770","1100 LOUISIANA SUITE 3800, HOUSTON, TX 77002",,,,,,,31.4943166,-94.4074959
TX,SCURRY (TX),EASTERN SHELF,,,DALE P MINERALS LP,THREE SPAN O&G,1132/733,20262696,Lease ratification,2026-09-21,2026-09-21,2017-06-25,,,0,,,,,658.73,399,,,,,,"Blk: 3, Sec: 159",0,0,THREE SPAN OIL & GAS INC,,,,,,,,,32.6115878,-100.7266094
TX,SCURRY (TX),EASTERN SHELF,,,JARVIS L HAYES FAMILY TRUST DTD APR 26 2011,THREE SPAN O&G,1132/737,20262698,Lease ratification,2026-08-14,2026-09-21,2017-06-25,,,0,,,,,658.73,399,,,,,,"Blk: 3, Sec: 159",0,0,THREE SPAN OIL & GAS INC,"124 MELBOURNE DRIVE, WILLOW PARK, TX 76087-1269",,,,,,,,32.6115878,-100.7266094
TX,SCURRY (TX),EASTERN SHELF,,,JARVIS L HAYES FAMILY TRUST DTD APR 26 2011,THREE SPAN O&G,1132/737,20262698,Lease ratification,2026-08-14,2026-09-21,2017-06-25,,,0,,,,,658.73,901,,,,,,"Blk: Y, Sec: 32",0,0,THREE SPAN OIL & GAS INC,"124 MELBOURNE DRIVE, WILLOW PARK, TX 76087-1269",,,,,,,,32.5339854,-100.7386100
TX,HOWARD (TX),MIDLAND,MIDLAND,,LANCER MINERALS LTD,HIGHPEAK ENERGY,2376/654,2026-00005330,Memorandum of lease,2026-07-13,2026-09-18,2024-05-01,36,2027-05-01,0,,,,,20.0,1447,,,,,,"Blk: 25, Sec: 6",0,0,HIGHPEAK ENERGY ASSETS LLC,"P O BOX 1240, GRAHAM, TX 76450","421 W 3RD STREET SUITE 1000, FORT WORTH, TX 76102",,,,,,,32.4921863,-101.2125994
TX,LIVE OAK (TX),GULF COAST WEST,EAGLEFORD,"EAGLE FORD DRY,SUGARKANE",WILKINS LINDA,BURLINGTON RESOURCES,NA/NA,2026-251994,Memorandum of lease,2026-08-16,2026-09-15,2026-08-16,36,2029-08-16,1,,24,,,40.0,873,,,,,,,0,0,BURLINGTON RESOURCES OIL & GAS COMPANY LP,"2524 PERDENALES DR, ROYSE CITY, TX 75189","925 N ELDRIDGE PARKWAY, HOUSTON, TX 77079",,,,,,,28.3654244,-98.2894127
TX,LIVE OAK (TX),GULF COAST WEST,EAGLEFORD,"EAGLE FORD DRY,SUGARKANE",WILKINS LINDA,BURLINGTON RESOURCES,NA/NA,2026-251994,Memorandum of lease,2026-08-16,2026-09-15,2026-08-16,36,2029-08-16,1,,24,,,40.0,282,,,,,,,0,0,BURLINGTON RESOURCES OIL & GAS COMPANY LP,"2524 PERDENALES DR, ROYSE CITY, TX 75189","925 N ELDRIDGE PARKWAY, HOUSTON, TX 77079",,,,,,,28.3963258,-98.2919125
TX,LIVE OAK (TX),GULF COAST WEST,EAGLEFORD,"EAGLE FORD DRY,SUGARKANE",WILKINS LINDA,BURLINGTON RESOURCES,NA/NA,2026-251994,Memorandum of lease,2026-08-16,2026-09-15,2026-08-16,36,2029-08-16,1,,24,,,40.0,274,,,,,,,0,0,BURLINGTON RESOURCES OIL & GAS COMPANY LP,"2524 PERDENALES DR, ROYSE CITY, TX 75189","925 N ELDRIDGE PARKWAY, HOUSTON, TX 77079",,,,,,,28.3821252,-98.3033123
TX,NACOGDOCHES (TX),EAST TEXAS,HAYNESVILLE - TX,EAST TEXAS,MENEFEE PATRICIA ANN,APEX NATURAL GAS,NA/NA,2026-7786,Memorandum of lease,2026-08-07,2026-09-16,2026-07-30,36,2029-07-30,1,,24,,,39.903,17,,,,,,,0,0,APEX NATURAL GAS LLC,"2435 COUNTYROAD 434, CHINERO, TX 75937","1100 LOUISIANA SUITE 3800, HOUSTON, TX 77002",,,,,,,31.4943166,-94.4074959
TX,GLASSCOCK (TX),MIDLAND,MIDLAND,,LAND RUN MINERALS VI LLC,DE WEST TEXAS,580/803,1915,Memorandum of lease,2026-07-23,2026-09-18,2026-07-23,36,2029-07-23,0,,,,,128.0,357,,,,,,"Blk: 35 T4S, Sec: 43",0,0,DE WEST TEXAS LLC,,,,,,,,,31.7337636,-101.6325995
TX,HOUSTON (TX),GULF COAST CENTRAL,,,MOORE LESLIE,EXPAND ENERGY,NA/NA,20263284,Memorandum of lease,2026-07-16,2026-08-17,2026-07-16,36,2029-07-16,1,,36,,,342.997,725,,,,,,,0,0,EXPAND EXPLORATION LLC,"8639 N STATE HWY 94, GROVETON, TX 75845","6000 N CLASSEN BLVD, OKLAHOMA CITY, OK 73118",,,,,,,31.5415229,-95.5112713
TX,HOUSTON (TX),GULF COAST CENTRAL,,,MOORE LESLIE,EXPAND ENERGY,NA/NA,20263284,Memorandum of lease,2026-07-16,2026-08-17,2026-07-16,36,2029-07-16,1,,36,,,342.997,1070,,,,,,,0,0,EXPAND EXPLORATION LLC,"8639 N STATE HWY 94, GROVETON, TX 75845","6000 N CLASSEN BLVD, OKLAHOMA CITY, OK 73118",,,,,,,31.4708219,-95.5570709
TX,HOUSTON (TX),GULF COAST CENTRAL,,,MOORE LESLIE,EXPAND ENERGY,NA/NA,20263284,Memorandum of lease,2026-07-16,2026-08-17,2026-07-16,36,2029-07-16,1,,36,,,342.997,844,,,,,,,0,0,EXPAND EXPLORATION LLC,"8639 N STATE HWY 94, GROVETON, TX 75845","6000 N CLASSEN BLVD, OKLAHOMA CITY, OK 73118",,,,,,,31.5395227,-95.4856720
TX,HOUSTON (TX),GULF COAST CENTRAL,,,MOORE LESLIE,EXPAND ENERGY,NA/NA,20263284,Memorandum of lease,2026-07-16,2026-08-17,2026-07-16,36,2029-07-16,1,,36,,,342.997,1089,,,,,,,0,0,EXPAND EXPLORATION LLC,"8639 N STATE HWY 94, GROVETON, TX 75845","6000 N CLASSEN BLVD, OKLAHOMA CITY, OK 73118",,,,,,,31.5262230,-95.5699701
TX,LIVE OAK (TX),GULF COAST WEST,EAGLEFORD,EAGLE FORD DRY,TINA HANSON MCCARTHY TRUST,HYDROCARBON OPERATING,NA/NA,251981,Memorandum of lease,2026-08-18,2026-09-14,2026-08-18,36,2029-08-18,0,,,,,3918.62,860,,,,,,,0,0,HYDROCARBON OPERATING INC,"11611 OAK SHADOWS LANE, HOUSTON, TX 77024","555 N CARANCAHUA ST SUITE 336, CORPUS CHRISTI, TX 78401",,,,,,,28.2005163,-98.2783136
TX,LIVE OAK (TX),GULF COAST WEST,EAGLEFORD,EAGLE FORD DRY,TINA HANSON MCCARTHY TRUST,HYDROCARBON OPERATING,NA/NA,251981,Memorandum of lease,2026-08-18,2026-09-14,2026-08-18,36,2029-08-18,0,,,,,3918.62,636,,,,,,,0,0,HYDROCARBON OPERATING INC,"11611 OAK SHADOWS LANE, HOUSTON, TX 77024","555 N CARANCAHUA ST SUITE 336, CORPUS CHRISTI, TX 78401",,,,,,,28.2309180,-98.3171125
TX,LIVE OAK (TX),GULF COAST WEST,EAGLEFORD,EAGLE FORD DRY,TINA HANSON MCCARTHY TRUST,HYDROCARBON OPERATING,NA/NA,251981,Memorandum of lease,2026-08-18,2026-09-14,2026-08-18,36,2029-08-18,0,,,,,3918.62,520,,,,,,,0,0,HYDROCARBON OPERATING INC,"11611 OAK SHADOWS LANE, HOUSTON, TX 77024","555 N CARANCAHUA ST SUITE 336, CORPUS CHRISTI, TX 78401",,,,,,,28.1904159,-98.3081130
TX,LIVE OAK (TX),GULF COAST WEST,EAGLEFORD,EAGLE FORD DRY,TINA HANSON MCCARTHY TRUST,HYDROCARBON OPERATING,NA/NA,251981,Memorandum of lease,2026-08-18,2026-09-14,2026-08-18,36,2029-08-18,0,,,,,3918.62,856,,,,,,,0,0,HYDROCARBON OPERATING INC,"11611 OAK SHADOWS LANE, HOUSTON, TX 77024","555 N CARANCAHUA ST SUITE 336, CORPUS CHRISTI, TX 78401",,,,,,,28.2244176,-98.3100127
TX,LIVE OAK (TX),GULF COAST WEST,EAGLEFORD,EAGLE FORD DRY,TINA HANSON MCCARTHY TRUST,HYDROCARBON OPERATING,NA/NA,251981,Memorandum of lease,2026-08-18,2026-09-14,2026-08-18,36,2029-08-18,0,,,,,3918.62,638,,,,,,,0,0,HYDROCARBON OPERATING INC,"11611 OAK SHADOWS LANE, HOUSTON, TX 77024","555 N CARANCAHUA ST SUITE 336, CORPUS CHRISTI, TX 78401",,,,,,,28.2477188,-98.3129125
TX,LIVE OAK (TX),GULF COAST WEST,EAGLEFORD,EAGLE FORD DRY,TINA HANSON MCCARTHY TRUST,HYDROCARBON OPERATING,NA/NA,251981,Memorandum of lease,2026-08-18,2026-09-14,2026-08-18,36,2029-08-18,0,,,,,3918.62,834,,,,,,,0,0,HYDROCARBON OPERATING INC,"11611 OAK SHADOWS LANE, HOUSTON, TX 77024","555 N CARANCAHUA ST SUITE 336, CORPUS CHRISTI, TX 78401",,,,,,,28.2051167,-98.3192126
TX,LIVE OAK (TX),GULF COAST WEST,EAGLEFORD,EAGLE FORD DRY,TINA HANSON MCCARTHY TRUST,HYDROCARBON OPERATING,NA/NA,251981,Memorandum of lease,2026-08-18,2026-09-14,2026-08-18,36,2029-08-18,0,,,,,3918.62,857,,,,,,,0,0,HYDROCARBON OPERATING INC,"11611 OAK SHADOWS LANE, HOUSTON, TX 77024","555 N CARANCAHUA ST SUITE 336, CORPUS CHRISTI, TX 78401",,,,,,,28.2140171,-98.2982131
TX,LIVE OAK (TX),GULF COAST WEST,EAGLEFORD,EAGLE FORD DRY,TINA HANSON MCCARTHY TRUST,HYDROCARBON OPERATING,NA/NA,251981,Memorandum of lease,2026-08-18,2026-09-14,2026-08-18,36,2029-08-18,0,,,,,3918.62,858,,,,,,,0,0,HYDROCARBON OPERATING INC,"11611 OAK SHADOWS LANE, HOUSTON, TX 77024","555 N CARANCAHUA ST SUITE 336, CORPUS CHRISTI, TX 78401",,,,,,,28.1927160,-98.2941133
TX,LIVE OAK (TX),GULF COAST WEST,EAGLEFORD,EAGLE FORD DRY,TINA HANSON MCCARTHY TRUST,HYDROCARBON OPERATING,NA/NA,251981,Memorandum of lease,2026-08-18,2026-09-14,2026-08-18,36,2029-08-18,0,,,,,3918.62,859,,,,,,,0,0,HYDROCARBON OPERATING INC,"11611 OAK SHADOWS LANE, HOUSTON, TX 77024","555 N CARANCAHUA ST SUITE 336, CORPUS CHRISTI, TX 78401",,,,,,,28.2057167,-98.3042130
TX,LIVE OAK (TX),GULF COAST WEST,EAGLEFORD,EAGLE FORD DRY,TINA HANSON MCCARTHY TRUST,HYDROCARBON OPERATING,NA/NA,251981,Memorandum of lease,2026-08-18,2026-09-14,2026-08-18,36,2029-08-18,0,,,,,3918.62,60,,,,,,,0,0,HYDROCARBON OPERATING INC,"11611 OAK SHADOWS LANE, HOUSTON, TX 77024","555 N CARANCAHUA ST SUITE 336, CORPUS CHRISTI, TX 78401",,,,,,,28.2341180,-98.2989129
TX,LIVE OAK (TX),GULF COAST WEST,EAGLEFORD,EAGLE FORD DRY,TINA HANSON MCCARTHY TRUST,HYDROCARBON OPERATING,NA/NA,251981,Memorandum of lease,2026-08-18,2026-09-14,2026-08-18,36,2029-08-18,0,,,,,3918.62,711,,,,,,,0,0,HYDROCARBON OPERATING INC,"11611 OAK SHADOWS LANE, HOUSTON, TX 77024","555 N CARANCAHUA ST SUITE 336, CORPUS CHRISTI, TX 78401",,,,,,,28.1878157,-98.2825136
TX,LIVE OAK (TX),GULF COAST WEST,EAGLEFORD,EAGLE FORD DRY,TINA HANSON MCCARTHY TRUST,HYDROCARBON OPERATING,NA/NA,251981,Memorandum of lease,2026-08-18,2026-09-14,2026-08-18,36,2029-08-18,0,,,,,3918.62,1007,,,,,,,0,0,HYDROCARBON OPERATING INC,"11611 OAK SHADOWS LANE, HOUSTON, TX 77024","555 N CARANCAHUA ST SUITE 336, CORPUS CHRISTI, TX 78401",,,,,,,28.2397184,-98.3267123
TX,NACOGDOCHES (TX),EAST TEXAS,HAYNESVILLE - TX,EAST TEXAS,MORGAN TERRI,APEX NATURAL GAS,NA/NA,2026-7803,Memorandum of lease,2026-07-24,2026-09-16,2026-06-16,36,2029-06-16,1,,24,,,84.8753,17,,,,,,,0,0,APEX NATURAL GAS LLC,"359 CINDY DRIVE, CANYON LAKE, TX 78133","1100 LOUISIANA SUITE 3800, HOUSTON, TX 77002",,,,,,,31.4943166,-94.4074959
TX,NACOGDOCHES (TX),EAST TEXAS,HAYNESVILLE - TX,EAST TEXAS,GARDNER JESLYN DOWNS,APEX NATURAL GAS,NA/NA,2026-7790,Memorandum of lease,2026-07-15,2026-09-16,2026-07-08,36,2029-07-08,1,,24,,,20.0,17,,,,,,,0,0,APEX NATURAL GAS LLC,"7910 AUTUMN LAUREL TRAIL, HOUSTON, TX 77095","1100 LOUISIANA SUITE 3800, HOUSTON, TX 77002",,,,,,,31.4943166,-94.4074959
TX,LEON (TX),GULF COAST CENTRAL,,,HARVELL LINDA K,BULL RUN RESOURCES,NA/NA,00493264,Memorandum of lease,2026-09-15,2026-09-23,2026-09-15,36,2029-09-15,1,,24,,,102.22,31,,,,,,,0,0,BULL RUN RESOURCES LLC,"2917 OVERLAND TRAIL, DICKINSON, TX 77539","P O BOX 1097, NEWARK, TX 76071",,,,,,,31.0292136,-96.1518630
TX,HARDIN (TX),GULF COAST CENTRAL,,,CALAME LORI,GATEWAY EXPL,NA/NA,2026-0165776,Memorandum of lease,2026-09-16,2026-09-25,2026-09-03,36,2029-09-03,1,,24,,,10.0,202,,,,,,,0,0,GATEWAY EXPLORATION LLC,"6337 EAST HIGHWAY 380, DECATUR, TX 76334","3555 TIMMONS LANE SUITE 730, HOUSTON, TX 77027",,,,,,,30.3930917,-94.3179101
TX,PANOLA (TX),EAST TEXAS,HAYNESVILLE - TX,EAST TEXAS - HAYNESVILLE NORTH,PIERCE PEARLENE,TGNR EAST TEXAS,NA/NA,2026-004774,Memorandum of lease,2026-08-20,2026-09-24,2026-08-01,36,2029-08-01,1,,24,,,30.5,596,,,,,,,0,0,TGNR EAST TEXAS II LLC,"1399 FM 31 N, DEBERRY, TX 75639","717 TEXAS AVENUE SUITE 2000, HOUSTON, TX 77002",,,,,,,32.2881414,-94.1816086
TX,DIMMIT (TX),GULF COAST WEST,EAGLEFORD,BRISCOE RANCH,HARBORTH DEBRA STAHL,ESPADA ENERGY LLC,778/507,68884,Memorandum of lease,2026-07-16,2026-09-21,2026-07-07,36,2029-07-07,1,,24,,,73.44,1267,,,,,,,0,0,ESPADA ENERGY LLC,"6301 SEAMIST DRIVE, CORPUS CHRISTI, TX 78414","9235 KATY FWY SUITE 400, HOUSTON, TX 77024",,,,,,,28.4399347,-99.9196657
TX,DIMMIT (TX),GULF COAST WEST,EAGLEFORD,BRISCOE RANCH,HARBORTH DEBRA STAHL,ESPADA ENERGY LLC,778/507,68884,Memorandum of lease,2026-07-16,2026-09-21,2026-07-07,36,2029-07-07,1,,24,,,73.44,1266,,,,,,,0,0,ESPADA ENERGY LLC,"6301 SEAMIST DRIVE, CORPUS CHRISTI, TX 78414","9235 KATY FWY SUITE 400, HOUSTON, TX 77024",,,,,,,28.4351345,-99.9146659
TX,SCURRY (TX),EASTERN SHELF,,,JARVIS L HAYES FAMILY TRUST DATED APRIL 26 2011,THREE SPAN O&G,1132/749,20262704,Lease ratification,2026-08-14,2026-09-21,2020-11-21,,,0,,,,,,901,,,,,,"Blk: Y, Sec: 32",0,0,THREE SPAN OIL & GAS INC,"124 MELBOURNE DRIVE, WILLOW PARK, TX 76087-1269",,,,,,,,32.5339854,-100.7386100
TX,LEON (TX),GULF COAST CENTRAL,,,FLEETWOOD ROYALTY LLC,COMSTOCK O&G LOUISIANA,NA/NA,00493194,Memorandum of lease,2026-08-07,2026-09-22,2026-08-07,36,2029-08-07,0,,,,,216.0,654,,,,,,,0,0,COMSTOCK OIL & GAS LLC,"P O BOX 407, MARLOW, OK 73055","5300 TOWN & COUNTRY BLVD STE 500, FRISCO, TX 75034",,,,,,,31.5331249,-95.8487632
TX,SCURRY (TX),EASTERN SHELF,,,TABOR FIVE L P,THREE SPAN O&G,1132/743,20262701,Lease ratification,2026-09-21,2026-09-21,2022-01-01,,,0,,,,,322.0,2165,,,,,,"Blk: 3, Sec: 2",0,0,THREE SPAN OIL & GAS INC,"1801 LAVACA STREET SUITE 115, AUSTIN, TX 78701-1329",,,,,,,,32.5358856,-100.7696093
TX,NACOGDOCHES (TX),EAST TEXAS,HAYNESVILLE - TX,EAST TEXAS,SEVENS CORPORATION,APEX NATURAL GAS,NA/NA,2026-7784,Memorandum of lease,2026-09-16,2026-09-16,2026-02-23,36,2029-02-23,1,,24,,,402.12,56,,,,,,,0,0,APEX NATURAL GAS LLC,"P O BOX 470333, FORT WORTH, TX 76147","1100 LOUISIANA SUITE 3800, HOSUTON, TX 77002",,,,,,,31.4436156,-94.3616978
TX,LEON (TX),GULF COAST CENTRAL,,,HOLLY LEATHERS WOOD TRUST,COMSTOCK O&G LOUISIANA,NA/NA,00493183,Memorandum of lease,2026-08-25,2026-09-22,2026-08-25,36,2029-08-25,0,,,,,92.811,212,,,,,,,0,0,COMSTOCK OIL & GAS LLC,"9501 CR 123, CENTERVILLE, TX 75833","5300 TOWN & COUNTRY BLVD STE 500, FRISCO, TX 75034",,,,,,,31.3939223,-95.9486623
TX,HOUSTON (TX),GULF COAST CENTRAL,,,ENGLISH JILL PENNINGTON,KEY EXPL,NA/NA,20263127,Memorandum of lease,2026-07-20,2026-08-06,2026-07-20,36,2029-07-20,1,,24,,,290.501,33,,,,,,,0,0,KEY EXPLORATION LTD,"621 140TH STREET SE, EVERETT, WA 98208","PO BOX 1706, LONGVIEW, TX 75606",,,,,,,31.3905209,-95.6048708
TX,HOWARD (TX),MIDLAND,MIDLAND,,MARKHAM SQUARE LP,LANGFORD & BRIGHAM OPERATING,2375/632,2026-00005216,Memorandum of lease,2026-09-15,2026-09-15,2026-04-01,36,2029-04-01,0,,,,,320.0,1660,,,,,,"Blk: 32 T32, Sec: 26",0,0,LANGFORD & BRIGHAM OPERATING LLC,"3900 ESSEX LANE SUITE 450, HOUSTON, TX 77056","5914 W COURTYARD DRIVE SUITE 100, AUSTIN, TX 78730",,,,,,,32.5243879,-101.4965922
TX,PECOS (TX),DELAWARE,DELAWARE,,BAKER JANA TRUSTEE,CONTINENTAL RESOURCES,NA/NA,2026-194825,Memorandum of lease,2026-09-09,2026-09-09,2026-09-09,36,2029-09-09,0,,,,,320.0,206,,,,,,"Blk: 8, Sec: 25",0,0,CONTINENTAL RESOURCES INC,"P O BOX 17001, SAN ANTONIO, TX 78217","20 NORTH BROADWAY, OKLAHOMA CITY, OK 73102",,,,,,100,31.3079593,-103.0115640
TX,GLASSCOCK (TX),MIDLAND,MIDLAND,,SHELBY ELLIS MANAGEMENT TRUST,MESA ROYALTY MGMT,580/491,1884,Memorandum of lease,2026-07-09,2026-09-14,2026-07-01,36,2029-07-01,0,,,,,320.0,1153,,,,,,"Blk: 36 T2S, Sec: 10",0,0,MESA ROYALTY MANAGEMENT LLC,"P O BOX 830308, DALLAS, TX 75283","P O BOX 2700, MIDLAND, TX 79702",,,,,,,32.0308741,-101.7735932
TX,LEON (TX),GULF COAST CENTRAL,,,LYNN LONNA A,COMSTOCK O&G LOUISIANA,NA/NA,00493207,Memorandum of lease,2026-08-07,2026-09-22,2026-07-08,36,2029-07-08,1,,24,,,225.0,160,,,,,,,0,0,COMSTOCK OIL & GAS LLC,"30811 CASILINA DRIVE, RANCHO PALOS VERDES, CA 90275","5300 TOWN & COUNTRY BLVD STE 500, FRISCO, TX 75034",,,,,,,31.5256249,-95.8748625
TX,NACOGDOCHES (TX),EAST TEXAS,HAYNESVILLE - TX,EAST TEXAS,GRAY HOLDINGS LLC,APEX NATURAL GAS,NA/NA,2026-7808,Memorandum of lease,2026-08-07,2026-09-16,2026-08-07,36,2029-08-07,1,,24,,,402.12,56,,,,,,,0,0,APEX NATURAL GAS LLC,"4221 COLONIAL DRIVE, NACOGDOCHES, TX 75965","1100 LOUISIANA SUITE 3800, HOUSTON, TX 77002",,,,,,,31.4436156,-94.3616978
TX,SCURRY (TX),EASTERN SHELF,,,CANDLEWOOD RESOURCES LLC,MAPACHES PETROS,1132/753,20262706,Lease ratification,2026-09-21,2026-09-21,2026-08-18,,,0,,,,,320.0,2537,,,,,,"Blk: Y, Sec: 26",0,0,MAPACHES PETROS LLC,,,,,,,,,32.5276852,-100.7376101
TX,BRAZOS (TX),GULF COAST CENTRAL,EAGLEBINE,GIDDINGS,HARDIN JESSICA COURT,HAWKWOOD ENERGY EAST TEXAS,20811/31,1596894,Memorandum of lease,2026-08-06,2026-09-14,2026-08-06,36,2029-08-06,1,,24,,,7.622,48,,,,,,,0,0,HAWKWOOD ENERGY EAST TEXAS LLC,"P O BOX 1132, BURNETT, TX 78611","920 MEMORIAL CITY WAY SUITE 1400, HOUSTON, TX 77024",,,,,,,30.6847024,-96.5353543
TX,HOUSTON (TX),GULF COAST CENTRAL,,,IVEY MARCELLEE,EXPAND ENERGY,NA/NA,20263303,Memorandum of lease,2026-07-28,2026-08-17,2026-07-28,36,2029-07-28,1,,36,,,85.8,368,,,,,,,0,0,EXPAND EXPLORATION LLC,"8317 YALE DRIVE, TYLER, TX 75703","6000 N CLASSEN BLVD, OKLAHOMA CITY, OK 73118",,,,,,,31.5207222,-95.4739725
TX,HOUSTON (TX),GULF COAST CENTRAL,,,IVEY MARCELLEE,EXPAND ENERGY,NA/NA,20263303,Memorandum of lease,2026-07-28,2026-08-17,2026-07-28,36,2029-07-28,1,,36,,,85.8,488,,,,,,,0,0,EXPAND EXPLORATION LLC,"8317 YALE DRIVE, TYLER, TX 75703","6000 N CLASSEN BLVD, OKLAHOMA CITY, OK 73118",,,,,,,31.5102220,-95.4856723
TX,HOWARD (TX),MIDLAND,MIDLAND,,WOP 2020 REMAINDER TRUST,LANGFORD & BRIGHAM OPERATING,2375/638,2026-00005218,Memorandum of lease,2026-08-26,2026-09-15,2026-04-01,36,2029-04-01,0,,,,,320.0,1660,,,,,,"Blk: 32 T32, Sec: 26",0,0,LANGFORD & BRIGHAM OPERATING LLC,"5847 SAN FELIPE SUITE 4450, HOUSTON, TX 77057","5914 W COURTYARD DRIVE SUIET 100, AUSTIN, TX 78730",,,,,,,32.5243879,-101.4965922
TX,NACOGDOCHES (TX),EAST TEXAS,HAYNESVILLE - TX,EAST TEXAS,CLAUDETTE FORE SUTTON TRUST,APEX NATURAL GAS,NA/NA,2026-7812,Memorandum of lease,2026-07-28,2026-09-16,2026-07-06,36,2029-07-06,1,,24,,,87.66,17,,,,,,,0,0,APEX NATURAL GAS LLC,"3526 CHURCHILL DR, NACOGDOCHES, TX 75961","1100 LOUISIANA SUITE 3800, HOUSTON, TX 77002",,,,,,,31.4943166,-94.4074959
TX,MADISON (TX),GULF COAST CENTRAL,EAGLEBINE,GIDDINGS,LAGRAVIER JOHN H,BULL RUN RESOURCES,2094/172,131108,Memorandum of lease,2026-08-12,2026-09-14,2026-08-12,60,2031-08-12,1,,36,,,21.63,19,,,,,,,0,0,BULL RUN RESOURCES LLC,"P O BOX 1842, HILLTOP LAKES, TX 77871","P O BOX 1097, NEWARK, TX 76071",,,,,,,31.0125129,-96.0966646
TX,MADISON (TX),GULF COAST CENTRAL,EAGLEBINE,GIDDINGS,LAGRAVIER JOHN H,BULL RUN RESOURCES,2094/172,131108,Memorandum of lease,2026-08-12,2026-09-14,2026-08-12,60,2031-08-12,1,,36,,,21.63,120,,,,,,,0,0,BULL RUN RESOURCES LLC,"P O BOX 1842, HILLTOP LAKES, TX 77871","P O BOX 1097, NEWARK, TX 76071",,,,,,,31.0028124,-96.0387661
TX,MADISON (TX),GULF COAST CENTRAL,EAGLEBINE,GIDDINGS,PALMER GEORGE JACOB,BULL RUN RESOURCES,2094/316,131137,Memorandum of lease,2026-08-17,2026-09-16,2026-08-15,60,2031-08-15,1,,36,,,121.8,35,,,,,,,0,0,BULL RUN RESOURCES LLC,"15814 HIGHWAY 80, DANVILLE, AR 72833","P O BOX 1097, NEWARK, TX 76071",,,,,,,31.0257132,-96.0657651
TX,NACOGDOCHES (TX),EAST TEXAS,HAYNESVILLE - TX,EAST TEXAS,TRUST FOR GEOFFREY ROTH AND DAVID ROTH,APEX NATURAL GAS,NA/NA,2026-7794,Memorandum of lease,2026-07-17,2026-09-16,2026-07-08,36,2029-07-08,1,,24,,,20.0,17,,,,,,,0,0,APEX NATURAL GAS LLC,"458 STOVAL CRESS COURT, HENDERSON, NV 89012","1100 LOUISIANA SUITE 3800, HOUSTON, TX 77002",,,,,,,31.4943166,-94.4074959
TX,HOWARD (TX),MIDLAND,MIDLAND,,BILLINGSLEY WILLIAM GUY,HIGHPEAK ENERGY,2375/610,2026-00005213,Lease,2026-09-15,2026-09-15,2026-09-15,36,2029-09-15,0,,,,0.25,160.0,21,,,,,,"Blk: 25, Sec: 7",0,0,HIGHPEAK ENERGY ASSETS LLC,,"421 W 3RD STREET SUITE 1000, FORT WORTH, TX 76102",,,,,,,32.4600854,-101.2525989
TX,HOUSTON (TX),GULF COAST CENTRAL,,,KENNEDY SAMUEL JAMES,EXPAND ENERGY,NA/NA,20263321,Memorandum of lease,2026-08-10,2026-08-18,2026-08-10,36,2029-08-10,1,,36,,,75.34,1196,,,,,,,0,0,EXPAND EXPLORATION LLC,"102 ABBY COURT, CHANDLER, TX 75758","6000 N CLASSEN BLVD, OKLAHOMA CITY, OK 73118",,,,,,,31.5265221,-95.4326739
TX,HOUSTON (TX),GULF COAST CENTRAL,,,KENNEDY SAMUEL JAMES,EXPAND ENERGY,NA/NA,20263321,Memorandum of lease,2026-08-10,2026-08-18,2026-08-10,36,2029-08-10,1,,36,,,75.34,75,,,,,,,0,0,EXPAND EXPLORATION LLC,"102 ABBY COURT, CHANDLER, TX 75758","6000 N CLASSEN BLVD, OKLAHOMA CITY, OK 73118",,,,,,,31.5056215,-95.4231744
TX,LEON (TX),GULF COAST CENTRAL,,,KICKAPOO ENERGY ASSETS LLC,BULL RUN RESOURCES,NA/NA,00493161,Memorandum of lease,2026-08-17,2026-09-22,2026-08-17,36,2029-08-17,1,,24,,,55.714,486,,,,,,,0,0,BULL RUN RESOURCES LLC,"P O BOX 887, ATHENS, TX 75751","P O BOX 1097, NEWARK, TX 76071",,,,,,,31.0126133,-96.1814626
TX,TARRANT (TX),FORT WORTH,BARNETT,BARNETT DRY WINDOW,RICHARD ROSS HYDE TRUST,TEEP BARNETT,NA/NA,D226179620,Memorandum of lease,2026-09-09,2026-09-14,2026-09-09,36,2029-09-09,0,,,,,12.759,732,,,,,,,0,0,TOTALENERGIES E&P USA BARNETT 1 LLC,"P O BOX 540, GRAHAM, TX 76450","P O BOX 540, GRAHAM, TX 76450",,,,,,,32.6073647,-97.0809138
TX,LEON (TX),GULF COAST CENTRAL,,,WARD IVAN JACK JR,COMSTOCK O&G LOUISIANA,NA/NA,00493223,Memorandum of lease,2026-07-18,2026-09-22,2026-06-26,36,2029-06-26,1,,24,,,225.0,160,,,,,,,0,0,COMSTOCK OIL & GAS LLC,"1399 S FM 1951, COOLIDGE, TX 76635","5300 TOWN & COUNTRY BLVD STE 500, FRISCO, TX 75034",,,,,,,31.5256249,-95.8748625
TX,GAINES (TX),CENTRAL BASIN PLATFORM,CENTRAL BASIN PLATFORM,,ROMAN CATHOLIC DIOCESE OF WHEELING CHARLESTON,VELASCO LLC,NA/NA,2026-05396,Memorandum of lease,2026-08-27,2026-09-18,2026-08-27,36,2029-08-27,0,,,,,2443.8125,266,,,,,,"Blk: G, Sec: 157",0,0,VELASCO LLC,"PO BOX 230, WHEELING, WV 26003","PO BOX 22190, HOUSTON, TX 77227",,,,,,,32.7328968,-102.6135349
TX,GAINES (TX),CENTRAL BASIN PLATFORM,CENTRAL BASIN PLATFORM,,ROMAN CATHOLIC DIOCESE OF WHEELING CHARLESTON,VELASCO LLC,NA/NA,2026-05396,Memorandum of lease,2026-08-27,2026-09-18,2026-08-27,36,2029-08-27,0,,,,,2443.8125,286,,,,,,"Blk: G, Sec: 197",0,0,VELASCO LLC,"PO BOX 230, WHEELING, WV 26003","PO BOX 22190, HOUSTON, TX 77227",,,,,,,32.7619962,-102.6655308
TX,GAINES (TX),CENTRAL BASIN PLATFORM,CENTRAL BASIN PLATFORM,,ROMAN CATHOLIC DIOCESE OF WHEELING CHARLESTON,VELASCO LLC,NA/NA,2026-05396,Memorandum of lease,2026-08-27,2026-09-18,2026-08-27,36,2029-08-27,0,,,,,2443.8125,281,,,,,,"Blk: G, Sec: 187",0,0,VELASCO LLC,"PO BOX 230, WHEELING, WV 26003","PO BOX 22190, HOUSTON, TX 77227",,,,,,,32.7474963,-102.6485322
TX,GAINES (TX),CENTRAL BASIN PLATFORM,CENTRAL BASIN PLATFORM,,ROMAN CATHOLIC DIOCESE OF WHEELING CHARLESTON,VELASCO LLC,NA/NA,2026-05396,Memorandum of lease,2026-08-27,2026-09-18,2026-08-27,36,2029-08-27,0,,,,,2443.8125,270,,,,,,"Blk: G, Sec: 165",0,0,VELASCO LLC,"PO BOX 230, WHEELING, WV 26003","PO BOX 22190, HOUSTON, TX 77227",,,,,,,32.7620967,-102.6305325
TX,GAINES (TX),CENTRAL BASIN PLATFORM,CENTRAL BASIN PLATFORM,,ROMAN CATHOLIC DIOCESE OF WHEELING CHARLESTON,VELASCO LLC,NA/NA,2026-05396,Memorandum of lease,2026-08-27,2026-09-18,2026-08-27,36,2029-08-27,0,,,,,2443.8125,269,,,,,,"Blk: G, Sec: 163",0,0,VELASCO LLC,"PO BOX 230, WHEELING, WV 26003","PO BOX 22190, HOUSTON, TX 77227",,,,,,,32.7328965,-102.6305341
TX,LEON (TX),GULF COAST CENTRAL,,,PANACEA ENERGY INC,COMSTOCK O&G LOUISIANA,NA/NA,00493196,Memorandum of lease,2026-08-18,2026-09-22,2026-07-30,36,2029-07-30,0,,,,,108.0,654,,,,,,,0,0,COMSTOCK OIL & GAS LLC,"P O BOX 2547, MADISON, MS 39130","5300 TOWN & COUNTRY BLVD STE 500, FRISCO, TX 75034",,,,,,,31.5331249,-95.8487632
TX,LEON (TX),GULF COAST CENTRAL,,,FISCHESSER JARED,COMSTOCK O&G LOUISIANA,NA/NA,00493206,Memorandum of lease,2026-07-22,2026-09-22,2026-07-22,36,2029-07-22,0,,,,,50.0,982,,,,,,,0,0,COMSTOCK OIL & GAS LLC,"1601 GARTH ROAD APT 601, BAYTOWN, TX 77520","500 TOWN AND COUNTRY BLVD STE 500, FRISCO, TX 75034",,,,,,,31.5521254,-95.8552628
TX,NACOGDOCHES (TX),EAST TEXAS,HAYNESVILLE - TX,EAST TEXAS,MCEACHERN RAY BRYAN,APEX NATURAL GAS,NA/NA,2026-7791,Memorandum of lease,2026-07-08,2026-09-16,2026-07-08,36,2029-07-08,1,,24,,,20.0,17,,,,,,,0,0,APEX NATURAL GAS LLC,"8 INDIA MEADOWS DRIVE, ROUND ROCK, TX 78665","1100 LOUSIANA SUITE 3800, HOUSTON, TX 77002",,,,,,,31.4943166,-94.4074959
TX,MADISON (TX),GULF COAST CENTRAL,EAGLEBINE,GIDDINGS,MILLIKEN SHERRY,BULL RUN RESOURCES,2095/130,131161,Memorandum of lease,2026-08-25,2026-09-17,2026-08-25,60,2031-08-25,1,,36,,,65.5,33,,,,,,,0,0,BULL RUN RESOURCES LLC,"8430 GLEN EAGLES DRIVE, OVILLA, TX 75154","P O BOX 1097, NEWARK, TX 76071",,,,,,,30.9932126,-96.1316640
TX,MADISON (TX),GULF COAST CENTRAL,EAGLEBINE,GIDDINGS,MILLIKEN SHERRY,BULL RUN RESOURCES,2095/130,131161,Memorandum of lease,2026-08-25,2026-09-17,2026-08-25,60,2031-08-25,1,,36,,,65.5,168,,,,,,,0,0,BULL RUN RESOURCES LLC,"8430 GLEN EAGLES DRIVE, OVILLA, TX 75154","P O BOX 1097, NEWARK, TX 76071",,,,,,,30.9649117,-96.1181645
TX,MADISON (TX),GULF COAST CENTRAL,EAGLEBINE,GIDDINGS,MILLIKEN SHERRY,BULL RUN RESOURCES,2095/130,131161,Memorandum of lease,2026-08-25,2026-09-17,2026-08-25,60,2031-08-25,1,,36,,,65.5,115,,,,,,,0,0,BULL RUN RESOURCES LLC,"8430 GLEN EAGLES DRIVE, OVILLA, TX 75154","P O BOX 1097, NEWARK, TX 76071",,,,,,,30.9742119,-96.0970649
TX,LEON (TX),GULF COAST CENTRAL,,,FROEBEL WILFRED,COMSTOCK O&G LOUISIANA,NA/NA,00493214,Memorandum of lease,2026-08-13,2026-09-22,2026-07-13,36,2029-07-13,1,,24,,,21.0,588,,,,,,,0,0,COMSTOCK OIL & GAS LLC,"P O BOX 409, PATTISON, TX 77466","5300 TOWN & COUNTRY BLVD STE 500, FRISCO, TX 75034",,,,,,,31.5832261,-95.8490627
TX,HOWARD (TX),MIDLAND,MIDLAND,,SILTSTONE RESOURCES IV LLC,CIVITAS,2376/70,2026-00005258,Memorandum of lease,2026-09-16,2026-09-16,2026-07-13,24,2028-07-13,0,,,,,80.0,709,,,,,,"Blk: 32 T1S, Sec: 42",0,0,CIVITAS MID BASIN ENERGY LLC,"1401 MCKINNEY STREET SUITE 900, HOUSTON, TX 77010","1700 LINCOLN STREET SUITE 3200, DENVER, CO 80203",,,,,,,32.1522760,-101.4475995
TX,LEON (TX),GULF COAST CENTRAL,,,GIFFORD DONALD C,COMSTOCK O&G LOUISIANA,NA/NA,00493209,Memorandum of lease,2026-08-10,2026-09-22,2026-07-29,36,2029-07-29,1,,24,,,100.0,223,,,,,,,0,0,COMSTOCK OIL & GAS LLC,"619 REDWOOD DRIVE, ALLEN, TX 75002","5300 TOWN & COUNTRY BLVD STE 500, FRISCO, TX 75034",,,,,,,31.5036243,-95.8650630
TX,SCURRY (TX),EASTERN SHELF,,,TABOR FIVE LP,THREE SPAN O&G,1132/751,20262705,Lease ratification,2026-08-20,2026-09-21,2022-11-15,,,0,,,,,322.0,2165,,,,,,"Blk: 3, Sec: 2",0,0,THREE SPAN OIL & GAS INC,"1801LAVACA STREET SUITE 115, AUSTIN, TX 78701-1329",,,,,,,,32.5358856,-100.7696093
TX,GLASSCOCK (TX),MIDLAND,MIDLAND,,TD MINERALS LP,CHIEF O&G,580/506,1888,Lease,2026-08-01,2026-09-14,2026-08-01,12,2027-08-01,0,,,,0.25,1280.0,386,,,,,,"Blk: 36 T2S, Sec: 25",0,0,CHIEF CAPITAL O&G II LLC,"8111 WESTCHESTER DRIVE SUITE 900, DALLAS, TX 75225","8111 WESTCHESTER DRIVE SUITE 900, DALLAS, TX 75225",,,,,,,31.9968725,-101.7345947
TX,GLASSCOCK (TX),MIDLAND,MIDLAND,,TD MINERALS LP,CHIEF O&G,580/506,1888,Lease,2026-08-01,2026-09-14,2026-08-01,12,2027-08-01,0,,,,0.25,1280.0,1095,,,,,,"Blk: 36 T2S, Sec: 36",0,0,CHIEF CAPITAL O&G II LLC,"8111 WESTCHESTER DRIVE SUITE 900, DALLAS, TX 75225","8111 WESTCHESTER DRIVE SUITE 900, DALLAS, TX 75225",,,,,,,31.9828720,-101.7305949
TX,BRAZOS (TX),GULF COAST CENTRAL,EAGLEBINE,GIDDINGS,LABARBERA JOSEPH CHARLES,HAWKWOOD ENERGY EAST TEXAS,20811/27,1596892,Memorandum of lease,2026-08-19,2026-09-14,2026-08-12,36,2029-08-12,1,,24,,,6.128,48,,,,,,,0,0,HAWKWOOD ENERGY EAST TEXAS LLC,"10724 HARVEY RANCH RD, COLLEGE STATION, TX 77845","920 MEMORIAL CITY WAY SUITE 1400, HOUSTON, TX 77024",,,,,,,30.6847024,-96.5353543
TX,LEON (TX),GULF COAST CENTRAL,,,SHELTON LEONARD L,BULL RUN RESOURCES,NA/NA,00493235,Memorandum of lease,2026-09-10,2026-09-22,2026-09-10,60,2031-09-10,0,,,,,49.62,31,,,,,,,0,0,BULL RUN RESOURCES LLC,"105 PACK SADDLE DRIVE, BASTROP, TX 78602","P O BOX 1097, NEWARK, TX 76071",,,,,,,31.0292136,-96.1518630
TX,NACOGDOCHES (TX),EAST TEXAS,HAYNESVILLE - TX,EAST TEXAS,CLARA HOYA GRAY TESTAMENTARY TRUST,APEX NATURAL GAS,NA/NA,2026-7799,Memorandum of lease,2026-07-31,2026-09-16,2026-07-17,36,2029-07-17,1,,24,,,79.1068,17,,,,,,,0,0,APEX NATURAL GAS LLC,"P O BOX 2020, TYLER, TX 75710","1100 LOUISIANA SUITE 3800, HOUSTON, TX 77002",,,,,,,31.4943166,-94.4074959
TX,NACOGDOCHES (TX),EAST TEXAS,HAYNESVILLE - TX,EAST TEXAS,CLARA HOYA GRAY TESTAMENTARY TRUST,APEX NATURAL GAS,NA/NA,2026-7799,Memorandum of lease,2026-07-31,2026-09-16,2026-07-17,36,2029-07-17,1,,24,,,79.1068,827,,,,,,,0,0,APEX NATURAL GAS LLC,"P O BOX 2020, TYLER, TX 75710","1100 LOUISIANA SUITE 3800, HOUSTON, TX 77002",,,,,,,31.4968166,-94.5076930
TX,NACOGDOCHES (TX),EAST TEXAS,HAYNESVILLE - TX,EAST TEXAS,GONZALEZ ANN BAILEY,APEX NATURAL GAS,NA/NA,2026-7905,Memorandum of lease,2026-09-04,2026-09-18,2026-08-28,36,2029-08-28,1,,24,,,103.0,17,,,,,,,0,0,APEX NATURAL GAS LLC,"31 COLUMBIA CREST PLACE, WOODLANDS, TX 77382","1100 LOUISIANA SUITE 3800, HOUSTON, TX 77002",,,,,,,31.4943166,-94.4074959
TX,HOUSTON (TX),GULF COAST CENTRAL,,,DEVORE PAMELA MURDOCK,EXPAND ENERGY,NA/NA,20263443,Memorandum of lease,2026-08-11,2026-08-25,2026-08-11,36,2029-08-11,1,,36,,,108.4,655,,,,,,,0,0,EXPAND EXPLORATION LLC,"4554 TOLIVER CANAL ROAD, BEAUMONT, TX 77713","6000 N CLASSEN BLVD, OKLAHOMA CITY, OK 73118",,,,,,,31.5652230,-95.4300735
TX,HOUSTON (TX),GULF COAST CENTRAL,,,DEVORE PAMELA MURDOCK,EXPAND ENERGY,NA/NA,20263443,Memorandum of lease,2026-08-11,2026-08-25,2026-08-11,36,2029-08-11,1,,36,,,108.4,1122,,,,,,,0,0,EXPAND EXPLORATION LLC,"4554 TOLIVER CANAL ROAD, BEAUMONT, TX 77713","6000 N CLASSEN BLVD, OKLAHOMA CITY, OK 73118",,,,,,,31.5573227,-95.4202739
TX,HOUSTON (TX),GULF COAST CENTRAL,,,DEVORE PAMELA MURDOCK,EXPAND ENERGY,NA/NA,20263443,Memorandum of lease,2026-08-11,2026-08-25,2026-08-11,36,2029-08-11,1,,36,,,108.4,1286,,,,,,,0,0,EXPAND EXPLORATION LLC,"4554 TOLIVER CANAL ROAD, BEAUMONT, TX 77713","6000 N CLASSEN BLVD, OKLAHOMA CITY, OK 73118",,,,,,,31.5616228,-95.4173740
TX,LEON (TX),GULF COAST CENTRAL,,,PALMER SHEILA J,COMSTOCK O&G LOUISIANA,NA/NA,00493220,Memorandum of lease,2026-07-20,2026-09-22,2026-07-20,36,2029-07-20,1,,2,,,100.45,273,,,,,,,0,0,COMSTOCK OIL & GAS LLC,"1600 BRIGHTON DRIVE, CARROLLTION, TX 75007","5300 TOWN & COUNTRY BLVD STE 500, FRISCO, TX 75034",,,,,,,31.6010265,-95.8317630
TX,LEON (TX),GULF COAST CENTRAL,,,PALMER SHEILA J,COMSTOCK O&G LOUISIANA,NA/NA,00493220,Memorandum of lease,2026-07-20,2026-09-22,2026-07-20,36,2029-07-20,1,,2,,,100.45,342,,,,,,,0,0,COMSTOCK OIL & GAS LLC,"1600 BRIGHTON DRIVE, CARROLLTION, TX 75007","5300 TOWN & COUNTRY BLVD STE 500, FRISCO, TX 75034",,,,,,,31.6023266,-95.8463626
TX,LEON (TX),GULF COAST CENTRAL,,,PALMER SHEILA J,COMSTOCK O&G LOUISIANA,NA/NA,00493220,Memorandum of lease,2026-07-20,2026-09-22,2026-07-20,36,2029-07-20,1,,2,,,100.45,1290,,,,,,,0,0,COMSTOCK OIL & GAS LLC,"1600 BRIGHTON DRIVE, CARROLLTION, TX 75007","5300 TOWN & COUNTRY BLVD STE 500, FRISCO, TX 75034",,,,,,,31.5975264,-95.8306631
TX,NACOGDOCHES (TX),EAST TEXAS,HAYNESVILLE - TX,EAST TEXAS,DOWNS ROBERT EDWARD,APEX NATURAL GAS,NA/NA,2026-7787,Memorandum of lease,2026-07-08,2026-09-16,2026-07-08,36,2029-07-08,1,,24,,,20.0,17,,,,,,,0,0,APEX NATURAL GAS LLC,"2144 LOS RIOS BLVD, PLANO, TX 75074","1100 LOUISIANA SUITE 3800, HOUSTON, TX 77002",,,,,,,31.4943166,-94.4074959
TX,NACOGDOCHES (TX),EAST TEXAS,HAYNESVILLE - TX,EAST TEXAS,NICHOLSON CAROLYN,APEX NATURAL GAS,NA/NA,2026-7811,Memorandum of lease,2026-08-04,2026-09-16,2026-07-28,36,2029-07-28,1,,24,,,87.66,17,,,,,,,0,0,APEX NATURAL GAS LLC,"3525 W HOUSTON, ST PARIS, TX 75460","1100 LOUISIANA SUITE 3800, HOUSTON, TX 77002",,,,,,,31.4943166,-94.4074959
TX,HOUSTON (TX),GULF COAST CENTRAL,,,MARGARET JORDAN ROYALTIES INC,EXPAND ENERGY,NA/NA,20263445,Memorandum of lease,2026-08-05,2026-08-25,2026-08-05,36,2029-08-05,1,,36,,,877.04,368,,,,,,,0,0,EXPAND EXPLORATION LLC,"2707 LEGACY RNCH DRIVE, TEMPLE, TX 76502","6000 N CLASSEN BLVD, OKLAHOMA CITY, OK 73118",,,,,,,31.5207222,-95.4739725
TX,HOUSTON (TX),GULF COAST CENTRAL,,,MARGARET JORDAN ROYALTIES INC,EXPAND ENERGY,NA/NA,20263445,Memorandum of lease,2026-08-05,2026-08-25,2026-08-05,36,2029-08-05,1,,36,,,877.04,681,,,,,,,0,0,EXPAND EXPLORATION LLC,"2707 LEGACY RNCH DRIVE, TEMPLE, TX 76502","6000 N CLASSEN BLVD, OKLAHOMA CITY, OK 73118",,,,,,,31.5397224,-95.4311738
TX,HOUSTON (TX),GULF COAST CENTRAL,,,MARGARET JORDAN ROYALTIES INC,EXPAND ENERGY,NA/NA,20263445,Memorandum of lease,2026-08-05,2026-08-25,2026-08-05,36,2029-08-05,1,,36,,,877.04,783,,,,,,,0,0,EXPAND EXPLORATION LLC,"2707 LEGACY RNCH DRIVE, TEMPLE, TX 76502","6000 N CLASSEN BLVD, OKLAHOMA CITY, OK 73118",,,,,,,31.5504229,-95.4716723
TX,HOUSTON (TX),GULF COAST CENTRAL,,,MARGARET JORDAN ROYALTIES INC,EXPAND ENERGY,NA/NA,20263445,Memorandum of lease,2026-08-05,2026-08-25,2026-08-05,36,2029-08-05,1,,36,,,877.04,656,,,,,,,0,0,EXPAND EXPLORATION LLC,"2707 LEGACY RNCH DRIVE, TEMPLE, TX 76502","6000 N CLASSEN BLVD, OKLAHOMA CITY, OK 73118",,,,,,,31.5246222,-95.4593730
TX,HOUSTON (TX),GULF COAST CENTRAL,,,MARGARET JORDAN ROYALTIES INC,EXPAND ENERGY,NA/NA,20263445,Memorandum of lease,2026-08-05,2026-08-25,2026-08-05,36,2029-08-05,1,,36,,,877.04,817,,,,,,,0,0,EXPAND EXPLORATION LLC,"2707 LEGACY RNCH DRIVE, TEMPLE, TX 76502","6000 N CLASSEN BLVD, OKLAHOMA CITY, OK 73118",,,,,,,31.5307223,-95.4450734
TX,HOUSTON (TX),GULF COAST CENTRAL,,,MARGARET JORDAN ROYALTIES INC,EXPAND ENERGY,NA/NA,20263445,Memorandum of lease,2026-08-05,2026-08-25,2026-08-05,36,2029-08-05,1,,36,,,877.04,550,,,,,,,0,0,EXPAND EXPLORATION LLC,"2707 LEGACY RNCH DRIVE, TEMPLE, TX 76502","6000 N CLASSEN BLVD, OKLAHOMA CITY, OK 73118",,,,,,,31.5475227,-95.4579728
TX,HOUSTON (TX),GULF COAST CENTRAL,,,MARGARET JORDAN ROYALTIES INC,EXPAND ENERGY,NA/NA,20263445,Memorandum of lease,2026-08-05,2026-08-25,2026-08-05,36,2029-08-05,1,,36,,,877.04,342,,,,,,,0,0,EXPAND EXPLORATION LLC,"2707 LEGACY RNCH DRIVE, TEMPLE, TX 76502","6000 N CLASSEN BLVD, OKLAHOMA CITY, OK 73118",,,,,,,31.5507226,-95.4288737
TX,HOUSTON (TX),GULF COAST CENTRAL,,,MARGARET JORDAN ROYALTIES INC,EXPAND ENERGY,NA/NA,20263445,Memorandum of lease,2026-08-05,2026-08-25,2026-08-05,36,2029-08-05,1,,36,,,877.04,1175,,,,,,,0,0,EXPAND EXPLORATION LLC,"2707 LEGACY RNCH DRIVE, TEMPLE, TX 76502","6000 N CLASSEN BLVD, OKLAHOMA CITY, OK 73118",,,,,,,31.5523228,-95.4521730
TX,HOUSTON (TX),GULF COAST CENTRAL,,,MARGARET JORDAN ROYALTIES INC,EXPAND ENERGY,NA/NA,20263445,Memorandum of lease,2026-08-05,2026-08-25,2026-08-05,36,2029-08-05,1,,36,,,877.04,844,,,,,,,0,0,EXPAND EXPLORATION LLC,"2707 LEGACY RNCH DRIVE, TEMPLE, TX 76502","6000 N CLASSEN BLVD, OKLAHOMA CITY, OK 73118",,,,,,,31.5395227,-95.4856720
TX,HOUSTON (TX),GULF COAST CENTRAL,,,MARGARET JORDAN ROYALTIES INC,EXPAND ENERGY,NA/NA,20263445,Memorandum of lease,2026-08-05,2026-08-25,2026-08-05,36,2029-08-05,1,,36,,,877.04,1146,,,,,,,0,0,EXPAND EXPLORATION LLC,"2707 LEGACY RNCH DRIVE, TEMPLE, TX 76502","6000 N CLASSEN BLVD, OKLAHOMA CITY, OK 73118",,,,,,,31.5361225,-95.4697725
TX,HOUSTON (TX),GULF COAST CENTRAL,,,MARGARET JORDAN ROYALTIES INC,EXPAND ENERGY,NA/NA,20263445,Memorandum of lease,2026-08-05,2026-08-25,2026-08-05,36,2029-08-05,1,,36,,,877.04,672,,,,,,,0,0,EXPAND EXPLORATION LLC,"2707 LEGACY RNCH DRIVE, TEMPLE, TX 76502","6000 N CLASSEN BLVD, OKLAHOMA CITY, OK 73118",,,,,,,31.5502228,-95.4649726
TX,NACOGDOCHES (TX),EAST TEXAS,HAYNESVILLE - TX,EAST TEXAS,CREWS CATHERINE,APEX NATURAL GAS,NA/NA,2026-7789,Memorandum of lease,2026-07-23,2026-09-16,2026-07-08,36,2029-07-08,1,,24,,,20.0,17,,,,,,,0,0,APEX NATURAL GAS LLC,"710 SOUTH COMMERCE AVENUE, RUSSELLVILLE, AR 72801","1100 LOUSIANA SUITE 3800, HOUSTON, TX 77002",,,,,,,31.4943166,-94.4074959
TX,LEON (TX),GULF COAST CENTRAL,,,ASHCRAFT LEAH G,COMSTOCK O&G LOUISIANA,NA/NA,00493218,Memorandum of lease,2026-07-28,2026-09-22,2026-07-20,36,2029-07-20,1,,24,,,100.45,342,,,,,,,0,0,COMSTOCK OIL & GAS LLC,"102 SILVER BAY LANE, LAKE JACKSON, TX 77566","5300 TOWN & COUNTRY BLVD STE 500, FRISCO, TX 75034",,,,,,,31.6023266,-95.8463626
TX,LEON (TX),GULF COAST CENTRAL,,,ASHCRAFT LEAH G,COMSTOCK O&G LOUISIANA,NA/NA,00493218,Memorandum of lease,2026-07-28,2026-09-22,2026-07-20,36,2029-07-20,1,,24,,,100.45,273,,,,,,,0,0,COMSTOCK OIL & GAS LLC,"102 SILVER BAY LANE, LAKE JACKSON, TX 77566","5300 TOWN & COUNTRY BLVD STE 500, FRISCO, TX 75034",,,,,,,31.6010265,-95.8317630
TX,LEON (TX),GULF COAST CENTRAL,,,ASHCRAFT LEAH G,COMSTOCK O&G LOUISIANA,NA/NA,00493218,Memorandum of lease,2026-07-28,2026-09-22,2026-07-20,36,2029-07-20,1,,24,,,100.45,1290,,,,,,,0,0,COMSTOCK OIL & GAS LLC,"102 SILVER BAY LANE, LAKE JACKSON, TX 77566","5300 TOWN & COUNTRY BLVD STE 500, FRISCO, TX 75034",,,,,,,31.5975264,-95.8306631
TX,LEON (TX),GULF COAST CENTRAL,,,FISCHESSER JARED,COMSTOCK O&G LOUISIANA,NA/NA,00493201,Memorandum of lease,2026-08-08,2026-09-22,2026-07-22,36,2029-07-22,0,,,,,50.0,736,,,,,,,0,0,COMSTOCK OIL & GAS LLC,"1601 GARTH ROAD APT 601, BAYTOWN, TX 77520","5300 TOWN & COUNTRY BLVD STE 500, FRISCO, TX 75034",,,,,,,31.5442252,-95.8458632
TX,MADISON (TX),GULF COAST CENTRAL,EAGLEBINE,GIDDINGS,MONTAIGNE MINERALS LLC,BULL RUN RESOURCES,2094/213,131119,Memorandum of lease,2026-08-10,2026-09-15,2026-08-10,36,2029-08-10,0,,,,,79.35,24,,,,,,,0,0,BULL RUN RESOURCES LLC,"P O BOX 600787, DALLAS, TX 75360","P O BOX 1097, NEWARK, TX 76071",,,,,,,31.0407135,-96.0372656
TX,HOUSTON (TX),GULF COAST CENTRAL,,,HEROD TERRY C,EXPAND ENERGY,NA/NA,20263159,Memorandum of lease,2026-07-27,2026-08-07,2026-07-27,36,2029-07-27,1,,36,,,2.107,1315,,,,,,,0,0,EXPAND EXPLORATION LLC,"15375 RESERVE BOULEVARD, TYLER, TX 75707","6000 N CLASSEN BLVD, OKLAHOMA CITY, OK 73118",,,,,,,31.5602233,-95.4954715
TX,MADISON (TX),GULF COAST CENTRAL,EAGLEBINE,GIDDINGS,BCT CAPITAL & HOLDINGS LLC,BULL RUN RESOURCES,2094/152,131102,Lease ratification,2026-09-03,2026-09-11,2025-09-08,,,0,,,,,12.82,60,,,,,,,0,0,BULL RUN RESOURCES LLC,,,,,,,,,30.9943120,-95.9995672
TX,MADISON (TX),GULF COAST CENTRAL,EAGLEBINE,GIDDINGS,HH RESOURCES LLC,BULL RUN RESOURCES,2095/275,131186,Memorandum of lease,2026-08-17,2026-09-22,2026-08-17,36,2029-08-17,1,,24,,,519.0404,33,,,,,,,0,0,BULL RUN RESOURCES LLC,"303 LAUREL ROAD, ATHENS, TX 75751","P O BOX 1097, NEWARK, TX 76071",,,,,,,30.9932126,-96.1316640
TX,MADISON (TX),GULF COAST CENTRAL,EAGLEBINE,GIDDINGS,HH RESOURCES LLC,BULL RUN RESOURCES,2095/275,131186,Memorandum of lease,2026-08-17,2026-09-22,2026-08-17,36,2029-08-17,1,,24,,,519.0404,96,,,,,,,0,0,BULL RUN RESOURCES LLC,"303 LAUREL ROAD, ATHENS, TX 75751","P O BOX 1097, NEWARK, TX 76071",,,,,,,30.9666120,-96.1955626
TX,HOUSTON (TX),GULF COAST CENTRAL,,,JR AND KA CRAWLEY INVESTMENTS LLC,EXPAND ENERGY,NA/NA,20263455,Memorandum of lease,2026-07-14,2026-08-25,2026-07-14,36,2029-07-14,1,,36,,,100.0,1315,,,,,,,0,0,EXPAND EXPLORATION LLC,"20741 CR 2199, TROUP, TX 75789","6100 NORTH WESTERN AVENUE, OKLAHOMA CITY, OK 73118",,,,,,,31.5602233,-95.4954715
TX,TARRANT (TX),FORT WORTH,BARNETT,BARNETT DRY WINDOW,GIBBINS DEVELOPMENT CORPORATION,TEEP BARNETT,NA/NA,D226180272,Memorandum of lease,2026-09-14,2026-09-15,2026-09-14,36,2029-09-14,0,,,,,5.5071,950,,,,,,,0,0,TOTALENERGIES E&P USA BARNETT 1 LLC,"800 W ARBROOK BLVD SUITE 150, ARLINGTON, TX 76015","301 COMMERCE STREET SUITE 3700, FORT WORTH, TX 76102",,,,,,,32.6846670,-97.1232121
TX,NACOGDOCHES (TX),EAST TEXAS,HAYNESVILLE - TX,EAST TEXAS,BRADSHAW LEAH CAROLE LEWIS,APEX NATURAL GAS,NA/NA,2026-7795,Memorandum of lease,2026-07-17,2026-09-16,2026-07-06,36,2029-07-06,1,,24,,,87.66,17,,,,,,,0,0,APEX NATURAL GAS LLC,"501 FAIRVIEW ACRES DR, NACOGDOCHES, TX 75961","1100 LOUISIANA SUITE 3800, HOUSTON, TX 77002",,,,,,,31.4943166,-94.4074959
TX,WARD (TX),DELAWARE,DELAWARE,,ASWB ROYALTY ENDOWMENT LLC,MCM ENERGY PARTNERS,NA/NA,2026-3646,Memorandum of lease,2026-09-01,2026-09-17,2026-09-01,36,2029-09-01,0,,,,,60.0,261,,,,,,"Blk: 34, Sec: 167",0,0,MCM PERMIAN HOLDINGS II LLC,"8150 N CENTRAL EXPY SUITE 1400, DALLAS, TX 75206","223 W WALL ST SUITE 400, MIDLAND, TX 79701",,,,,,,31.5271672,-103.3035545
TX,NACOGDOCHES (TX),EAST TEXAS,HAYNESVILLE - TX,EAST TEXAS,LOVELL HUBERT,APEX NATURAL GAS,NA/NA,2026-7801,Memorandum of lease,2026-07-24,2026-09-16,2026-06-12,36,2029-06-12,1,,24,,,286.45,17,,,,,,,0,0,APEX NATURAL GAS LLC,"3615 GENTLE MEADOW DR, RICHMOND, TX 77406","1100 LOUISIANA SUITE 3800, HOUSTON, TX 77002",,,,,,,31.4943166,-94.4074959
TX,LIVE OAK (TX),GULF COAST WEST,EAGLEFORD,EAGLE FORD DRY,THE BURTON M HANSON TRUST,HYDROCARBON OPERATING,NA/NA,251982,Memorandum of lease,2026-08-03,2026-09-14,2026-08-03,36,2029-08-03,0,,,,,3918.62,860,,,,,,,0,0,HYDROCARBON OPERATING INC,"1618 IMPERIAL CROWN DR, HOUSTON, TX 77043","555 N CARANCAHUA ST SUITE NO 336, CORPUS CHRISTI, TX 78401",,,,,,,28.2005163,-98.2783136
TX,LIVE OAK (TX),GULF COAST WEST,EAGLEFORD,EAGLE FORD DRY,THE BURTON M HANSON TRUST,HYDROCARBON OPERATING,NA/NA,251982,Memorandum of lease,2026-08-03,2026-09-14,2026-08-03,36,2029-08-03,0,,,,,3918.62,636,,,,,,,0,0,HYDROCARBON OPERATING INC,"1618 IMPERIAL CROWN DR, HOUSTON, TX 77043","555 N CARANCAHUA ST SUITE NO 336, CORPUS CHRISTI, TX 78401",,,,,,,28.2309180,-98.3171125
TX,LIVE OAK (TX),GULF COAST WEST,EAGLEFORD,EAGLE FORD DRY,THE BURTON M HANSON TRUST,HYDROCARBON OPERATING,NA/NA,251982,Memorandum of lease,2026-08-03,2026-09-14,2026-08-03,36,2029-08-03,0,,,,,3918.62,638,,,,,,,0,0,HYDROCARBON OPERATING INC,"1618 IMPERIAL CROWN DR, HOUSTON, TX 77043","555 N CARANCAHUA ST SUITE NO 336, CORPUS CHRISTI, TX 78401",,,,,,,28.2477188,-98.3129125
TX,LIVE OAK (TX),GULF COAST WEST,EAGLEFORD,EAGLE FORD DRY,THE BURTON M HANSON TRUST,HYDROCARBON OPERATING,NA/NA,251982,Memorandum of lease,2026-08-03,2026-09-14,2026-08-03,36,2029-08-03,0,,,,,3918.62,858,,,,,,,0,0,HYDROCARBON OPERATING INC,"1618 IMPERIAL CROWN DR, HOUSTON, TX 77043","555 N CARANCAHUA ST SUITE NO 336, CORPUS CHRISTI, TX 78401",,,,,,,28.1927160,-98.2941133
TX,LIVE OAK (TX),GULF COAST WEST,EAGLEFORD,EAGLE FORD DRY,THE BURTON M HANSON TRUST,HYDROCARBON OPERATING,NA/NA,251982,Memorandum of lease,2026-08-03,2026-09-14,2026-08-03,36,2029-08-03,0,,,,,3918.62,857,,,,,,,0,0,HYDROCARBON OPERATING INC,"1618 IMPERIAL CROWN DR, HOUSTON, TX 77043","555 N CARANCAHUA ST SUITE NO 336, CORPUS CHRISTI, TX 78401",,,,,,,28.2140171,-98.2982131
TX,LIVE OAK (TX),GULF COAST WEST,EAGLEFORD,EAGLE FORD DRY,THE BURTON M HANSON TRUST,HYDROCARBON OPERATING,NA/NA,251982,Memorandum of lease,2026-08-03,2026-09-14,2026-08-03,36,2029-08-03,0,,,,,3918.62,856,,,,,,,0,0,HYDROCARBON OPERATING INC,"1618 IMPERIAL CROWN DR, HOUSTON, TX 77043","555 N CARANCAHUA ST SUITE NO 336, CORPUS CHRISTI, TX 78401",,,,,,,28.2244176,-98.3100127
TX,LIVE OAK (TX),GULF COAST WEST,EAGLEFORD,EAGLE FORD DRY,THE BURTON M HANSON TRUST,HYDROCARBON OPERATING,NA/NA,251982,Memorandum of lease,2026-08-03,2026-09-14,2026-08-03,36,2029-08-03,0,,,,,3918.62,859,,,,,,,0,0,HYDROCARBON OPERATING INC,"1618 IMPERIAL CROWN DR, HOUSTON, TX 77043","555 N CARANCAHUA ST SUITE NO 336, CORPUS CHRISTI, TX 78401",,,,,,,28.2057167,-98.3042130
TX,MADISON (TX),GULF COAST CENTRAL,EAGLEBINE,GIDDINGS,PURTLE DAMARIS KEITH,BULL RUN RESOURCES,2094/219,131121,Memorandum of lease,2026-08-07,2026-09-15,2026-08-15,60,2031-08-15,1,,36,,,121.8,35,,,,,,,0,0,BULL RUN RESOURCES LLC,"3913 LAKESHORE DRIVE, NORTH LITTLE ROCK, AR 72116","P O BOX 1097, NEWARK, TX 76071",,,,,,,31.0257132,-96.0657651
TX,MADISON (TX),GULF COAST CENTRAL,EAGLEBINE,GIDDINGS,GREER BILLIE LAGRAVIER,BULL RUN RESOURCES,2094/289,131131,Memorandum of lease,2026-08-12,2026-09-15,2026-08-12,60,2031-08-12,1,,36,,,21.63,19,,,,,,,0,0,BULL RUN RESOURCES LLC,"2403 CHESTNUT DRIVE, ROSENBURG, TX 77471","P O BOX 1097, NEWARK, TX 76071",,,,,,,31.0125129,-96.0966646
TX,MADISON (TX),GULF COAST CENTRAL,EAGLEBINE,GIDDINGS,GREER BILLIE LAGRAVIER,BULL RUN RESOURCES,2094/289,131131,Memorandum of lease,2026-08-12,2026-09-15,2026-08-12,60,2031-08-12,1,,36,,,21.63,120,,,,,,,0,0,BULL RUN RESOURCES LLC,"2403 CHESTNUT DRIVE, ROSENBURG, TX 77471","P O BOX 1097, NEWARK, TX 76071",,,,,,,31.0028124,-96.0387661
TX,NACOGDOCHES (TX),EAST TEXAS,HAYNESVILLE - TX,EAST TEXAS,MCEACHERN EDWARD H,APEX NATURAL GAS,NA/NA,2026-7805,Memorandum of lease,2026-07-28,2026-09-16,2026-07-08,36,2029-07-08,1,,24,,,20.0,17,,,,,,,0,0,APEX NATURAL GAS LLC,"P O BOX 262, SAN AUGUSTINE, TX 75972","1100 LOUISIANA SUITE 3800, HOUSTON, TX 77002",,,,,,,31.4943166,-94.4074959
TX,MADISON (TX),GULF COAST CENTRAL,EAGLEBINE,GIDDINGS,ANDREWS JON RUSSELL,BULL RUN RESOURCES,2094/319,131138,Memorandum of lease,2026-09-01,2026-09-16,2026-09-01,60,2031-09-01,1,,36,,,121.8,35,,,,,,,0,0,BULL RUN RESOURCES LLC,"2101 S 2ND STREET, CABOT, AR 72023","P O BOX 1097, NEWARK, TX 76071",,,,,,,31.0257132,-96.0657651
TX,NACOGDOCHES (TX),EAST TEXAS,HAYNESVILLE - TX,EAST TEXAS,ANDREPONT ELLA KATHRYN,APEX NATURAL GAS,NA/NA,2026-7800,Memorandum of lease,2026-07-30,2026-09-16,2026-07-30,36,2029-07-30,1,,24,,,164.0,17,,,,,,,0,0,APEX NATURAL GAS LLC,"1675 HOLLY TRAILS, SOUR LAKE, TX 77659","1100 LOUISIANA SUITE 3800, HOUSTON, TX 77002",,,,,,,31.4943166,-94.4074959
TX,BRAZOS (TX),GULF COAST CENTRAL,EAGLEBINE,GIDDINGS,LAMB LARRY,HAWKWOOD ENERGY EAST TEXAS,20811/29,1596893,Memorandum of lease,2026-08-06,2026-09-14,2026-08-06,36,2029-08-06,1,,24,,,7.622,48,,,,,,,0,0,HAWKWOOD ENERGY EAST TEXAS LLC,"6371 GREENWAY ROAD, FORT WORTH, TX 76116","920 MEMORIAL CITY WAY SUITE 1400, HOUSTON, TX 77024",,,,,,,30.6847024,-96.5353543
TX,SCURRY (TX),EASTERN SHELF,,,DAHL LUCINDY JANE,THREE SPAN O&G,1132/739,20262699,Lease ratification,2026-09-21,2026-09-21,2018-05-01,,,0,,,,,136.0,403,,,,,,"Blk: 3, Sec: 231",0,0,THREE SPAN OIL & GAS INC,"1010 25TH STREET, SNYDER, TX 79549-2824",,,,,,,,32.5827869,-100.7186099
TX,MADISON (TX),GULF COAST CENTRAL,EAGLEBINE,GIDDINGS,MCKAY JUDY,BULL RUN RESOURCES,2094/194,131114,Memorandum of lease,2026-08-18,2026-09-14,2026-08-18,60,2031-08-18,1,,36,,,139.887,33,,,,,,,0,0,BULL RUN RESOURCES LLC,"1110 VZ COUNTY ROAD 4125, CANTON, TX 75103","P O BOX 1097, NEWARK, TX 76071",,,,,,,30.9932126,-96.1316640
TX,LIVE OAK (TX),GULF COAST WEST,EAGLEFORD,EAGLE FORD DRY,CANELA PETRO LP,HYDROCARBON OPERATING,NA/NA,2026-251980,Memorandum of lease,2026-08-19,2026-09-14,2026-08-19,36,2029-08-19,0,,,,,3918.62,860,,,,,,,0,0,HYDROCARBON OPERATING INC,"500 COMMERCE STREET SUITE 600, FORT WORTH, TX 76102","555 N CARANCAHUA ST SUITE 336, CORPUS CHRISTI, TX 78401",,,,,,,28.2005163,-98.2783136
TX,LIVE OAK (TX),GULF COAST WEST,EAGLEFORD,EAGLE FORD DRY,CANELA PETRO LP,HYDROCARBON OPERATING,NA/NA,2026-251980,Memorandum of lease,2026-08-19,2026-09-14,2026-08-19,36,2029-08-19,0,,,,,3918.62,636,,,,,,,0,0,HYDROCARBON OPERATING INC,"500 COMMERCE STREET SUITE 600, FORT WORTH, TX 76102","555 N CARANCAHUA ST SUITE 336, CORPUS CHRISTI, TX 78401",,,,,,,28.2309180,-98.3171125
TX,LIVE OAK (TX),GULF COAST WEST,EAGLEFORD,EAGLE FORD DRY,CANELA PETRO LP,HYDROCARBON OPERATING,NA/NA,2026-251980,Memorandum of lease,2026-08-19,2026-09-14,2026-08-19,36,2029-08-19,0,,,,,3918.62,638,,,,,,,0,0,HYDROCARBON OPERATING INC,"500 COMMERCE STREET SUITE 600, FORT WORTH, TX 76102","555 N CARANCAHUA ST SUITE 336, CORPUS CHRISTI, TX 78401",,,,,,,28.2477188,-98.3129125
TX,LIVE OAK (TX),GULF COAST WEST,EAGLEFORD,EAGLE FORD DRY,CANELA PETRO LP,HYDROCARBON OPERATING,NA/NA,2026-251980,Memorandum of lease,2026-08-19,2026-09-14,2026-08-19,36,2029-08-19,0,,,,,3918.62,1007,,,,,,,0,0,HYDROCARBON OPERATING INC,"500 COMMERCE STREET SUITE 600, FORT WORTH, TX 76102","555 N CARANCAHUA ST SUITE 336, CORPUS CHRISTI, TX 78401",,,,,,,28.2397184,-98.3267123
TX,LIVE OAK (TX),GULF COAST WEST,EAGLEFORD,EAGLE FORD DRY,CANELA PETRO LP,HYDROCARBON OPERATING,NA/NA,2026-251980,Memorandum of lease,2026-08-19,2026-09-14,2026-08-19,36,2029-08-19,0,,,,,3918.62,711,,,,,,,0,0,HYDROCARBON OPERATING INC,"500 COMMERCE STREET SUITE 600, FORT WORTH, TX 76102","555 N CARANCAHUA ST SUITE 336, CORPUS CHRISTI, TX 78401",,,,,,,28.1878157,-98.2825136
TX,LIVE OAK (TX),GULF COAST WEST,EAGLEFORD,EAGLE FORD DRY,CANELA PETRO LP,HYDROCARBON OPERATING,NA/NA,2026-251980,Memorandum of lease,2026-08-19,2026-09-14,2026-08-19,36,2029-08-19,0,,,,,3918.62,858,,,,,,,0,0,HYDROCARBON OPERATING INC,"500 COMMERCE STREET SUITE 600, FORT WORTH, TX 76102","555 N CARANCAHUA ST SUITE 336, CORPUS CHRISTI, TX 78401",,,,,,,28.1927160,-98.2941133
TX,LIVE OAK (TX),GULF COAST WEST,EAGLEFORD,EAGLE FORD DRY,CANELA PETRO LP,HYDROCARBON OPERATING,NA/NA,2026-251980,Memorandum of lease,2026-08-19,2026-09-14,2026-08-19,36,2029-08-19,0,,,,,3918.62,834,,,,,,,0,0,HYDROCARBON OPERATING INC,"500 COMMERCE STREET SUITE 600, FORT WORTH, TX 76102","555 N CARANCAHUA ST SUITE 336, CORPUS CHRISTI, TX 78401",,,,,,,28.2051167,-98.3192126
TX,LIVE OAK (TX),GULF COAST WEST,EAGLEFORD,EAGLE FORD DRY,CANELA PETRO LP,HYDROCARBON OPERATING,NA/NA,2026-251980,Memorandum of lease,2026-08-19,2026-09-14,2026-08-19,36,2029-08-19,0,,,,,3918.62,60,,,,,,,0,0,HYDROCARBON OPERATING INC,"500 COMMERCE STREET SUITE 600, FORT WORTH, TX 76102","555 N CARANCAHUA ST SUITE 336, CORPUS CHRISTI, TX 78401",,,,,,,28.2341180,-98.2989129
TX,LIVE OAK (TX),GULF COAST WEST,EAGLEFORD,EAGLE FORD DRY,CANELA PETRO LP,HYDROCARBON OPERATING,NA/NA,2026-251980,Memorandum of lease,2026-08-19,2026-09-14,2026-08-19,36,2029-08-19,0,,,,,3918.62,857,,,,,,,0,0,HYDROCARBON OPERATING INC,"500 COMMERCE STREET SUITE 600, FORT WORTH, TX 76102","555 N CARANCAHUA ST SUITE 336, CORPUS CHRISTI, TX 78401",,,,,,,28.2140171,-98.2982131
TX,LIVE OAK (TX),GULF COAST WEST,EAGLEFORD,EAGLE FORD DRY,CANELA PETRO LP,HYDROCARBON OPERATING,NA/NA,2026-251980,Memorandum of lease,2026-08-19,2026-09-14,2026-08-19,36,2029-08-19,0,,,,,3918.62,520,,,,,,,0,0,HYDROCARBON OPERATING INC,"500 COMMERCE STREET SUITE 600, FORT WORTH, TX 76102","555 N CARANCAHUA ST SUITE 336, CORPUS CHRISTI, TX 78401",,,,,,,28.1904159,-98.3081130
TX,LIVE OAK (TX),GULF COAST WEST,EAGLEFORD,EAGLE FORD DRY,CANELA PETRO LP,HYDROCARBON OPERATING,NA/NA,2026-251980,Memorandum of lease,2026-08-19,2026-09-14,2026-08-19,36,2029-08-19,0,,,,,3918.62,856,,,,,,,0,0,HYDROCARBON OPERATING INC,"500 COMMERCE STREET SUITE 600, FORT WORTH, TX 76102","555 N CARANCAHUA ST SUITE 336, CORPUS CHRISTI, TX 78401",,,,,,,28.2244176,-98.3100127
TX,LIVE OAK (TX),GULF COAST WEST,EAGLEFORD,EAGLE FORD DRY,CANELA PETRO LP,HYDROCARBON OPERATING,NA/NA,2026-251980,Memorandum of lease,2026-08-19,2026-09-14,2026-08-19,36,2029-08-19,0,,,,,3918.62,859,,,,,,,0,0,HYDROCARBON OPERATING INC,"500 COMMERCE STREET SUITE 600, FORT WORTH, TX 76102","555 N CARANCAHUA ST SUITE 336, CORPUS CHRISTI, TX 78401",,,,,,,28.2057167,-98.3042130
TX,LEON (TX),GULF COAST CENTRAL,,,MOON SHERIL ELIZABETH,COMSTOCK O&G LOUISIANA,NA/NA,00493219,Memorandum of lease,2026-08-04,2026-09-22,2026-07-07,36,2029-07-07,1,,24,,,100.45,1290,,,,,,,0,0,COMSTOCK OIL & GAS LLC,"4014 314TH PLACE NORTHWEST, STANWOOD, WA 98292","5300 TOWN & COUNTRY BLVD STE 500, FRISCO, TX 75034",,,,,,,31.5975264,-95.8306631
TX,NACOGDOCHES (TX),EAST TEXAS,HAYNESVILLE - TX,EAST TEXAS,PRINCE SILAS MORGAN,APEX NATURAL GAS,NA/NA,2026-7816,Memorandum of lease,2026-07-27,2026-09-16,2026-07-27,36,2029-07-27,1,,24,,,164.0,17,,,,,,,0,0,APEX NATURAL GAS LLC,"1217 CHESTNUT STREET, NACOGDOCHES, TX 75965","1100 LOUISIANA SUITE 3800, HOUSTON, TX 77002",,,,,,,31.4943166,-94.4074959
TX,MADISON (TX),GULF COAST CENTRAL,EAGLEBINE,GIDDINGS,TURPIN KIMBERLY A,BULL RUN RESOURCES,2095/327,131199,Memorandum of lease,2026-09-15,2026-09-23,2026-09-15,60,2031-09-15,1,,24,,,97.8,19,,,,,,,0,0,BULL RUN RESOURCES LLC,"11036 WARNER LOOP, MIDWAY, TX 75852","P O BOX 1097, NEWARK, TX 76071",,,,,,,31.0125129,-96.0966646
TX,NACOGDOCHES (TX),EAST TEXAS,HAYNESVILLE - TX,EAST TEXAS,JUDY L MILLER REVOCABLE TRUST,APEX NATURAL GAS,NA/NA,2026-7813,Memorandum of lease,2026-07-21,2026-09-16,2026-07-21,36,2029-07-21,1,,24,,,87.66,17,,,,,,,0,0,APEX NATURAL GAS LLC,"808 W TIMBERDELL RD, NORMAN, OK 73072","1100 LOUISIANA SUITE 3800, HOUSTON, TX 77002",,,,,,,31.4943166,-94.4074959
TX,HOUSTON (TX),GULF COAST CENTRAL,,,MURDOCK JOHN ELLIS III,EXPAND ENERGY,NA/NA,20263343,Memorandum of lease,2026-08-12,2026-08-20,2026-08-12,36,2029-08-12,1,,36,,,108.4,1286,,,,,,,0,0,EXPAND EXPLORATION LLC,"4553 HIGHWAY 62 NORTH, ORANGE, TX 77632","6000 N CLASSEN BLVD, OKLAHOMA CITY, OK 73118",,,,,,,31.5616228,-95.4173740
TX,HOUSTON (TX),GULF COAST CENTRAL,,,MURDOCK JOHN ELLIS III,EXPAND ENERGY,NA/NA,20263343,Memorandum of lease,2026-08-12,2026-08-20,2026-08-12,36,2029-08-12,1,,36,,,108.4,655,,,,,,,0,0,EXPAND EXPLORATION LLC,"4553 HIGHWAY 62 NORTH, ORANGE, TX 77632","6000 N CLASSEN BLVD, OKLAHOMA CITY, OK 73118",,,,,,,31.5652230,-95.4300735
TX,HOUSTON (TX),GULF COAST CENTRAL,,,MURDOCK JOHN ELLIS III,EXPAND ENERGY,NA/NA,20263343,Memorandum of lease,2026-08-12,2026-08-20,2026-08-12,36,2029-08-12,1,,36,,,108.4,1122,,,,,,,0,0,EXPAND EXPLORATION LLC,"4553 HIGHWAY 62 NORTH, ORANGE, TX 77632","6000 N CLASSEN BLVD, OKLAHOMA CITY, OK 73118",,,,,,,31.5573227,-95.4202739
TX,ECTOR (TX),CENTRAL BASIN PLATFORM,CENTRAL BASIN PLATFORM,,THE CHASE FAMILY TRUST,HOH ENERGY LLC,NA/NA,19103,Memorandum of lease,2026-09-15,2026-09-16,2026-09-15,36,2029-09-15,0,,,,,320.0,136,,,,,,"Blk: 42 T3S, Sec: 9",0,0,HOH ENERGY LLC,"1303 W KANSAS AVENUE, MDILAND, TX 79701","507 N MARIENFELD STREET SUITE 100, MIDLAND, TX 79701",,,,,,,31.7751713,-102.3595800
TX,HOUSTON (TX),GULF COAST CENTRAL,,,MAXWELL RONALD KEVIN,EXPAND ENERGY,NA/NA,20263493,Memorandum of lease,2026-08-13,2026-08-28,2026-08-13,36,2029-08-13,1,,36,,,18.37,488,,,,,,,0,0,EXPAND EXPLORATION LLC,"2300 N 4TH STREET, CROCKETT, TX 75835","6000 N CLASSEN BLVD, OKLAHOMA CITY, OK 73118",,,,,,,31.5102220,-95.4856723
TX,LEON (TX),GULF COAST CENTRAL,,,HH RESOURCES LLC,BULL RUN RESOURCES,NA/NA,00493160,Memorandum of lease,2026-08-17,2026-09-22,2026-08-17,36,2029-08-17,1,,24,,,571.695,31,,,,,,,0,0,BULL RUN RESOURCES LLC,"303 LAUREL ROAD, ATHENS, TX 75751","P O BOX 1097, NEWARK, TX 76071",,,,,,,31.0292136,-96.1518630
TX,LEON (TX),GULF COAST CENTRAL,,,HH RESOURCES LLC,BULL RUN RESOURCES,NA/NA,00493160,Memorandum of lease,2026-08-17,2026-09-22,2026-08-17,36,2029-08-17,1,,24,,,571.695,486,,,,,,,0,0,BULL RUN RESOURCES LLC,"303 LAUREL ROAD, ATHENS, TX 75751","P O BOX 1097, NEWARK, TX 76071",,,,,,,31.0126133,-96.1814626
TX,LEON (TX),GULF COAST CENTRAL,,,HH RESOURCES LLC,BULL RUN RESOURCES,NA/NA,00493160,Memorandum of lease,2026-08-17,2026-09-22,2026-08-17,36,2029-08-17,1,,24,,,571.695,558,,,,,,,0,0,BULL RUN RESOURCES LLC,"303 LAUREL ROAD, ATHENS, TX 75751","P O BOX 1097, NEWARK, TX 76071",,,,,,,31.0027131,-96.2111621
TX,LEON (TX),GULF COAST CENTRAL,,,SCHARE LTD,COMSTOCK O&G LOUISIANA,NA/NA,00493195,Memorandum of lease,2026-08-07,2026-09-22,2026-08-07,36,2029-08-07,0,,,,,216.0,654,,,,,,,0,0,COMSTOCK OIL & GAS LLC,"P O BOX 192199, DALLAS, TX 75219","5300 TOWN & COUNTRY BLVD STE 500, FRISCO, TX 75034",,,,,,,31.5331249,-95.8487632
TX,HOUSTON (TX),GULF COAST CENTRAL,,,SCOTT MARIETTA WYNNE,EXPAND ENERGY,NA/NA,20263268,Memorandum of lease,2026-07-28,2026-08-14,2026-07-28,36,2029-07-28,0,,,,,415.84,254,,,,,,,0,0,EXPAND EXPLORATION LLC,"2901 OAKHURST AVENUE, AUSTIN, TX 78703","6000 N CLASSEN BLVD, OKLAHOMA CITY, OK 73118",,,,,,,31.4743225,-95.6594686
TX,HOUSTON (TX),GULF COAST CENTRAL,,,SCOTT MARIETTA WYNNE,EXPAND ENERGY,NA/NA,20263268,Memorandum of lease,2026-07-28,2026-08-14,2026-07-28,36,2029-07-28,0,,,,,415.84,49,,,,,,,0,0,EXPAND EXPLORATION LLC,"2901 OAKHURST AVENUE, AUSTIN, TX 78703","6000 N CLASSEN BLVD, OKLAHOMA CITY, OK 73118",,,,,,,31.4444219,-95.6567690
TX,NACOGDOCHES (TX),EAST TEXAS,HAYNESVILLE - TX,EAST TEXAS,HADDOCK WAYNE DAVID,APEX NATURAL GAS,NA/NA,2026-7878,Memorandum of lease,2026-09-10,2026-09-17,2026-09-02,36,2029-09-02,1,,24,,,103.0,17,,,,,,,0,0,APEX NATURAL GAS LLC,"1006 SCENIC PLACE, ALAMOGORDO, NM 88310","1100 LOUISIANA SUITE 3800, HOUSTON, TX 77002",,,,,,,31.4943166,-94.4074959
TX,NACOGDOCHES (TX),EAST TEXAS,HAYNESVILLE - TX,EAST TEXAS,YOUNG KATHRYN GRAVINK,APEX NATURAL GAS,NA/NA,2026-7879,Memorandum of lease,2026-09-03,2026-09-17,2026-08-05,36,2029-08-05,1,,24,,,19.0,17,,,,,,,0,0,APEX NATURAL GAS LLC,"112 AMHURST AVENUE, CHATTANOOGA, TN 37411","1100 LOUISIANA SUITE 3800, HOUSTON, TX 77002",,,,,,,31.4943166,-94.4074959
TX,HOWARD (TX),MIDLAND,MIDLAND,,WARREN BEVERLY,SM ENERGY,2376/82,2026-00005261,Memorandum of lease,2026-08-24,2026-09-16,2026-08-24,36,2029-08-24,0,,,,,,709,,,,,,"Blk: 32 T1S, Sec: 42",0,0,SM ENERGY COMPANY,"1601 DANBURY LANE, MT JULIET, TN 37122","1700 LINCOLN STREET SUITE 3200, DENVER, CO 80203",,,,,,,32.1522760,-101.4475995
TX,MADISON (TX),GULF COAST CENTRAL,EAGLEBINE,GIDDINGS,POWERS SAMUEL T,BULL RUN RESOURCES,2095/260,131184,Memorandum of lease,2026-09-11,2026-09-22,2026-09-11,36,2029-09-11,1,,24,,,9.99,19,,,,,,,0,0,BULL RUN RESOURCES LLC,"P O BOX 642, NORMANGEE, TX 77871","P O BOX 1097, NEWARK, TX 76071",,,,,,,31.0125129,-96.0966646
TX,HOUSTON (TX),GULF COAST CENTRAL,,,MARSHALL MATTHEW HOWARD,EXPAND ENERGY,NA/NA,20263140,Memorandum of lease,2026-07-08,2026-08-06,2026-07-08,36,2029-07-08,1,,36,,,42.134,488,,,,,,,0,0,EXPAND EXPLORATION LLC,"229 ENGLEWOOD ROAD, CAMMACK VILLAGE, AR 72207","6000 N CLASSEN BLVD, OKLAHOMA CITY, OK 73118",,,,,,,31.5102220,-95.4856723
TX,SCURRY (TX),EASTERN SHELF,,,JARVIS L HAYES FAMILY TRUST DATED APRIL 26 2011,THREE SPAN O&G,1132/741,20262700,Lease ratification,2026-09-21,2026-09-21,2017-08-01,,,0,,,,,256.8,2447,,,,,,"Blk: Y, Sec: 31",0,0,THREE SPAN OIL & GAS INC,"124 MELBOURNE DRIVE, WILLOW PARK, TX 76087-1269",,,,,,,,32.5302854,-100.7586096
TX,SCURRY (TX),EASTERN SHELF,,,JARVIS L HAYES FAMILY TRUST DATED APRIL 26 2011,THREE SPAN O&G,1132/741,20262700,Lease ratification,2026-09-21,2026-09-21,2017-08-01,,,0,,,,,256.8,1495,,,,,,"Blk: Y, Sec: 36",0,0,THREE SPAN OIL & GAS INC,"124 MELBOURNE DRIVE, WILLOW PARK, TX 76087-1269",,,,,,,,32.5372856,-100.7596095
TX,BRAZOS (TX),GULF COAST CENTRAL,EAGLEBINE,GIDDINGS,COURT JULIAN JOSEPH,HAWKWOOD ENERGY EAST TEXAS,20811/33,1596895,Memorandum of lease,2026-08-13,2026-09-14,2026-08-13,36,2029-08-13,1,,24,,,7.622,48,,,,,,,0,0,HAWKWOOD ENERGY EAST TEXAS LLC,"1144 PROVENCE PLACE, NEW BRAUNFELS, TX 78132","920 MEMORIAL CITY WAY SUITE 1400, HOUSTON, TX 77024",,,,,,,30.6847024,-96.5353543
TX,HOUSTON (TX),GULF COAST CENTRAL,,,EDWARDS BRUCE COLTON,EXPAND ENERGY,NA/NA,20263158,Memorandum of lease,2026-08-04,2026-08-07,2206-07-28,36,2209-07-28,1,,36,,,202.97,817,,,,,,,0,0,EXPAND EXPLORATION LLC,"421 PICCOLO, IRVINE, CA 92620","6000 N CLASSEN BLVD, OKLAHOMA CITY, OK 73118",,,,,,,31.5307223,-95.4450734
TX,HOUSTON (TX),GULF COAST CENTRAL,,,EDWARDS BRUCE COLTON,EXPAND ENERGY,NA/NA,20263158,Memorandum of lease,2026-08-04,2026-08-07,2206-07-28,36,2209-07-28,1,,36,,,202.97,865,,,,,,,0,0,EXPAND EXPLORATION LLC,"421 PICCOLO, IRVINE, CA 92620","6000 N CLASSEN BLVD, OKLAHOMA CITY, OK 73118",,,,,,,31.5391225,-95.4535730
TX,HOUSTON (TX),GULF COAST CENTRAL,,,EDWARDS BRUCE COLTON,EXPAND ENERGY,NA/NA,20263158,Memorandum of lease,2026-08-04,2026-08-07,2206-07-28,36,2209-07-28,1,,36,,,202.97,783,,,,,,,0,0,EXPAND EXPLORATION LLC,"421 PICCOLO, IRVINE, CA 92620","6000 N CLASSEN BLVD, OKLAHOMA CITY, OK 73118",,,,,,,31.5504229,-95.4716723
TX,LEON (TX),GULF COAST CENTRAL,,,SCHARE LTD,COMSTOCK O&G LOUISIANA,NA/NA,00493198,Memorandum of lease,2026-08-11,2026-09-22,2026-07-30,36,2029-07-30,0,,,,,108.0,654,,,,,,,0,0,COMSTOCK OIL & GAS LLC,"P O BOX 192199, DALLAS, TX 75219","5300 TOWN & COUNTRY BLVD STE 500, FRISCO, TX 75034",,,,,,,31.5331249,-95.8487632
TX,HOUSTON (TX),GULF COAST CENTRAL,,,MCCALL EMMETT PIERCE III,EXPAND ENERGY,NA/NA,20263283,Memorandum of lease,2026-07-20,2026-08-17,2026-07-20,36,2029-07-20,1,,36,,,104.589,1155,,,,,,,0,0,EXPAND EXPLORATION LLC,"401 GRACIOSA CV, AUSTIN, TX 78746","6000 N CLASSEN BLVD, OKLAHOMA CITY, OK 73118",,,,,,,31.5511231,-95.5092712
TX,LEON (TX),GULF COAST CENTRAL,,,RAYON DANIELLE,COMSTOCK O&G LOUISIANA,NA/NA,00493205,Memorandum of lease,2026-07-21,2026-09-22,2026-07-21,36,2029-07-21,0,,,,,50.0,982,,,,,,,0,0,COMSTOCK OIL & GAS LLC,"3404 GARTH ROAD APT 110, BAYTOWN, TX 77521","5300 TOWN & COUNTRY BLVD STE 500, FRISCO, TX 75034",,,,,,,31.5521254,-95.8552628
TX,HOUSTON (TX),GULF COAST CENTRAL,,,KELBY DELL M,EXPAND ENERGY,NA/NA,20263269,Memorandum of lease,2026-08-06,2026-08-14,2026-07-27,36,2029-07-27,1,,24,,,217.7,722,,,,,,,0,0,EXPAND EXPLORATION LLC,"4304 ROCK BEND DRIVE, COLLGE STATION, TX 77845","6000 N CLASSEN BLVD, OKLAHOMA CITY, OK 73118",,,,,,,31.5486232,-95.5251709
TX,NACOGDOCHES (TX),EAST TEXAS,HAYNESVILLE - TX,EAST TEXAS,POOL MICKEY RAY,APEX NATURAL GAS,NA/NA,2026-7810,Memorandum of lease,2026-07-28,2026-09-16,2026-07-28,36,2029-07-28,1,,24,,,164.0,17,,,,,,,0,0,APEX NATURAL GAS LLC,"4002 WEST VALLEY DRIVE, MISSOURI CITY, TX 77459","1100 LOUISIANA SUITE 3800, HOUSTON, TX 77002",,,,,,,31.4943166,-94.4074959
TX,LEON (TX),GULF COAST CENTRAL,,,ANDREW LEATHERS TRUST,COMSTOCK O&G LOUISIANA,NA/NA,00493185,Memorandum of lease,2026-08-25,2026-09-22,2026-08-25,36,2029-08-25,0,,,,,92.811,212,,,,,,,0,0,COMSTOCK OIL & GAS LLC,"9222 CR 123, CENTERVILLE, TX 75833","5300 TOWN & COUNTRY BLVD STE 500, FRISCO, TX 75034",,,,,,,31.3939223,-95.9486623
TX,LIVE OAK (TX),GULF COAST WEST,EAGLEFORD,SUGARKANE,ANDERSON JOHN C,CATURUS ENERGY,NA/NA,252018,Memorandum of lease,2026-08-26,2026-09-17,2026-03-01,36,2029-03-01,0,,,,,1.004,7,,,,,,,0,0,CATURUS ENERGY LLC,"620 RIDGEMEADOW DR, BRAUNFELS, TX 78130","730 TOWN & COUNTRY BLVD SUITE 400, HOUSTON, TX 77024",,,,,,,28.4547284,-98.2148144
TX,MADISON (TX),GULF COAST CENTRAL,EAGLEBINE,GIDDINGS,HENSARLING INTERESTS LLC,BULL RUN RESOURCES,2095/324,131198,Memorandum of lease,2026-09-22,2026-09-23,2026-09-22,60,2031-09-22,0,,,,,220.8253,115,,,,,,,0,0,BULL RUN RESOURCES LLC,"1235 HENSARLING LANE, MADISONVILLE, TX 77864","P O BOX 1097, NEWARK, TX 76071",,,,,,,30.9742119,-96.0970649
TX,MADISON (TX),GULF COAST CENTRAL,EAGLEBINE,GIDDINGS,HENSARLING INTERESTS LLC,BULL RUN RESOURCES,2095/324,131198,Memorandum of lease,2026-09-22,2026-09-23,2026-09-22,60,2031-09-22,0,,,,,220.8253,217,,,,,,,0,0,BULL RUN RESOURCES LLC,"1235 HENSARLING LANE, MADISONVILLE, TX 77864","P O BOX 1097, NEWARK, TX 76071",,,,,,,30.9723118,-96.0734655
TX,MADISON (TX),GULF COAST CENTRAL,EAGLEBINE,GIDDINGS,HENSARLING INTERESTS LLC,BULL RUN RESOURCES,2095/324,131198,Memorandum of lease,2026-09-22,2026-09-23,2026-09-22,60,2031-09-22,0,,,,,220.8253,35,,,,,,,0,0,BULL RUN RESOURCES LLC,"1235 HENSARLING LANE, MADISONVILLE, TX 77864","P O BOX 1097, NEWARK, TX 76071",,,,,,,31.0257132,-96.0657651
TX,WOOD (TX),EAST TEXAS,,,VANCE THOMAS D,TTK ENERGY,NA/NA,2026-00008285,Memorandum of lease,2026-09-09,2026-09-18,2026-08-17,60,2031-08-17,0,,,,,3.8,10,,,,,,,0,0,TTK ENERGY LLC,"5938 BREN CIRCLE, MINNETONKA, MN 55343","PO BOX 464, QUITMAN, TX 75783",,,,,,,32.8497751,-95.4625695
TX,HOUSTON (TX),GULF COAST CENTRAL,,,PARKER BRENDA J,EXPAND ENERGY,NA/NA,20263295,Memorandum of lease,2026-08-11,2026-08-17,2026-08-03,36,2029-08-03,0,,,,,142.67,844,,,,,,,0,0,EXPAND EXPLORATION LLC,"11 RANCHVIEW DRIVE, HUNTSVILLE, TX 77320","6000 N CLASSEN BLVD, OKLAHOMA CITY, OK 73118",,,,,,,31.5395227,-95.4856720
TX,NACOGDOCHES (TX),EAST TEXAS,HAYNESVILLE - TX,EAST TEXAS,STERNBERG CAROLYN RUTH,ROCK HOUSE RESOURCES,NA/NA,2026-7870,Memorandum of lease,2026-09-10,2026-09-17,2026-08-19,36,2029-08-19,1,,24,,,55.27,17,,,,,,,0,0,ROCK HOUSE RESOURCES LLC,"135 NW 16TH STREET, OAK ISLAND, NC 28465","316 BAILEY AVENUE SUITE 113, FORT WORTH, TX 76107",,,,,,,31.4943166,-94.4074959
TX,MADISON (TX),GULF COAST CENTRAL,EAGLEBINE,GIDDINGS,HUFFMAN CLARICE ANN,BULL RUN RESOURCES,2094/222,131122,Memorandum of lease,2026-08-17,2026-09-15,2026-08-15,60,2031-08-15,1,,36,,,121.8,35,,,,,,,0,0,BULL RUN RESOURCES LLC,"501 CAROL AVENUE, EL DORADO, AR 71730","P O BOX 1097, NEWARK, TX 76071",,,,,,,31.0257132,-96.0657651
TX,HOWARD (TX),MIDLAND,MIDLAND,,OTBX RESOURCES LLC,HIGHPEAK ENERGY,2376/656,2026-00005331,Memorandum of lease,2026-07-27,2026-09-18,2023-08-01,36,2026-08-01,0,,,,,652.0,1381,,,,,,"Blk: 20, Sec: 68",0,0,HIGHPEAK ENERGY ASSETS LLC,"3509 HULEN STREET SUITE 102, FORT WORTH, TX 76107","421 W 3RD STREET SUITE 1000, FORT WORTH, TX 76102",,,,,,,32.5173871,-101.2155990
TX,HOWARD (TX),MIDLAND,MIDLAND,,OTBX RESOURCES LLC,HIGHPEAK ENERGY,2376/656,2026-00005331,Memorandum of lease,2026-07-27,2026-09-18,2023-08-01,36,2026-08-01,0,,,,,652.0,1490,,,,,,"Blk: 32 T2S, Sec: 16",0,0,HIGHPEAK ENERGY ASSETS LLC,"3509 HULEN STREET SUITE 102, FORT WORTH, TX 76107","421 W 3RD STREET SUITE 1000, FORT WORTH, TX 76102",,,,,,,32.0953738,-101.4176008
TX,SCURRY (TX),EASTERN SHELF,,,JARVIS L HAYES FAMILY TRUST DTD APRIL 26 2011,MADDOX OIL PROPERTIES,1132/747,20262703,Lease ratification,2026-08-14,2026-09-21,2011-11-19,,,0,,,,,701.25,901,,,,,,"Blk: Y, Sec: 32",0,0,MADDOX OIL PROPERTIES INC,"124 MELBOURNE DRIVE, WILLOW PARK, TX 76087-1269",,,,,,,,32.5339854,-100.7386100
TX,SCURRY (TX),EASTERN SHELF,,,JARVIS L HAYES FAMILY TRUST DTD APRIL 26 2011,MADDOX OIL PROPERTIES,1132/747,20262703,Lease ratification,2026-08-14,2026-09-21,2011-11-19,,,0,,,,,701.25,399,,,,,,"Blk: 3, Sec: 159",0,0,MADDOX OIL PROPERTIES INC,"124 MELBOURNE DRIVE, WILLOW PARK, TX 76087-1269",,,,,,,,32.6115878,-100.7266094
TX,NACOGDOCHES (TX),EAST TEXAS,HAYNESVILLE - TX,EAST TEXAS,SPURGIN SASSY IRENE COX,APEX NATURAL GAS,NA/NA,2026-7815,Memorandum of lease,2026-07-29,2026-09-16,2026-07-22,36,2029-07-22,1,,24,,,87.66,17,,,,,,,0,0,APEX NATURAL GAS LLC,"272 EDWARD FARRIS ROAD, WEATHERFORD, TX 76085","1100 LOUISIANA SUITE 3800, HOUSTON, TX 77002",,,,,,,31.4943166,-94.4074959
TX,WOOD (TX),EAST TEXAS,,,WISE ROSE ANN,TTK ENERGY,NA/NA,2026-00008286,Memorandum of lease,2026-09-06,2026-09-18,2026-08-17,60,2031-08-17,0,,,,,3.8,10,,,,,,,0,0,TTK ENERGY LLC,"6 HENDRSON ST, INMAN, SC 29349","P O BOX 464, QUITMAN, TX 75783",,,,,,,32.8497751,-95.4625695
TX,LIVE OAK (TX),GULF COAST WEST,EAGLEFORD,EAGLE FORD DRY,GLEN PUSHETT CATHERINE FAY,HYDROCARBON OPERATING,NA/NA,2026-251979,Memorandum of lease,2026-08-27,2026-09-14,2026-08-27,36,2029-08-27,0,,,,,3918.62,858,,,,,,,0,0,HYDROCARBON OPERATING INC,"6452 CALLE VISTA DR, EL PASO, TX 79912","555 N CARANCAHUA ST SUITE 336, CORPUS CHRISTI, TX 78401",,,,,,,28.1927160,-98.2941133
TX,LIVE OAK (TX),GULF COAST WEST,EAGLEFORD,EAGLE FORD DRY,GLEN PUSHETT CATHERINE FAY,HYDROCARBON OPERATING,NA/NA,2026-251979,Memorandum of lease,2026-08-27,2026-09-14,2026-08-27,36,2029-08-27,0,,,,,3918.62,857,,,,,,,0,0,HYDROCARBON OPERATING INC,"6452 CALLE VISTA DR, EL PASO, TX 79912","555 N CARANCAHUA ST SUITE 336, CORPUS CHRISTI, TX 78401",,,,,,,28.2140171,-98.2982131
TX,LIVE OAK (TX),GULF COAST WEST,EAGLEFORD,EAGLE FORD DRY,GLEN PUSHETT CATHERINE FAY,HYDROCARBON OPERATING,NA/NA,2026-251979,Memorandum of lease,2026-08-27,2026-09-14,2026-08-27,36,2029-08-27,0,,,,,3918.62,711,,,,,,,0,0,HYDROCARBON OPERATING INC,"6452 CALLE VISTA DR, EL PASO, TX 79912","555 N CARANCAHUA ST SUITE 336, CORPUS CHRISTI, TX 78401",,,,,,,28.1878157,-98.2825136
TX,LIVE OAK (TX),GULF COAST WEST,EAGLEFORD,EAGLE FORD DRY,GLEN PUSHETT CATHERINE FAY,HYDROCARBON OPERATING,NA/NA,2026-251979,Memorandum of lease,2026-08-27,2026-09-14,2026-08-27,36,2029-08-27,0,,,,,3918.62,856,,,,,,,0,0,HYDROCARBON OPERATING INC,"6452 CALLE VISTA DR, EL PASO, TX 79912","555 N CARANCAHUA ST SUITE 336, CORPUS CHRISTI, TX 78401",,,,,,,28.2244176,-98.3100127
TX,LIVE OAK (TX),GULF COAST WEST,EAGLEFORD,EAGLE FORD DRY,GLEN PUSHETT CATHERINE FAY,HYDROCARBON OPERATING,NA/NA,2026-251979,Memorandum of lease,2026-08-27,2026-09-14,2026-08-27,36,2029-08-27,0,,,,,3918.62,60,,,,,,,0,0,HYDROCARBON OPERATING INC,"6452 CALLE VISTA DR, EL PASO, TX 79912","555 N CARANCAHUA ST SUITE 336, CORPUS CHRISTI, TX 78401",,,,,,,28.2341180,-98.2989129
TX,LIVE OAK (TX),GULF COAST WEST,EAGLEFORD,EAGLE FORD DRY,GLEN PUSHETT CATHERINE FAY,HYDROCARBON OPERATING,NA/NA,2026-251979,Memorandum of lease,2026-08-27,2026-09-14,2026-08-27,36,2029-08-27,0,,,,,3918.62,636,,,,,,,0,0,HYDROCARBON OPERATING INC,"6452 CALLE VISTA DR, EL PASO, TX 79912","555 N CARANCAHUA ST SUITE 336, CORPUS CHRISTI, TX 78401",,,,,,,28.2309180,-98.3171125
TX,LIVE OAK (TX),GULF COAST WEST,EAGLEFORD,EAGLE FORD DRY,GLEN PUSHETT CATHERINE FAY,HYDROCARBON OPERATING,NA/NA,2026-251979,Memorandum of lease,2026-08-27,2026-09-14,2026-08-27,36,2029-08-27,0,,,,,3918.62,520,,,,,,,0,0,HYDROCARBON OPERATING INC,"6452 CALLE VISTA DR, EL PASO, TX 79912","555 N CARANCAHUA ST SUITE 336, CORPUS CHRISTI, TX 78401",,,,,,,28.1904159,-98.3081130
TX,LIVE OAK (TX),GULF COAST WEST,EAGLEFORD,EAGLE FORD DRY,GLEN PUSHETT CATHERINE FAY,HYDROCARBON OPERATING,NA/NA,2026-251979,Memorandum of lease,2026-08-27,2026-09-14,2026-08-27,36,2029-08-27,0,,,,,3918.62,860,,,,,,,0,0,HYDROCARBON OPERATING INC,"6452 CALLE VISTA DR, EL PASO, TX 79912","555 N CARANCAHUA ST SUITE 336, CORPUS CHRISTI, TX 78401",,,,,,,28.2005163,-98.2783136
TX,LIVE OAK (TX),GULF COAST WEST,EAGLEFORD,EAGLE FORD DRY,GLEN PUSHETT CATHERINE FAY,HYDROCARBON OPERATING,NA/NA,2026-251979,Memorandum of lease,2026-08-27,2026-09-14,2026-08-27,36,2029-08-27,0,,,,,3918.62,859,,,,,,,0,0,HYDROCARBON OPERATING INC,"6452 CALLE VISTA DR, EL PASO, TX 79912","555 N CARANCAHUA ST SUITE 336, CORPUS CHRISTI, TX 78401",,,,,,,28.2057167,-98.3042130
TX,LIVE OAK (TX),GULF COAST WEST,EAGLEFORD,EAGLE FORD DRY,GLEN PUSHETT CATHERINE FAY,HYDROCARBON OPERATING,NA/NA,2026-251979,Memorandum of lease,2026-08-27,2026-09-14,2026-08-27,36,2029-08-27,0,,,,,3918.62,1007,,,,,,,0,0,HYDROCARBON OPERATING INC,"6452 CALLE VISTA DR, EL PASO, TX 79912","555 N CARANCAHUA ST SUITE 336, CORPUS CHRISTI, TX 78401",,,,,,,28.2397184,-98.3267123
TX,LIVE OAK (TX),GULF COAST WEST,EAGLEFORD,EAGLE FORD DRY,GLEN PUSHETT CATHERINE FAY,HYDROCARBON OPERATING,NA/NA,2026-251979,Memorandum of lease,2026-08-27,2026-09-14,2026-08-27,36,2029-08-27,0,,,,,3918.62,638,,,,,,,0,0,HYDROCARBON OPERATING INC,"6452 CALLE VISTA DR, EL PASO, TX 79912","555 N CARANCAHUA ST SUITE 336, CORPUS CHRISTI, TX 78401",,,,,,,28.2477188,-98.3129125
TX,LIVE OAK (TX),GULF COAST WEST,EAGLEFORD,EAGLE FORD DRY,SANGER JOAN,HYDROCARBON OPERATING,NA/NA,2026-251986,Memorandum of lease,2026-08-17,2026-09-14,2025-12-08,36,2028-12-08,0,,,,,3918.62,858,,,,,,,0,0,HYDROCARBON OPERATING INC,333 GRANT CRESCENT 12/08/2025 ON N2K2A3,"555 N CARANCAHUA ST SUITE NO 336, CORPUS CHRISTI, TX 78401",,,,,,,28.1927160,-98.2941133
TX,LIVE OAK (TX),GULF COAST WEST,EAGLEFORD,EAGLE FORD DRY,SANGER JOAN,HYDROCARBON OPERATING,NA/NA,2026-251986,Memorandum of lease,2026-08-17,2026-09-14,2025-12-08,36,2028-12-08,0,,,,,3918.62,857,,,,,,,0,0,HYDROCARBON OPERATING INC,333 GRANT CRESCENT 12/08/2025 ON N2K2A3,"555 N CARANCAHUA ST SUITE NO 336, CORPUS CHRISTI, TX 78401",,,,,,,28.2140171,-98.2982131
TX,LIVE OAK (TX),GULF COAST WEST,EAGLEFORD,EAGLE FORD DRY,SANGER JOAN,HYDROCARBON OPERATING,NA/NA,2026-251986,Memorandum of lease,2026-08-17,2026-09-14,2025-12-08,36,2028-12-08,0,,,,,3918.62,856,,,,,,,0,0,HYDROCARBON OPERATING INC,333 GRANT CRESCENT 12/08/2025 ON N2K2A3,"555 N CARANCAHUA ST SUITE NO 336, CORPUS CHRISTI, TX 78401",,,,,,,28.2244176,-98.3100127
TX,LIVE OAK (TX),GULF COAST WEST,EAGLEFORD,EAGLE FORD DRY,SANGER JOAN,HYDROCARBON OPERATING,NA/NA,2026-251986,Memorandum of lease,2026-08-17,2026-09-14,2025-12-08,36,2028-12-08,0,,,,,3918.62,636,,,,,,,0,0,HYDROCARBON OPERATING INC,333 GRANT CRESCENT 12/08/2025 ON N2K2A3,"555 N CARANCAHUA ST SUITE NO 336, CORPUS CHRISTI, TX 78401",,,,,,,28.2309180,-98.3171125
TX,LIVE OAK (TX),GULF COAST WEST,EAGLEFORD,EAGLE FORD DRY,SANGER JOAN,HYDROCARBON OPERATING,NA/NA,2026-251986,Memorandum of lease,2026-08-17,2026-09-14,2025-12-08,36,2028-12-08,0,,,,,3918.62,860,,,,,,,0,0,HYDROCARBON OPERATING INC,333 GRANT CRESCENT 12/08/2025 ON N2K2A3,"555 N CARANCAHUA ST SUITE NO 336, CORPUS CHRISTI, TX 78401",,,,,,,28.2005163,-98.2783136
TX,LIVE OAK (TX),GULF COAST WEST,EAGLEFORD,EAGLE FORD DRY,SANGER JOAN,HYDROCARBON OPERATING,NA/NA,2026-251986,Memorandum of lease,2026-08-17,2026-09-14,2025-12-08,36,2028-12-08,0,,,,,3918.62,859,,,,,,,0,0,HYDROCARBON OPERATING INC,333 GRANT CRESCENT 12/08/2025 ON N2K2A3,"555 N CARANCAHUA ST SUITE NO 336, CORPUS CHRISTI, TX 78401",,,,,,,28.2057167,-98.3042130
TX,LIVE OAK (TX),GULF COAST WEST,EAGLEFORD,EAGLE FORD DRY,SANGER JOAN,HYDROCARBON OPERATING,NA/NA,2026-251986,Memorandum of lease,2026-08-17,2026-09-14,2025-12-08,36,2028-12-08,0,,,,,3918.62,638,,,,,,,0,0,HYDROCARBON OPERATING INC,333 GRANT CRESCENT 12/08/2025 ON N2K2A3,"555 N CARANCAHUA ST SUITE NO 336, CORPUS CHRISTI, TX 78401",,,,,,,28.2477188,-98.3129125
TX,NACOGDOCHES (TX),EAST TEXAS,HAYNESVILLE - TX,EAST TEXAS,PAINE STEPHEN C,APEX NATURAL GAS,NA/NA,2026-7802,Memorandum of lease,2026-07-21,2026-09-16,2026-07-13,36,2029-07-13,1,,24,,,2.5,17,,,,,,,0,0,APEX NATURAL GAS LLC,"9323 HIGHMEADOW DR, HOUSTON, TX 77063","1100 LOUISIANA SUITE 3800, HOUSTON, TX 77002",,,,,,,31.4943166,-94.4074959
TX,LIVE OAK (TX),GULF COAST WEST,EAGLEFORD,EAGLE FORD DRY,RALPH ARCHENHOLD REVOCABLE TRUST,HYDROCARBON OPERATING,NA/NA,2026-251985,Memorandum of lease,2026-08-05,2026-09-14,2026-08-05,36,2029-08-05,0,,,,,3918.62,858,,,,,,,0,0,HYDROCARBON OPERATING INC,"PO BOX 1600, SAN ANTNO, TX 78296-1600","555 N CARANCAHUA ST SUITE NO 336, CORPUS CHRISTI, TX 78401",,,,,,,28.1927160,-98.2941133
TX,LIVE OAK (TX),GULF COAST WEST,EAGLEFORD,EAGLE FORD DRY,RALPH ARCHENHOLD REVOCABLE TRUST,HYDROCARBON OPERATING,NA/NA,2026-251985,Memorandum of lease,2026-08-05,2026-09-14,2026-08-05,36,2029-08-05,0,,,,,3918.62,857,,,,,,,0,0,HYDROCARBON OPERATING INC,"PO BOX 1600, SAN ANTNO, TX 78296-1600","555 N CARANCAHUA ST SUITE NO 336, CORPUS CHRISTI, TX 78401",,,,,,,28.2140171,-98.2982131
TX,LIVE OAK (TX),GULF COAST WEST,EAGLEFORD,EAGLE FORD DRY,RALPH ARCHENHOLD REVOCABLE TRUST,HYDROCARBON OPERATING,NA/NA,2026-251985,Memorandum of lease,2026-08-05,2026-09-14,2026-08-05,36,2029-08-05,0,,,,,3918.62,856,,,,,,,0,0,HYDROCARBON OPERATING INC,"PO BOX 1600, SAN ANTNO, TX 78296-1600","555 N CARANCAHUA ST SUITE NO 336, CORPUS CHRISTI, TX 78401",,,,,,,28.2244176,-98.3100127
TX,LIVE OAK (TX),GULF COAST WEST,EAGLEFORD,EAGLE FORD DRY,RALPH ARCHENHOLD REVOCABLE TRUST,HYDROCARBON OPERATING,NA/NA,2026-251985,Memorandum of lease,2026-08-05,2026-09-14,2026-08-05,36,2029-08-05,0,,,,,3918.62,636,,,,,,,0,0,HYDROCARBON OPERATING INC,"PO BOX 1600, SAN ANTNO, TX 78296-1600","555 N CARANCAHUA ST SUITE NO 336, CORPUS CHRISTI, TX 78401",,,,,,,28.2309180,-98.3171125
TX,LIVE OAK (TX),GULF COAST WEST,EAGLEFORD,EAGLE FORD DRY,RALPH ARCHENHOLD REVOCABLE TRUST,HYDROCARBON OPERATING,NA/NA,2026-251985,Memorandum of lease,2026-08-05,2026-09-14,2026-08-05,36,2029-08-05,0,,,,,3918.62,860,,,,,,,0,0,HYDROCARBON OPERATING INC,"PO BOX 1600, SAN ANTNO, TX 78296-1600","555 N CARANCAHUA ST SUITE NO 336, CORPUS CHRISTI, TX 78401",,,,,,,28.2005163,-98.2783136
TX,LIVE OAK (TX),GULF COAST WEST,EAGLEFORD,EAGLE FORD DRY,RALPH ARCHENHOLD REVOCABLE TRUST,HYDROCARBON OPERATING,NA/NA,2026-251985,Memorandum of lease,2026-08-05,2026-09-14,2026-08-05,36,2029-08-05,0,,,,,3918.62,859,,,,,,,0,0,HYDROCARBON OPERATING INC,"PO BOX 1600, SAN ANTNO, TX 78296-1600","555 N CARANCAHUA ST SUITE NO 336, CORPUS CHRISTI, TX 78401",,,,,,,28.2057167,-98.3042130
TX,LIVE OAK (TX),GULF COAST WEST,EAGLEFORD,EAGLE FORD DRY,RALPH ARCHENHOLD REVOCABLE TRUST,HYDROCARBON OPERATING,NA/NA,2026-251985,Memorandum of lease,2026-08-05,2026-09-14,2026-08-05,36,2029-08-05,0,,,,,3918.62,638,,,,,,,0,0,HYDROCARBON OPERATING INC,"PO BOX 1600, SAN ANTNO, TX 78296-1600","555 N CARANCAHUA ST SUITE NO 336, CORPUS CHRISTI, TX 78401",,,,,,,28.2477188,-98.3129125
TX,HOWARD (TX),MIDLAND,MIDLAND,,FORTIS MINERALS II LLC,OXYROCK LP,2375/374,2026-00005181,Memorandum of lease,2026-07-22,2026-09-14,2026-06-15,36,2029-06-15,0,,,,,161.3,1530,,,,,,"Blk: 34 T1S, Sec: 6",0,0,OXYROCK LP,"P O BOX 470698, FORT WORTH, TX 76147","5 GREENWAY PLAZA SUITE 110, HOUSTON, TX 77046",,,,,,,32.1967789,-101.6685936
TX,LEON (TX),GULF COAST CENTRAL,,,JENKINS KIMBERLY,COMSTOCK O&G LOUISIANA,NA/NA,00493203,Memorandum of lease,2026-08-18,2026-09-22,2026-08-11,60,2031-08-11,0,,,,,25.11,982,,,,,,,0,0,COMSTOCK OIL & GAS LLC,"15603 WALNUT NOOK COURT, COLLEGE STATION, TX 77845","5300 TOWN & COUNTRY BLVD STE 500, FRISCO, TX 75034",,,,,,,31.5521254,-95.8552628
TX,NACOGDOCHES (TX),EAST TEXAS,HAYNESVILLE - TX,EAST TEXAS,HIGH DESERT CONSULTANTS LLC,APEX NATURAL GAS,NA/NA,2026-7785,Memorandum of lease,2026-07-27,2026-09-16,2026-02-23,36,2029-02-23,1,,24,,,402.12,56,,,,,,,0,0,APEX NATURAL GAS LLC,"P O BOX 84, HIGH ROLLS MOUNTIAN PARK, NM 88325","1100 LOUISIANA SUITE 3800, HOUSTON, TX 77002",,,,,,,31.4436156,-94.3616978
TX,LEON (TX),GULF COAST CENTRAL,,,BARNES DAVID MOORE,COMSTOCK O&G LOUISIANA,NA/NA,00493213,Memorandum of lease,2026-07-14,2026-09-22,2026-06-11,36,2029-06-11,1,,24,,,30.4373,588,,,,,,,0,0,COMSTOCK OIL & GAS LLC,"124 ROCKY WATER POINTE, WELLFORD, SC 29385","5300 TOWN & COUNTRY BLVD STE 500, FRISCO, TX 75034",,,,,,,31.5832261,-95.8490627
TX,MARTIN (TX),MIDLAND,MIDLAND,,TUCKER ROBERTA J,OVINTIV PROD,1126/195,263357,Memorandum of lease,2026-08-24,2026-09-15,2026-08-09,36,2029-08-09,0,,,,,,180,,,,,,"Blk: 36 T3N, Sec: 11",0,0,OVINTIV USA INC,"3350 SILVER OAKS DRIVE, ABILENE, TX 79606","370 17TH STREET SUITE 1700, DENVER, CO 80202",,,,,,,32.4435906,-101.9655760
TX,MARTIN (TX),MIDLAND,MIDLAND,,SOFTVEST LP,DE WEST TEXAS,1126/295,263380,Memorandum of lease,2026-08-17,2026-09-16,2026-08-16,36,2029-08-16,0,,,,,800.0,21,,,,,,"Blk: 34 T3N, Sec: 17",0,0,DE WEST TEXAS LLC,"P O BOX 89, ABILENE, TX 79604","3724 HULEN ST, FORT WORTH, TX 76107",,,,,,,32.5046893,-101.7545849
TX,MARTIN (TX),MIDLAND,MIDLAND,,SOFTVEST LP,DE WEST TEXAS,1126/295,263380,Memorandum of lease,2026-08-17,2026-09-16,2026-08-16,36,2029-08-16,0,,,,,800.0,866,,,,,,"Blk: 38 T1S, Sec: 16",0,0,DE WEST TEXAS LLC,"P O BOX 89, ABILENE, TX 79604","3724 HULEN ST, FORT WORTH, TX 76107",,,,,,,32.0795787,-102.0285851
TX,MARTIN (TX),MIDLAND,MIDLAND,,SOFTVEST LP,DE WEST TEXAS,1126/295,263380,Memorandum of lease,2026-08-17,2026-09-16,2026-08-16,36,2029-08-16,0,,,,,800.0,955,,,,,,"Blk: 38 T1S, Sec: 16",0,0,DE WEST TEXAS LLC,"P O BOX 89, ABILENE, TX 79604","3724 HULEN ST, FORT WORTH, TX 76107",,,,,,,32.0873789,-102.0245851
TX,MARTIN (TX),MIDLAND,MIDLAND,,MCGUIRE CAROLYN A,ENDEAVOR ENERGY,1127/1,263432,Memorandum of lease,2026-08-31,2026-09-17,2025-05-01,36,2028-05-01,0,,,,,9.11,1093,,,,,,"Blk: 37 T2N, Sec: 34",0,0,ENDEAVOR ENERGY RESOURCES L P,"2332 DN LISTER AVENUE, CHICAGO, IL 60614","110 N MARIENFELD ST, MIDLAND, TX 79701",,,,,,,32.2606844,-102.0145819
TX,MARTIN (TX),MIDLAND,MIDLAND,,RODRIGUEZ RICHARD ERIC,ENDEAVOR ENERGY,1127/171,263451,Memorandum of lease,2026-08-06,2026-09-18,2025-02-01,36,2028-02-01,0,,,,,20.0,325,,,,,,"Blk: A, Sec: 46",0,0,ENDEAVOR ENERGY RESOURCES L P,"4209 MIDLAND AVE, SNYDER, TX 79549","500 WEST TEXAS AVENUE SUITE 100, MIDLAND, TX 79701",,,,,,,32.3606846,-101.7245890
TX,RUSK (TX),EAST TEXAS,HAYNESVILLE - TX,EAST TEXAS - HAYNESVILLE NORTH,BRIGGS DONNA JEAN,BISON ENERGY GROUP LLC,NA/NA,2026-275751,Memorandum of lease,2026-09-01,2026-09-15,2026-09-01,36,2029-09-01,1,,36,,,8.0,145,,,,,,,0,0,BISON ENERGY GROUP LLC,"206 CUMBERLAND LANE, HENDERSON, TX 75652","6100 WESTERN PLACE SUITE 911, FORT WORTH, TX 76107",,,,,,,32.1711402,-94.7148892
TX,MARTIN (TX),MIDLAND,MIDLAND,,SOFTVEST LP,DE WEST TEXAS,1126/299,263381,Memorandum of lease,2026-08-17,2026-09-16,2026-08-16,36,2029-08-16,0,,,,,640.0,1020,,,,,,"Blk: 35 T2N, Sec: 30",0,0,DE WEST TEXAS LLC,"P O BOX 89, ABILENE, TX 79604","3724 HULEN ST, FORT WORTH, TX 76107",,,,,,,32.3177838,-101.7825881
TX,MARTIN (TX),MIDLAND,MIDLAND,,SOFTVEST LP,DE WEST TEXAS,1126/299,263381,Memorandum of lease,2026-08-17,2026-09-16,2026-08-16,36,2029-08-16,0,,,,,640.0,871,,,,,,"Blk: 39 T1S, Sec: 12",0,0,DE WEST TEXAS LLC,"P O BOX 89, ABILENE, TX 79604","3724 HULEN ST, FORT WORTH, TX 76107",,,,,,,32.0882796,-102.0815833
TX,RUSK (TX),EAST TEXAS,HAYNESVILLE - TX,EAST TEXAS - HAYNESVILLE NORTH,TYER ROYALTY LLC,SABINE EAST TEXAS BASIN,NA/NA,2026-275721,Memorandum of lease,2026-08-04,2026-09-15,2026-08-04,36,2029-08-04,0,,,,,60.1,162,,,,,,,0,0,SABINE EAST TEXAS BASIN LLC,"259 LUMBERMAN ROAD, ARDMORE, OK 73401","1415 LOUISIANA STREET SUITE 1600, HOUSTON, TX 77002",,,,,,,32.3070465,-94.8849844
TX,MARTIN (TX),MIDLAND,MIDLAND,,RODRIGUEZ REBECCA ANNETTE,ENDEAVOR ENERGY,1127/160,263448,Memorandum of lease,2026-08-06,2026-09-18,2025-02-01,36,2028-02-01,0,,,,,20.0,325,,,,,,"Blk: A, Sec: 46",0,0,ENDEAVOR ENERGY RESOURCES L P,"2701 33RD ST, SNYDER, TX 79549","500 WEST TEXAS AVENUE SUITE 100, MIDLAND, TX 79701",,,,,,,32.3606846,-101.7245890
TX,RUSK (TX),EAST TEXAS,HAYNESVILLE - TX,EAST TEXAS - HAYNESVILLE NORTH,GAMMEL DOROTHY JEAN,SABINE EAST TEXAS BASIN,NA/NA,2026-275723,Memorandum of lease,2026-08-13,2026-09-15,2026-06-03,36,2029-06-03,1,,24,,,197.82,27,,,,,,,0,0,SABINE EAST TEXAS BASIN LLC,"107 RED BUD LN, BAYTOWN, TX 77520","1415 LOUISIANA STREET SUITE 1600, HOUSTON, TX 77002",,,,,,,32.1507403,-94.9123836
TX,RUSK (TX),EAST TEXAS,HAYNESVILLE - TX,EAST TEXAS - HAYNESVILLE NORTH,GAMMEL DOROTHY JEAN,SABINE EAST TEXAS BASIN,NA/NA,2026-275723,Memorandum of lease,2026-08-13,2026-09-15,2026-06-03,36,2029-06-03,1,,24,,,197.82,47,,,,,,,0,0,SABINE EAST TEXAS BASIN LLC,"107 RED BUD LN, BAYTOWN, TX 77520","1415 LOUISIANA STREET SUITE 1600, HOUSTON, TX 77002",,,,,,,32.1906421,-94.9126836
TX,MARTIN (TX),MIDLAND,MIDLAND,,GARY J LAMB INC,DESERT PECAN 8 LP,1126/588,263412,Memorandum of lease,2026-08-31,2026-09-17,2026-08-31,36,2029-08-31,0,,,,,,664,,,,,,"Blk: 36 T1S, Sec: 8",0,0,DESERT PECAN 8 LP,"P O BOX 3383, MIDLAND, TX 79702","P O BOX 3579, MIDLAND, TX 79702",,,,,,,32.1378785,-101.8455895
TX,MARTIN (TX),MIDLAND,MIDLAND,,GARY J LAMB INC,DESERT PECAN 8 LP,1126/588,263412,Memorandum of lease,2026-08-31,2026-09-17,2026-08-31,36,2029-08-31,0,,,,,,1022,,,,,,"Blk: 36 T1S, Sec: 8",0,0,DESERT PECAN 8 LP,"P O BOX 3383, MIDLAND, TX 79702","P O BOX 3579, MIDLAND, TX 79702",,,,,,,32.1325784,-101.8525894
TX,MARTIN (TX),MIDLAND,MIDLAND,,GARY J LAMB INC,DESERT PECAN 8 LP,1126/588,263412,Memorandum of lease,2026-08-31,2026-09-17,2026-08-31,36,2029-08-31,0,,,,,,1016,,,,,,"Blk: 36 T1S, Sec: 8",0,0,DESERT PECAN 8 LP,"P O BOX 3383, MIDLAND, TX 79702","P O BOX 3579, MIDLAND, TX 79702",,,,,,,32.1411787,-101.8545892
TX,MARTIN (TX),MIDLAND,MIDLAND,,GARY J LAMB INC,DESERT PECAN 8 LP,1126/588,263412,Memorandum of lease,2026-08-31,2026-09-17,2026-08-31,36,2029-08-31,0,,,,,,1014,,,,,,"Blk: 36 T1S, Sec: 8",0,0,DESERT PECAN 8 LP,"P O BOX 3383, MIDLAND, TX 79702","P O BOX 3579, MIDLAND, TX 79702",,,,,,,32.1376786,-101.8535893
TX,RUSK (TX),EAST TEXAS,HAYNESVILLE - TX,EAST TEXAS - HAYNESVILLE NORTH,WILROY JANICE MURRAY,BUCKHORN ETX,NA/NA,2026-275713,Lease ratification,2026-09-04,2026-09-15,2025-11-14,,,0,,,,,48.62,377,,,,,,,0,0,BUCKHORN ETX LLC,"801 BOONWOOD ROAD, HUNTINGTON, TX 75949","120 ST LOUISE AVENUE SUITE 132, FORT WORTH, TX 76104",,,,,,,32.1125376,-94.6111928
TX,RUSK (TX),EAST TEXAS,HAYNESVILLE - TX,EAST TEXAS - HAYNESVILLE NORTH,WILROY JANICE MURRAY,BUCKHORN ETX,NA/NA,2026-275713,Lease ratification,2026-09-04,2026-09-15,2025-11-14,,,0,,,,,48.62,93,,,,,,,0,0,BUCKHORN ETX LLC,"801 BOONWOOD ROAD, HUNTINGTON, TX 75949","120 ST LOUISE AVENUE SUITE 132, FORT WORTH, TX 76104",,,,,,,32.0989371,-94.6099928
TX,COOKE (TX),FORT WORTH,BARNETT,BARNETT DRY WINDOW,GREG A DYKES AND LAURIE A DYKES OATH TRUST,MARIETTA HOLDINGS LLC,2809/822,7055,Lease ratification,2026-08-29,2026-09-16,2024-05-28,,,0,,,,,596.3867,1342,,,,,,"Blk: 9, Sec: 2",0,0,MARIETTA HOLDINGS LLC,,"320S BOSTON AVE STE 950, TULSA, OK 74103",,,,,,,33.8481972,-96.9950137
TX,COOKE (TX),FORT WORTH,BARNETT,BARNETT DRY WINDOW,GREG A DYKES AND LAURIE A DYKES OATH TRUST,MARIETTA HOLDINGS LLC,2809/822,7055,Lease ratification,2026-08-29,2026-09-16,2024-05-28,,,0,,,,,596.3867,1045,,,,,,,0,0,MARIETTA HOLDINGS LLC,,"320S BOSTON AVE STE 950, TULSA, OK 74103",,,,,,,33.8590975,-97.0014135
TX,MARTIN (TX),MIDLAND,MIDLAND,,RODRIGUEZ GUADALUPE MATA ESTATE OF,ENDEAVOR ENERGY,1127/166,263450,Memorandum of lease,2026-08-06,2026-09-18,2025-02-01,36,2028-02-01,0,,,,,20.0,325,,,,,,"Blk: A, Sec: 46",0,0,ENDEAVOR ENERGY RESOURCES L P,,"500 WEST TEXAS AVENUE SUITE 100, MIDLAND, TX 79701",,,,,,,32.3606846,-101.7245890
TX,RUSK (TX),EAST TEXAS,HAYNESVILLE - TX,EAST TEXAS - HAYNESVILLE NORTH,LAMPKIN DANNY RAY,SABINE EAST TEXAS BASIN,NA/NA,2026-275718,Memorandum of lease,2026-08-17,2026-09-15,2026-08-05,36,2029-08-05,0,,,,,60.1,162,,,,,,,0,0,SABINE EAST TEXAS BASIN LLC,"1180 HARRISON ROAD, DENISON, TX 75021","1415 LOUISIANA STREET SUITE 1600, HOUSTON, TX 77002",,,,,,,32.3070465,-94.8849844
TX,MARTIN (TX),MIDLAND,MIDLAND,,CROWNROCK MINERALS LP,CROWNPOINT PROPERTIES LP,1127/243,263460,Lease,2026-08-31,2026-09-18,2026-08-14,36,2029-08-14,0,,,,0.25,666.58,933,,,,,,"Blk: 37 T1N, Sec: 46",0,0,CROWNPOINT PROPERTIES LP,"P O BOX 51933, MIDLAND, TX 79710","18 DESTA DRIVE, MIDLAND, TX 79705",,,,,,,32.1458796,-101.9235871
TX,MARTIN (TX),MIDLAND,MIDLAND,,CROWNROCK MINERALS LP,CROWNPOINT PROPERTIES LP,1127/243,263460,Lease,2026-08-31,2026-09-18,2026-08-14,36,2029-08-14,0,,,,0.25,666.58,1030,,,,,,"Blk: 37 T1N, Sec: 46",0,0,CROWNPOINT PROPERTIES LP,"P O BOX 51933, MIDLAND, TX 79710","18 DESTA DRIVE, MIDLAND, TX 79705",,,,,,,32.1529799,-101.9265869
TX,MARTIN (TX),MIDLAND,MIDLAND,,VOGLER JON A,CRESTA EXPL,1126/695,263423,Lease ratification,2026-08-07,2026-09-17,2026-06-11,,,0,,,,,81.26,21,,,,,,"Blk: 34 T3N, Sec: 17",0,0,CRESTA EXPLORATION LLC,,,,,,,,,32.5046893,-101.7545849
TX,RUSK (TX),EAST TEXAS,HAYNESVILLE - TX,EAST TEXAS - HAYNESVILLE NORTH,VERA BANK N A,SABINE EAST TEXAS BASIN,NA/NA,2026-275722,Memorandum of lease,2026-09-03,2026-09-15,2017-07-18,36,2020-07-18,0,,,,,129.01,6,,,,,,,0,0,SABINE EAST TEXAS BASIN LLC,"P O BOX 820, P O BOX 820, TX 75653","1415 LOUISIANA STREET SUITE 1600, HOUSTON, TX 77002",,,,,,,32.0913377,-94.9228834
TX,COOKE (TX),FORT WORTH,BARNETT,BARNETT DRY WINDOW,FARRELL TIMOTHY WAYNE,MARIETTA HOLDINGS LLC,2809/826,7057,Memorandum of lease,2026-07-21,2026-09-16,2026-07-21,36,2029-07-21,1,,24,,,400.0,446,,,,,,,0,0,MARIETTA HOLDINGS LLC,"815 FAIRWAY DR, LONGVIEW, TX 75604","320 S BOSTON AVE STE 950, TULSA, OK 74103",,,,,,,33.8359969,-97.0138132
TX,MARTIN (TX),MIDLAND,MIDLAND,,IRETON RANDY,OVINTIV PROD,1126/198,263358,Memorandum of lease,2026-08-24,2026-09-15,2026-08-23,36,2029-08-23,0,,,,,,180,,,,,,"Blk: 36 T3N, Sec: 11",0,0,OVINTIV USA INC,"5503 MERKENS DRIVE, SAN ANTONIO, TX 78240","370 17TH STREET SUITE 1700, DENVER, CO 80202",,,,,,,32.4435906,-101.9655760
TX,MARTIN (TX),MIDLAND,MIDLAND,,VOGLER DON E,CRESTA EXPL,1126/698,263424,Lease ratification,2026-08-06,2026-09-17,2026-06-11,,,0,,,,,160.0,21,,,,,,"Blk: 38 T1S, Sec: 21",0,0,CRESTA EXPLORATION LLC,,,,,,,,,32.0657782,-102.0235855
TX,MARTIN (TX),MIDLAND,MIDLAND,,RODRIGUEZ STEPHEN EDWARD,ENDEAVOR ENERGY,1127/157,263447,Memorandum of lease,2026-08-13,2026-09-18,2025-02-01,36,2028-02-01,0,,,,,20.0,325,,,,,,"Blk: A, Sec: 46",0,0,ENDEAVOR RESOURCES L P,"1602 MOSSWOOD CIRCLE, GARLAND, TX 75042","500 WEST TEXAS AVENUE SUITE 100, MIDLAND, TX 79701",,,,,,,32.3606846,-101.7245890
TX,RUSK (TX),EAST TEXAS,HAYNESVILLE - TX,EAST TEXAS - HAYNESVILLE NORTH,NELSON RACHAEL SHAYNA HIBBARD,BUCKHORN ETX,NA/NA,2026-275712,Lease ratification,2026-09-08,2026-09-15,2025-11-14,,,0,,,,,48.62,377,,,,,,,0,0,BUCKHORN ETX LLC,"7980 BRAYDEN PT APT 206, COLARADO SPRINGS, CO 80920","120 ST LOUISE AVENUE SUITE 132, FORT WORTH, TX 76104",,,,,,,32.1125376,-94.6111928
TX,RUSK (TX),EAST TEXAS,HAYNESVILLE - TX,EAST TEXAS - HAYNESVILLE NORTH,NELSON RACHAEL SHAYNA HIBBARD,BUCKHORN ETX,NA/NA,2026-275712,Lease ratification,2026-09-08,2026-09-15,2025-11-14,,,0,,,,,48.62,93,,,,,,,0,0,BUCKHORN ETX LLC,"7980 BRAYDEN PT APT 206, COLARADO SPRINGS, CO 80920","120 ST LOUISE AVENUE SUITE 132, FORT WORTH, TX 76104",,,,,,,32.0989371,-94.6099928
TX,RUSK (TX),EAST TEXAS,HAYNESVILLE - TX,EAST TEXAS - HAYNESVILLE NORTH,WORLEY BERNICE L,SABINE EAST TEXAS BASIN,NA/NA,2026-275725,Memorandum of lease,2026-08-13,2026-09-15,2026-08-10,36,2029-08-10,0,,,,,31.55,27,,,,,,,0,0,SABINE EAST TEXAS BASIN LLC,"6791 FM 13 E, TROUP, TX 75789","1415 LOUISIANA STREET SUITE 1600, HOUSTON, TX 77002",,,,,,,32.1507403,-94.9123836
TX,LEON (TX),GULF COAST CENTRAL,,,WHITE HEIDI RENEE,SYNDICATED ENERGY MANAGEMENT LLC,NA/NA,00493148,Memorandum of lease,2026-08-27,2026-09-21,2026-08-21,36,2029-08-21,0,,,,,101.58,314,,,,,,,0,0,SYNDICATED ENERGY MANAGEMENT LLC,"3009 LOUISIANA, DEER PARK, TX 77536","215 WEST BANDERA ROAD SUITE 114 703, BOERNE, TX 78006",,,,,,,31.0968151,-96.0521643
TX,LEON (TX),GULF COAST CENTRAL,,,KING LINDA JEAN,SYNDICATED ENERGY MANAGEMENT LLC,NA/NA,00493151,Memorandum of lease,2026-08-28,2026-09-21,2026-08-21,36,2029-08-21,0,,,,,101.58,314,,,,,,,0,0,SYNDICATED ENERGY MANAGEMENT LLC,"5525 ALEXANDER, BRYAN, TX 77808","215 WEST BANDERA SUITE 114 703, BOERNE, TX 78006",,,,,,,31.0968151,-96.0521643
TX,LEON (TX),GULF COAST CENTRAL,,,MULLEN VICKI SUE,SYNDICATED ENERGY MANAGEMENT LLC,NA/NA,00493150,Memorandum of lease,2026-08-19,2026-09-21,2026-08-13,36,2029-08-13,0,,,,,150.0,6,,,,,,,0,0,SYNDICATED ENERGY MANAGEMENT LLC,"8540 FM 1119, CENTERVILLE, TX 75833","215 WEST BANDERA ROAD SUITE 114 703, BOERNE, TX 78006",,,,,,,31.1146157,-96.0766634
TX,SMITH (TX),EAST TEXAS,HAYNESVILLE - TX,EAST TEXAS - HAYNESVILLE NORTH,GENTRY ROBERT LEE,LOST PINES ENERGY LLC,NA/NA,202601028412,Memorandum of lease,2026-09-15,2026-09-18,2026-09-10,36,2029-09-10,1,,24,,,30.0,786,,,,,,,0,0,LOST PINES ENERGY LLC,"315 W 3RD STREET, TYLER, TX 75701","4608 KINSEY DR, TYLER, TX 75703",,,,,,,32.3845517,-95.2377730
TX,SMITH (TX),EAST TEXAS,HAYNESVILLE - TX,EAST TEXAS - HAYNESVILLE NORTH,GENTRY ROBERT LEE,LOST PINES ENERGY LLC,NA/NA,202601028412,Memorandum of lease,2026-09-15,2026-09-18,2026-09-10,36,2029-09-10,1,,24,,,30.0,433,,,,,,,0,0,LOST PINES ENERGY LLC,"315 W 3RD STREET, TYLER, TX 75701","4608 KINSEY DR, TYLER, TX 75703",,,,,,,32.3846516,-95.2255735
TX,SMITH (TX),EAST TEXAS,HAYNESVILLE - TX,EAST TEXAS - HAYNESVILLE NORTH,CURTIS ROBERT C,LOST PINES ENERGY LLC,NA/NA,202601028408,Memorandum of lease,2026-09-04,2026-09-18,2026-08-31,36,2029-08-31,1,,24,,,30.0,786,,,,,,,0,0,LOST PINES ENERGY LLC,"5816 QUAIL CREEK DRIVE, TYLER, TX 75703","4608 KINSEY DR, TYLER, TX 75703",,,,,,,32.3845517,-95.2377730
TX,SMITH (TX),EAST TEXAS,HAYNESVILLE - TX,EAST TEXAS - HAYNESVILLE NORTH,CURTIS ROBERT C,LOST PINES ENERGY LLC,NA/NA,202601028408,Memorandum of lease,2026-09-04,2026-09-18,2026-08-31,36,2029-08-31,1,,24,,,30.0,433,,,,,,,0,0,LOST PINES ENERGY LLC,"5816 QUAIL CREEK DRIVE, TYLER, TX 75703","4608 KINSEY DR, TYLER, TX 75703",,,,,,,32.3846516,-95.2255735
TX,LEON (TX),GULF COAST CENTRAL,,,BAKER IRENE BROWN,MITSUI E&P,NA/NA,00493158,Memorandum of lease,2026-08-14,2026-09-21,2026-08-14,36,2029-08-14,0,,,,,71.54,202,,,,,,,0,0,MITSUI E&P USA LLC,"1015 20TH ST, GALVESTON, TX 77550","1300 POST OAK BLVD SUITE 1100, HOUSTON, TX 77056",,,,,,,31.5093250,-95.9470607
TX,LEON (TX),GULF COAST CENTRAL,,,SCOTT THOMAS R,BULL RUN RESOURCES,NA/NA,00493129,Memorandum of lease,2026-08-26,2026-09-21,2026-08-26,36,2029-08-26,1,,24,,,126.34,21,,,,,,,0,0,BULL RUN RESOURCES LLC,"183 WILL OWENS DRIVE, CENTRAL, SC 29630","P O BOX 1097, NEWARK, TX 76071",,,,,,,31.0503141,-96.1134636
TX,SMITH (TX),EAST TEXAS,HAYNESVILLE - TX,EAST TEXAS - HAYNESVILLE NORTH,FRANCIS LAURA MORTON,LOST PINES ENERGY LLC,NA/NA,202601028409,Memorandum of lease,2026-09-09,2026-09-18,2026-09-03,36,2029-09-03,1,,24,,,14.0,463,,,,,,,0,0,LOST PINES ENERGY LLC,"3335 CR 328 E, TYLER, TX 75708","4608 KINSEY DR, TYLER, TX 75703",,,,,,,,
TX,LEON (TX),GULF COAST CENTRAL,,,BOETTCHER JOSEPH CLINTON JR,BULL RUN RESOURCES,NA/NA,00493125,Memorandum of lease,2026-08-28,2026-09-21,2026-08-28,60,2031-08-28,1,,24,,,166.0,30,,,,,,,0,0,BULL RUN RESOURCES LLC,"523 C FM 3179, HUNTSVILLE, TX 77340","P O BOX 1097, NEWARK, TX 76071",,,,,,,31.0787152,-96.1982610
TX,SMITH (TX),EAST TEXAS,HAYNESVILLE - TX,EAST TEXAS - HAYNESVILLE NORTH,BEASLEY CHRISTOPHER,LOST PINES ENERGY LLC,NA/NA,202601028414,Memorandum of lease,2026-09-09,2026-09-18,2026-09-09,36,2029-09-09,1,,24,,,235.234,584,,,,,,,0,0,LOST PINES ENERGY LLC,,"4608 KINSEY DR, TYLER, TX 75703",,,,,,,32.3833517,-95.2477727
TX,SMITH (TX),EAST TEXAS,HAYNESVILLE - TX,EAST TEXAS - HAYNESVILLE NORTH,BEASLEY CHRISTOPHER,LOST PINES ENERGY LLC,NA/NA,202601028414,Memorandum of lease,2026-09-09,2026-09-18,2026-09-09,36,2029-09-09,1,,24,,,235.234,786,,,,,,,0,0,LOST PINES ENERGY LLC,,"4608 KINSEY DR, TYLER, TX 75703",,,,,,,32.3845517,-95.2377730
TX,SMITH (TX),EAST TEXAS,HAYNESVILLE - TX,EAST TEXAS - HAYNESVILLE NORTH,BEASLEY CHRISTOPHER,LOST PINES ENERGY LLC,NA/NA,202601028414,Memorandum of lease,2026-09-09,2026-09-18,2026-09-09,36,2029-09-09,1,,24,,,235.234,824,,,,,,,0,0,LOST PINES ENERGY LLC,,"4608 KINSEY DR, TYLER, TX 75703",,,,,,,32.3961522,-95.2431728
TX,SMITH (TX),EAST TEXAS,HAYNESVILLE - TX,EAST TEXAS - HAYNESVILLE NORTH,BEASLEY CHRISTOPHER,LOST PINES ENERGY LLC,NA/NA,202601028414,Memorandum of lease,2026-09-09,2026-09-18,2026-09-09,36,2029-09-09,1,,24,,,235.234,433,,,,,,,0,0,LOST PINES ENERGY LLC,,"4608 KINSEY DR, TYLER, TX 75703",,,,,,,32.3846516,-95.2255735
TX,SMITH (TX),EAST TEXAS,HAYNESVILLE - TX,EAST TEXAS - HAYNESVILLE NORTH,BEASLEY CHRISTOPHER,LOST PINES ENERGY LLC,NA/NA,202601028414,Memorandum of lease,2026-09-09,2026-09-18,2026-09-09,36,2029-09-09,1,,24,,,235.234,451,,,,,,,0,0,LOST PINES ENERGY LLC,,"4608 KINSEY DR, TYLER, TX 75703",,,,,,,32.3854519,-95.2557724
TX,SMITH (TX),EAST TEXAS,HAYNESVILLE - TX,EAST TEXAS - HAYNESVILLE NORTH,PERRY RODGER SCOTT,SABINE EAST TEXAS BASIN,NA/NA,202601027975,Memorandum of lease,2026-09-11,2026-09-15,2026-07-23,60,2031-07-23,0,,,,,139.6348,815,,,,,,,0,0,SABINE EAST TEXAS BASIN LLC,"1604 RUSDELL DRIVE, IRVING, TX 75060","1415 LOUISIANA STREET SUITE 1600, HOUSTON, TX 77002",,,,,,,32.2709468,-95.1147773
TX,SMITH (TX),EAST TEXAS,HAYNESVILLE - TX,EAST TEXAS - HAYNESVILLE NORTH,PERRY RODGER SCOTT,SABINE EAST TEXAS BASIN,NA/NA,202601027975,Memorandum of lease,2026-09-11,2026-09-15,2026-07-23,60,2031-07-23,0,,,,,139.6348,836,,,,,,,0,0,SABINE EAST TEXAS BASIN LLC,"1604 RUSDELL DRIVE, IRVING, TX 75060","1415 LOUISIANA STREET SUITE 1600, HOUSTON, TX 77002",,,,,,,32.2812472,-95.1147773
TX,SMITH (TX),EAST TEXAS,HAYNESVILLE - TX,EAST TEXAS - HAYNESVILLE NORTH,PERRY RODGER SCOTT,SABINE EAST TEXAS BASIN,NA/NA,202601027975,Memorandum of lease,2026-09-11,2026-09-15,2026-07-23,60,2031-07-23,0,,,,,139.6348,213,,,,,,,0,0,SABINE EAST TEXAS BASIN LLC,"1604 RUSDELL DRIVE, IRVING, TX 75060","1415 LOUISIANA STREET SUITE 1600, HOUSTON, TX 77002",,,,,,,32.2884475,-95.1173772
TX,LEON (TX),GULF COAST CENTRAL,,,WINKLER DAVID STUART,BULL RUN RESOURCES,NA/NA,00493127,Memorandum of lease,2026-08-28,2026-09-21,2026-08-28,60,2031-08-28,1,,24,,,166.0,30,,,,,,,0,0,BULL RUN RESOURCES LLC,"290 MANCHESTER LANE, AUSTIN, TX 78737","P O BOX 1097, NEWARK, TX 76071",,,,,,,31.0787152,-96.1982610
TX,LEON (TX),GULF COAST CENTRAL,,,TAYLOR LISA,SYNDICATED ENERGY MANAGEMENT LLC,NA/NA,00493153,Memorandum of lease,2026-08-19,2026-09-21,2026-08-18,36,2029-08-18,0,,,,,101.58,314,,,,,,,0,0,SYNDICATED ENERGY MANAGEMENT LLC,"1309 FM 1618, BUFFALO, TX 75831","215 WEST BANDERA ROAD SUITE 114 703, BOERNE, TX 78006",,,,,,,31.0968151,-96.0521643
TX,LEON (TX),GULF COAST CENTRAL,,,COLE DON,SYNDICATED ENERGY MANAGEMENT LLC,NA/NA,00493154,Memorandum of lease,2026-08-17,2026-09-21,2026-08-13,36,2029-08-13,0,,,,,220.133,6,,,,,,,0,0,SYNDICATED ENERGY MANAGEMENT LLC,"194 CR 2302, MINEOLA, TX 75773","215 WEST BANDERA ROAD SUITE 114 703, BOERNE, TX 78006",,,,,,,31.1146157,-96.0766634
TX,LEON (TX),GULF COAST CENTRAL,,,TORNO MATTHEW,SYNDICATED ENERGY MANAGEMENT LLC,NA/NA,00493149,Memorandum of lease,2026-08-24,2026-09-21,2026-08-18,36,2029-08-18,0,,,,,101.58,314,,,,,,,0,0,SYNDICATED ENERGY MANAGEMENT LLC,"708 UMBRELLA SKY, LIBERTY HILL, TX 78642","215 WEST BANDERA ROAD SUITE 114 703, BOERNE, TX 78006",,,,,,,31.0968151,-96.0521643
TX,LEON (TX),GULF COAST CENTRAL,,,TORNO STEVE,SYNDICATED ENERGY MANAGEMENT LLC,NA/NA,00493152,Memorandum of lease,2026-08-19,2026-09-21,2026-08-18,36,2029-08-18,0,,,,,101.58,314,,,,,,,0,0,SYNDICATED ENERGY MANAGEMENT LLC,"PO BOX 809, CENTERVILLE, TX 75833","215 WEST BANDERA ROAD SUITE 114 703, BOERNE, TX 78006",,,,,,,31.0968151,-96.0521643
TX,SMITH (TX),EAST TEXAS,HAYNESVILLE - TX,EAST TEXAS - HAYNESVILLE NORTH,SMITH WANDA RITA,LOST PINES ENERGY LLC,NA/NA,202601028415,Memorandum of lease,2026-09-16,2026-09-18,2026-09-11,36,2029-09-11,1,,24,,,8.176,923,,,,,,,0,0,LOST PINES ENERGY LLC,"11466 CEDAR GLEN, FLINT, TX 75762","4608 KINSEY DR, TYLER, TX 75703",,,,,,,32.4073526,-95.2537725
TX,SAN AUGUSTINE (TX),EAST TEXAS,HAYNESVILLE - TX,EAST TEXAS,MCCOY ARTHUR EUGENE,RCE A AUGUSTA LLC,582/424,00092111,Memorandum of lease,2026-08-07,2026-08-25,2026-08-01,36,2029-08-01,1,,24,,,17.3,252,,,,,,,0,0,RCE A AUGUSTA LLC,"7337 BRENTWOOD STAIR ROAD, FORT WORTH, TX 76112","700 MILAM STREET SUITE 2000, HOUSTON, TX 77002",,,,,,,31.4730177,-94.1072053
TX,NEWTON (TX),GULF COAST CENTRAL,,,ELMORE KATHRYN KIMBERLY BAIRD,LUCAS RESOURCES LLC,834/33,183793,Lease,2026-07-27,2026-08-26,2026-07-27,36,2029-07-27,1,250,24,,0.1875,17.0,90,,,,,,,0,0,LUCAS RESOURCES LLC,"513 SYCAMORE STREET, WAXAHACHIE, TX 75165","7026 OLD KATY RD SUITE 201, HOUSTON, TX 77024",,,,,,,30.9337040,-93.5822263
TX,MIDLAND (TX),MIDLAND,MIDLAND,,SAXUM PERMIAN I LP,DE WEST TEXAS,NA/NA,2026-29520,Memorandum of lease,2026-08-19,2026-09-16,2026-08-21,36,2029-08-21,0,,,,,280.0,1030,,,,,,"Blk: 38 T1S, Sec: 38",0,0,DE WEST TEXAS LLC,"5949 SHERRY LANE SUITE 1010, DALLAS, TX 75225","3724 HULEN STREET, FORT WORTH, TX 76107",,,,,,11388,32.0312766,-101.9765875
TX,MIDLAND (TX),MIDLAND,MIDLAND,,SOFTVEST LP,LONE PEAK ENERGY,NA/NA,2026-29731,Memorandum of lease,2026-09-08,2026-09-18,2026-08-26,36,2029-08-26,0,,,,,166.02,1067,,,,,,"Blk: 39 T4S, Sec: 38",0,0,LONE PEAK ENERGY LLC,"P O BOX 89, ABILENE, TX 79604","3724 HULEN ST, FORT WORTH, TX 76107",,,,,,,31.6712661,-101.9685896
TX,MIDLAND (TX),MIDLAND,MIDLAND,,ALLISON DAWN K SLAUTER,PDP PERMIAN,NA/NA,2026-29738,Memorandum of lease,2026-08-19,2026-09-18,2026-08-15,36,2029-08-15,1,,24,,,947.0,680,,,,,,"Blk: 37 T1S, Sec: 26",0,0,PDP PERMIAN DEVELOPMENT LLC,"10800 PICKFAIR DRIVE, AUSTIN, TX 78750","1205 S WHITE CHAPEL BLVD STE 270, SOUTHLAKE, TX 76092",,,,,,,32.0886773,-101.8855891
TX,MIDLAND (TX),MIDLAND,MIDLAND,,ALLISON DAWN K SLAUTER,PDP PERMIAN,NA/NA,2026-29738,Memorandum of lease,2026-08-19,2026-09-18,2026-08-15,36,2029-08-15,1,,24,,,947.0,189,,,,,,"Blk: 37 T1S, Sec: 35",0,0,PDP PERMIAN DEVELOPMENT LLC,"10800 PICKFAIR DRIVE, AUSTIN, TX 78750","1205 S WHITE CHAPEL BLVD STE 270, SOUTHLAKE, TX 76092",,,,,,,32.0686766,-101.8815896
TX,PANOLA (TX),EAST TEXAS,HAYNESVILLE - TX,EAST TEXAS - HAYNESVILLE NORTH,GARDNER LECIE N SNOOK,CRAIN ENERGY,NA/NA,2026-004652,Memorandum of lease,2026-09-11,2026-09-18,2026-08-11,36,2029-08-11,1,,24,,,49.15,82,,,,,,,0,0,CRAIN ENERGY LTD,"2731 KELLEY RD, LIVINGSTON, TX 77351","PO BOX 2146, LONGVIEW, TX 75606",,,,,,,32.2907424,-94.4016015
TX,PANOLA (TX),EAST TEXAS,HAYNESVILLE - TX,EAST TEXAS - HAYNESVILLE NORTH,GARDNER LECIE N SNOOK,CRAIN ENERGY,NA/NA,2026-004652,Memorandum of lease,2026-09-11,2026-09-18,2026-08-11,36,2029-08-11,1,,24,,,49.15,623,,,,,,,0,0,CRAIN ENERGY LTD,"2731 KELLEY RD, LIVINGSTON, TX 77351","PO BOX 2146, LONGVIEW, TX 75606",,,,,,,32.2913425,-94.4135011
TX,MIDLAND (TX),MIDLAND,MIDLAND,,QUIENTESA ROYALTY LP,LONE PEAK ENERGY,NA/NA,2026-29103,Memorandum of lease,2026-08-26,2026-09-14,2026-08-01,36,2029-08-01,0,,,,,495.6,1305,,,,,,"Blk: 39 T4S, Sec: 48",0,0,LONE PEAK ENERGY LLC,,,,,,,,,31.6608654,-101.9475903
TX,UPTON (TX),MIDLAND,MIDLAND,,FOREST LAKE MINERALS LLC,APACHE,1299/593,204759,Lease,2026-07-16,2026-09-11,2012-08-01,36,2015-08-01,0,,,,0.25,320.0,443,,,,,,"Blk: 39 T5S, Sec: 41",0,0,APACHE DEEPWATER LLC,"1707 1 2 POST OAK BLVD SUITE 489, HOUSTON, TX 77056","2000 W SAM HOUSTON PKWY SUITE 200, HOUSTON, TX 77042",,,,,,,31.5465627,-101.9825892
TX,MIDLAND (TX),MIDLAND,MIDLAND,,AMY N HOLGUIN REVOCABLE TRUST ESTABLISHED NOVEMBER 26 2018,CRESTA EXPL,NA/NA,2026-29497,Memorandum of lease,2026-08-17,2026-09-16,2026-06-23,36,2029-06-23,0,,,,,320.0,684,,,,,,"Blk: X, Sec: 12",0,0,CRESTA EXPLORATION LLC,"320 DONNYBROOK DRIVE, ASHEVILLE, NC 28806","209 WEST 2ND STREET 376, FORT WORTH, TX 76102",,,,,,10313,32.0682789,-102.0775839
TX,MIDLAND (TX),MIDLAND,MIDLAND,,VOGLER DON E,CRESTA EXPL,NA/NA,2026-29501,Lease ratification,2026-08-06,2026-09-16,2026-06-11,,,0,,,,,160.0,21,,,,,,"Blk: 38 T1S, Sec: 21",0,0,CRESTA EXPLORATION LLC,,,,,,,,,32.0657782,-102.0235855
TX,PANOLA (TX),EAST TEXAS,HAYNESVILLE - TX,EAST TEXAS - HAYNESVILLE NORTH,CHRISTIE JAMIE DARLENE MCKNIGHT,CRAIN ENERGY,NA/NA,2026-004644,Memorandum of lease,2026-09-01,2026-09-18,2026-08-25,60,2031-08-25,0,,,,,68.5,391,,,,,,,0,0,CRAIN ENERGY LTD,"7006 JACKTREE LN, BAYTOWN, TX 77521","PO BOX 2146, LONGVIEW, TX 75606",,,,,,,32.3127433,-94.4423002
TX,MIDLAND (TX),MIDLAND,MIDLAND,,VOGLER DAN L,CRESTA EXPL,NA/NA,2026-29509,Lease ratification,2026-08-27,2026-09-16,2026-04-02,,,0,,,,,160.0,21,,,,,,"Blk: 38 T1S, Sec: 21",0,0,CRESTA EXPLORATION LLC,,"209 W 2ND ST 376, FORT WORTH, TX 76102",,,,,9350,,32.0657782,-102.0235855
TX,UPTON (TX),MIDLAND,MIDLAND,,KIRBY MINERALS,RRIG ENERGY,1299/887,204798,Memorandum of lease,2026-07-29,2026-09-14,2026-07-29,36,2029-07-29,1,,24,,,,1324,,,,,,"Blk: D, Sec: 100",0,0,RRIG ENERGY LLC,"101 NORTH ROBINSON SUITE 1000, OKLAHOMA CITY, OK 73102","6600 HAWKS CREEK AVE SUITE 101, FORT WORTH, TX 76114",,,,,,,31.4368601,-102.1225853
TX,UPTON (TX),MIDLAND,MIDLAND,,KIRBY MINERALS,RRIG ENERGY,1299/887,204798,Memorandum of lease,2026-07-29,2026-09-14,2026-07-29,36,2029-07-29,1,,24,,,,993,,,,,,"Blk: D, Sec: 100",0,0,RRIG ENERGY LLC,"101 NORTH ROBINSON SUITE 1000, OKLAHOMA CITY, OK 73102","6600 HAWKS CREEK AVE SUITE 101, FORT WORTH, TX 76114",,,,,,,31.4368601,-102.1225853
TX,MIDLAND (TX),MIDLAND,MIDLAND,,VOGLER DAN L,CRESTA EXPL,NA/NA,2026-29508,Lease ratification,2026-08-27,2026-09-16,2026-06-11,,,0,,,,,160.0,21,,,,,,"Blk: 38 T1S, Sec: 21",0,0,CRESTA EXPLORATION LLC,,"209 W 2ND ST 376, FORT WORTH, TX 76102",,,,,,,32.0657782,-102.0235855
TX,MIDLAND (TX),MIDLAND,MIDLAND,,LOZANO RODRIGUEZ WILLIAM,MIDCONTINENT O&G,NA/NA,2026-29546,Memorandum of lease,2026-07-13,2026-09-17,2026-07-13,36,2029-07-13,1,,24,,,,1436,,,,,,"Blk: 39 T1S, Sec: 20",0,0,MIDCONTINENT OIL & GAS LLC,"3616 HYDE PARK AV, FORT WORTH, TX 76104-3500","6608 NORTH WESTERN AVENUE NO 185, OKLAHOMA CITY, OK 73116",,,,,,,32.0131777,-102.1355834
TX,MIDLAND (TX),MIDLAND,MIDLAND,,LOZANO RODRIGUEZ WILLIAM,MIDCONTINENT O&G,NA/NA,2026-29546,Memorandum of lease,2026-07-13,2026-09-17,2026-07-13,36,2029-07-13,1,,24,,,,687,,,,,,"Blk: 39 T1S, Sec: 20",0,0,MIDCONTINENT OIL & GAS LLC,"3616 HYDE PARK AV, FORT WORTH, TX 76104-3500","6608 NORTH WESTERN AVENUE NO 185, OKLAHOMA CITY, OK 73116",,,,,,,32.0151777,-102.1275835
TX,MIDLAND (TX),MIDLAND,MIDLAND,,LOZANO RODRIGUEZ WILLIAM,MIDCONTINENT O&G,NA/NA,2026-29546,Memorandum of lease,2026-07-13,2026-09-17,2026-07-13,36,2029-07-13,1,,24,,,,1166,,,,,,"Blk: 39 T1S, Sec: 20",0,0,MIDCONTINENT OIL & GAS LLC,"3616 HYDE PARK AV, FORT WORTH, TX 76104-3500","6608 NORTH WESTERN AVENUE NO 185, OKLAHOMA CITY, OK 73116",,,,,,,32.0071774,-102.1295837
TX,MIDLAND (TX),MIDLAND,MIDLAND,,GOSNELL KENNETH W,CRESTA EXPL,NA/NA,2026-29498,Memorandum of lease,2026-07-13,2026-09-16,2026-07-07,36,2029-07-07,0,,,,,35.37,32,,,,,,"Blk: 38 T1S, Sec: 45",0,0,CRESTA EXPLORATION LLC,"1828 HOLLYLAKE CIRCLE, TYLER, TX 75703","209 WEST 2ND STREET NUMBER 376, FORT WORTH, TX 76102",,,,,,,32.0094762,-102.0055871
TX,JACK (TX),FORT WORTH,BARNETT,BARNETT OIL WINDOW,WARRINER FREDERICK MERIDA,PARATUS PETROLEUM LLC,NA/NA,20260002431,Memorandum of lease,2026-09-04,2026-09-17,2026-09-01,24,2028-09-01,0,,,,,310.05,877,,,,,,,0,0,PARATUS PETROLEUM LLC,"5300 S I 35 APARTMENT 83, ALVARADO, TX 76009","2424 RIDGE ROAD, ROCKWALL, TX 78057",,,,,,,,
TX,PANOLA (TX),EAST TEXAS,HAYNESVILLE - TX,EAST TEXAS - HAYNESVILLE NORTH,NGUYEN BROOKE ALESE DOYLE,TGNR EAST TEXAS,NA/NA,2026-004608,Memorandum of lease,2026-08-14,2026-09-17,2026-06-01,36,2029-06-01,0,,,,,1.861,586,,,,,,,0,0,TGNR EAST TEXAS II LLC,"4051 HOLSTEIN HILL, COLUMBUS, GA 31904","717 TEXAS AVENUE SUITE 2000, HOUSTON, TX 77002",,,,,11107,,32.3162422,-94.1832087
TX,PANOLA (TX),EAST TEXAS,HAYNESVILLE - TX,EAST TEXAS - HAYNESVILLE NORTH,NGUYEN BROOKE ALESE DOYLE,TGNR EAST TEXAS,NA/NA,2026-004608,Memorandum of lease,2026-08-14,2026-09-17,2026-06-01,36,2029-06-01,0,,,,,1.861,605,,,,,,,0,0,TGNR EAST TEXAS II LLC,"4051 HOLSTEIN HILL, COLUMBUS, GA 31904","717 TEXAS AVENUE SUITE 2000, HOUSTON, TX 77002",,,,,11107,,32.3923441,-94.0807126
TX,PANOLA (TX),EAST TEXAS,HAYNESVILLE - TX,EAST TEXAS - HAYNESVILLE NORTH,NGUYEN BROOKE ALESE DOYLE,TGNR EAST TEXAS,NA/NA,2026-004608,Memorandum of lease,2026-08-14,2026-09-17,2026-06-01,36,2029-06-01,0,,,,,1.861,856,,,,,,,0,0,TGNR EAST TEXAS II LLC,"4051 HOLSTEIN HILL, COLUMBUS, GA 31904","717 TEXAS AVENUE SUITE 2000, HOUSTON, TX 77002",,,,,11107,,32.2024392,-94.2703050
TX,MIDLAND (TX),MIDLAND,MIDLAND,,LAURENCE W AREND FAMILY TRUST,CRESTA EXPL,NA/NA,2026-29512,Memorandum of lease,2026-08-28,2026-09-16,2026-08-04,36,2029-08-04,0,,,,,160.0,815,,,,,,"Blk: 40 T3S, Sec: 6",0,0,CRESTA EXPLORATION LLC,"622 PINE STREET, NEW ORLEANS, LA 70118","209 WEST 2ND STREET 376, FORT WORTH, TX 76102",,,,,10536,,31.8043712,-102.1725839
TX,MIDLAND (TX),MIDLAND,MIDLAND,,VOGLER DAN L,CRESTA EXPL,NA/NA,2026-29510,Lease ratification,2026-08-27,2026-09-16,2026-04-02,,,0,,,,,160.0,21,,,,,,"Blk: 38 T1S, Sec: 21",0,0,CRESTA EXPLORATION LLC,,,,,,,9350,,32.0657782,-102.0235855
TX,UPTON (TX),MIDLAND,MIDLAND,,XTOH CTRT PERMIAN LLC,XTO,1299/228,204733,Memorandum of lease,2026-07-27,2026-09-03,2026-07-01,60,2031-07-01,0,,,,,161.09,372,,,,,,"Blk: Y, Sec: 27",0,0,XTO HOLDINGS LLC,"22777 SPRINGWOODS VILLAGE PARKWAY, SPRING, TX 77389","22777 SPRINGWOODS VILLAGE PARKWAY, SPRING, TX 77389",,,,,,,31.3446572,-102.0045887
TX,MIDLAND (TX),MIDLAND,MIDLAND,,FIELDER HALEY M RHODES,CRESTA EXPL,NA/NA,2026-29502,Lease ratification,2026-08-12,2026-09-16,2026-06-04,,,0,,,,,69.73,1063,,,,,,"Blk: 39 T2S, Sec: 44",0,0,CRESTA EXPLORATION LLC,,"209 W 2ND ST 376, FORT WORTH, TX 76102",,,,,,,31.8698728,-102.0855858
TX,MIDLAND (TX),MIDLAND,MIDLAND,,WILLIAM C WHITE III LP,DE PERMIAN,NA/NA,2026-29645,,2026-07-08,2026-09-17,2025-05-13,,,0,,,,,,1386,,,,,,"Blk: 40 T1S, Sec: 10",0,0,DE PERMIAN LLC,,,,,,,,,32.0511799,-102.2145801
TX,MIDLAND (TX),MIDLAND,MIDLAND,,HUTCHISON MARISA C,MIDCONTINENT O&G,NA/NA,2026-29582,Memorandum of lease,2026-09-15,2026-09-17,2026-08-24,36,2029-08-24,1,,24,,,,686,,,,,,"Blk: 39 T1S, Sec: 28",0,0,MIDCONTINENT OIL & GAS LLC,"3200 PRINCETON AVE, MIDLAND, TX 79701","6608 NORTH WESTERN AVENUE NO 185, OKLAHOMA CITY, OK 73116",,,,,,,32.0005770,-102.1095844
TX,PANOLA (TX),EAST TEXAS,HAYNESVILLE - TX,EAST TEXAS - HAYNESVILLE NORTH,SHERRY ANN PUCKETT REVOCBALE TRUST,CONCORD LAND SERVICES,NA/NA,2026-004567,Memorandum of lease,2026-08-07,2026-09-15,2026-08-07,36,2029-08-07,0,,,,,230.82,326,,,,,,,0,0,CONCORD LAND SERVICES LLC,"11871 GILLIAN CT, TYLER, TX 75703","P O BOX 8528, TYLER, TX 75711-8528",,,,,,,32.1040372,-94.5942934
TX,PANOLA (TX),EAST TEXAS,HAYNESVILLE - TX,EAST TEXAS - HAYNESVILLE NORTH,SHERRY ANN PUCKETT REVOCBALE TRUST,CONCORD LAND SERVICES,NA/NA,2026-004567,Memorandum of lease,2026-08-07,2026-09-15,2026-08-07,36,2029-08-07,0,,,,,230.82,389,,,,,,,0,0,CONCORD LAND SERVICES LLC,"11871 GILLIAN CT, TYLER, TX 75703","P O BOX 8528, TYLER, TX 75711-8528",,,,,,,32.1044373,-94.6005931
TX,PANOLA (TX),EAST TEXAS,HAYNESVILLE - TX,EAST TEXAS - HAYNESVILLE NORTH,SHERRY ANN PUCKETT REVOCBALE TRUST,CONCORD LAND SERVICES,NA/NA,2026-004567,Memorandum of lease,2026-08-07,2026-09-15,2026-08-07,36,2029-08-07,0,,,,,230.82,798,,,,,,,0,0,CONCORD LAND SERVICES LLC,"11871 GILLIAN CT, TYLER, TX 75703","P O BOX 8528, TYLER, TX 75711-8528",,,,,,,32.0766363,-94.6122925
TX,MIDLAND (TX),MIDLAND,MIDLAND,,KATHRYN SZALASNY REVOCABLE LIVING TRUST AGREEMENT DATED MAY 13 2014,CRESTA EXPL,NA/NA,2026-29733,Memorandum of lease,2026-09-04,2026-09-18,2026-08-01,,,0,,,,,2400.0,1020,,,,,,"Blk: 39 T1S, Sec: 12",0,0,CRESTA EXPLORATION LLC,"13435 159TH STREET N, JUPITER, FL 33478","209 WEST 2ND STREET 276, FORT WORTH, TX 76102",,,,,,,32.0809794,-102.0825834
TX,MIDLAND (TX),MIDLAND,MIDLAND,,KATHRYN SZALASNY REVOCABLE LIVING TRUST AGREEMENT DATED MAY 13 2014,CRESTA EXPL,NA/NA,2026-29733,Memorandum of lease,2026-09-04,2026-09-18,2026-08-01,,,0,,,,,2400.0,871,,,,,,"Blk: 39 T1S, Sec: 12",0,0,CRESTA EXPLORATION LLC,"13435 159TH STREET N, JUPITER, FL 33478","209 WEST 2ND STREET 276, FORT WORTH, TX 76102",,,,,,,32.0882796,-102.0815833
TX,MIDLAND (TX),MIDLAND,MIDLAND,,KATHRYN SZALASNY REVOCABLE LIVING TRUST AGREEMENT DATED MAY 13 2014,CRESTA EXPL,NA/NA,2026-29733,Memorandum of lease,2026-09-04,2026-09-18,2026-08-01,,,0,,,,,2400.0,955,,,,,,"Blk: 38 T1S, Sec: 16",0,0,CRESTA EXPLORATION LLC,"13435 159TH STREET N, JUPITER, FL 33478","209 WEST 2ND STREET 276, FORT WORTH, TX 76102",,,,,,,32.0873789,-102.0245851
TX,MIDLAND (TX),MIDLAND,MIDLAND,,KATHRYN SZALASNY REVOCABLE LIVING TRUST AGREEMENT DATED MAY 13 2014,CRESTA EXPL,NA/NA,2026-29733,Memorandum of lease,2026-09-04,2026-09-18,2026-08-01,,,0,,,,,2400.0,866,,,,,,"Blk: 38 T1S, Sec: 16",0,0,CRESTA EXPLORATION LLC,"13435 159TH STREET N, JUPITER, FL 33478","209 WEST 2ND STREET 276, FORT WORTH, TX 76102",,,,,,,32.0795787,-102.0285851
TX,MIDLAND (TX),MIDLAND,MIDLAND,,KATHRYN SZALASNY REVOCABLE LIVING TRUST AGREEMENT DATED MAY 13 2014,CRESTA EXPL,NA/NA,2026-29733,Memorandum of lease,2026-09-04,2026-09-18,2026-08-01,,,0,,,,,2400.0,21,,,,,,"Blk: 38 T1S, Sec: 21",0,0,CRESTA EXPLORATION LLC,"13435 159TH STREET N, JUPITER, FL 33478","209 WEST 2ND STREET 276, FORT WORTH, TX 76102",,,,,,,32.0657782,-102.0235855
TX,MIDLAND (TX),MIDLAND,MIDLAND,,KATHRYN SZALASNY REVOCABLE LIVING TRUST AGREEMENT DATED MAY 13 2014,CRESTA EXPL,NA/NA,2026-29733,Memorandum of lease,2026-09-04,2026-09-18,2026-08-01,,,0,,,,,2400.0,151,,,,,,"Blk: 38 T1S, Sec: 15",0,0,CRESTA EXPLORATION LLC,"13435 159TH STREET N, JUPITER, FL 33478","209 WEST 2ND STREET 276, FORT WORTH, TX 76102",,,,,,,32.0817786,-102.0115856
TX,MIDLAND (TX),MIDLAND,MIDLAND,,KATHRYN SZALASNY REVOCABLE LIVING TRUST AGREEMENT DATED MAY 13 2014,CRESTA EXPL,NA/NA,2026-29733,Memorandum of lease,2026-09-04,2026-09-18,2026-08-01,,,0,,,,,2400.0,733,,,,,,"Blk: 38 T1S, Sec: 22",0,0,CRESTA EXPLORATION LLC,"13435 159TH STREET N, JUPITER, FL 33478","209 WEST 2ND STREET 276, FORT WORTH, TX 76102",,,,,,,32.0697782,-102.0075860
TX,MIDLAND (TX),MIDLAND,MIDLAND,,KATHRYN SZALASNY REVOCABLE LIVING TRUST AGREEMENT DATED MAY 13 2014,CRESTA EXPL,NA/NA,2026-29733,Memorandum of lease,2026-09-04,2026-09-18,2026-08-01,,,0,,,,,2400.0,298,,,,,,"Blk: 38 T1S, Sec: 15",0,0,CRESTA EXPLORATION LLC,"13435 159TH STREET N, JUPITER, FL 33478","209 WEST 2ND STREET 276, FORT WORTH, TX 76102",,,,,,,32.0888788,-102.0115855
TX,UPTON (TX),MIDLAND,MIDLAND,,MERCO OF OKLAHOMA INC,BIG CEDAR RESOURCES,1299/803,204786,Lease,2026-08-21,2026-09-11,2026-08-21,36,2029-08-21,1,,24,,0.24,576.665,1276,,,,,,"Blk: 41 T5S, Sec: 26",0,0,BIG CEDAR RESOURCES LLC,"P O BOX 18607, OKLAHOMA CITY, OK 18607","P O BOX 348, OKLAHOMA CITY, OK 73101",,,,,,,31.5390630,-102.1385848
TX,PANOLA (TX),EAST TEXAS,HAYNESVILLE - TX,EAST TEXAS - HAYNESVILLE NORTH,MCKNIGHT WILLIAM M III,CRAIN ENERGY,NA/NA,2026-004643,Memorandum of lease,2026-08-31,2026-09-18,2026-08-25,60,2031-08-25,0,,,,,68.5,391,,,,,,,0,0,CRAIN ENERGY LTD,"205 PECOS ST, PORTLAND, TX 78374","PO BOX 2146, LONGVIEW, TX 75606",,,,,,,32.3127433,-94.4423002
TX,MIDLAND (TX),MIDLAND,MIDLAND,,SAXUM PERMIAN MINERAL SPV I LP,DE WEST TEXAS,NA/NA,2026-29518,Memorandum of lease,2026-08-19,2026-09-16,2026-08-21,36,2029-08-21,0,,,,,280.0,1030,,,,,,"Blk: 38 T1S, Sec: 38",0,0,DE WEST TEXAS LLC,"5949 SHERRY LANE SUITE 1010, DALLAS, TX 75225","3724 HULEN STREET, FORT WORTH, TX 76107",,,,,,,32.0312766,-101.9765875
TX,UPTON (TX),MIDLAND,MIDLAND,,UPTON COUNTY ROYALTY COMPANY INC,CJM RESOURCES,1300/74,204815,Memorandum of lease,2026-08-10,2026-09-14,2026-08-10,36,2029-08-10,0,,,,,320.0,443,,,,,,"Blk: 39 T5S, Sec: 41",0,0,CJM RESOURCES LP,"P O BOX 25163, DALLAS, TX 75225","507 N MARIENFIELD STREET SUITE 100, MIDLAND, TX 79701",,,,,,,31.5465627,-101.9825892
TX,MIDLAND (TX),MIDLAND,MIDLAND,,LEWIS RANDY LYNN,MIDCONTINENT O&G,NA/NA,2026-29700,Memorandum of lease,2026-09-17,2026-09-18,2026-09-16,36,2029-09-16,1,,24,,,,39,,,,,,"Blk: 39 T1S, Sec: 21",0,0,MIDCONTINENT OIL & GAS LLC,"1914 WARD ST, MIDLAND, TX 79705","6608 NORTH WESTERN AVENUE NO 185, OKLAHOMA CITY, OK 73116",,,,,,,32.0145775,-102.1135840
TX,PANOLA (TX),EAST TEXAS,HAYNESVILLE - TX,EAST TEXAS - HAYNESVILLE NORTH,HRM MORRIS LAND SERVICES INC,CRAIN ENERGY,NA/NA,2026-004645,Memorandum of lease,2026-09-03,2026-09-18,2026-08-21,60,2031-08-21,0,,,,,49.15,623,,,,,,,0,0,CRAIN ENERGY LTD,"1817 ROLLING HEIGHTS LN, ALEDO, TX 76008","PO BOX 2146, LONGVIEW, TX 75606",,,,,,,32.2913425,-94.4135011
TX,PANOLA (TX),EAST TEXAS,HAYNESVILLE - TX,EAST TEXAS - HAYNESVILLE NORTH,HRM MORRIS LAND SERVICES INC,CRAIN ENERGY,NA/NA,2026-004645,Memorandum of lease,2026-09-03,2026-09-18,2026-08-21,60,2031-08-21,0,,,,,49.15,82,,,,,,,0,0,CRAIN ENERGY LTD,"1817 ROLLING HEIGHTS LN, ALEDO, TX 76008","PO BOX 2146, LONGVIEW, TX 75606",,,,,,,32.2907424,-94.4016015
TX,PANOLA (TX),EAST TEXAS,HAYNESVILLE - TX,EAST TEXAS - HAYNESVILLE NORTH,JOHNSON MARY LOU,ROCKCLIFF OPERATING NEW MEXICO,NA/NA,2026-004607,Lease amendment,2026-09-02,2026-09-17,2020-11-10,108,2029-11-10,0,,,,,25.0,57,,,,,,,0,0,ROCKCLIFF ENERGY OPERATING LLC,,,,,,,,,32.0793354,-94.0673094
TX,JACK (TX),FORT WORTH,BARNETT,BARNETT OIL WINDOW,GLORIA LUPTON TENNISON FAMILY TRUST,TARPON O&G,NA/NA,20260002451,Memorandum of lease,2026-08-03,2026-09-18,2026-08-13,36,2029-08-13,0,,,,,460.8,358,,,,,,,0,0,TARPON OIL & GAS CO,,"2501 RIDGMAR PLAZA, FORT WORTH, TX 76116",,,,,,,,
TX,JACK (TX),FORT WORTH,BARNETT,BARNETT OIL WINDOW,GLORIA LUPTON TENNISON FAMILY TRUST,TARPON O&G,NA/NA,20260002451,Memorandum of lease,2026-08-03,2026-09-18,2026-08-13,36,2029-08-13,0,,,,,460.8,389,,,,,,,0,0,TARPON OIL & GAS CO,,"2501 RIDGMAR PLAZA, FORT WORTH, TX 76116",,,,,,,,
TX,JACK (TX),FORT WORTH,BARNETT,BARNETT OIL WINDOW,GLORIA LUPTON TENNISON FAMILY TRUST,TARPON O&G,NA/NA,20260002451,Memorandum of lease,2026-08-03,2026-09-18,2026-08-13,36,2029-08-13,0,,,,,460.8,51,,,,,,,0,0,TARPON OIL & GAS CO,,"2501 RIDGMAR PLAZA, FORT WORTH, TX 76116",,,,,,,,
TX,MIDLAND (TX),MIDLAND,MIDLAND,,GUSS DAILA,MIDCONTINENT O&G,NA/NA,2026-29273,Memorandum of lease,2026-09-10,2026-09-15,2026-09-10,36,2029-09-10,1,,24,,,,693,,,,,,"Blk: 39 T1S, Sec: 16",0,0,MIDCONTINENT OIL & GAS LLC,"2409 METZ PL, MIDLAND, TX 79705","6608 NORTH WESTERN AVENUE NO 185, OKLAHOMA CITY, OK 73116",,,,,,,32.0285780,-102.1185835
TX,UPTON (TX),MIDLAND,MIDLAND,,KIRBY MINERALS,RRIG ENERGY,1299/885,204797,Memorandum of lease,2026-07-29,2026-09-14,2026-07-29,36,2029-07-29,1,,24,,,,51,,,,,,"Blk: D, Sec: 81",0,0,RRIG ENERGY LLC,"101 NORTH ROBINSON SUITE 1000, OKLAHOMA CITY, OK 73102","6600 HAWKS CREEK AVE SUITE 101, FORT WORTH, TX 76114",,,,,,,31.4308599,-102.0855863
TX,PANOLA (TX),EAST TEXAS,HAYNESVILLE - TX,EAST TEXAS - HAYNESVILLE NORTH,CLAYTON B PUCKETT TRUST,CONCORD LAND SERVICES,NA/NA,2026-004566,Memorandum of lease,2026-08-07,2026-09-15,2026-08-07,36,2029-08-07,0,,,,,230.82,326,,,,,,,0,0,CONCORD LAND SERVICES LLC,"113 WEYBURN LANE, MARYVILLE, TN 37803","P O BOX 8528, TYLER, TX 75711-8528",,,,,,,32.1040372,-94.5942934
TX,PANOLA (TX),EAST TEXAS,HAYNESVILLE - TX,EAST TEXAS - HAYNESVILLE NORTH,CLAYTON B PUCKETT TRUST,CONCORD LAND SERVICES,NA/NA,2026-004566,Memorandum of lease,2026-08-07,2026-09-15,2026-08-07,36,2029-08-07,0,,,,,230.82,389,,,,,,,0,0,CONCORD LAND SERVICES LLC,"113 WEYBURN LANE, MARYVILLE, TN 37803","P O BOX 8528, TYLER, TX 75711-8528",,,,,,,32.1044373,-94.6005931
TX,PANOLA (TX),EAST TEXAS,HAYNESVILLE - TX,EAST TEXAS - HAYNESVILLE NORTH,CLAYTON B PUCKETT TRUST,CONCORD LAND SERVICES,NA/NA,2026-004566,Memorandum of lease,2026-08-07,2026-09-15,2026-08-07,36,2029-08-07,0,,,,,230.82,798,,,,,,,0,0,CONCORD LAND SERVICES LLC,"113 WEYBURN LANE, MARYVILLE, TN 37803","P O BOX 8528, TYLER, TX 75711-8528",,,,,,,32.0766363,-94.6122925
TX,PANOLA (TX),EAST TEXAS,HAYNESVILLE - TX,EAST TEXAS - HAYNESVILLE NORTH,ENGLISH THOMAS,CRAIN ENERGY,NA/NA,2026-004642,Memorandum of lease,2026-09-10,2026-09-18,2026-09-08,60,2031-09-08,0,,,,,1.7812,391,,,,,,,0,0,CRAIN ENERGY LTD,"4439 FM 959, BECKVILLE, TX 75631","PO BOX 2146, LONGVIEW, TX 75606",,,,,,,32.3127433,-94.4423002
TX,MIDLAND (TX),MIDLAND,MIDLAND,,LONG LAUREN R,MIDCONTINENT O&G,NA/NA,2026-29451,Memorandum of lease,2026-09-03,2026-09-16,2026-08-20,36,2029-08-20,1,,24,,,0.314,39,,,,,,"Blk: 39 T1S, Sec: 21",0,0,MIDCONTINENT OIL & GAS LLC,"3204 STANOLID AVE, MIDLAND, TX 79705","6608 NORTH WESTERN AVENUE NO 185, OKLAHOMA CITY, OK 73116",,,,,,,32.0145775,-102.1135840
TX,MIDLAND (TX),MIDLAND,MIDLAND,,COLLINS & YOUNG LLC,DE PERMIAN,NA/NA,2026-29642,Lease ratification,2026-08-20,2026-09-17,2025-05-13,,,0,,,,,,1386,,,,,,"Blk: 40 T1S, Sec: 10",0,0,DE PERMIAN LLC,,,,,,,,,32.0511799,-102.2145801
TX,MIDLAND (TX),MIDLAND,MIDLAND,,CHIRICO JANET ANN,MIDCONTINENT O&G,NA/NA,2026-29247,Memorandum of lease,2026-08-31,2026-09-15,2026-08-18,36,2029-08-18,1,,24,,,,686,,,,,,"Blk: 39 T1S, Sec: 28",0,0,MIDCONTINENT OIL & GAS LLC,"1030 SHADOW HILL DR, LENOIR CITY, TN 37772","6608 NORTH WESTERN AVENUE NO 185, OKLAHOMA CITY, OK 73116",,,,,,,32.0005770,-102.1095844
TX,MIDLAND (TX),MIDLAND,MIDLAND,,CRADDICK PARTNERS LTD,LANGFORD & BRIGHAM OPERATING,NA/NA,2026-29485,Memorandum of lease,2026-08-25,2026-09-16,2026-08-15,36,2029-08-15,0,,,,,640.0,166,,,,,,"Blk: 38 T2S, Sec: 35",0,0,LANGFORD & BRIGHAM OPERATING LLC,"2 LAKES DRIVE, MIDLAND, TX 79705","5914 W COURTYARD DRIVE SUITE 100, AUSTIN, TX 78730",,,,,,,31.8928727,-101.9865883
TX,MIDLAND (TX),MIDLAND,MIDLAND,,SHELBY ELLIS MANAGEMENT TRUST,MESA ROYALTY MGMT,NA/NA,2026-29109,Memorandum of lease,2026-07-09,2026-09-14,2026-07-01,36,2029-07-01,0,,,,,320.0,1153,,,,,,"Blk: 41 T4S, Sec: 6",0,0,MESA ROYALTY MANAGEMENT LLC,"P O BOX 830308, DALLAS, TX 75283","P O BOX 2700, MIDLAND, TX 79702",DE WEST TEXAS LLC,2026-07-01,100,,,,31.6915679,-102.2605820
TX,PANOLA (TX),EAST TEXAS,HAYNESVILLE - TX,EAST TEXAS - HAYNESVILLE NORTH,SNOOK GARY GENE,CRAIN ENERGY,NA/NA,2026-004650,Memorandum of lease,2026-09-11,2026-09-18,2026-08-11,36,2029-08-11,1,,24,,,49.15,623,,,,,,,0,0,CRAIN ENERGY LTD,"PO BOX 1433, LIVINGSTON, TX 77351","PO BOX 2146, LONGVIEW, TX 75606",,,,,,,32.2913425,-94.4135011
TX,PANOLA (TX),EAST TEXAS,HAYNESVILLE - TX,EAST TEXAS - HAYNESVILLE NORTH,SNOOK GARY GENE,CRAIN ENERGY,NA/NA,2026-004650,Memorandum of lease,2026-09-11,2026-09-18,2026-08-11,36,2029-08-11,1,,24,,,49.15,82,,,,,,,0,0,CRAIN ENERGY LTD,"PO BOX 1433, LIVINGSTON, TX 77351","PO BOX 2146, LONGVIEW, TX 75606",,,,,,,32.2907424,-94.4016015
TX,MIDLAND (TX),MIDLAND,MIDLAND,,EDWARDS LONNA,MIDCONTINENT O&G,NA/NA,2026-29303,Memorandum of lease,2026-08-20,2026-09-15,2026-08-19,36,2029-08-19,1,,24,,,,693,,,,,,"Blk: 39 T1S, Sec: 16",0,0,MIDCONTINENT OIL & GAS LLC,"6419 NVANDIVER RD APT 3214, SAN ANTONIO, TX 78290","6608 NORTH WESTERN AVENUE NO 185, OKLAHOMA CITY, OK 73116",,,,,,,32.0285780,-102.1185835
TX,MIDLAND (TX),MIDLAND,MIDLAND,,COUNTISS JULIE,CRESTA EXPL,NA/NA,2026-29503,Lease ratification,2026-08-06,2026-09-16,,,,0,,,,,106.99,1358,,,,,,"Blk: 39 T2S, Sec: 20",0,0,CRESTA EXPLORATION LLC,,"209 W 2ND ST 376, FORT WORTH, TX 76102",,,,,,11685,31.9234745,-102.0995851
TX,MIDLAND (TX),MIDLAND,MIDLAND,,COUNTISS JULIE,CRESTA EXPL,NA/NA,2026-29503,Lease ratification,2026-08-06,2026-09-16,,,,0,,,,,106.99,323,,,,,,"Blk: 39 T2S, Sec: 35",0,0,CRESTA EXPLORATION LLC,,"209 W 2ND ST 376, FORT WORTH, TX 76102",,,,,,11685,31.9096737,-102.0445866
TX,MIDLAND (TX),MIDLAND,MIDLAND,,VOGLER DAN L,CRESTA EXPL,NA/NA,2026-29507,Lease ratification,2026-08-27,2026-09-16,2026-06-11,,,0,,,,,160.0,21,,,,,,"Blk: 38 T1S, Sec: 21",0,0,CRESTA EXPLORATION LLC,,"209 W 2ND ST 376, FORT WORTH, TX 76102",,,,,,,32.0657782,-102.0235855
TX,HOWARD (TX),MIDLAND,MIDLAND,,MORGAN PAUL W OIL AND GAS LLC,OAK POINT ENERGY,2375/82,2026-00005141,Memorandum of lease,2026-07-08,2026-09-11,2026-07-01,36,2029-07-01,1,,24,,,360.0,1292,,,,,,"Blk: 32 T1S, Sec: 44",0,0,OAK POINT ENERGY LLC,"5356 CHERRY STREET, KANSAS CITY, MO 64110","PO BOX 672, MIDLAND, TX 79702",,,,,,,32.1419756,-101.4266000
TX,HARRISON (TX),EAST TEXAS,HAYNESVILLE - TX,EAST TEXAS - HAYNESVILLE NORTH,OBALLE ROBERT A,TANOS ENERGY HOLDINGS,NA/NA,2026-000010764,Memorandum of lease,2026-08-10,2026-09-11,2026-08-10,36,2029-08-10,1,,24,,,88.0,93,,,,,,,0,0,TANOS ENERGY HOLDINGS IV LLC,"3408 RIVER OAKS DR, KINGSLAND, TX 78639","P O BOX 130277, TYLER, TX 75713",,,,,,,32.5853534,-94.4723004
TX,HARRISON (TX),EAST TEXAS,HAYNESVILLE - TX,EAST TEXAS - HAYNESVILLE NORTH,OBALLE ROBERT A,TANOS ENERGY HOLDINGS,NA/NA,2026-000010764,Memorandum of lease,2026-08-10,2026-09-11,2026-08-10,36,2029-08-10,1,,24,,,88.0,384,,,,,,,0,0,TANOS ENERGY HOLDINGS IV LLC,"3408 RIVER OAKS DR, KINGSLAND, TX 78639","P O BOX 130277, TYLER, TX 75713",,,,,,,32.6222530,-94.2219103
TX,HARRISON (TX),EAST TEXAS,HAYNESVILLE - TX,EAST TEXAS - HAYNESVILLE NORTH,ANADARKO LAND CORP,SABINE EAST TEXAS BASIN,NA/NA,2026-000010781,Memorandum of lease,2026-09-03,2026-09-11,2026-09-03,18,2028-03-03,0,,,,,6.77,820,,,,,,,0,0,SABINE EAST TEXAS BASIN LLC,"5 GREENWAY PLAZA SUITE 110, HOUSTON, TX 77046","1415 LOUISIANA STREET SUITE 1600, HOUSTON, TX 77002",,,,,,,32.5182508,-94.5282975
TX,HARDIN (TX),GULF COAST CENTRAL,,,LUCAS WILLIAM TERRELL,GATEWAY EXPL,NA/NA,2026-0165593,Memorandum of lease,2026-08-17,2026-09-17,2026-01-20,36,2029-01-20,0,,,,,10.0,376,,,,,,,0,0,GATEWAY EXPLORATION LLC,"P O BOX 224, CALL, TX 75933","3555 TIMMONS LANE SUITE 730, HOUSTON, TX 77027",,,,,,,30.4018918,-94.3226099
TX,LEON (TX),GULF COAST CENTRAL,,,MCCAIN JAMES T JR,COMSTOCK O&G LOUISIANA,NA/NA,00492873,Memorandum of lease,2026-07-10,2026-09-14,2026-07-10,36,2029-07-10,1,,24,,,329.44,915,,,,,,,0,0,COMSTOCK OIL & GAS LLC,"4300 KINSEY DRIVE, TYLER, TX 75703","5300 TOWN AND COUNTRY BOULEVARD SUITE 500, FRISCO, TX 75034",,,,,,,31.4470235,-95.9347619
TX,WISE (TX),FORT WORTH,BARNETT,BARNETT WET WINDOW,JD MINERALS,LAKOTA ENERGY,NA/NA,202613754,Lease,2026-08-01,2026-09-09,2026-08-01,36,2029-08-01,0,,,,0.25,196.5,13,,,,,,,0,0,LAKOTA ENERGY LTD,"3802 SATURN RD, CORPUS CHRISTI, TX 78413","PO BOX 160, PARADISE, TX 76073",,,,,,,33.1153816,-97.7352914
TX,LEE (TX),GULF COAST CENTRAL,EAGLEBINE,GIDDINGS,ZWERNEMANN JOHN CHRISTIAN,SAGE NATURAL RESOURCES,1413/647,2026-03540,Memorandum of lease,2026-07-08,2026-08-28,2026-07-01,36,2029-07-01,1,,24,,,125.0,172,,,,,,,0,0,SAGE NATURAL RESOURCES LLC,"604 RIVERWOOD DR, DALLAS, GA 30157","P O BOX 700724, TULSA, OK 74170",,,,,,,30.3148882,-97.0008380
TX,LEON (TX),GULF COAST CENTRAL,,,BULL BRADY DUANE,COMSTOCK O&G LOUISIANA,NA/NA,00492862,Memorandum of lease,2026-07-06,2026-09-14,2026-07-06,36,2029-07-06,1,,24,,,54.47,209,,,,,,,0,0,COMSTOCK OIL & GAS LLC,"4757 COUNTY ROAD 69, ROBSTOWN, TX 78380","5300 TOWN AND COUNTRY BOULEVARD SUITE 500, FRISCO, TX 75034",,,,,,,31.3710219,-95.9603623
TX,LEE (TX),GULF COAST CENTRAL,EAGLEBINE,GIDDINGS,RAYMER WILLIAM R TREY,SAGE NATURAL RESOURCES,1411/847,2026-03154,Memorandum of lease,2026-07-05,2026-08-06,2026-06-24,36,2029-06-24,0,,,,,427.287,24,,,,,,,0,0,SAGE NATURAL RESOURCES LLC,"1701 EAGLE DRIVE, EDMOND, OK 73034","P O BOX 700724, TULSA, OK 74170",,,,,,,30.1339824,-96.8427427
TX,ATASCOSA (TX),GULF COAST WEST,EAGLEFORD,EAGLEVILLE,SOWARD DAVID,ROSEWOOD RESOURCES,NA/NA,265091,Memorandum of lease,2026-08-20,2026-09-18,2026-08-20,36,2029-08-20,1,,24,,,80.0,640,,,,,,,0,0,ROSEWOOD RESOURCES INC,"2550 E COUNTY ROAD 331, JOURDANTON, TX 78026","2101 CEDAR SPRINGS RD STE 1500, DALLAS, TX 75201",,,,,,,28.8413450,-98.5697032
TX,LEON (TX),GULF COAST CENTRAL,,,JAMES NANCY DIANNE,SYNDICATED ENERGY MANAGEMENT LLC,NA/NA,00492967,Memorandum of lease,2026-07-29,2026-09-16,2026-07-22,36,2029-07-22,1,,24,,,70.85,4,,,,,,,0,0,SYNDICATED ENERGY MANAGEMENT LLC,"7902 BURGESS RD, HITCHCOCK, TX 77563","215 WEST BANDERA ROAD SUITE 114 703, BOERNE, TX 78006",,,,,,,31.0725145,-96.0769641
TX,ATASCOSA (TX),GULF COAST WEST,EAGLEFORD,EAGLEVILLE,KESSLER DUANE P,ROSEWOOD RESOURCES,NA/NA,265093,Memorandum of lease,2026-08-22,2026-09-18,2026-08-22,36,2029-08-22,1,,24,,,43.742,640,,,,,,,0,0,ROSEWOOD RESOURCES INC,"1275 COUNTY ROAD 328, JOURDANTON, TX 78025","2101 CEDAR SPRINGS RD STE 1500, DALLAS, TX 75201",,,,,,,28.8413450,-98.5697032
TX,MARTIN (TX),MIDLAND,MIDLAND,,BLACK CLAYTON PRICE,PIONEER NATURAL RESOURCES USA,1125/89,263247,Lease,2026-07-22,2026-09-08,2026-07-01,12,2027-07-01,0,,,,0.25,160.0,258,,,,,,"Blk: 37 T1S, Sec: 5",0,0,PIONEER NATURAL RESOURCES USA INC,"9 LAFAYETTE PLACE, MIDLAND, TX 79705","LAND DEPARTMENT 22777 SPRINGWOODS VILLAGE PARKWAY, SPRING, TX 77389-1425",,,,,,,32.1273794,-101.9535865
TX,LEE (TX),GULF COAST CENTRAL,EAGLEBINE,GIDDINGS,HILL WONDA E,SAGE NATURAL RESOURCES,1412/929,2026-03400,Memorandum of lease,2026-08-06,2026-08-20,2026-07-24,36,2029-07-24,1,,24,,,9.0,49,,,,,,,0,0,SAGE NATURAL RESOURCES LLC,"6683 BEECH TRAIL DRIVE, CONVERSE, TX 78109","PO BOX 700724, TULSA, OK 74170-9904",,,,,,,30.3708900,-96.9293399
TX,HARDIN (TX),GULF COAST CENTRAL,,,PENDLETON DENE ADELE TAYLOR,GATEWAY EXPL,NA/NA,2026-0165590,Memorandum of lease,2026-08-18,2026-09-17,2026-08-05,36,2029-08-05,1,,24,,,17.256,202,,,,,,,0,0,GATEWAY EXPLORATION LLC,"9200 EDWARDS WAY APT 1109, HYATTSVILLE, MD 20783","3555 TIMMONS LANE SUITE 730, HOUSTON, TX 77027",,,,,,,30.3930917,-94.3179101
TX,LOVING (TX),DELAWARE,DELAWARE,,LGA ENERGY AND REAL ESTATE PROPERTIES LP,MRC PERMIAN,NA/NA,2026-1658,Memorandum of lease,2026-07-15,2026-08-26,2026-07-15,36,2029-07-15,0,,,,,73.02,437,,,,,,"Blk: 1, Sec: 92",0,0,MRC PERMIAN CO,"P O BOX 3072, MIDLAND, TX 79702","1 LINCOLN CENTER, 5400LBJ FREEWAY SUITE 1500, DALLAS, TX 75240",,,,,,,31.7245712,-103.5925412
TX,LEON (TX),GULF COAST CENTRAL,,,SYNWOLT RICHARD FRANKLIN III,SYNDICATED ENERGY MANAGEMENT LLC,NA/NA,00492958,Memorandum of lease,2026-08-01,2026-09-16,2026-08-01,36,2029-08-01,0,,,,,775.128,26,,,,,,,0,0,SYNDICATED ENERGY MANAGEMENT LLC,"13761 CR 452, NORMANGEE, TX 77871","215 WEST BANDERA RD SUITE 114 703, BOERNE, TX 78006",,,,,,,31.0948153,-96.1134628
TX,LEON (TX),GULF COAST CENTRAL,,,KEETON STANLEY C,SYNDICATED ENERGY MANAGEMENT LLC,NA/NA,00492956,Memorandum of lease,2026-08-06,2026-09-16,2026-07-20,36,2029-07-20,1,,24,,,34.261,4,,,,,,,0,0,SYNDICATED ENERGY MANAGEMENT LLC,"1810 LAUREL PATHWAY, SAN ANTONIO, TX 78245","215 WEST BANDERA ROAD SUITE 144 703, BOERNE, TX 78006",,,,,,,31.0725145,-96.0769641
TX,SAN AUGUSTINE (TX),EAST TEXAS,HAYNESVILLE - TX,EAST TEXAS,MOORE BRYCE L,AETHON,582/197,00092018,Memorandum of lease,2026-07-26,2026-08-24,2026-07-13,36,2029-07-13,1,,24,,,151.0,429,,,,,,,0,0,AETHON III HV LLC,"198 GLEN EAGLE CIRCLE, NEW CASTLE, CO 81647","12377 MERIT DRIVE SUITE 1200, DALLAS, TX 75251",,,,,,,31.3177125,-94.3043003
TX,SAN AUGUSTINE (TX),EAST TEXAS,HAYNESVILLE - TX,EAST TEXAS,MOORE BRYCE L,AETHON,582/197,00092018,Memorandum of lease,2026-07-26,2026-08-24,2026-07-13,36,2029-07-13,1,,24,,,151.0,530,,,,,,,0,0,AETHON III HV LLC,"198 GLEN EAGLE CIRCLE, NEW CASTLE, CO 81647","12377 MERIT DRIVE SUITE 1200, DALLAS, TX 75251",,,,,,,31.4037146,-94.2428014
TX,HARDIN (TX),GULF COAST CENTRAL,,,ROBINSON DIANNA SUE OVERSTREET,GATEWAY EXPL,NA/NA,2026-0165592,Memorandum of lease,2026-08-06,2026-09-17,2026-07-16,36,2029-07-16,1,,24,,,10.0,202,,,,,,,0,0,GATEWAY EXPLORATION LLC,"16130 FM 943, LIVINGSTON, TX 77351","3555 TIMMONS LANE SUITE 730, HOUSTON, TX 77027",,,,,,,30.3930917,-94.3179101
TX,LEON (TX),GULF COAST CENTRAL,EAGLEBINE,GIDDINGS,POMEROY JACQUELINE L,SYNDICATED ENERGY MANAGEMENT LLC,NA/NA,00493029,Memorandum of lease,2026-08-25,2026-09-16,2026-08-21,36,2029-08-21,1,,2,,,3.5,19,,,,,,,0,0,SYNDICATED ENERGY MANAGEMENT LLC,"16810 DUCKWATER CV, HOUSTON, TX 77095","215 WEST BANDERA ROAD SUITE 114 703, BOERNE, TN 78006",,,,,,,31.0125129,-96.0966646
TX,ATASCOSA (TX),GULF COAST WEST,EAGLEFORD,EAGLEVILLE,KESSLER DANIEL W JR,ROSEWOOD RESOURCES,NA/NA,265090,Memorandum of lease,2026-08-21,2026-09-18,2026-08-21,36,2029-08-21,1,,24,,,43.742,640,,,,,,,0,0,ROSEWOOD RESOURCES INC,"1125 COUNTY ROAD 328, JOURDANTON, TX 78025","2101 CEDAR SPRINGS RD STE 1500, DALLAS, TX 75201",,,,,,,28.8413450,-98.5697032
TX,LEON (TX),GULF COAST CENTRAL,,,PURSUIT ENERGY CORPORATION,THORP PETR,NA/NA,00493039,Lease ratification,2026-09-15,2026-09-16,2022-10-14,,,0,,,,,357.1,22,,,,,,,0,0,THORP PETROLEUM CORPORATION,"P O BOX 671098, DALLAS, TX 75367",,,,,,,,31.5629259,-95.8876618
TX,LEON (TX),GULF COAST CENTRAL,,,KELTON SHIRLEY,SYNDICATED ENERGY MANAGEMENT LLC,NA/NA,00493034,Memorandum of lease,2026-08-07,2026-09-16,2026-08-04,36,2029-08-04,1,,24,,,154.8,6,,,,,,,0,0,SYNDICATED ENERGY MANAGEMENT LLC,"11351 CR 452, NORMANGEE, TX 77871","215 WEST BANDERA ROAD SUITE 114-703, BOERNE, TX 78006",,,,,,,31.1146157,-96.0766634
TX,LEON (TX),GULF COAST CENTRAL,,,THOMAS AMANDA,SYNDICATED ENERGY MANAGEMENT LLC,NA/NA,00492962,Memorandum of lease,2026-07-27,2026-09-16,2026-07-21,36,2029-07-21,1,,24,,,144.0,4,,,,,,,0,0,SYNDICATED ENERGY MANAGEMENT LLC,"4008 MADISON CIRCLE, PLANO, TX 75023","215 WEST BANDERA ROAD SUITE 144 703, BOERNE, TX 78006",,,,,,,31.0725145,-96.0769641
TX,LEON (TX),GULF COAST CENTRAL,,,ALLISON WESLEY KEITH,SYNDICATED ENERGY MANAGEMENT LLC,NA/NA,00492966,Memorandum of lease,2026-07-27,2026-09-16,2026-07-23,36,2029-07-23,1,,24,,,374.99,26,,,,,,,0,0,SYNDICATED ENERGY MANAGEMENT LLC,"9787 FM 977, NORMAGEE, TX 77871","215 WEST BANDERA ROAD SUITE 114 703, BOERNE, TX 78006",,,,,,,31.0948153,-96.1134628
TX,LEON (TX),GULF COAST CENTRAL,,,ALLISON WESLEY KEITH,SYNDICATED ENERGY MANAGEMENT LLC,NA/NA,00492966,Memorandum of lease,2026-07-27,2026-09-16,2026-07-23,36,2029-07-23,1,,24,,,374.99,70,,,,,,,0,0,SYNDICATED ENERGY MANAGEMENT LLC,"9787 FM 977, NORMAGEE, TX 77871","215 WEST BANDERA ROAD SUITE 114 703, BOERNE, TX 78006",,,,,,,31.1319163,-96.1017625
TX,LEON (TX),GULF COAST CENTRAL,,,REBA MAE PRYOR LIVING TRUST,SYNDICATED ENERGY MANAGEMENT LLC,NA/NA,00493028,Memorandum of lease,2026-09-04,2026-09-16,2026-08-31,36,2029-08-31,1,,24,,,122.22,4,,,,,,,0,0,SYNDICATED ENERGY MANAGEMENT LLC,"101 WATERMERE DRIVE ROOM 231, SOUTHLAKE, TX 76092","215 WEST BANDERA ROAD SUITE 114 703, BOERNE, TX 78006",,,,,,,31.0725145,-96.0769641
TX,LEON (TX),GULF COAST CENTRAL,,,REBA MAE PRYOR LIVING TRUST,SYNDICATED ENERGY MANAGEMENT LLC,NA/NA,00493028,Memorandum of lease,2026-09-04,2026-09-16,2026-08-31,36,2029-08-31,1,,24,,,122.22,21,,,,,,,0,0,SYNDICATED ENERGY MANAGEMENT LLC,"101 WATERMERE DRIVE ROOM 231, SOUTHLAKE, TX 76092","215 WEST BANDERA ROAD SUITE 114 703, BOERNE, TX 78006",,,,,,,31.0503141,-96.1134636
TX,DIMMIT (TX),GULF COAST WEST,EAGLEFORD,BRISCOE RANCH,PEACH TREE RANCH LP,ROSEWOOD RESOURCES,778/50,68836,Memorandum of lease,2026-07-28,2026-09-09,2026-07-28,36,2029-07-28,1,,24,,,244.091,1162,,,,,,"Blk: A, Sec: 4",0,0,ROSEWOOD RESOURCES INC,"P O BOX 1503, MINERAL WELLS, TX 76068","2101 CEDAR SPRINGS RD STE 1500, DALLAS, TX 75201",,,,,,6597,28.7157439,-99.6734721
TX,LEON (TX),GULF COAST CENTRAL,,,WASHINGTON BELINDA,EXPAND ENERGY,NA/NA,00492952,Memorandum of lease,2026-07-22,2026-09-16,2026-07-22,36,2029-07-22,1,,36,,,43.1,483,,,,,,,0,0,EXPAND EXPLORATION LLC,"P O BOX 5151, LUBBOCK, TX 79408","6000 N CLASSEN BLVD, OKLAHOMA CITY, OK 73118",,,,,,,31.5082237,-95.7577659
TX,LEON (TX),GULF COAST CENTRAL,,,CHARLES LUMMUS AND CAROLYN LUMMUS REVOCABLE LIVING TRUST,SYNDICATED ENERGY MANAGEMENT LLC,NA/NA,00493004,Memorandum of lease,2026-08-06,2026-09-16,2026-08-04,36,2029-08-04,1,,24,,,279.6,4,,,,,,,0,0,SYNDICATED ENERGY MANAGEMENT LLC,"544 E PIN OAK, CENTERVILLE, TX 75833","215 WEST BANDERA ROAD SUITE 144 703, BOERNE, TX 78006",,,,,,,31.0725145,-96.0769641
TX,LEON (TX),GULF COAST CENTRAL,,,MACKEY GORDON INDEPENDENT EXECUTOR,SYNDICATED ENERGY MANAGEMENT LLC,NA/NA,00492964,Memorandum of lease,2026-07-27,2026-09-16,2026-07-01,36,2029-07-01,1,,24,,,46.4,30,,,,,,,0,0,SYNDICATED ENERGY MANAGEMENT LLC,"2621 SANTO DOMINGO DR, LEAGUE CITY, TX 77573","215 WEST BANDERA ROAD SUITE 114 703, BOERNE, TX 78006",,,,,,,31.0787152,-96.1982610
TX,GREGG (TX),EAST TEXAS,HAYNESVILLE - TX,EAST TEXAS - HAYNESVILLE NORTH,ROYALTY CLEARINGHOUSE HOLDINGS LTD,SABINE EAST TEXAS BASIN,NA/NA,202613891,Memorandum of lease,2026-09-14,2026-09-18,2026-07-21,36,2029-07-21,0,,,,,296.8,62,,,,,,,0,0,SABINE EAST TEXAS BASIN LLC,"701 BRAZOS STREET STE 660, AUSTIIN, TX 78701","1415 LOUISIANA STREET SUITE 1600, HOUSTON, TX 77002",,,,,,,32.6480583,-94.7472898
TX,GREGG (TX),EAST TEXAS,HAYNESVILLE - TX,EAST TEXAS - HAYNESVILLE NORTH,ROYALTY CLEARINGHOUSE HOLDINGS LTD,SABINE EAST TEXAS BASIN,NA/NA,202613891,Memorandum of lease,2026-09-14,2026-09-18,2026-07-21,36,2029-07-21,0,,,,,296.8,123,,,,,,,0,0,SABINE EAST TEXAS BASIN LLC,"701 BRAZOS STREET STE 660, AUSTIIN, TX 78701","1415 LOUISIANA STREET SUITE 1600, HOUSTON, TX 77002",,,,,,,32.6229572,-94.7470895
TX,LEON (TX),GULF COAST CENTRAL,,,EXLEY WILLIAM T SR,SYNDICATED ENERGY MANAGEMENT LLC,NA/NA,00493033,Memorandum of lease,2026-08-10,2026-09-16,2026-08-05,36,2029-08-05,1,,2,,,7.0,6,,,,,,,0,0,SYNDICATED ENERGY MANAGEMENT LLC,"11429 CR 452, NORMANGEE, TX 77871","215 WEST BANDERA ROAD SUITE 114-703, BOERNE, TX 78006",,,,,,,31.1146157,-96.0766634
TX,LEON (TX),GULF COAST CENTRAL,,,PATTERSON BILLIE PAYNE,SYNDICATED ENERGY MANAGEMENT LLC,NA/NA,00492955,Memorandum of lease,2026-08-10,2026-09-16,2026-07-20,36,2029-07-20,1,,24,,,110.373,486,,,,,,,0,0,SYNDICATED ENERGY MANAGEMENT LLC,"107 N JACKSON, HENDERSON, TX 75652","215 WEST BANDERA ROAD SUITE 114 703, BOERNE, TX 78006",,,,,,,31.0126133,-96.1814626
TX,LEON (TX),GULF COAST CENTRAL,,,WILLIAM FLOYD SUTTLE AND NANCY SUTTLE REVOCABLE LIVING TRUST,SYNDICATED ENERGY MANAGEMENT LLC,NA/NA,00493005,Memorandum of lease,2026-08-07,2026-09-16,2026-08-07,36,2029-08-07,1,,24,,,189.6,4,,,,,,,0,0,SYNDICATED ENERGY MANAGEMENT LLC,"11329 PR 2080, CENTERVILLE, TX 75833","215 WEST BANDERA ROAD SUITE 114 703, BOERNE, TX 78006",,,,,,,31.0725145,-96.0769641
TX,ATASCOSA (TX),GULF COAST WEST,EAGLEFORD,EAGLEVILLE,MANN BERNICE C,ROSEWOOD RESOURCES,NA/NA,265092,Memorandum of lease,2026-08-27,2026-09-18,2026-08-27,36,2029-08-27,1,,24,,,40.0,640,,,,,,,0,0,ROSEWOOD RESOURCES INC,"2465 EAST CR 331, JOURDANTON, TX 78026","2101 CEDAR SPRINGS RD STE 1500, DALLAS, TX 75201",,,,,,,28.8413450,-98.5697032
TX,LEON (TX),GULF COAST CENTRAL,,,MURPHY SONYA G KEETON,SYNDICATED ENERGY MANAGEMENT LLC,NA/NA,00492960,Memorandum of lease,2026-07-29,2026-09-16,2026-07-20,36,2029-07-20,1,,24,,,34.261,4,,,,,,,0,0,SYNDICATED ENERGY MANAGEMENT LLC,"20206 JADE VIEW CT, HUMBLE, TX 77338","215 WEST BANDERA ROAD SUITE 114 703, BOERNE, TX 78006",,,,,,,31.0725145,-96.0769641
TX,HARDIN (TX),GULF COAST CENTRAL,,,SNYDER DAVID,GATEWAY EXPL,NA/NA,2026-0165591,Memorandum of lease,2026-08-14,2026-09-17,2026-06-22,36,2029-06-22,1,,24,,,10.0,202,,,,,,,0,0,GATEWAY EXPLORATION LLC,"8261 MITCHELL RD APT 312, LUMBERTON, TX 77657","3555 TIMMONS LANE SUITE 730, HOUSTON, TX 77027",,,,,,,30.3930917,-94.3179101
TX,GREGG (TX),EAST TEXAS,HAYNESVILLE - TX,EAST TEXAS - HAYNESVILLE NORTH,DOLLAHITE STEPHEN W,SABINE EAST TEXAS BASIN,NA/NA,202613619,Memorandum of lease,2026-09-11,2026-09-14,2026-08-19,36,2029-08-19,0,,,,,11.0346,57,,,,,,,0,0,SABINE EAST TEXAS BASIN LLC,"P O BOX 924, JUDSON, TX 75660","1415 LOUISIANA STREET SUITE 1600, HOUSTON, TX 77002",,,,,,,32.5940559,-94.7364897
TX,LEON (TX),GULF COAST CENTRAL,,,KEETON TONY B,SYNDICATED ENERGY MANAGEMENT LLC,NA/NA,00492959,Memorandum of lease,2026-07-27,2026-09-16,2026-06-29,36,2029-06-29,1,,24,,,34.261,4,,,,,,,0,0,SYNDICATED ENERGY MANAGEMENT LLC,"617 MISSIONARY RIDGE, DESOTO, TX 75115","215 WEST BANDERA SUITE 114-703, BOERNE, TX 78006",,,,,,,31.0725145,-96.0769641
TX,LEON (TX),GULF COAST CENTRAL,,,KEETON ANDRE T,SYNDICATED ENERGY MANAGEMENT LLC,NA/NA,00492961,Memorandum of lease,2026-07-23,2026-09-16,2026-07-20,36,2029-07-20,1,,24,,,34.261,4,,,,,,,0,0,SYNDICATED ENERGY MANAGEMENT LLC,"1129 VERSAILLES AVE, DESOTO, TX 75115","215 WEST BENDERA ROAD SUITE 114 703, BOERNE, TX 78006",,,,,,,31.0725145,-96.0769641
TX,SMITH (TX),EAST TEXAS,HAYNESVILLE - TX,EAST TEXAS - HAYNESVILLE NORTH,HUGHES SANDRA S,TALL PINE ENERGY,NA/NA,202601027339,Memorandum of lease,2026-08-10,2026-09-09,2026-08-04,60,2031-08-04,1,,24,,,89.42,952,,,,,,,0,0,TALL PINES ENERGY LLC,"110 WHISPERING CEDAR LN, STELLA, MO 64867","4608 KINSEY DRIVE, TYLER, TX 75703",,,,,,,32.2499457,-95.0522794
TX,WEBB (TX),GULF COAST WEST,EAGLEFORD,HAWKVILLE,SOUTHWEST PETROLEUM COMPANY LP,EOG RESOURCES,6108/628,1598160,Memorandum of lease,2026-07-31,2026-09-15,2026-06-22,36,2029-06-22,0,,,,,10.0,276,,,,,,,0,0,EOG RESOURCES INC,"P O BOX 702377, DALLAS, TX 75370","802 N CARANCAHUA SUITE 1700, CORPUS CHRISTI, TX 78401",,,,,,,27.7495108,-99.4529839
TX,SCURRY (TX),EASTERN SHELF,,,SANCHEZ JOSEPHINE LYNNETTE,KINDER MORGAN,1132/349,20262630,Memorandum of lease,2026-07-06,2026-09-14,2026-07-06,60,2031-07-06,0,,,,,84.0,468,,,,,,"Blk: 1, Sec: 13",0,0,KINDER MORGAN PRODUCTION COMPANY LLC,"P O BOX 1173, BELEN, NM 87002","1001 LOUISIANA STREET SUITE 1000, HOUSTON, TX 77002",,,,,,,32.7083914,-100.9446033
TX,LEON (TX),GULF COAST CENTRAL,,,DENKINS REGINALD,EXPAND ENERGY,NA/NA,00492940,Memorandum of lease,2026-07-24,2026-09-15,2026-07-24,36,2029-07-24,0,,,,,171.98,483,,,,,,,0,0,EXPAND EXPLORATION LLC,"8327 W TIDWELL RD 1718, HOUSTON, TX 77040","6000 N CLASSEN BLVD, OKLAHOMA CITY, TX 73118",,,,,,,31.5082237,-95.7577659
TX,HARRISON (TX),EAST TEXAS,HAYNESVILLE - TX,EAST TEXAS - HAYNESVILLE NORTH,TERRY BERTHA R,RFE ETX III,NA/NA,2026-000010708,Memorandum of lease,2026-07-28,2026-09-10,2026-07-23,36,2029-07-23,1,,24,,,70.0,393,,,,,,,0,0,RFE ETX III LLC,"4942 COUNTRY CLUB DR, MESQUITE, TX 75150","3838 OAK LAWN AVENUE SUITE 1410, DALLAS, TX 75219",,,,,,,32.5889540,-94.5259983
TX,HARRISON (TX),EAST TEXAS,HAYNESVILLE - TX,EAST TEXAS - HAYNESVILLE NORTH,TERRY BERTHA R,RFE ETX III,NA/NA,2026-000010708,Memorandum of lease,2026-07-28,2026-09-10,2026-07-23,36,2029-07-23,1,,24,,,70.0,712,,,,,,,0,0,RFE ETX III LLC,"4942 COUNTRY CLUB DR, MESQUITE, TX 75150","3838 OAK LAWN AVENUE SUITE 1410, DALLAS, TX 75219",,,,,,,32.5691532,-94.5385976
TX,SAN AUGUSTINE (TX),EAST TEXAS,HAYNESVILLE - TX,EAST TEXAS,MORGAN JANE HARTLEY,RCE A AUGUSTA LLC,581/383,00091929,Memorandum of lease,2026-07-08,2026-08-19,2026-07-07,36,2029-07-07,1,,24,,,123.391,252,,,,,,,0,0,RCE A AUGUSTA LLC,"6021 STILL FOREST DRIVE, DALLAS, TX 75252","700 MILAM STREET SUITE 2000, HOUSTON, TX 77002",,,,,,,31.4730177,-94.1072053
TX,SAN AUGUSTINE (TX),EAST TEXAS,HAYNESVILLE - TX,EAST TEXAS,BLACK STONE MINERALS COMPANY LP,REVENANT ENERGY LLC,NA/NA,00091991,Memorandum of lease,2026-08-12,2026-08-24,2026-07-01,12,2027-07-01,0,,,,,196.5,16,,,,,,,0,0,REVENANT ENERGY LLC,"1001 FANNIN SUITE 2020, HOUSTON, TX 77002","7201 BISHOP RD SUITE 200, PLANO, TX 75204",,,,,,,31.2433104,-94.2660017
TX,LEE (TX),GULF COAST CENTRAL,EAGLEBINE,GIDDINGS,DARBY LORI ZWERNEMANN,SAGE NATURAL RESOURCES,1413/659,2026-03544,Memorandum of lease,2026-07-26,2026-08-28,2026-07-01,36,2029-07-01,1,,24,,,125.0,172,,,,,,,0,0,SAGE NATURAL RESOURCES LLC,"27 PLEASANT ST, DARIEN, CT 06820","P O BOX 700724, TULSA, OK 74170",,,,,,,30.3148882,-97.0008380
TX,LEE (TX),GULF COAST CENTRAL,EAGLEBINE,GIDDINGS,KARCHER ALBERT HENRY III,SAGE NATURAL RESOURCES,1411/486,2026-03079,Memorandum of lease,2026-08-01,2026-08-03,2026-07-28,36,2029-07-28,1,,24,,,137.422,15,,,,,,,0,0,SAGE NATURAL RESOURCES LLC,"13538 CAMINO DE PLATA CT, CORPUS CHRISTI, TX 78418","PO BOX 700724, TULSA, OK 74170-9904",,,,,,,30.3861905,-96.8812413
TX,HARRISON (TX),EAST TEXAS,HAYNESVILLE - TX,EAST TEXAS - HAYNESVILLE NORTH,WYNN AMANDA HALL,SABINE EAST TEXAS BASIN,NA/NA,2026-000010674,Memorandum of lease,2026-07-30,2026-09-10,2026-07-30,36,2029-07-30,1,,24,,,14.75,71,,,,,,,0,0,SABINE EAST TEXAS BASIN LLC,"P O DRAWER M, MARSHALL, TX 75671","1415 LOUISIANA STREET SUITE 1600, HOUSTON, TX 77002",,,,,,,32.4782489,-94.4738994
TX,SAN AUGUSTINE (TX),EAST TEXAS,HAYNESVILLE - TX,EAST TEXAS,ALEXANDER CYNTHIA ELIZABETH,SILVER CREEK EXPLORATION LLC,581/72,00091871,Memorandum of lease,2026-08-03,2026-08-12,2026-07-15,36,2029-07-15,1,,24,,,34.0,308,,,,,,,0,0,SILVER CREEK EXPLORATION LLC,"8303 GRAYLEDGE DRIVE, AUSTIN, TX 78753","7800 SHOAL CREEK SUITE 144S, AUSTIN, TX 78757",,,,,,,31.4041153,-94.1617040
TX,SAN AUGUSTINE (TX),EAST TEXAS,HAYNESVILLE - TX,EAST TEXAS,SUGARBERRY MINERALS LP,RCE A AUGUSTA LLC,NA/NA,00092219,Memorandum of lease,2026-07-07,2026-08-28,2026-07-07,,,0,,,,,52.9,482,,,,,,,0,0,RCE A AUGUSTA LLC,"5950 CEDAR SPRINGS ROAD SUITE 200, DALLAS, TX 75235","700 MILAM STREET SUITE 200, HOUSTON, TX 77002",,,,,,,31.5668214,-93.9960085
TX,SAN AUGUSTINE (TX),EAST TEXAS,HAYNESVILLE - TX,EAST TEXAS,SUGARBERRY MINERALS LP,RCE A AUGUSTA LLC,NA/NA,00092219,Memorandum of lease,2026-07-07,2026-08-28,2026-07-07,,,0,,,,,52.9,670,,,,,,,0,0,RCE A AUGUSTA LLC,"5950 CEDAR SPRINGS ROAD SUITE 200, DALLAS, TX 75235","700 MILAM STREET SUITE 200, HOUSTON, TX 77002",,,,,,,31.5712215,-94.0021083
TX,LEON (TX),GULF COAST CENTRAL,,,SMITH KATHY DIANE,COMSTOCK O&G LOUISIANA,NA/NA,00492868,Memorandum of lease,2026-07-16,2026-09-14,2026-07-16,36,2029-07-16,1,,36,,,21.418,374,,,,,,,0,0,COMSTOCK OIL & GAS LLC,"515 NARCISSUS ROAD, KEMAH, TX 77565","5300 TOWN AND COUNTRY BOULEVARD SUITE 500, FRISCO, TX 75034",,,,,,,31.4067226,-95.9380624
TX,SAN AUGUSTINE (TX),EAST TEXAS,HAYNESVILLE - TX,EAST TEXAS,WARE TONY KENT,RCE A AUGUSTA LLC,581/632,00091964,Memorandum of lease,2026-07-17,2026-08-21,2026-07-01,36,2029-07-01,1,,24,,,54.0,101,,,,,,,0,0,RCE A AUGUSTA LLC,"P O BOX 633232, NACOGDOCHES, TX 75963","700 MILAM STREET SUITE 200, HOUSTON, TX 77002",,,,,,,31.5554205,-94.0632064
LA,BIENVILLE (LA),ARKLA,HAYNESVILLE - LA,ARKLA - HAYNESVILLE,WALSWORTH ANN BATSON,PETRO CHEM OPERATING,NA/NA,311806,Lease amendment,2026-07-15,2026-08-03,2024-09-10,,,0,,,,,40.0,,27,17,N,5,W,,0,0,PETRO CHEM OPERATING CO INC,,,,,,,,,32.4325767,-92.8707098
TX,SAN AUGUSTINE (TX),EAST TEXAS,HAYNESVILLE - TX,EAST TEXAS,HUGHES LEA ANN GARRETT,AETHON,NA/NA,00091999,Memorandum of lease,2026-07-30,2026-08-24,2026-07-17,36,2029-07-17,1,,24,,,54.0,101,,,,,,,0,0,AETHON UNITED BR LP,"22133 LA HIGHWAY 16, DENHAM SPRINGS, LA 70726","12377 MERIT DRIVE SUITE 1200, DALLAS, TX 75251",,,,,,,31.5554205,-94.0632064
TX,MADISON (TX),GULF COAST CENTRAL,EAGLEBINE,GIDDINGS,ROSE CHERYL HENDERSON,HAWKWOOD ENERGY EAST TEXAS,2093/50,131043,Lease amendment,2026-07-13,2026-09-04,2026-11-22,24,2028-11-22,0,,,,,239.65,43,,,,,,,0,0,HAWKWOOD ENERGY EAST TEXAS LLC,,,,,,,,,30.9368109,-96.0966651
TX,LEON (TX),GULF COAST CENTRAL,,,PHIPPS STORMY,SURPRISE VALLEY RESOURCES,NA/NA,00492925,Lease ratification,2026-09-10,2026-09-15,2020-12-07,,,0,,,,,22.0,784,,,,,,,0,0,SURPRISE VALLEY RESOURCES LLC,"4423 POOLSIDE DR SP, CHANDLER, TX 75758",,,,,,,,31.3136214,-96.1687576
TX,HARRISON (TX),EAST TEXAS,HAYNESVILLE - TX,EAST TEXAS - HAYNESVILLE NORTH,BONNER CHRISTOPHER,RFE HALLSVILLE,NA/NA,2026-000010521,Memorandum of lease,2026-08-08,2026-09-03,2026-07-31,36,2029-07-31,0,,,,,47.51,146,,,,,,,0,0,RFE HALLSVILLE LLC,"9719 CHARTER RIDGE DR, HOUSTON, TX 77070","3838 OAK LAWN AVENUE SUITE 1410, DALLAS, TX 75219",,,,,,,32.5169512,-94.5844952
TX,SAN AUGUSTINE (TX),EAST TEXAS,HAYNESVILLE - TX,EAST TEXAS,HARDY JON MICHAEL,RCE A AUGUSTA LLC,580/351,00091789,Memorandum of lease,2026-07-07,2026-08-05,2026-07-01,36,2029-07-01,1,,24,,,54.0,101,,,,,,,0,0,RCE A AUGUSTA LLC,"3418 AVENUE L, SANTA FE, TX 77510","700 MILAM STREET SUITE 2000, HOUSTON, TX 77002",,,,,,,31.5554205,-94.0632064
TX,LAVACA (TX),GULF COAST WEST,EAGLEFORD,EAGLE FORD DRY,TESCH MICHAEL EDWARD,EOG RESOURCES,1089/850,274088,Memorandum of lease,2026-08-11,2026-09-02,2026-08-11,36,2029-08-11,1,,24,,,8.0,37,,,,,,,0,0,EOG RESOURCES INC,"12168 LAKEVIEW MANOR DRIVE, WILLIS, TX 77318","P.O. BOX 592929, SAN ANTONIO, TX 78259",,,,,,,29.3813564,-97.0529376
TX,SAN AUGUSTINE (TX),EAST TEXAS,HAYNESVILLE - TX,EAST TEXAS,JAMISON SCOTTY,RCE A AUGUSTA LLC,NA/NA,00091790,Memorandum of lease,2026-07-20,2026-08-05,2026-07-01,36,2029-07-01,1,,24,,,54.0,101,,,,,,,0,0,RCE A AUGUSTA LLC,"247 COUNTY RD 2931, SHELBYVILLE, TX 75973","700 MILAM STREET SUITE 2000, HOUSTON, TX 77002",,,,,,,31.5554205,-94.0632064
TX,MADISON (TX),GULF COAST CENTRAL,EAGLEBINE,GIDDINGS,STATEN SPENCER C,BULL RUN RESOURCES,2093/37,131039,Memorandum of lease,2026-08-03,2026-09-04,2026-08-03,36,2029-08-03,1,,24,,,2.1725,19,,,,,,,0,0,BULL RUN RESOURCES LLC,"P O BOX 733, NORMANGEE, TX 77871","P O BOX 1097, NEWARK, TX 76071",,,,,,,31.0125129,-96.0966646
TX,LOVING (TX),DELAWARE,DELAWARE,,RCA ENERGY AND REAL ESTATE PROPERTIES LP,MRC PERMIAN,NA/NA,2026-1657,Memorandum of lease,2026-07-15,2026-08-26,2026-07-15,36,2029-07-15,0,,,,,73.02,437,,,,,,"Blk: 1, Sec: 92",0,0,MRC PERMIAN COMPANY,"PO BOX 3072, MIDLAND, TX 79702","540 LBJ FREEWAY SUITE 1500, DALLAS, TX 75240",,,,,,,31.7245712,-103.5925412
TX,HARRISON (TX),EAST TEXAS,HAYNESVILLE - TX,EAST TEXAS - HAYNESVILLE NORTH,ROYALL LENAE,2M MINERALS LLC,NA/NA,2026-000010579,Memorandum of lease,2026-08-03,2026-09-08,2026-05-01,36,2029-05-01,1,,24,,,74.992,396,,,,,,,0,0,2M MINERALS LLC,"1995 HIDDEN VALLEY, ROCKWALL, TX 75087","200 S OAKRIDGE DR STE 101 607, HUDSON OAKS, TX 76087",,,,,,,32.5659535,-94.5931953
TX,SAN AUGUSTINE (TX),EAST TEXAS,HAYNESVILLE - TX,EAST TEXAS,REED JAMES ROBERT PH D AGENT,SILVER CREEK EXPLORATION LLC,582/455,00092118,Memorandum of lease,2026-08-10,2026-08-25,2026-08-10,36,2029-08-10,1,,24,,,96.617,36,,,,,,,0,0,SILVER CREEK EXPLORATION LLC,"12 VERSAILLES BLVD, NEW ORLEANS, LA 70125","7800 SHOL CREEK SUITE 144S, AUSTIN, TX 78757",,,,,,,31.3866145,-94.2059027
TX,SAN AUGUSTINE (TX),EAST TEXAS,HAYNESVILLE - TX,EAST TEXAS,BICKLEY NANCY ANN,RCE A AUGUSTA LLC,580/80,00091733,Memorandum of lease,2026-07-08,2026-08-03,2026-07-08,36,2029-07-08,0,,,,,64.33,231,,,,,,,0,0,RCE A AUGUSTA LLC,"13241 CHAPPEL WOOD LN, CONROE, TX 77802","700 MILAM STREET SUITE 2000, HOUSTON, TX 77002",,,,,,,31.4532168,-94.1452042
TX,LEE (TX),GULF COAST CENTRAL,EAGLEBINE,GIDDINGS,HODGE JOHN E,SAGE NATURAL RESOURCES,1411/894,2026-03171,Memorandum of lease,2026-07-24,2026-08-07,2026-07-24,36,2029-07-24,1,,24,,,9.0,49,,,,,,,0,0,SAGE NATURAL RESOURCES LLC,"3006 BOBOLINK STREET, VICTORIA, TX 77901","PO BOX 700724, TULSA, OK 74170",,,,,,,30.3708900,-96.9293399
TX,MARTIN (TX),MIDLAND,MIDLAND,,WHIRLWIND ENTERPRISES INC,DIAMONDBACK,1125/220,263259,Lease amendment,2026-07-28,2026-09-09,2021-10-04,60,2026-10-04,1,,24,,,,159,,,,,,"Blk: 36 T2N, Sec: 17",0,0,DIAMONDBACK E&P LLC,,,,,,,,,32.3476864,-101.9165819
TX,SAN AUGUSTINE (TX),EAST TEXAS,HAYNESVILLE - TX,EAST TEXAS,PETERSON GORDON T,XTO,581/244,00091909,Memorandum of lease,2026-08-13,2026-08-17,2026-08-13,36,2029-08-13,0,,,,,13.0,139,,,,,,,0,0,XTO ENERGY INC,"614 COUNTRY LANE APT 4, LENA, IL 61048","22777 SPRINGWOODS VILLAGE PARKWAY, SPRING, TX 77389",,,,,,,31.6181211,-94.1930021
TX,HARRISON (TX),EAST TEXAS,HAYNESVILLE - TX,EAST TEXAS - HAYNESVILLE NORTH,PWEP INTERESTS LP,LONG WAVE ENERGY,NA/NA,2026-000010622,Memorandum of lease,2026-09-01,2026-09-08,2026-09-01,36,2029-09-01,1,,24,,,93.6,304,,,,,,,0,0,LONG WAVE ENERGY LLC,"3880 HULEN STREET SUITE 500, FORT WORTH, TX 76107","3880 HULEN STREET SUITE 500, FORT WORTH, TX 76107",,,,,,,32.4800499,-94.5924947
LA,BOSSIER (LA),ARKLA,HAYNESVILLE - LA,ARKLA - HAYNESVILLE,BARNETTE BOBBY E,APEX NATURAL GAS,NA/NA,1375475,Memorandum of lease,2026-08-03,2026-08-13,2026-08-03,36,2029-08-03,1,,24,,,0.8711,,3,17,N,13,W,,0,0,APEX NATURAL GAS LLC,"1928 ROSSIE LEE DRIVE, BOSSIER CITY, LA 71112","1100 LOUISIANA SUITE 3800, HOUSTON, TX 77002",,,,,,,32.4914274,-93.6904940
TX,LEE (TX),GULF COAST CENTRAL,EAGLEBINE,GIDDINGS,JACKSON RONNIE,SAGE NATURAL RESOURCES,NA/NA,2026-03479,Memorandum of lease,2026-07-15,2026-08-25,2026-07-15,36,2029-07-15,1,,24,,,3.836,97,,,,,,,0,0,SAGE NATURAL RESOURCES LLC,"P O BOX 315, LEXINGTON, TX 78947","P O BOX 700724, TULSA, OK 74170-9904",,,,,,,30.3553895,-96.9224402
TX,SAN AUGUSTINE (TX),EAST TEXAS,HAYNESVILLE - TX,EAST TEXAS,CHANDLER MELISSA,SILVER CREEK EXPLORATION LLC,582/458,00092119,Memorandum of lease,2026-07-28,2026-08-25,2026-07-28,36,2029-07-28,1,,24,,,3.1629,210,,,,,,,0,0,SILVER CREEK EXPLORATION LLC,"187 KIND ROAD, LUFKIN, TX 75901","7800 SHOAL CREEK SUITE 144S, AUSTIN, TX 78757",,,,,,,31.3980149,-94.1832033
TX,UPSHUR (TX),EAST TEXAS,HAYNESVILLE - TX,EAST TEXAS - HAYNESVILLE NORTH,VERNER SHEQUILIA,NETX ACQUISITIONS,NA/NA,202606299,Memorandum of lease,2026-09-11,2026-09-11,2026-03-20,60,2031-03-20,0,,,,,99.47,22,,,,,,,0,0,NETX ACQUISITIONS LLC,"10274 STATE HIGHWAY 155N, ORE CITY, TX 75683","100 INDEPENDENCE PLACE SUITE 404, TYLER, TX 75703",,,,,,,32.8775681,-94.7547915
TX,SAN AUGUSTINE (TX),EAST TEXAS,HAYNESVILLE - TX,EAST TEXAS,HENDERSON FAMILY PARTNERSHIP LTD,RCE A AUGUSTA LLC,581/641,00091968,Memorandum of lease,2026-07-28,2026-08-21,2026-07-01,36,2029-07-01,1,,24,,,29.5,35,,,,,,,0,0,RCE A AUGUSTA LLC,"P O BOX 540, JASPER, TX 75951","700 MILAM STREET SUITE 2000, HOUSTON, TX 77002",,,,,,,31.5709204,-94.1206045
TX,HARRISON (TX),EAST TEXAS,HAYNESVILLE - TX,EAST TEXAS - HAYNESVILLE NORTH,CRAIN WALTER FLOYD,RFE ETX IV,NA/NA,2026-000010524,Memorandum of lease,2026-07-25,2026-09-03,2026-06-08,60,2031-06-08,1,,24,,,4.78,438,,,,,,,0,0,RFE ETX V LLC,"137 CARONDELET CT, BOSSIER CITY, LA 71111","3838 OAK LAWN AVENUE SUITE 1410, DALLAS, TX 75219",,,,,,,32.5107515,-94.6530923
LA,BEAUREGARD (LA),GULF COAST EAST,TUSCALOOSA MARINE SHALE,,COLEMAN ROCKY L,DUNN EXPL,1135/746,602765,Lease extension,2026-07-15,2026-08-07,2026-07-15,36,2029-07-15,1,,24,,,4.0,,23,6,S,12,W,,0,0,DUNN EXPLORATION COMPANY LLC,"218 F HENNIGAN ROAD, FIELDS, LA 70653","P O BOX 55056, HOUSTON, TX 77255",,,,,,,30.5260279,-93.5614955
TX,LEE (TX),GULF COAST CENTRAL,EAGLEBINE,GIDDINGS,ENGLISH LEONTENE,SAGE NATURAL RESOURCES,1413/321,2026-03480,Memorandum of lease,2026-08-21,2026-08-25,2026-08-10,36,2029-08-10,1,,24,,,58.25,154,,,,,,,0,0,SAGE NATURAL RESOURCES LLC,"2109 AVENUE I, TEMPLE, TX 76501","PO BOX 700724, TULSA, OK 74170-9904",,,,,,,30.3682899,-96.9563391
TX,MARTIN (TX),MIDLAND,MIDLAND,,MOORE PHYLLIS HARDEMAN,DIAMONDBACK,1125/236,263262,Lease amendment,2026-08-07,2026-09-09,2016-02-05,192,2032-02-05,0,,,,,0.4253,446,,,,,,"Blk: 36 T1S, Sec: 14",0,0,DIAMONDBACK E&P LLC,"P O BOX 1068, BIG SPRING, TX 79721",,,,,,,,32.1341778,-101.7955911
TX,LEE (TX),GULF COAST CENTRAL,EAGLEBINE,GIDDINGS,HAYWOOD DAVID NORCELL,SAGE NATURAL RESOURCES,1412/121,2026-03249,Memorandum of lease,2026-07-14,2026-08-11,2026-07-08,36,2029-07-08,1,,24,,,56.541,49,,,,,,,0,0,SAGE NATURAL RESOURCES LLC,"6117 LAREDO CT, GRANBURY, TX 76049","PO BOX 700724, TULSA, OK 74170-9904",,,,,,,30.3708900,-96.9293399
TX,LAVACA (TX),GULF COAST WEST,EAGLEFORD,EAGLE FORD DRY,THE MARK STOVALL REIFSLAGER IRREVOCABLE TRUST,EOG RESOURCES,1089/854,274089,Memorandum of lease,2026-08-18,2026-09-02,2025-12-08,36,2028-12-08,0,,,,,229.8214,48,,,,,,,0,0,EOG RESOURCES INC,"PO BOX 906, EL CAMPO, TX 77437","19100 RIDGEWOOD PKWY BUILDING 2, SAN ANTONIO, TX 78259",,,,,,,29.4360583,-97.0280382
TX,MADISON (TX),GULF COAST CENTRAL,EAGLEBINE,GIDDINGS,HUDSON PATRICIA JOANNE NEAL DECEASED,GIANT ENERGY,2093/113,131053,Lease extension,2026-08-19,2026-09-08,2022-06-13,48,2026-06-13,0,,,,,32.735,24,,,,,,,0,0,GIANT ENERGY CO LP,,"12850 SPURLING RD SUITE 200, DALLAS, TX 75230",,,,,,,31.0407135,-96.0372656
TX,LEE (TX),GULF COAST CENTRAL,EAGLEBINE,GIDDINGS,MCCORMICK BRENDA,SAGE NATURAL RESOURCES,1412/1117,2026-03410,Memorandum of lease,2026-08-20,2026-08-20,2026-07-24,36,2029-07-24,1,,24,,,81.0,174,,,,,,,0,0,SAGE NATURAL RESOURCES LLC,"3746 FM 2549, HEARNE, TX 77859","PO BOX 700724, TULSA, OK 74170-9904",,,,,,,30.4236916,-96.8938408
TX,SAN AUGUSTINE (TX),EAST TEXAS,HAYNESVILLE - TX,EAST TEXAS,OLIVER ROBERTA TEEL,AETHON,582/160,00091998,Memorandum of lease,2026-07-28,2026-08-24,2026-07-13,36,2029-07-13,1,,24,,,54.0,101,,,,,,,0,0,AETHON UNITED BR LP,"3176 BLUE BELL COURT, ADAMSTOWN, MD 21710","12377 MERIT DRIVE SUITE 1200, DALLAS, TX 75251",,,,,,,31.5554205,-94.0632064
TX,NEWTON (TX),GULF COAST CENTRAL,,,SINGLETON LAQUITA,LUCAS RESOURCES LLC,834/39,183794,Lease,2026-07-27,2026-08-26,2026-07-27,36,2029-07-27,1,250,24,,0.1875,52.0,90,,,,,,,0,0,LUCAS RESOURCES LLC,"1202 LYNN STREET, JASPER, TX 75951","7026 OLD KATY RD SUITE 201, HOUSTON, TX 77024",,,,,,,30.9337040,-93.5822263
TX,HARRISON (TX),EAST TEXAS,HAYNESVILLE - TX,EAST TEXAS - HAYNESVILLE NORTH,JUDY CAROLE GRAMMER FOUNTAIN,RFE ETX IV,NA/NA,2026-000010526,Memorandum of lease,2026-08-18,2026-09-03,2026-07-27,36,2029-07-27,1,,24,,,0.76,438,,,,,,,0,0,RFE ETX V LLC,"352 GRAMMER RD, LONGVIEW, TX 75605","3838 OAK LAWN AVENUE SUITE 1410, DALLAS, TX 75219",,,,,,,32.5107515,-94.6530923
TX,LEE (TX),GULF COAST CENTRAL,EAGLEBINE,GIDDINGS,HODGE EUGENE,SAGE NATURAL RESOURCES,1412/686,2026-03359,Memorandum of lease,2026-08-08,2026-08-17,2026-07-31,36,2029-07-31,1,,24,,,9.0,49,,,,,,,0,0,SAGE NATURAL RESOURCES LLC,"8028 GESSNER DRIVE APT 2603, AUSTIN, TX 78753","PO BOX 700724, TULSA, OK 74170-9904",,,,,,,30.3708900,-96.9293399
TX,SAN AUGUSTINE (TX),EAST TEXAS,HAYNESVILLE - TX,EAST TEXAS,SUTTLE LAUREL,XTO,NA/NA,00092108,Memorandum of lease,2026-08-04,2026-08-25,2026-08-04,36,2029-08-04,0,,,,,450.0,5,,,,,,,0,0,XTO ENERGY INC,"P O BOX 291132, KERRVILLE, TX 78029","22777 SPRINGWOODS VILLAGE PARKWAY, SPRING, TX 77389",,,,,,,31.6068223,-94.0258075
TX,SAN AUGUSTINE (TX),EAST TEXAS,HAYNESVILLE - TX,EAST TEXAS,SUTTLE LAUREL,XTO,NA/NA,00092108,Memorandum of lease,2026-08-04,2026-08-25,2026-08-04,36,2029-08-04,0,,,,,450.0,114,,,,,,,0,0,XTO ENERGY INC,"P O BOX 291132, KERRVILLE, TX 78029","22777 SPRINGWOODS VILLAGE PARKWAY, SPRING, TX 77389",,,,,,,31.5734215,-94.0142079
TX,SAN AUGUSTINE (TX),EAST TEXAS,HAYNESVILLE - TX,EAST TEXAS,THE R GARRETT RIDLEY GST EXEMPT TRUST,SILVER CREEK EXPLORATION LLC,NA/NA,00091870,Memorandum of lease,2026-07-16,2026-08-12,2026-07-16,36,2029-07-16,1,,24,,,69.0,308,,,,,,,0,0,SILVER CREEK EXPLORATION LLC,"2700 E PALM CIRCLE, GALVESTON, TX 77551","7800 SHOAL CREEK SUITE 144S, AUSTIN, TX 78757",,,,,,,31.4041153,-94.1617040
TX,SAN AUGUSTINE (TX),EAST TEXAS,HAYNESVILLE - TX,EAST TEXAS,WALTON AARON WILLIAM,AETHON,NA/NA,00092237,Memorandum of lease,2026-07-29,2026-08-28,2026-01-21,36,2029-01-21,0,,,,,60.0,170,,,,,,,0,0,AETHON III HV LLC,"1825 CASTILLE DRIVE, CARROLLTON, TX 75007","12377 MERIT DRIVE SUITE 1200, DALLAS, TX 75251",,,,,,,31.3864142,-94.2881003
TX,HOWARD (TX),MIDLAND,MIDLAND,,MMW 2022 LIFETIME TRUST,OAK POINT ENERGY,2375/122,2026-00005151,Memorandum of lease,2026-08-10,2026-09-11,2026-07-01,36,2029-07-01,1,,24,,,360.0,1292,,,,,,"Blk: 32 T1S, Sec: 44",0,0,OAK POINT ENERGY LLC,"2231 STARWASHED DRIVE, MIDLOTHIAN, TX 76065","P O BOX 672, MIDLAND, TX 79702",,,,,,,32.1419756,-101.4266000
TX,SAN AUGUSTINE (TX),EAST TEXAS,HAYNESVILLE - TX,EAST TEXAS,COOPER LINDA RUTH,19904,583/292,00092231,Memorandum of lease,2026-08-05,2026-08-28,2026-05-20,36,2029-05-20,0,,,,,50.0,684,,,,,,,0,0,19904,"210 ADDICKS ALEE 15, HEMPHILL, TX 75948","1111B S GOVERNORS AVENUE SUITE 4065, DOVER, DE",,,,,,,31.3690137,-94.3001001
TX,SAN AUGUSTINE (TX),EAST TEXAS,HAYNESVILLE - TX,EAST TEXAS,COOPER LINDA RUTH,19904,583/292,00092231,Memorandum of lease,2026-08-05,2026-08-28,2026-05-20,36,2029-05-20,0,,,,,50.0,57,,,,,,,0,0,19904,"210 ADDICKS ALEE 15, HEMPHILL, TX 75948","1111B S GOVERNORS AVENUE SUITE 4065, DOVER, DE",,,,,,,31.5132175,-94.2566004
TX,LEE (TX),GULF COAST CENTRAL,EAGLEBINE,GIDDINGS,ALBRECHT WILLARD,COMBO RESOURCES,1413/420,2026-03494,Memorandum of lease,2026-08-20,2026-08-26,2026-08-15,36,2029-08-15,0,,,,,19.03,83,,,,,,,0,0,COMBO RESOURCES HOLDINGS LLC,"POST OFFICE BOX 715, GIDDINGS, TX 78942","109 NORTH MAIN STREET SUITE 100, LA GRANGE, TX 78945",,,,,,,30.1119819,-96.9871389
TX,LAVACA (TX),GULF COAST WEST,EAGLEFORD,EAGLE FORD DRY,WENSKE JO ANN,MODELO ENERGY,1089/147,273990,Memorandum of lease,2026-08-19,2026-08-27,2026-08-07,36,2029-08-07,0,,,,,35.94,24,,,,,,,0,0,MODELO ENERGY LLC,"1321 PARK BAYOU DR C 111, HOUSTON, TX 77077","4400 POST OAK PKWY SUITE 2360, HOUSTON, TX 77027",,,,,,,29.3900565,-97.0030386
TX,LEON (TX),GULF COAST CENTRAL,,,BABIC DEBORRA,MITSUI E&P,NA/NA,00492830,Memorandum of lease,2026-07-28,2026-09-14,2026-07-28,36,2029-07-28,1,,24,,,55.08,782,,,,,,,0,0,MITSUI E&P USA LLC,"14914 WAYBRIDGE DR, HOUSTON, TX 77062","1300 POST OAK BLVD SUITE 1800, HOUSTON, TX 77056",,,,,,,31.5471254,-95.8764623
TX,UPSHUR (TX),EAST TEXAS,HAYNESVILLE - TX,EAST TEXAS - HAYNESVILLE NORTH,WILLIAMS CARMEN,NETX ACQUISITIONS,NA/NA,202606297,Memorandum of lease,2026-09-01,2026-09-11,2026-09-01,60,2031-09-01,0,,,,,1.576,22,,,,,,,0,0,NETX ACQUISITIONS LLC,"4409 BURKE RD, FORT WORTH, TX 76119","4608 KINSEY DR, TYLER, TX 75703",,,,,,,32.8775681,-94.7547915
TX,HARRISON (TX),EAST TEXAS,HAYNESVILLE - TX,EAST TEXAS - HAYNESVILLE NORTH,CLATER LESLIE VIRGINIA,TANOS ENERGY HOLDINGS,NA/NA,2026-000010765,Memorandum of lease,2026-08-04,2026-09-11,2026-07-08,36,2029-07-08,1,,24,,,88.0,93,,,,,,,0,0,TANOS ENERGY HOLDINGS IV LLC,"8820 MOUNT ZION RD, ELIZABETHTOWN, KY 42701","P O BOX 130277, TYLER, TX 75713",,,,,,,32.5853534,-94.4723004
TX,HARRISON (TX),EAST TEXAS,HAYNESVILLE - TX,EAST TEXAS - HAYNESVILLE NORTH,MAULDIN DANIEL LEE,RFE ETX III,NA/NA,2026-000010707,Memorandum of lease,2026-08-03,2026-09-10,2026-06-16,36,2029-06-16,1,,24,,,71.96,18,,,,,,,0,0,RFE ETX III LLC,"10173 FM 968 W, HALLSVILLE, TX 75650","3838 OAK LAWN AVENUE SUITE 1410, DALLAS, TX 75219",,,,,,,32.5370517,-94.5329975
TX,SAN AUGUSTINE (TX),EAST TEXAS,HAYNESVILLE - TX,EAST TEXAS,LOVE LISA KEYWORTH,AETHON,582/198,00092019,Memorandum of lease,2026-07-30,2026-08-24,2026-07-17,36,2029-07-17,0,,,,,151.0,530,,,,,,,0,0,AETHON III HV LLC,"13 GINSEL LANE, HUNTSVILLE, TX 77320","12377 MERIT DRIVE SUITE 1200, DALLAS, TX 75251",,,,,,,31.4037146,-94.2428014
TX,SAN AUGUSTINE (TX),EAST TEXAS,HAYNESVILLE - TX,EAST TEXAS,LOVE LISA KEYWORTH,AETHON,582/198,00092019,Memorandum of lease,2026-07-30,2026-08-24,2026-07-17,36,2029-07-17,0,,,,,151.0,429,,,,,,,0,0,AETHON III HV LLC,"13 GINSEL LANE, HUNTSVILLE, TX 77320","12377 MERIT DRIVE SUITE 1200, DALLAS, TX 75251",,,,,,,31.3177125,-94.3043003
LA,BEAUREGARD (LA),GULF COAST EAST,TUSCALOOSA MARINE SHALE,,POE JOHN MADISON III,FONTAINEBLEAU OPERATING,136/268,602946,Memorandum of lease,2026-07-21,2026-08-18,2026-07-21,36,2029-07-21,0,,,,,40.0,,28,5,S,10,W,,0,0,FONTAINEBLEAU OPERATING LLC,"2301 S SMOKEY COVE ROAD, SINGER, LA 70660","416 TRAVSI STREET SUITE 600, SHREVEPORT, LA 71101",,,,,,,30.5984891,-93.3925351
TX,LEON (TX),GULF COAST CENTRAL,,,OPRY SHERRIE LYNN,COMSTOCK O&G LOUISIANA,NA/NA,00492849,Memorandum of lease,2026-07-14,2026-09-14,2026-07-14,60,2031-07-14,0,,,,,149.05,1187,,,,,,,0,0,COMSTOCK OIL & GAS LLC,,"5300 TOWN AND COUNTRY BOULEVARD SUITE 500, FRISCO, TX 75034",,,,,,,31.3976225,-95.9677617
TX,LEON (TX),GULF COAST CENTRAL,,,OPRY SHERRIE LYNN,COMSTOCK O&G LOUISIANA,NA/NA,00492849,Memorandum of lease,2026-07-14,2026-09-14,2026-07-14,60,2031-07-14,0,,,,,149.05,750,,,,,,,0,0,COMSTOCK OIL & GAS LLC,,"5300 TOWN AND COUNTRY BOULEVARD SUITE 500, FRISCO, TX 75034",,,,,,,31.3993225,-95.9565620
TX,GLASSCOCK (TX),MIDLAND,MIDLAND,,KOCH FAMILY LIMITED PARTNERSHIP,OVINTIV PROD,580/357,1865,Memorandum of lease,2026-08-06,2026-09-10,2026-08-06,36,2029-08-06,1,,24,,,320.0,1020,,,,,,"Blk: 33 T4S, Sec: 42",0,0,OVINTIV USA INC,"3153 VIA LARGO, ALAMO, CA 94507","370 17TH STREET SUITE 1700, DENVER, CO 80202",,,,,,,31.7934642,-101.4406036
TX,SAN AUGUSTINE (TX),EAST TEXAS,HAYNESVILLE - TX,EAST TEXAS,RENDON JUNEANNA ELIZABETH MCDONALD,AETHON,NA/NA,00092233,Memorandum of lease,2026-08-12,2026-08-28,2026-05-20,36,2029-05-20,0,,,,,50.0,684,,,,,,,0,0,AETHON III HV LLC,"3050 HORSE RANCH ROAD, SAN ANTONIO, TX 78264","12377 MERIT DRIVE SUITE 1200, DALLAS, TX 75251",,,,,,,31.3690137,-94.3001001
TX,SAN AUGUSTINE (TX),EAST TEXAS,HAYNESVILLE - TX,EAST TEXAS,STEIN JESSICA LOUISE GARDNER,ADAMAS ENERGY LLC,583/299,00092235,Memorandum of lease,2026-08-19,2026-08-28,2026-05-20,36,2029-05-20,0,,,,,50.0,684,,,,,,,0,0,ADAMAS ENERGY LLC,"300 W HOUSTON ST, CLEVELAND, TX 77327","1111 B S GOVERNORS AVENUE SUITE 40665, DOVER, DE 19904",,,,,,,31.3690137,-94.3001001
TX,LEE (TX),GULF COAST CENTRAL,EAGLEBINE,GIDDINGS,WARD GARY D,SAGE NATURAL RESOURCES,1413/596,2026-03523,,2026-08-03,2026-08-28,2026-07-24,36,2029-07-24,1,,24,,,215.412,24,,,,,,,0,0,SAGE NATURAL RESOURCES LLC,"7354 BIRCHTREE FOREST DRIVE, HOUSTON, TX 77088","6100 S YALE AVENUE SUITE 900, TULSA, OK 74170",,,,,,,30.1339824,-96.8427427
TX,HARRISON (TX),EAST TEXAS,HAYNESVILLE - TX,EAST TEXAS - HAYNESVILLE NORTH,MUELLER MARK J,RFE ETX IV,NA/NA,2026-000010528,Memorandum of lease,2026-07-22,2026-09-03,2026-07-16,60,2031-07-16,0,,,,,69.617,301,,,,,,,0,0,RFE ETX V LLC,"P O BOX 130954, TYLER, TX 75713","3838 OAK LAWN AVENUE SUITE 1410, DALLAS, TX 75219",,,,,,,32.5520536,-94.6888912
TX,LEE (TX),GULF COAST CENTRAL,EAGLEBINE,GIDDINGS,RAY MELISSA,SAGE NATURAL RESOURCES,1412/457,2026-03316,Memorandum of lease,2026-08-04,2026-08-14,2026-03-13,36,2029-03-13,1,,24,,,46.587,278,,,,,,,0,0,SAGE NATURAL RESOURCES LLC,"2650 FM 2440, GIDDINGS, TX 78942","PO BOX 700724, TULSA, OK 74170",,,,,,,30.2031848,-96.9506397
TX,LEE (TX),GULF COAST CENTRAL,EAGLEBINE,GIDDINGS,RAY MELISSA,SAGE NATURAL RESOURCES,1412/457,2026-03316,Memorandum of lease,2026-08-04,2026-08-14,2026-03-13,36,2029-03-13,1,,24,,,46.587,53,,,,,,,0,0,SAGE NATURAL RESOURCES LLC,"2650 FM 2440, GIDDINGS, TX 78942","PO BOX 700724, TULSA, OK 74170",,,,,,,30.2100850,-96.9579395
TX,LEE (TX),GULF COAST CENTRAL,EAGLEBINE,GIDDINGS,RAY MELISSA,SAGE NATURAL RESOURCES,1412/457,2026-03316,Memorandum of lease,2026-08-04,2026-08-14,2026-03-13,36,2029-03-13,1,,24,,,46.587,118,,,,,,,0,0,SAGE NATURAL RESOURCES LLC,"2650 FM 2440, GIDDINGS, TX 78942","PO BOX 700724, TULSA, OK 74170",,,,,,,30.1953845,-96.9526397
TX,SAN AUGUSTINE (TX),EAST TEXAS,HAYNESVILLE - TX,EAST TEXAS,MINERAL RESOURCES DEVELOPMENT LP,SILVER CREEK EXPLORATION LLC,582/442,00092115,Memorandum of lease,2026-07-29,2026-08-25,2026-07-29,36,2029-07-29,0,,,,,50.28,36,,,,,,,0,0,SILVER CREEK EXPLORATION LLC,"25025 I 45N SUITE 420, THE WOODLANDS, TX 77380","7800 SHOAL CREEK SUITE 144S, AUSTIN, TX 78757",,,,,,,31.3866145,-94.2059027
TX,LEE (TX),GULF COAST CENTRAL,EAGLEBINE,GIDDINGS,NT RANCH LLC,EOG RESOURCES,1412/291,2026-03274,Memorandum of lease,2026-07-31,2026-08-13,2016-07-27,48,2020-07-27,1,,24,,,23.084,331,,,,,,,0,0,EOG RESOURCES INC,"P O BOX 612, GIDDINGS, TX 78942","P O BOX 592929, SAN ANTONIO, TX 78259-0196",,,,,,,30.2553865,-96.9200405
TX,LEE (TX),GULF COAST CENTRAL,EAGLEBINE,GIDDINGS,NT RANCH LLC,EOG RESOURCES,1412/291,2026-03274,Memorandum of lease,2026-07-31,2026-08-13,2016-07-27,48,2020-07-27,1,,24,,,23.084,16,,,,,,,0,0,EOG RESOURCES INC,"P O BOX 612, GIDDINGS, TX 78942","P O BOX 592929, SAN ANTONIO, TX 78259-0196",,,,,,,30.2409860,-96.9713390
TX,SAN AUGUSTINE (TX),EAST TEXAS,HAYNESVILLE - TX,EAST TEXAS,DORSEY ALTHEA PRICE,AETHON,582/200,00092021,Memorandum of lease,2026-07-10,2026-08-24,2026-03-03,36,2029-03-03,1,,24,,,160.0,174,,,,,,,0,0,AETHON III HV LLC,"809 GATTER COURT, ANTIOCH, CA 94509","12377 MERIT DRIVE SUITE 1200, DALLAS, TX 75248",,,,,,,31.3108123,-94.3055003
TX,LEE (TX),GULF COAST CENTRAL,EAGLEBINE,GIDDINGS,PHILLIPS SHIRLEY K,SAGE NATURAL RESOURCES,2412/941,2026-03404,Memorandum of lease,2026-08-17,2026-08-20,2026-08-11,36,2029-08-11,1,,24,,,9.0,49,,,,,,,0,0,SAGE NATURAL RESOURCES LLC,"1603 S LINDSAY STREET, GAINESVILLE, TX 76240","PO BOX 700724, TULSA, OK 74170-9904",,,,,,,30.3708900,-96.9293399
TX,NEWTON (TX),GULF COAST CENTRAL,,,FOSTON VIRGIE LEE,LUCAS RESOURCES LLC,834/92,183803,Lease,2026-08-23,2026-08-26,2026-08-23,36,2029-08-23,1,250,24,,0.1875,64.0,90,,,,,,,0,0,LUCAS RESOURCES LLC,"336 GRAYBOW RD, DERIDDER, LA 70634","7026 OLD KATY RD SUITE 201, HOUSTON, TX 77024",,,,,,,30.9337040,-93.5822263
TX,SAN AUGUSTINE (TX),EAST TEXAS,HAYNESVILLE - TX,EAST TEXAS,BURCH CAROLYN WOOD,SILVER CREEK EXPLORATION LLC,581/66,00091869,Memorandum of lease,2026-08-01,2026-08-12,2026-07-29,36,2029-07-29,1,,24,,,96.617,36,,,,,,,0,0,SILVER CREEK EXPLORATION LLC,"5943 BONNARD, DALLAS, TX 75230","7800 SHOAL CREEK SUITE 144S, AUSTIN, TX 78757",,,,,,,31.3866145,-94.2059027
TX,LEE (TX),GULF COAST CENTRAL,EAGLEBINE,GIDDINGS,PRATHO RAY J,SAGE NATURAL RESOURCES,1411/883,2026-03166,Memorandum of lease,2026-07-13,2026-08-06,2026-06-24,36,2029-06-24,0,,,,,427.287,24,,,,,,,0,0,SAGE NATURAL RESOURCES LLC,262 OAKEY CREEK ROAD WALLAROO NSW 2618 AUSTRALIA,"PO BOX 700724, 74170-9904, OK 74170",,,,,,,30.1339824,-96.8427427
TX,GRAYSON (TX),FORT WORTH,,,CORNELL CORPORATION,ATOKA ENERGY LLC,NA/NA,2026-23379,Memorandum of lease,2026-07-30,2026-09-10,2026-07-30,36,2029-07-30,0,,,,,139.0,15,,,,,,,0,0,ATOKA ENERGY LLC,"755 E MULBERRY AVENUE SUITE 400, SAN ANTONIO, TX 78212","16200 ADDISON ROAD SUITE 110, ADDISON, TX 75001",,,,,,,33.7378949,-96.7966223
TX,LEE (TX),GULF COAST CENTRAL,EAGLEBINE,GIDDINGS,KELLEY KAMALA,EOG RESOURCES,1412/287,2026-03272,Memorandum of lease,2026-07-14,2026-08-13,2026-07-03,48,2030-07-03,1,,24,,,29.679,16,,,,,,,0,0,EOG RESOURCES INC,"5510 HOHEN CIRCLE, HOUSTON, TX 77091","P O BOX 592929, SAN ANTONIO, TX 78259-0196",,,,,,,30.2409860,-96.9713390
TX,HOWARD (TX),MIDLAND,MIDLAND,,WHITE MARIEL S,OAK POINT ENERGY,2375/110,2026-00005148,Memorandum of lease,2026-08-19,2026-09-11,2026-07-01,36,2029-07-01,1,,24,,,360.0,1292,,,,,,"Blk: 32 T1S, Sec: 44",0,0,OAK POINT ENERGY LLC,"4 LOS ANGELES STREET APT 2204, NEWTON, MA 02458","PO BOX 672, MIDLAND, TX 79702",,,,,,,32.1419756,-101.4266000
TX,SAN AUGUSTINE (TX),EAST TEXAS,HAYNESVILLE - TX,EAST TEXAS,CORONADO RESOURCES 2018 LP,AETHON,580/25,00091702,Memorandum of lease,2026-07-14,2026-08-03,2026-06-23,36,2029-06-23,0,,,,,5.0,35,,,,,,,0,0,AETHON UNITED BR LP,"3811 TURTLE CREEK BOULRVARD SUITE 1800, DALLAS, TX 75219","12377 MERIT DRIVE SUITE 1200, DALLAS, TX 75251",,,,,,,31.5709204,-94.1206045
TX,LOVING (TX),DELAWARE,DELAWARE,,SWARB FAMILY PARTNERSHIP LTD,MRC PERMIAN,NA/NA,2026-1659,Memorandum of lease,2026-07-14,2026-08-26,2026-07-14,36,2029-07-14,0,,,,,,190,,,,,,"Blk: 1, Sec: 71",0,0,MRC PERMIAN COMPANY,"900 E 18TH STREET, MONAHANS, TX 79756","5400 LBJ FREEWAY SUITE 1500, DALLAS, TX 75240",,,,,,200,31.6883706,-103.5705425
TX,SAN AUGUSTINE (TX),EAST TEXAS,HAYNESVILLE - TX,EAST TEXAS,HORN ANN MATHEWS,RCE A AUGUSTA LLC,580/620,00091837,Memorandum of lease,2026-07-11,2026-08-10,2026-04-01,36,2029-04-01,0,,,,,29.7164,252,,,,,,,0,0,RCE A AUGUSTA LLC,"533 NORTHEAST DAVID DRIVE, BREMERTON, WA 98310","700 MILAM STREET SUITE 2000, HOUSTON, TX 77002",,,,,,,31.4730177,-94.1072053
TX,LEE (TX),GULF COAST CENTRAL,EAGLEBINE,GIDDINGS,MIETSCHE LINDA D,SAGE NATURAL RESOURCES,1413/278,2026-03468,Memorandum of lease,2026-07-29,2026-08-24,2026-07-29,36,2029-07-29,1,,24,,,158.471,162,,,,,,,0,0,SAGE NATURAL RESOURCES LLC,"1232 CR 227, GIDDINGS, TX 78942","PO BOX 700724, TULSA, OK 74170",,,,,,,30.4174927,-97.1845317
TX,SAN AUGUSTINE (TX),EAST TEXAS,HAYNESVILLE - TX,EAST TEXAS,PERTERSON JOHN J,XTO,581/242,00091908,Memorandum of lease,2026-08-13,2026-08-17,2026-08-13,36,2029-08-13,0,,,,,13.0,139,,,,,,,0,0,XTO ENERGY INC,"926 ROCKLEIGH DRIVE, LYMAN, SC 29365","22777 SPRINGWOODS VILLAGE PARKWAY, SPRING, TX 77389-1425",,,,,,,31.6181211,-94.1930021
TX,LAVACA (TX),GULF COAST WEST,EAGLEFORD,EAGLE FORD DRY,TUCKER DIANNE R,MODELO ENERGY,1089/145,273989,Memorandum of lease,2026-08-12,2026-08-27,2026-07-28,36,2029-07-28,0,,,,,35.594,24,,,,,,,0,0,MODELO ENERGY LLC,"2 CREEKSIDE LANE, WYLIE, TX 75098","4400 POST OAK PKWY SUITE 2360, HOUSTON, TX 77027",,,,,,,29.3900565,-97.0030386
TX,LEE (TX),GULF COAST CENTRAL,EAGLEBINE,GIDDINGS,HINTZE MARTHA ANN,SAGE NATURAL RESOURCES,1413/668,2026-03547,Memorandum of lease,2026-07-06,2026-08-28,2026-06-24,36,2029-06-24,1,,24,,,100.0,172,,,,,,,0,0,SAGE NATURAL RESOURCES LLC,"316 OAK CIRCLE, TRINIDAD, TX 75163","P O BOX 700724, TULSA, OK 74170",,,,,,,30.3148882,-97.0008380
TX,LEE (TX),GULF COAST CENTRAL,EAGLEBINE,GIDDINGS,HINTZE MARTHA ANN,SAGE NATURAL RESOURCES,1413/668,2026-03547,Memorandum of lease,2026-07-06,2026-08-28,2026-06-24,36,2029-06-24,1,,24,,,100.0,191,,,,,,,0,0,SAGE NATURAL RESOURCES LLC,"316 OAK CIRCLE, TRINIDAD, TX 75163","P O BOX 700724, TULSA, OK 74170",,,,,,,30.3336889,-97.0126376
TX,SAN AUGUSTINE (TX),EAST TEXAS,HAYNESVILLE - TX,EAST TEXAS,STATE LINE MINERALS LLC,SILVER CREEK EXPLORATION LLC,581/84,00091875,Memorandum of lease,2026-07-24,2026-08-12,2026-07-24,36,2029-07-24,1,,24,,,4.0,143,,,,,,,0,0,SILVER CREEK EXPLORATION LLC,"400 TRAVIS STAREET SUITE 1504, SHREVEPORT, LA 71101","7800 SHOAL CREEK SUITE 144S, AUSTIN, TX 78757",,,,,,,31.4244159,-94.1564040
TX,LEON (TX),GULF COAST CENTRAL,,,BROWN JOYCE ANN GAREY,SURPRISE VALLEY RESOURCES,NA/NA,00492938,Lease ratification,2026-08-31,2026-09-15,2023-01-06,,,0,,,,,39.783,222,,,,,,,0,0,SURPRISE VALLEY RESOURCES LLC,"1303 N JOHN STOCKBAUER DRIVE APARTMENT 235, VICTORIA, TX 77901",,,,,,,,31.2637201,-96.1519590
TX,LEE (TX),GULF COAST CENTRAL,EAGLEBINE,GIDDINGS,FRITH RONALD THOMAS,SAGE NATURAL RESOURCES,1411/728,2026-03133,Memorandum of lease,2026-08-03,2026-08-06,2026-01-01,36,2029-01-01,1,,24,,,2.5,1,,,,,,,0,0,SAGE NATURAL RESOURCES LLC,"13004 ALGERITA TERRACE, MANCHAC, TX 78652","P O BOX 700724, TULSA, OK 74170-9904",,,,,,,30.3642898,-96.8189431
TX,MARTIN (TX),MIDLAND,MIDLAND,,SAUNDERS DAN JR,OPTIMA ENERGY,1125/245,263265,Lease amendment,2026-08-03,2026-09-09,2016-02-01,132,2027-02-01,1,,60,,,0.2273,446,,,,,,"Blk: 36 T1S, Sec: 14",0,0,OPTIMA ENERGY,,,,,,,,,32.1341778,-101.7955911
TX,LEON (TX),GULF COAST CENTRAL,,,SIGHT JOAN TRABUE,COMSTOCK O&G LOUISIANA,NA/NA,00492850,Memorandum of lease,2026-07-20,2026-09-14,2026-07-20,60,2031-07-20,0,,,,,329.44,915,,,,,,,0,0,COMSTOCK OIL & GAS LLC,"10243 CONSER STREET, OVERLAND PARK, KS 66212","5300 TOWN AND COUNTRY BOULEVARD SUITE 500, FRISCO, TX 75034",,,,,,,31.4470235,-95.9347619
TX,SAN AUGUSTINE (TX),EAST TEXAS,HAYNESVILLE - TX,EAST TEXAS,PETERSON CARL E,XTO,NA/NA,00091910,Memorandum of lease,2026-08-13,2026-08-17,2026-08-13,36,2029-08-13,0,,,,,13.0,139,,,,,,,0,0,XTO ENERGY INC,"614 COUNTY LANE APT 4, LENA, IL 61048","22777 SPRINGWOODS VILLAGE PARKWAY, SPRING, TX 77389-1425",,,,,,,31.6181211,-94.1930021
TX,NEWTON (TX),GULF COAST CENTRAL,,,SCOTT MCCOY,LUCAS RESOURCES LLC,834/71,183799,Lease,2026-08-23,2026-08-26,2026-08-23,3,2026-11-23,0,,,,0.1875,64.0,90,,,,,,,0,0,LUCAS RESOURCES LLC,"213 ROUSS ST, DERIDDER, LA 70634","7026 OLD KATY RD SUITE 201, HOUSTON, TX 77024",,,,,,,30.9337040,-93.5822263
TX,NEWTON (TX),GULF COAST CENTRAL,,,LIMBRICK LATREASE,LUCAS RESOURCES LLC,834/52,183796,Lease,2026-07-27,2026-08-26,2026-07-27,36,2029-07-27,1,,24,,0.1875,52.0,90,,,,,,,0,0,LUCAS RESOURCES LLC,"194 RED MAPLE PATH, CASTROVILLE, TX 78009","7026 OLD KATY RD SUITE 201, HOUSTON, TX 77024",,,,,,,30.9337040,-93.5822263
TX,MADISON (TX),GULF COAST CENTRAL,EAGLEBINE,GIDDINGS,RICHARD LEIGH ANN,BULL RUN RESOURCES,2093/40,131040,Memorandum of lease,2026-08-25,2026-09-04,2026-08-25,60,2031-08-25,1,,36,,,65.5,115,,,,,,,0,0,BULL RUN RESOURCES LLC,"20 PRIVATE ROAD 6028, DAYTON, TX 77535","P O BOX 1097, NEWARK, TX 76071",,,,,,,30.9742119,-96.0970649
TX,MADISON (TX),GULF COAST CENTRAL,EAGLEBINE,GIDDINGS,RICHARD LEIGH ANN,BULL RUN RESOURCES,2093/40,131040,Memorandum of lease,2026-08-25,2026-09-04,2026-08-25,60,2031-08-25,1,,36,,,65.5,168,,,,,,,0,0,BULL RUN RESOURCES LLC,"20 PRIVATE ROAD 6028, DAYTON, TX 77535","P O BOX 1097, NEWARK, TX 76071",,,,,,,30.9649117,-96.1181645
TX,MADISON (TX),GULF COAST CENTRAL,EAGLEBINE,GIDDINGS,RICHARD LEIGH ANN,BULL RUN RESOURCES,2093/40,131040,Memorandum of lease,2026-08-25,2026-09-04,2026-08-25,60,2031-08-25,1,,36,,,65.5,33,,,,,,,0,0,BULL RUN RESOURCES LLC,"20 PRIVATE ROAD 6028, DAYTON, TX 77535","P O BOX 1097, NEWARK, TX 76071",,,,,,,30.9932126,-96.1316640
TX,NEWTON (TX),GULF COAST CENTRAL,,,JONES SHIRLEY,LUCAS RESOURCES LLC,834/81,183801,Lease,2026-08-01,2026-08-26,2026-08-01,36,2029-08-01,1,250,24,,0.1875,52.0,90,,,,,,,0,0,LUCAS RESOURCES LLC,"1966 THORNDYKE LANE, BRYAN, TX 77807","7026 OLD KATY RD SUITE 201, HOUSTON, TX 77024",,,,,,,30.9337040,-93.5822263
TX,LEON (TX),GULF COAST CENTRAL,,,HEBERT BRANDY,J R CHITWOOD,NA/NA,00492922,Lease ratification,2026-09-10,2026-09-15,1954-02-13,,,0,,,,,101.82,784,,,,,,,0,0,CHITWOOD J ROSS,"4423 POOLSIDE DR 8A, CHANDLER, TX 75758",,,,,,,,31.3136214,-96.1687576
TX,LEON (TX),GULF COAST CENTRAL,,,BULL RYAN DAVID,COMSTOCK O&G LOUISIANA,NA/NA,00492878,Memorandum of lease,2026-07-06,2026-09-14,2026-07-06,36,2029-07-06,1,,24,,,54.47,209,,,,,,,0,0,COMSTOCK OIL & GAS LLC,"4757 COUNTY ROAD 69, ROBSTOWN, TX 78380","5300 TOWN AND COUNTRY BOULEVARD SUITE 500, FRISCO, TX 75034",,,,,,,31.3710219,-95.9603623
TX,HOWARD (TX),MIDLAND,MIDLAND,,MARKHAM SQUARE LP,FEP V WI LP,2374/741,2026-00005120,Memorandum of lease,2026-09-10,2026-09-10,2026-09-10,60,2031-09-10,0,,,,,320.0,1019,,,,,,"Blk: 31 T1N, Sec: 28",0,0,FEP V WI LP,"3900 ESSEX LANE STE 450, HOUSTON, TX 77027","PO BOX 4695, MIDLAND, TX 79704",,,,,,,32.3225814,-101.3585988
TX,LEE (TX),GULF COAST CENTRAL,EAGLEBINE,GIDDINGS,FOERSTER JOYCE,EOG RESOURCES,1412/293,2026-03275,Memorandum of lease,2026-07-15,2026-08-13,2026-07-15,48,2030-07-15,1,,24,,,76.095,185,,,,,,,0,0,EOG RESOURCES INC,"1061 PRIVATE ROAD 8039, GIDDINGS, TX 78942","PO BOX 592929, SAN ANTONIO, TX 78259-0196",,,,,,,30.2178853,-97.0038382
TX,NEWTON (TX),GULF COAST CENTRAL,,,HADNOT LORETTA L,LUCAS RESOURCES LLC,834/58,183797,Lease,2026-08-23,2026-08-26,2026-08-23,36,2029-08-23,1,250,24,,0.1875,52.0,90,,,,,,,0,0,LUCAS RESOURCES LLC,"1063 CK 1022, NEWTON","7026 OLD KATY RD SUITE 201, HOUSTON, TX 77024",,,,,,,30.9337040,-93.5822263
TX,LEE (TX),GULF COAST CENTRAL,EAGLEBINE,GIDDINGS,HODGE RONALD,SAGE NATURAL RESOURCES,1412/115,2026-03246,Memorandum of lease,2026-07-24,2026-08-11,2026-07-24,36,2029-07-24,1,,24,,,9.0,49,,,,,,,0,0,SAGE NATURAL RESOURCES LLC,"402 S GUADALUPE STREET, SEGUIN, TX 78155","PO BOX 700724, TULSA, OK 74170-9904",,,,,,,30.3708900,-96.9293399
TX,DEWITT (TX),GULF COAST WEST,EAGLEFORD,DE WITT,GOHMERT RICHARD A,BURLINGTON RESOURCES,NA/NA,157262,Memorandum of lease,2026-07-28,2026-08-25,2026-08-01,36,2029-08-01,1,,24,,,1.69,270,,,,,,,0,0,BURLINGTON RESOURCES OIL & GAS COMPANY LP,"1102 OLD GOLIAD RD, CUERO, TX 77954","925 N ELDRIDGE PARKWAY, HOUSTON, TX 77079",,,,,,,29.0756482,-97.5197287
TX,DEWITT (TX),GULF COAST WEST,EAGLEFORD,DE WITT,GOHMERT RICHARD A,BURLINGTON RESOURCES,NA/NA,157262,Memorandum of lease,2026-07-28,2026-08-25,2026-08-01,36,2029-08-01,1,,24,,,1.69,217,,,,,,,0,0,BURLINGTON RESOURCES OIL & GAS COMPANY LP,"1102 OLD GOLIAD RD, CUERO, TX 77954","925 N ELDRIDGE PARKWAY, HOUSTON, TX 77079",,,,,,,29.0544476,-97.5282282
TX,DEWITT (TX),GULF COAST WEST,EAGLEFORD,DE WITT,GOHMERT RICHARD A,BURLINGTON RESOURCES,NA/NA,157262,Memorandum of lease,2026-07-28,2026-08-25,2026-08-01,36,2029-08-01,1,,24,,,1.69,249,,,,,,,0,0,BURLINGTON RESOURCES OIL & GAS COMPANY LP,"1102 OLD GOLIAD RD, CUERO, TX 77954","925 N ELDRIDGE PARKWAY, HOUSTON, TX 77079",,,,,,,29.0696478,-97.5045290
TX,BRAZOS (TX),GULF COAST CENTRAL,EAGLEBINE,GIDDINGS,HUMPHREYS MARY JO SEGARS,HAWKWOOD ENERGY EAST TEXAS,20802/288,1596539,Memorandum of lease,2026-08-04,2026-09-08,2026-08-04,36,2029-08-04,1,,24,,,7.622,48,,,,,,,0,0,HAWKWOOD ENERGY EAST TEXAS LLC,"1102 GABRIEL DRIVE, LEANDER, TX 78641","920 MEMORIAL CITY WAY SUITE 1400, HOUSTON, TX 77024",,,,,,,30.6847024,-96.5353543
TX,HOWARD (TX),MIDLAND,MIDLAND,,MHM 2022 LIFETIME TRUST,OAK POINT ENERGY,2375/126,2026-00005152,Memorandum of lease,2026-08-10,2026-09-11,2026-07-01,36,2029-07-01,1,,24,,,360.0,1292,,,,,,"Blk: 32 T1S, Sec: 44",0,0,OAK POINT ENERGY LLC,"PO BOX 320, MIDLOTHIAN, TX 76065","PO BOX 672, MIDLAND, TX 79702",,,,,,,32.1419756,-101.4266000
TX,LEON (TX),GULF COAST CENTRAL,,,ROBERTSON CHERYL LYNN,COMSTOCK O&G LOUISIANA,NA/NA,00492880,Memorandum of lease,2026-07-28,2026-09-14,2026-07-28,60,2031-07-28,0,,,,,378.16,1164,,,,,,,0,0,COMSTOCK OIL & GAS LLC,"165 COUNTY ROAD 134, GEORGE WEST, TX 78022","5300 TOWN AND COUNTRY BOULEVARD SUITE 500, FRISCO, TX 75034",,,,,,,31.3888223,-95.9560622
TX,LEON (TX),GULF COAST CENTRAL,,,ROBERTSON CHERYL LYNN,COMSTOCK O&G LOUISIANA,NA/NA,00492880,Memorandum of lease,2026-07-28,2026-09-14,2026-07-28,60,2031-07-28,0,,,,,378.16,271,,,,,,,0,0,COMSTOCK OIL & GAS LLC,"165 COUNTY ROAD 134, GEORGE WEST, TX 78022","5300 TOWN AND COUNTRY BOULEVARD SUITE 500, FRISCO, TX 75034",,,,,,,31.3765221,-95.9887615
TX,LEE (TX),GULF COAST CENTRAL,EAGLEBINE,GIDDINGS,WARD DONALD M,SAGE NATURAL RESOURCES,1413/599,2026-03524,Memorandum of lease,2026-08-05,2026-08-28,2026-07-24,36,2029-07-24,1,,24,,,320.872,24,,,,,,,0,0,SAGE NATURAL RESOURCES LLC,"1201 QUAKER RIDGE ROAD, AUSTIN, TX 78746","P O BOX 700724, TULSA, OK 74170",,,,,,,30.1339824,-96.8427427
TX,GLASSCOCK (TX),MIDLAND,MIDLAND,,FREEHOLD ROYALTIES USA INC,INCLINE PERMIAN,580/109,1841,Memorandum of lease,2026-08-03,2026-09-08,2026-08-03,36,2029-08-03,0,,,,,164.4,1232,,,,,,"Blk: 36 T3S, Sec: 16",0,0,INCLINE PERMIAN III LLC,,"4645 N CENTRAL EXPRESSWAY SUITE 100, DALLAS, TX 75205",,,,,8600,,31.8970695,-101.7565949
TX,HARRISON (TX),EAST TEXAS,HAYNESVILLE - TX,EAST TEXAS - HAYNESVILLE NORTH,LARRY KEDRICK J,RFE ETX III,NA/NA,2026-000010719,Memorandum of lease,2026-09-10,2026-09-10,2026-07-23,36,2029-07-23,1,,24,,,10.195,212,,,,,,,0,0,RFE ETX III LLC,"100 PERSIMMON HILL, HALLSVILLE, TX 75650","3838 OAK LAWN AVENUE SUITE 1410, DALLAS, TX 75219",,,,,,,32.5555526,-94.5446972
LA,BIENVILLE (LA),ARKLA,HAYNESVILLE - LA,ARKLA - HAYNESVILLE,CONVILLE BOBBY JAMES JR,PETRO CHEM OPERATING,NA/NA,311809,Lease amendment,2026-07-15,2026-08-03,2025-09-05,,,0,,,,,80.0,,27,17,N,5,W,,0,0,PETRO CHEM OPERATING CO INC,,,,,,,,,32.4325767,-92.8707098
TX,LEE (TX),GULF COAST CENTRAL,EAGLEBINE,GIDDINGS,KOEHN BRENT W,SAGE NATURAL RESOURCES,1411/844,2026-03153,Memorandum of lease,2026-07-09,2026-08-06,2026-06-24,36,2029-06-24,0,,,,,427.287,24,,,,,,,0,0,SAGE NATURAL RESOURCES LLC,"622 EAST LONGDEN AVENUE, ARCADIA, CA 91006","PO BOX 700724, TULSA, OK 74170",,,,,,,30.1339824,-96.8427427
TX,SAN AUGUSTINE (TX),EAST TEXAS,HAYNESVILLE - TX,EAST TEXAS,THARP BETHANY KAY,AETHON,582/199,00092020,Memorandum of lease,2026-07-13,2026-08-24,2026-08-03,36,2029-08-03,1,,24,,,151.0,530,,,,,,,0,0,AETHON III HV LLC,"1077 WEST 24TH STREET, RIFLE, CO 80650","12377 MERIT DRIVE SUITE 1200, DALLAS, TX 75251",,,,,,,31.4037146,-94.2428014
TX,LOVING (TX),DELAWARE,DELAWARE,,WPX PERMIAN SURFACE HOLDINGS LLC,BPX OPERATING,NA/NA,2026-1591,Memorandum of lease,2026-07-31,2026-08-20,2026-07-31,120,2036-07-31,0,,,,,,155,,,,,,"Blk: 56T1S, Sec: 31",0,0,BPX OPERATING LLC,"333 WEST SHERIDAN AVENUE, OKLAHOMA CITY, OK 73102","1700 PLATTE STREET SUITE 150, DENVER, CO 80202",,,,,,,31.9198742,-103.8985247
LA,BIENVILLE (LA),ARKLA,HAYNESVILLE - LA,ARKLA - HAYNESVILLE,WIGLEY MICHAEL SHANE,PETRO CHEM OPERATING,NA/NA,311811,Lease amendment,2026-07-22,2026-08-03,2024-11-14,,,0,,,,,80.0,,27,17,N,5,W,,0,0,PETRO CHEM OPERATING CO INC,,,,,,,,,32.4325767,-92.8707098
TX,SAN AUGUSTINE (TX),EAST TEXAS,HAYNESVILLE - TX,EAST TEXAS,WALSON BECKY,RCE A AUGUSTA LLC,NA/NA,00091736,Memorandum of lease,2026-07-16,2026-08-03,2026-06-01,36,2029-06-01,1,,24,,,2.0,252,,,,,,,0,0,RCE A AUGUSTA LLC,"12211 TACK DRIVE, PARKER, CO 80134","700 MILAM STREET SUITE 2000, HOUSTON, TX 77002",,,,,,,31.4730177,-94.1072053
TX,SAN AUGUSTINE (TX),EAST TEXAS,HAYNESVILLE - TX,EAST TEXAS,DAWSON CHARLES,APEX NATURAL GAS,582/620,00092152,Memorandum of lease,2026-07-20,2026-08-27,2026-07-20,36,2029-07-20,1,,24,,,42.4248,16,,,,,,,0,0,APEX NATURAL GAS LLC,"106 S RANDOLPH AVENUE, LUFKIN, TX 75904","1100 LOUISIANA SUITE 3800, HOUSTON, TX 77002",,,,,,,31.2433104,-94.2660017
TX,SAN AUGUSTINE (TX),EAST TEXAS,HAYNESVILLE - TX,EAST TEXAS,CURL WILLIAM FRANKLIN,RCE A AUGUSTA LLC,582/425,00092112,Memorandum of lease,2026-08-04,2026-08-25,2026-07-01,36,2029-07-01,0,,,,,50.5,238,,,,,,,0,0,RCE A AUGUSTA LLC,"305 LOOP LANE, LUFKIN, TX 75904","700 MILAM STREET SUITE 2000, HOUSTON, TX 77002",,,,,,,31.4580170,-94.1398044
TX,SAN AUGUSTINE (TX),EAST TEXAS,HAYNESVILLE - TX,EAST TEXAS,HARVEY DAVID KENNETH,SILVER CREEK EXPLORATION LLC,582/452,00092117,Memorandum of lease,2026-07-28,2026-08-25,2026-07-28,36,2029-07-28,1,,24,,,3.1629,210,,,,,,,0,0,SILVER CREEK EXPLORATION LLC,"350 COUNTY ROAD 487, CHIRENO, TX 75937","7800 SHOAL CREEK SUITE 144S, AUSTIN, TX 78757",,,,,,,31.3980149,-94.1832033
TX,HARRISON (TX),EAST TEXAS,HAYNESVILLE - TX,EAST TEXAS - HAYNESVILLE NORTH,MAYS RICHARD FOSTER,RFE ETX IV,NA/NA,2026-000010529,Memorandum of lease,2026-07-15,2026-09-03,2026-07-15,60,2031-07-15,1,,24,,,0.434,756,,,,,,,0,0,RFE ETX IV LLC,"2610 NORTHVIEW DRIVE, LONGVIEW, TX 75605","3838 OAK LAWN AVENUE SUITE 1410, DALLAS, TX 75219",,,,,,,32.5465509,-94.3707037
TX,HOWARD (TX),MIDLAND,MIDLAND,,KATHLEEN L WHITE REVOCABLE TRUST UTA DATED JUNE 6 2024,OAK POINT ENERGY,2375/78,2026-00005140,Memorandum of lease,2026-07-08,2026-09-11,2026-07-01,36,2029-07-01,1,,24,,,360.0,1292,,,,,,"Blk: 32 T1S, Sec: 44",0,0,OAK POINT ENERGY LLC,"31 HOPKINS ROAD, PLYMOUTH, MA 02360","PO BOX 672, MIDLAND, TX 79702",,,,,,,32.1419756,-101.4266000
TX,SAN AUGUSTINE (TX),EAST TEXAS,HAYNESVILLE - TX,EAST TEXAS,MCDANIEL VALERIE,APEX NATURAL GAS,NA/NA,00092171,Memorandum of lease,2026-07-20,2026-08-27,2026-07-20,36,2029-07-20,1,,24,,,0.4248,16,,,,,,,0,0,APEX NATURAL GAS LLC,"773 FRANCIS LOOP APT 31, GARRISON, TX 75946","1100 LOUISIANA SUITE 3800, HOUSTON, TX 77002",,,,,,,31.2433104,-94.2660017
TX,LOVING (TX),DELAWARE,DELAWARE,,BLACK STONE MINERALS COMANY L P,INCLINE PERMIAN,NA/NA,2026-1607,Memorandum of lease,2026-08-17,2026-08-20,2026-08-04,36,2029-08-04,0,,,,,1440.0,1241,,,,,,"Blk: 75, Sec: 3",0,0,INCLINE PERMIAN II LLC,"1001 FANNIN SUITE 2020, HOUSTON, TX 77002-6709","4645 NORTH CENTERAL EXPRESSWAY SUITE 100, DALLAS, TX 75205",,,,,,,31.9231724,-103.3375450
TX,LOVING (TX),DELAWARE,DELAWARE,,BLACK STONE MINERALS COMANY L P,INCLINE PERMIAN,NA/NA,2026-1607,Memorandum of lease,2026-08-17,2026-08-20,2026-08-04,36,2029-08-04,0,,,,,1440.0,1781,,,,,,"Blk: 75, Sec: 2",0,0,INCLINE PERMIAN II LLC,"1001 FANNIN SUITE 2020, HOUSTON, TX 77002-6709","4645 NORTH CENTERAL EXPRESSWAY SUITE 100, DALLAS, TX 75205",,,,,,,31.9275722,-103.3195454
TX,LOVING (TX),DELAWARE,DELAWARE,,BLACK STONE MINERALS COMANY L P,INCLINE PERMIAN,NA/NA,2026-1607,Memorandum of lease,2026-08-17,2026-08-20,2026-08-04,36,2029-08-04,0,,,,,1440.0,1782,,,,,,"Blk: 75, Sec: 17",0,0,INCLINE PERMIAN II LLC,"1001 FANNIN SUITE 2020, HOUSTON, TX 77002-6709","4645 NORTH CENTERAL EXPRESSWAY SUITE 100, DALLAS, TX 75205",,,,,,,31.9139722,-103.3165459
TX,LOVING (TX),DELAWARE,DELAWARE,,BLACK STONE MINERALS COMANY L P,INCLINE PERMIAN,NA/NA,2026-1607,Memorandum of lease,2026-08-17,2026-08-20,2026-08-04,36,2029-08-04,0,,,,,1440.0,1785,,,,,,"Blk: 75, Sec: 16",0,0,INCLINE PERMIAN II LLC,"1001 FANNIN SUITE 2020, HOUSTON, TX 77002-6709","4645 NORTH CENTERAL EXPRESSWAY SUITE 100, DALLAS, TX 75205",,,,,,,31.9085722,-103.3245458
TX,LOVING (TX),DELAWARE,DELAWARE,,BLACK STONE MINERALS COMANY L P,INCLINE PERMIAN,NA/NA,2026-1607,Memorandum of lease,2026-08-17,2026-08-20,2026-08-04,36,2029-08-04,0,,,,,1440.0,1253,,,,,,"Blk: 75, Sec: 16",0,0,INCLINE PERMIAN II LLC,"1001 FANNIN SUITE 2020, HOUSTON, TX 77002-6709","4645 NORTH CENTERAL EXPRESSWAY SUITE 100, DALLAS, TX 75205",,,,,,,31.9097723,-103.3335454
TX,HOWARD (TX),MIDLAND,MIDLAND,,MANN BECK MINERALS LLC,BEACON ENERGY LLC,2374/554,2026-00005089,Memorandum of lease,2026-08-14,2026-09-09,2026-07-01,42,2030-01-01,0,,,,,161.0,1133,,,,,,"Blk: 35 T1S, Sec: 26",0,0,BEACON ENERGY LLC,"5949 SHERRY LANE SUITE 1850, DALLAS, TX 75225","1031 ANDREWS HIGHWAY SUITE 205, MIDLAND, TX 79701",,,,,,8467,32.1294768,-101.6955939
TX,HOWARD (TX),MIDLAND,MIDLAND,,MANN BECK MINERALS LLC,BEACON ENERGY LLC,2374/554,2026-00005089,Memorandum of lease,2026-08-14,2026-09-09,2026-07-01,42,2030-01-01,0,,,,,161.0,1415,,,,,,"Blk: 35 T1S, Sec: 26",0,0,BEACON ENERGY LLC,"5949 SHERRY LANE SUITE 1850, DALLAS, TX 75225","1031 ANDREWS HIGHWAY SUITE 205, MIDLAND, TX 79701",,,,,,8467,32.1281767,-101.6865941
TX,SAN AUGUSTINE (TX),EAST TEXAS,HAYNESVILLE - TX,EAST TEXAS,WHITNEY GLORIA JEAN,RCE A AUGUSTA LLC,581/381,00091928,Memorandum of lease,2026-07-24,2026-08-19,2026-06-29,36,2029-06-29,0,,,,,15.798,91,,,,,,,0,0,RCE A AUGUSTA LLC,"4006 VILLAGE WALK COURT, KINGWOOD, TX 77345","700 MILAM STREET SUITE 2000, HOUSTON, TX 77002",,,,,,,31.5026195,-94.0006085
LA,FRANKLIN (LA),ARKLA,,,BORDELON BRIDGETTE P,GLADNEY ENERGY PARTNERS LLC,NA/NA,396034,Lease,2026-07-10,2026-08-25,2026-07-10,36,2029-07-10,0,,,,0.1875,5.0,,21,14,N,9,E,,0,0,GLADNEY ENERGY PARTNERS LLC,"4459 HWY 577, DELHI, LA 71232","1900 NORTH 18TH STREET SUITE 210, MONROE, LA 71201",,,,,,,32.1818256,-91.5534121
TX,HARRISON (TX),EAST TEXAS,HAYNESVILLE - TX,EAST TEXAS - HAYNESVILLE NORTH,HAMILTON GEORGIA NAN,RFE ETX III,NA/NA,2026-000010717,Memorandum of lease,2026-07-13,2026-09-10,2026-07-13,36,2029-07-13,1,,24,,,50.0,315,,,,,,,0,0,RFE ETX III LLC,"2035 TRUMANS HL, NEW BRAUNFELS, TX 78130","3838 OAK LAWN AVENUE SUITE 1410, DALLAS, TX 75219",,,,,,,32.5648528,-94.5184984
TX,SCURRY (TX),EASTERN SHELF,,,GRAY BARBARA,KINDER MORGAN,1132/335,20262623,Memorandum of lease,2026-07-29,2026-09-14,2026-07-29,36,2029-07-29,1,,24,,,18.85,504,,,,,,,0,0,KINDER MORGAN PRODUCTION COMPANY LLC,"P O BOX 232, SNYDER, TX 79550","1001 LOUISIANA STREET SUITE 1000, HOUSTON, TX 77002",,,,,,,32.6984912,-100.9586031
TX,LEON (TX),GULF COAST CENTRAL,,,HEBERT BRANDY ESTATE,J R CHITWOOD,NA/NA,00492932,Lease ratification,2026-09-10,2026-09-15,1954-02-12,,,0,,,,,215.24,784,,,,,,,0,0,CHITWOOD J ROSS,"4423 POOLSIDE DR B M, CHANDLER, TX 75758",,,,,,,,31.3136214,-96.1687576
TX,LEON (TX),GULF COAST CENTRAL,,,HEBERT BRANDY ESTATE,J R CHITWOOD,NA/NA,00492932,Lease ratification,2026-09-10,2026-09-15,1954-02-12,,,0,,,,,215.24,888,,,,,,,0,0,CHITWOOD J ROSS,"4423 POOLSIDE DR B M, CHANDLER, TX 75758",,,,,,,,31.3185215,-96.1577578
TX,HARRISON (TX),EAST TEXAS,HAYNESVILLE - TX,EAST TEXAS - HAYNESVILLE NORTH,REED KATHLEEN,RFE ETX III,NA/NA,2026-000010710,Memorandum of lease,2026-07-13,2026-09-10,2026-07-07,36,2029-07-07,1,,24,,,100.0,228,,,,,,,0,0,RFE ETX III LLC,"400 REED RD, GRANBURY, TX 76049","3838 OAK LAWN AVENUE SUITE 1410, DALLAS, TX 75219",,,,,,,32.5483522,-94.5369974
TX,UPSHUR (TX),EAST TEXAS,HAYNESVILLE - TX,EAST TEXAS - HAYNESVILLE NORTH,JOHNSON JERRY,NETX ACQUISITIONS,NA/NA,202606298,Memorandum of lease,2026-09-05,2026-09-11,2026-07-23,60,2031-07-23,0,,,,,99.47,22,,,,,,,0,0,NETX ACQUISITIONS LLC,"P O BOX 1702, WHITEHOUSE, TX 75791","100 INDEPENDENCE PLACE SUITE 404, TYLER, TX 75703",,,,,,,32.8775681,-94.7547915
TX,LEE (TX),GULF COAST CENTRAL,EAGLEBINE,GIDDINGS,HODGE TOMMY O JR,SAGE NATURAL RESOURCES,1411/714,2026-03130,Memorandum of lease,2026-07-24,2026-08-05,2026-07-24,36,2029-07-24,1,,24,,,9.0,49,,,,,,,0,0,SAGE NATURAL RESOURCES LLC,"5317 BORCHERS, KIRBY, TX 78219","P O BOX 700724, TULSA, TX 74170-9904",,,,,,,30.3708900,-96.9293399
TX,LEON (TX),GULF COAST CENTRAL,,,LANIER GUS L JR,COMSTOCK O&G LOUISIANA,NA/NA,00492831,Memorandum of lease,2026-08-25,2026-09-14,2026-08-25,36,2029-08-25,0,,,,,92.811,212,,,,,,,0,0,COMSTOCK OIL & GAS LLC,"7313 BRAYS LANDING DRIVE, EL PASO, TX 79911","5300 TWON & COUNTRY BLVD STE 500, FRISCO, TX 75034",,,,,,,31.3939223,-95.9486623
TX,GRAYSON (TX),FORT WORTH,,,III MINERALS AND LAND LTD,ATOKA ENERGY LLC,NA/NA,2026-23380,Memorandum of lease,2026-07-31,2026-09-10,2026-07-27,36,2029-07-27,0,,,,,139.0,15,,,,,,,0,0,ATOKA ENERGY LLC,"PO BOX 8508, MIDLAND, TX 79708","16200 ADDISON ROAD SUITE 110, ADDISON, TX 75001",,,,,,,33.7378949,-96.7966223
TX,SAN AUGUSTINE (TX),EAST TEXAS,HAYNESVILLE - TX,EAST TEXAS,CORONADO OXBOW ROYALTY LLC,AETHON,580/23,00091701,Memorandum of lease,2026-07-07,2026-08-03,2026-06-22,36,2029-06-22,0,,,,,5.0,35,,,,,,,0,0,AETHON UNITED BR LP,"3811 TURTLE CREEK BOULEVARD SUITE 1800, DALLAS, TX 75219","12377 MERIT DRIVE SUITE 1200, DALLAS, TX 75251",,,,,,,31.5709204,-94.1206045
TX,SAN AUGUSTINE (TX),EAST TEXAS,HAYNESVILLE - TX,EAST TEXAS,MOORE DELBERT L,AETHON,582/195,00092016,Memorandum of lease,2026-07-22,2026-08-24,2026-07-13,36,2029-07-13,1,,24,,,151.0,530,,,,,,,0,0,AETHON III HV LLC,"198 GLEN EAGLE CIRCLE, NEW CASTLE, CO 81647","12377 MERIT DRIVE SUITE 1200, DALLS, TX 75251",,,,,,,31.4037146,-94.2428014
TX,SAN AUGUSTINE (TX),EAST TEXAS,HAYNESVILLE - TX,EAST TEXAS,MOORE DELBERT L,AETHON,582/195,00092016,Memorandum of lease,2026-07-22,2026-08-24,2026-07-13,36,2029-07-13,1,,24,,,151.0,429,,,,,,,0,0,AETHON III HV LLC,"198 GLEN EAGLE CIRCLE, NEW CASTLE, CO 81647","12377 MERIT DRIVE SUITE 1200, DALLS, TX 75251",,,,,,,31.3177125,-94.3043003
TX,MADISON (TX),GULF COAST CENTRAL,EAGLEBINE,GIDDINGS,DRUMMOND MELVIN,BULL RUN RESOURCES,2093/213,131070,Memorandum of lease,2026-08-20,2026-09-09,2026-08-20,60,2031-08-20,1,,36,,,21.84,33,,,,,,,0,0,BULL RUN RESOURCES LLC,"4022 OXHILL ROAD, SPRING, TX 77388","P O BOX 1097, NEWARK, TX 76071",,,,,,,30.9932126,-96.1316640
TX,MADISON (TX),GULF COAST CENTRAL,EAGLEBINE,GIDDINGS,CALLAHAM DAVID LEE JR,BULL RUN RESOURCES,2092/249,131020,Memorandum of lease,2026-08-25,2026-09-03,2026-08-25,36,2029-08-25,1,,24,,,319.8,110,,,,,,,0,0,BULL RUN RESOURCES LLC,"4195 JOYZE ROAD, MADISONVILLE, TX 77864","P O BOX 1097, NEWARK, TX 76071",,,,,,,30.9741116,-95.9145699
TX,MADISON (TX),GULF COAST CENTRAL,EAGLEBINE,GIDDINGS,CALLAHAM DAVID LEE JR,BULL RUN RESOURCES,2092/249,131020,Memorandum of lease,2026-08-25,2026-09-03,2026-08-25,36,2029-08-25,1,,24,,,319.8,12,,,,,,,0,0,BULL RUN RESOURCES LLC,"4195 JOYZE ROAD, MADISONVILLE, TX 77864","P O BOX 1097, NEWARK, TX 76071",,,,,,,30.9593113,-95.9475690
TX,LEON (TX),GULF COAST CENTRAL,,,MCCAIN WILLIAM LOFTIN,COMSTOCK O&G LOUISIANA,NA/NA,00492861,Memorandum of lease,2026-07-10,2026-09-14,2026-07-10,36,2029-07-10,1,,24,,,329.44,915,,,,,,,0,0,COMSTOCK OIL & GAS LLC,"12511 POUNDS DRIVE, TYLER, TX 75709","5300 TOWN AND COUNTRY BOULEVARD SUITE 500, FRISCO, TX 75034",,,,,,,31.4470235,-95.9347619
TX,GLASSCOCK (TX),MIDLAND,MIDLAND,,HESTER NORMA JEAN,DE WEST TEXAS,580/125,1844,Memorandum of lease,2026-07-20,2026-09-08,2026-07-07,36,2029-07-07,1,,24,,,80.0,352,,,,,,"Blk: 35 T4S, Sec: 33",0,0,DE WEST TEXAS LLC,"P O BOX 289, DETROIT, TX 75436","3724 HULEN ST, FORT WORTH, TX 76107",,,,,,,31.7696645,-101.6095998
TX,LEE (TX),GULF COAST CENTRAL,EAGLEBINE,GIDDINGS,EVANS ALISE,SAGE NATURAL RESOURCES,1413/129,2026-03426,Memorandum of lease,2026-08-18,2026-08-24,2026-07-24,36,2029-07-24,1,,24,,,30.0,318,,,,,,,0,0,SAGE NATURAL RESOURCES LLC,"4601 GRACEFUL LANE, AUSTIN, TX 78725","PO BOX 700724, TULSA, OK 74170-9904",,,,,,,30.3505894,-96.9561392
TX,SAN AUGUSTINE (TX),EAST TEXAS,HAYNESVILLE - TX,EAST TEXAS,MAXIE SHIRLEY A CLEMONS,RCE A AUGUSTA LLC,581/253,00091912,Memorandum of lease,2026-07-22,2026-08-17,2026-07-22,36,2029-07-22,0,,,,,35.75,238,,,,,,,0,0,RCE A AUGUSTA LLC,"6857 WHITE AVENUE, LONG BEACH, CA 90805","700 MILAM STREET SUITE 2000, HOUSTON, TX 77002",,,,,,,31.4580170,-94.1398044
TX,MADISON (TX),GULF COAST CENTRAL,EAGLEBINE,GIDDINGS,DODSON WILLIAM DAVID,BULL RUN RESOURCES,2092/253,131021,Memorandum of lease,2026-08-18,2026-09-03,2026-08-18,60,2031-08-18,1,,36,,,139.887,33,,,,,,,0,0,BULL RUN RESOURCES LLC,"1016 NAVY BLVD 129, PANAMA CITY BEACH, FL 32408","P O BOX 1097, NEWARK, TX 76071",,,,,,,30.9932126,-96.1316640
TX,BRAZOS (TX),GULF COAST CENTRAL,EAGLEBINE,GIDDINGS,SEGARS THERESA,HAWKWOOD ENERGY EAST TEXAS,20802/290,1596540,Memorandum of lease,2026-08-04,2026-09-08,2026-08-04,36,2029-08-04,1,,24,,,7.622,48,,,,,,,0,0,HAWKWOOD ENERGY EAST TEXAS LLC,"1203 MARTINGALE ST, GEORGETOWN, TX 78633","920 MEMORIAL CITY WAY SUITE 1400, HOUSTON, TX 77024",,,,,,,30.6847024,-96.5353543
TX,HARRISON (TX),EAST TEXAS,HAYNESVILLE - TX,EAST TEXAS - HAYNESVILLE NORTH,BOOKER MELVA SUE,RFE ETX III,NA/NA,2026-000010713,Memorandum of lease,2026-07-27,2026-09-10,2026-06-25,36,2029-06-25,1,,24,,,330.86,818,,,,,,,0,0,RFE ETX III LLC,"11279 TAYLOR DRAPER LN APT 115, AUSTIN, TX 78759","3838 OAK LAWN AVENUE SUITE 1410, DALLAS, TX 75219",,,,,,,32.5554525,-94.5317977
TX,HARRISON (TX),EAST TEXAS,HAYNESVILLE - TX,EAST TEXAS - HAYNESVILLE NORTH,BOOKER MELVA SUE,RFE ETX III,NA/NA,2026-000010713,Memorandum of lease,2026-07-27,2026-09-10,2026-06-25,36,2029-06-25,1,,24,,,330.86,212,,,,,,,0,0,RFE ETX III LLC,"11279 TAYLOR DRAPER LN APT 115, AUSTIN, TX 78759","3838 OAK LAWN AVENUE SUITE 1410, DALLAS, TX 75219",,,,,,,32.5555526,-94.5446972
TX,OCHILTREE (TX),ANADARKO,GRANITE WASH,,BARNARD MINERALS LLC,KING OPERATING,NA/NA,2026-1251,Memorandum of lease,2026-07-27,2026-09-11,2026-07-24,36,2029-07-24,0,,,,,640.0,380,,,,,,"Blk: 13, Sec: 45",0,0,KING OPERATING CORPORATION,"P O BOX 14749, OKLAHOMA CITY, OK 73113","15301 DALLAS PARKWAY SUITE 900, ADDISON, TX 75001",,,,,,,36.2535660,-100.8645722
TX,SAN AUGUSTINE (TX),EAST TEXAS,HAYNESVILLE - TX,EAST TEXAS,OZEE JOHN ROBERT II,SILVER CREEK EXPLORATION LLC,581/57,00091866,Memorandum of lease,2026-07-28,2026-08-12,2026-07-21,36,2029-07-21,1,,24,,,1.984,308,,,,,,,0,0,SILVER CREEK EXPLORATION LLC,"1809 FM 705, SAN AUGUSTINE, TX 75972","7800 SHOAL CREEK SUITE 144S, AUSTIN, TX 78757",,,,,,,31.4041153,-94.1617040
TX,SAN AUGUSTINE (TX),EAST TEXAS,HAYNESVILLE - TX,EAST TEXAS,DURHAM TEMPE LOU MEDFORD,SILVER CREEK EXPLORATION LLC,581/75,00091872,Memorandum of lease,2026-08-04,2026-08-12,2026-07-30,36,2029-07-30,1,,24,,,96.617,36,,,,,,,0,0,SILVER CREEK EXPLORATION LLC,"3600 FULLER SPRINGS DR, LUFKIN, TX 75901","7800 SHOAL CREEK SUITE 144S, AUSTIN, TX 78757",,,,,,,31.3866145,-94.2059027
TX,SCURRY (TX),EASTERN SHELF,,,GREEN PAUL EDWARD,KINDER MORGAN,1132/355,20262633,Memorandum of lease,2026-07-23,2026-09-14,2026-06-09,36,2029-06-09,1,,24,,,15.485,73,,,,,,"Blk: 3, Sec: 181",0,0,KINDER MORGAN PRODUCTION COMPANY LLC,"660 COUNTY ROAD 3854, HAWKINS, TX 75765","1001 LOUISIANA STREET SUITE 1000, HOUSTON, TX 77002",,,,,,,32.7118915,-100.9276036
TX,LOVING (TX),DELAWARE,DELAWARE,,TD MINERALS LP,CHIEF O&G,NA/NA,2026-1574,Lease,2026-07-28,2026-08-17,2025-10-01,12,2026-10-01,0,,,,0.25,1170.6,1029,,,,,,"Blk: C24, Sec: 17",0,0,CHIEF CAPITAL O&G II LLC,"8111 WESTCHESTER DR STE 900, DALLAS, TX 75225",,,,,,,,31.9607729,-103.3705430
TX,LOVING (TX),DELAWARE,DELAWARE,,TD MINERALS LP,CHIEF O&G,NA/NA,2026-1574,Lease,2026-07-28,2026-08-17,2025-10-01,12,2026-10-01,0,,,,0.25,1170.6,1030,,,,,,"Blk: C24, Sec: 18",0,0,CHIEF CAPITAL O&G II LLC,"8111 WESTCHESTER DR STE 900, DALLAS, TX 75225",,,,,,,,31.9469727,-103.3655435
TX,HARRISON (TX),EAST TEXAS,HAYNESVILLE - TX,EAST TEXAS - HAYNESVILLE NORTH,HOLMES MARY HOPKINS,RFE ETX III,NA/NA,2026-000010706,Memorandum of lease,2026-07-17,2026-09-10,2026-06-30,36,2029-06-30,1,,24,,,141.0,315,,,,,,,0,0,RFE ETX III LLC,"13523 FAR HILLS LANE, DALLAS, TX 75240","3838 OAK LAWN AVENUE SUITE 1410, DALLAS, TX 75219",,,,,,,32.5648528,-94.5184984
TX,HARRISON (TX),EAST TEXAS,HAYNESVILLE - TX,EAST TEXAS - HAYNESVILLE NORTH,DEVENISH PROPERTIES LLC,TANOS ENERGY HOLDINGS,NA/NA,2026-000010766,Memorandum of lease,2026-08-10,2026-09-11,2026-08-10,12,2027-08-10,0,,,,,88.0,93,,,,,,,0,0,TANOS ENERGY HOLDINGS IV LLC,"44 GKEANNLOCH ESTATES DRIVE, SPRING, TX 77279","P O BOX 130277, TYYLER, TX 75713",,,,,,,32.5853534,-94.4723004
TX,NEWTON (TX),GULF COAST CENTRAL,,,SIMMONS DEBBIE ANNETT,LUCAS RESOURCES LLC,834/8,183789,Lease,2026-08-23,2026-08-26,2026-08-23,36,2029-08-23,1,250,24,,0.1875,52.0,90,,,,,,,0,0,LUCAS RESOURCES LLC,"827 SYKES LANE, SILSBEE, TX 77656","7026 OLD KATY RD SUITE 201, HOUSTON, TX 77024",,,,,,,30.9337040,-93.5822263
TX,REAGAN (TX),MIDLAND,MIDLAND,,SOFTVEST L P,DE WEST TEXAS,558/475,2026-150349,Memorandum of lease,2026-08-17,2026-09-08,2026-08-07,36,2029-08-07,0,,,,,320.0,267,,,,,,"Blk: A, Sec: 15",0,0,DE WEST TEXAS LLC,"P O BOX 89, ABILENE, TX 79604","3724 HULEN ST, FORT WORTH, TX 76107",,,,,,8400,31.5925589,-101.5186036
TX,REAGAN (TX),MIDLAND,MIDLAND,,SOFTVEST L P,DE WEST TEXAS,558/475,2026-150349,Memorandum of lease,2026-08-17,2026-09-08,2026-08-07,36,2029-08-07,0,,,,,320.0,267,,,,,,"Blk: 11, Sec: 25",0,0,DE WEST TEXAS LLC,"P O BOX 89, ABILENE, TX 79604","3724 HULEN ST, FORT WORTH, TX 76107",,,,,,8400,31.5925589,-101.5186036
TX,SCURRY (TX),EASTERN SHELF,,,COLONIAL HILL BAPTIST CHURCH,KINDER MORGAN,1132/339,20262625,Memorandum of lease,2026-07-21,2026-09-14,2026-07-15,36,2029-07-15,1,,24,,,1.82,73,,,,,,"Blk: 3, Sec: 181",0,0,KINDER MORGAN PRODUCTION COMPANY LLC,"P O BOX 290, SNYDER, TX 79550","1001 LOUISIANA STREET SUITE 1000, HOUSTON, TX 77002",,,,,,,32.7118915,-100.9276036
TX,LEON (TX),GULF COAST CENTRAL,,,HEBERT BRANDY,J R CHITWOOD,NA/NA,00492934,Lease ratification,2026-09-10,2026-09-15,1954-02-13,,,0,,,,,104.325,784,,,,,,,0,0,CHITWOOD J ROSS,"4423 POOLSIDE DR, CHANDLER, TX 75768",,,,,,,,31.3136214,-96.1687576
TX,LEE (TX),GULF COAST CENTRAL,EAGLEBINE,GIDDINGS,SISTRUNK TAKEITHA,SAGE NATURAL RESOURCES,1413/131,2026-03427,Memo of lease,2026-08-18,2026-08-24,2026-07-24,36,2029-07-24,1,,24,,,30.0,318,,,,,,,0,0,SAGE NATURAL RESOURCES LLC,"14011 FM 969 APT 3308, AUSTIN, TX 78724","PO BOX 700724, TULSA, OK 74170-9904",,,,,,,30.3505894,-96.9561392
TX,DEWITT (TX),GULF COAST WEST,EAGLEFORD,DE WITT,HJHLFK 8 LP,BURLINGTON RESOURCES,NA/NA,157261,Memorandum of lease,2026-07-31,2026-08-25,2026-08-01,36,2029-08-01,1,,24,,,1.69,217,,,,,,,0,0,BURLINGTON OIL & GAS COMPANY LP,"1362 BOOS LN, FREDERICKSBURG, TX 78624","925 N ELDRIGE PARKWAY, HOUSTON, TX 77079",,,,,,,29.0544476,-97.5282282
TX,HARRISON (TX),EAST TEXAS,HAYNESVILLE - TX,EAST TEXAS - HAYNESVILLE NORTH,HE EAST TEXAS MINERALS LP,HE RF III,NA/NA,2026-000010657,Memorandum of lease,2026-09-01,2026-09-09,2026-08-25,36,2029-08-25,0,,,,,185.1316,146,,,,,,,0,0,HE RF III LP,"3000 TURTLE CREEK BLVD, DALLAS, TX 75219","3000 TURTLE CREEK BLVD, DALLAS, TX 75219",,,,,,,32.5169512,-94.5844952
TX,HARRISON (TX),EAST TEXAS,HAYNESVILLE - TX,EAST TEXAS - HAYNESVILLE NORTH,RODRIGUEZ JOSE IVAN,RFE ETX III,NA/NA,2026-000010718,Memorandum of lease,2026-07-16,2026-09-10,2026-07-06,36,2029-07-06,1,,24,,,28.835,212,,,,,,,0,0,RFE ETX III LLC,"201 BRUSH ARBOR TRAIL, HALLSVILLE, TX 75650","3838 OAK LAWN AVENUE SUITE 1410, DALLAS, TX 75219",,,,,,,32.5555526,-94.5446972
TX,SAN AUGUSTINE (TX),EAST TEXAS,HAYNESVILLE - TX,EAST TEXAS,BRIDGES KRISTIN,RCE A AUGUSTA LLC,NA/NA,00091967,Memorandum of lease,2026-07-09,2026-08-21,2026-06-25,36,2029-06-25,1,,24,,,8.935,35,,,,,,,0,0,RCE A AUGUSTA LLC,"108 CROSSCUT DR, LUFKIN, TX 75901","700 MILAM STREET SUITE 2000, HOUSTON, TX 77002",,,,,,,31.5709204,-94.1206045
TX,SAN AUGUSTINE (TX),EAST TEXAS,HAYNESVILLE - TX,EAST TEXAS,STANLEY LEMUEL H,AETHON,582/212,00092030,Memorandum of lease,2026-07-15,2026-08-24,2026-06-15,36,2029-06-15,1,,24,,,0.5974,586,,,,,,,0,0,AETHON III HV LLC,"711 PRIVATE ROAD 7830, BROADDUS, TX 75929","12377 MERIT DRIVE SUITE 1200, DALLAS, TX 75251",,,,,,,31.2904118,-94.3139003
TX,BRAZOS (TX),GULF COAST CENTRAL,EAGLEBINE,GIDDINGS,NOTO STEPHEN,HAWKWOOD ENERGY EAST TEXAS,20801/258,1596471,Memorandum of lease,2026-08-04,2026-09-08,2026-08-04,36,2029-08-04,1,,24,,,7.622,48,,,,,,,0,0,HAWKWOOD ENERGY EAST TEXAS LLC,"904 EDGEWOOD DR, RICHMOND, TX 77406","920 MEMORIAL CITY WAY SUITE 1400, HOUSTON, TX 77024",,,,,,,30.6847024,-96.5353543
TX,MADISON (TX),GULF COAST CENTRAL,EAGLEBINE,GIDDINGS,BERRY WILLIAM DOYLE,BULL RUN RESOURCES,2093/44,131041,Memorandum of lease,2026-07-24,2026-09-04,2026-07-24,60,2031-07-24,0,,,,,176.21,120,,,,,,,0,0,BULL RUN RESOURCES LLC,"201 RED OAK STREET, LIVINGSTON, TX 77351","P O BOX 1097, NEWARK, TX 76071",,,,,,,31.0028124,-96.0387661
TX,MADISON (TX),GULF COAST CENTRAL,EAGLEBINE,GIDDINGS,BERRY WILLIAM DOYLE,BULL RUN RESOURCES,2093/44,131041,Memorandum of lease,2026-07-24,2026-09-04,2026-07-24,60,2031-07-24,0,,,,,176.21,24,,,,,,,0,0,BULL RUN RESOURCES LLC,"201 RED OAK STREET, LIVINGSTON, TX 77351","P O BOX 1097, NEWARK, TX 76071",,,,,,,31.0407135,-96.0372656
TX,SAN AUGUSTINE (TX),EAST TEXAS,HAYNESVILLE - TX,EAST TEXAS,SMITH GINA RENEE,APEX NATURAL GAS,582/641,00092159,Memorandum of lease,2026-07-17,2026-08-27,2026-07-10,36,2029-07-10,1,,24,,,0.0752,16,,,,,,,0,0,APEX NATURAL GAS LLC,"109 FRANKENS ST, DIBOLL, TX 75941","1100 LOUISIANA SUITE 3800, HOUSTON, TX 77002",,,,,,,31.2433104,-94.2660017
LA,BEAUREGARD (LA),GULF COAST EAST,TUSCALOOSA MARINE SHALE,,CHAMPAGNE ROY CHESTER,DUNN EXPL,1135/736,602763,Memorandum of lease,2026-07-15,2026-08-07,2026-07-15,36,2029-07-15,1,,24,,,40.0,,22,6,S,12,W,,0,0,DUNN EXPLORATION COMPANY LLC,"13361 HIGHWAY 389, MERRYVILLE, LA 70653","P O BOX 55056, HOUSTON, TX 77255",,,,,,,30.5260524,-93.5782297
TX,HOWARD (TX),MIDLAND,MIDLAND,,KF HIDDEN TREASURE LP,OAK POINT ENERGY,2375/74,2026-00005139,Memorandum of lease,2026-07-15,2026-09-11,2026-07-01,36,2029-07-01,1,,24,,,360.0,1292,,,,,,"Blk: 32 T1S, Sec: 44",0,0,OAK POINT ENERGY LLC,"5720 HAVANA DRIVE, NORTH RICHLAND HILLS, TX 76180","P O BOX 672, MIDLAND, TX 79702",,,,,,,32.1419756,-101.4266000
TX,SAN AUGUSTINE (TX),EAST TEXAS,HAYNESVILLE - TX,EAST TEXAS,WADKINS KIMBERLY DAVIS,APEX NATURAL GAS,NA/NA,00092162,Memorandum of lease,2026-07-20,2026-08-27,2026-07-20,36,2029-07-20,1,,24,,,42.4248,16,,,,,,,0,0,APEX NATURAL GAS LLC,"160 HARVEY STREET, HEMPHILL, TX 75948","1100 LOUISIANA SUITE 3800, HOUSTON, TX 77002",,,,,,,31.2433104,-94.2660017
LA,FRANKLIN (LA),ARKLA,,,SCOTT JOHN KELVIN,GLADNEY ENERGY PARTNERS LLC,NA/NA,396033,Lease,2026-08-04,2026-08-25,2026-08-04,36,2029-08-04,0,,,,0.2,40.0,,28,14,N,9,E,,0,0,GLADNEY ENERGY PARTNERS LLC,"521 LOVERS LANE, WINNSBORO, LA 71235","213 NORTHPARK DRIVE, MONROE, LA 71203",,,,,,,32.1673071,-91.5533261
TX,SAN AUGUSTINE (TX),EAST TEXAS,HAYNESVILLE - TX,EAST TEXAS,DIANA BETTYE ALEXANDER HOLZHAUSER TRUST,SILVER CREEK EXPLORATION LLC,582/448,00092116,Memorandum of lease,2026-08-11,2026-08-25,2026-08-04,36,2029-08-04,1,,24,,,34.0,308,,,,,,,0,0,SILVER CREEK EXPLORATION LLC,"2411 PARK AVENUE, PEARLAND, TX 77581","7800 SHOAL CREEK SUITE 144S, AUSTIN, TX 78757",,,,,,,31.4041153,-94.1617040
LA,BIENVILLE (LA),ARKLA,HAYNESVILLE - LA,ARKLA - HAYNESVILLE,MURPHY JAMES H,PETRO CHEM OPERATING,NA/NA,311805,Lease amendment,2026-07-21,2026-08-03,2023-06-15,36,2026-06-15,0,,,,,42.8264,,22,17,N,5,W,,0,0,PETRO CHEM OPERATING CO INC,,,,,,,,,32.4469596,-92.8706652
LA,BIENVILLE (LA),ARKLA,HAYNESVILLE - LA,ARKLA - HAYNESVILLE,MURPHY JAMES H,PETRO CHEM OPERATING,NA/NA,311805,Lease amendment,2026-07-21,2026-08-03,2023-06-15,36,2026-06-15,0,,,,,42.8264,,27,17,N,5,W,,0,0,PETRO CHEM OPERATING CO INC,,,,,,,,,32.4325767,-92.8707098
TX,LEE (TX),GULF COAST CENTRAL,EAGLEBINE,GIDDINGS,REESE CHRISTINE HODGE,SAGE NATURAL RESOURCES,1411/484,2026-03078,Memorandum of lease,2026-07-31,2026-08-03,2026-07-24,36,2029-07-24,1,,24,,,9.0,49,,,,,,,0,0,SAGE NATURAL RESOURCES LLC,"11022 CULEBRA ROAD APT 5101, SAN ANTONIO, TX 78253","PO BOX 700724, TULSA, OK 74170-9904",,,,,,,30.3708900,-96.9293399
LA,BIENVILLE (LA),ARKLA,HAYNESVILLE - LA,ARKLA - HAYNESVILLE,PARTAIN CHARLES WILLIAM III,FONTAINEBLEAU OPERATING,NA/NA,311895,Memorandum of lease,2026-07-22,2026-08-06,2026-06-17,36,2029-06-17,0,,,,,6.379,,35,14,N,8,W,,0,0,FONTAINEBLEAU OPERATING LLC,"5725 POINT RD, DOYLINE, LA 71023","416 TRAVIS STREET SUITE 600, SHREVEPORT, LA 71101",,,,,,,32.1556818,-93.1598345
TX,LOVING (TX),DELAWARE,DELAWARE,,WILLIAM C EILAND FAMILY LIMITED PARTNERSHIP,FE PERMIAN OWNER I,NA/NA,2026-1648,Memorandum of lease,2026-07-10,2026-08-25,2026-06-19,36,2029-06-19,0,,,,,161.4,1417,,,,,,"Blk: C24, Sec: 3",0,0,FE PERMIAN OWNER I L L C,"P O BOX DRAWER 11228, MIDLAND, TX 79702","777 MAIN STREET SUITE 3200, FORT WORTH, TX 76102",,,,,,,31.9743725,-103.3195441
TX,LOVING (TX),DELAWARE,DELAWARE,,WILLIAM C EILAND FAMILY LIMITED PARTNERSHIP,FE PERMIAN OWNER I,NA/NA,2026-1648,Memorandum of lease,2026-07-10,2026-08-25,2026-06-19,36,2029-06-19,0,,,,,161.4,1402,,,,,,"Blk: C24, Sec: 3",0,0,FE PERMIAN OWNER I L L C,"P O BOX DRAWER 11228, MIDLAND, TX 79702","777 MAIN STREET SUITE 3200, FORT WORTH, TX 76102",,,,,,,31.9743725,-103.3285439
TX,HOWARD (TX),MIDLAND,MIDLAND,,JHAVERI SANJAY,FEP V WI LP,2374/733,2026-00005118,Memorandum of lease,2026-08-26,2026-09-10,2026-04-01,60,2031-04-01,0,,,,,320.0,1019,,,,,,"Blk: 31 T1N, Sec: 28",0,0,FEP V WI LP,"3900 ESSEX LANE STE 450, HOUSTON, TX 77027","PO BOX 4695, MIDLAND, TX 79704",,,,,,,32.3225814,-101.3585988
TX,LEE (TX),GULF COAST CENTRAL,EAGLEBINE,GIDDINGS,PETERSON ELTON JAMES II,SAGE NATURAL RESOURCES,1412/943,2026-03405,Memorandum of lease,2026-08-14,2026-08-20,2026-05-24,36,2029-05-24,1,,24,,,15.714,97,,,,,,,0,0,SAGE NATURAL RESOURCES LLC,"12027 N 28TH SR SUITE 144, PHOENIX, AZ 85029","PO BOX 700724, TULSA, OK 74170-9904",,,,,,,30.3553895,-96.9224402
TX,UPSHUR (TX),EAST TEXAS,HAYNESVILLE - TX,EAST TEXAS - HAYNESVILLE NORTH,RUDY CLARK A,SABINE EAST TEXAS BASIN,NA/NA,202606214,Memorandum of lease,2026-08-31,2026-09-10,2026-07-21,36,2029-07-21,1,,24,,,75.0,71,,,,,,,0,0,SABINE EAST TEXAS BASIN LLC,"11114 LAKE WHITNEY DR, TEMPLE, TX 76502","1415 LOUISIANA STREET SUITE 1600, HOUSTON, TX 77002",,,,,,,32.5864585,-95.0182811
TX,ECTOR (TX),CENTRAL BASIN PLATFORM,CENTRAL BASIN PLATFORM,,VANCE ANNE CATHERINE,SEP LAND FUND,NA/NA,2026-00018481,Lease ratification,2026-08-21,2026-09-09,2026-08-21,,,0,,,,,327.5,744,,,,,,"Blk: 43 T3S, Sec: 12",0,0,SEP LAND FUND LP,"1108 CEDAR STREET, TEAGUE, TX 75860-1224","PO BOX 1506, MIDLAND, TX 79702",,,,,,,31.7637712,-102.4095792
TX,LEE (TX),GULF COAST CENTRAL,EAGLEBINE,GIDDINGS,BOETTCHER FAMILY LTD,SAGE NATURAL RESOURCES,1413/283,2026-03470,Memorandum of lease,2026-08-25,2026-08-25,2026-07-30,36,2029-07-30,1,,24,,,102.4,212,,,,,,,0,0,SAGE NATURAL RESOURCES LLC,"2507 EAST FM 696, LEXINGTON, TX 78947","PO BOX 700724, TULSA, OK 74170-9904",,,,,,,30.3929907,-96.9481393
TX,LEE (TX),GULF COAST CENTRAL,EAGLEBINE,GIDDINGS,BOETTCHER FAMILY LTD,SAGE NATURAL RESOURCES,1413/281,2026-03469,Memorandum of lease,2026-07-30,2026-08-25,2026-07-30,36,2029-07-30,1,,24,,,49.666,160,,,,,,,0,0,SAGE NATURAL RESOURCES LLC,"2507 EAST FM 696, LEXINGTON, TX 78947","PO BOX 700724, TULSA, OK 74170",,,,,,,30.3466892,-96.9754386
TX,SAN AUGUSTINE (TX),EAST TEXAS,HAYNESVILLE - TX,EAST TEXAS,JARRED SHIRLEY ANN,PEO HAYNESVILLE HOLDCO,582/206,00092026,Memorandum of lease,2026-07-08,2026-08-24,2026-06-24,36,2029-06-24,1,,24,,,1.087,586,,,,,,,0,0,PEO HAYNESVILLE HOLDCO II LLC,"210 PRIVATE ROAD 7844, BROADDUS, TX 75929","16400 DALLAS PARKWAY SUITE 400, DALLAS, TX 75248",,,,,,,31.2904118,-94.3139003
TX,HARRISON (TX),EAST TEXAS,HAYNESVILLE - TX,EAST TEXAS - HAYNESVILLE NORTH,THE WALTER AND LAURA DOBBS REVOCABLE LIVING TRUST,RFE ETX IV,NA/NA,2026-000010525,Memorandum of lease,2026-08-10,2026-09-03,2026-09-03,60,2031-09-03,0,,,,,176.457,360,,,,,,,0,0,RFE ETX V LLC,"558 RIVER CHASE WAY, NEW BRAUNFELS, TX 78132","3838 OAK LAWN AVENUE SUITE 1410, DALLAS, TX 75219",,,,,,,32.5117519,-94.6888909
TX,LOVING (TX),"DELAWARE,CENTRAL BASIN PLATFORM","DELAWARE,CENTRAL BASIN PLATFORM",,RHODES EDWARD DUSTY,FE PERMIAN OWNER I,NA/NA,2026-1649,Memorandum of lease,2026-07-09,2026-08-25,2026-06-19,36,2029-06-19,0,,,,,161.4,1402,,,,,,"Blk: B8, Sec: 25",0,0,FE PERMIAN OWNER I L L C,"1150 ESTATE DRIVE STE D, ABILENE, TX 79602","777 MAIN STREET SUITE 3200, FORT WORTH, TX 76102",,,,,,,31.7486726,-102.8015712
TX,LOVING (TX),"DELAWARE,CENTRAL BASIN PLATFORM","DELAWARE,CENTRAL BASIN PLATFORM",,RHODES EDWARD DUSTY,FE PERMIAN OWNER I,NA/NA,2026-1649,Memorandum of lease,2026-07-09,2026-08-25,2026-06-19,36,2029-06-19,0,,,,,161.4,1402,,,,,,"Blk: C24, Sec: 3",0,0,FE PERMIAN OWNER I L L C,"1150 ESTATE DRIVE STE D, ABILENE, TX 79602","777 MAIN STREET SUITE 3200, FORT WORTH, TX 76102",,,,,,,31.9743725,-103.3285439
TX,MARTIN (TX),MIDLAND,MIDLAND,,BLACK SHANNON BETH,PIONEER NATURAL RESOURCES USA,1125/86,263246,Memorandum of lease,2026-08-17,2026-09-08,2026-07-01,12,2027-07-01,0,,,,,160.0,258,,,,,,"Blk: 37 T1S, Sec: 5",0,0,PIONEER NATURAL RESOURCES USA INC,"P O BOX 7, TARZAN, TX 79783","LAND DEPARTMENT 22777 SPRINGWOODS VILLAGE PARKWAY, SPRING, TX 77389-1425",,,,,,9887,32.1273794,-101.9535865
TX,LOVING (TX),DELAWARE,DELAWARE,,WPX PERMIAN SURFACE HOLDINGS LLC,BPX MIDSTREAM CO,NA/NA,2026-1435,Lease,2026-07-27,2026-08-03,2026-05-11,120,2036-05-11,0,,,,,,155,,,,,,"Blk: 56T1S, Sec: 31",0,0,BPX MIDSTREAM CO,"333 WEST SHERIDAN AVENUE, OKLAHOMA CITY, OK 73102","1700 PLATTE STREET SUITE 150, DENVER, CO 80202",,,,,,,31.9198742,-103.8985247
TX,GRAYSON (TX),FORT WORTH,,,MONTOUR PROPERTIES INC,ATOKA ENERGY LLC,NA/NA,2026-23376,Memorandum of lease,2026-08-26,2026-09-10,2026-08-15,36,2029-08-15,1,,,,,139.0,15,,,,,,,0,0,ATOKA ENERGY LLC,"P O BOX 206, UVALDE, TX 78802","16200 ADDISON ROAD SUITE 110, ADDISON, TX 75001",,,,,,,33.7378949,-96.7966223
TX,HARRISON (TX),EAST TEXAS,HAYNESVILLE - TX,EAST TEXAS - HAYNESVILLE NORTH,MCKNIGHT PEGGY DIANE,RFE ETX IV,NA/NA,2026-000010654,Memorandum of lease,2026-08-26,2026-09-09,2026-08-20,36,2029-08-20,1,,12,,,583.58,280,,,,,,,0,0,RFE ETX V LLC,"24 BAYOU ROAD, LAKE JACKSON, TX 77566","3838 OAK LAWN AVENUE SUITE 1410, DALLAS, TX 75219",,,,,,,32.6023548,-94.5568971
TX,HARRISON (TX),EAST TEXAS,HAYNESVILLE - TX,EAST TEXAS - HAYNESVILLE NORTH,MCKNIGHT PEGGY DIANE,RFE ETX IV,NA/NA,2026-000010654,Memorandum of lease,2026-08-26,2026-09-09,2026-08-20,36,2029-08-20,1,,12,,,583.58,27,,,,,,,0,0,RFE ETX V LLC,"24 BAYOU ROAD, LAKE JACKSON, TX 77566","3838 OAK LAWN AVENUE SUITE 1410, DALLAS, TX 75219",,,,,,,32.6211558,-94.5796964
TX,HARRISON (TX),EAST TEXAS,HAYNESVILLE - TX,EAST TEXAS - HAYNESVILLE NORTH,MCKNIGHT PEGGY DIANE,RFE ETX IV,NA/NA,2026-000010654,Memorandum of lease,2026-08-26,2026-09-09,2026-08-20,36,2029-08-20,1,,12,,,583.58,364,,,,,,,0,0,RFE ETX V LLC,"24 BAYOU ROAD, LAKE JACKSON, TX 77566","3838 OAK LAWN AVENUE SUITE 1410, DALLAS, TX 75219",,,,,,,32.5961547,-94.5806961
TX,LEE (TX),GULF COAST CENTRAL,EAGLEBINE,GIDDINGS,KYLE KEITH W,BRUSHFIRE MINERALS,1412/690,2026-03361,Memorandum of lease,2026-08-12,2026-08-17,2026-08-05,36,2029-08-05,1,,24,,,149.035,1,,,,,,,0,0,BRUSHFIRE MINERALS LLC,"5813 N 16TH STREET, ORANGE, TX 77630","P O BOX 700724, TULSA, OK 74170-9904",,,,,,,30.3642898,-96.8189431
TX,SAN AUGUSTINE (TX),EAST TEXAS,HAYNESVILLE - TX,EAST TEXAS,TRIGGS DIANNE D,AETHON,582/163,00092001,Memorandum of lease,2026-07-15,2026-08-24,2026-06-30,36,2029-06-30,1,,24,,,44.0,101,,,,,,,0,0,AETHON UNITED BR LP,"18102 COLONIAL FOREST CIRCLE, SPRING, TX 77379","12377 MERIT DRIVE SUITE 1200, DALLAS, TX 75251",,,,,,,31.5554205,-94.0632064
TX,GRAYSON (TX),FORT WORTH,,,ROBERT GLENN RAPP FOUNDATION,ATOKA ENERGY LLC,NA/NA,2026-23377,Memorandum of lease,2026-07-29,2026-09-10,2026-06-30,36,2029-06-30,0,,,,,139.0,15,,,,,,,0,0,ATOKA ENERGY LLC,"5400 N GRAND BLVD SUITE 545, OKLAHOMA CITY, OK 73112","16200 ADDISON ROAD SUITE 110, ADDISON, TX 75001",,,,,,,33.7378949,-96.7966223
TX,SAN AUGUSTINE (TX),EAST TEXAS,HAYNESVILLE - TX,EAST TEXAS,STEIN JESSICA LOUISE GARDNER,ADAMAS ENERGY LLC,583/301,00092236,Memorandum of lease,2026-07-23,2026-08-28,2026-08-19,36,2029-08-19,0,,,,,60.0,170,,,,,,,0,0,ADAMAS ENERGY LLC,"300 W HOUSTON ST, CLEVELND, TX 77327","1111B S GOVERNORS AVENUE SUITE 40665, DOVER, DE 19904",,,,,,,31.3864142,-94.2881003
TX,LOVING (TX),DELAWARE,DELAWARE,,WPX PERMIAN SURFACE HOLDINGS LLC,BPX OPERATING,NA/NA,2026-1663,Lease,2026-08-20,2026-08-26,2026-06-23,10,2027-04-23,0,,,,,0.1028,151,,,,,,"Blk: 56T1S, Sec: 23",0,0,BPX OPERATING LLC,"333 WEST SHERIDAN AVENUE, OKLAHOMA CITY, OK 73102","1700 PLATTE STREET SUITE 150, DENVER, CO 80202",,,,,,,31.9488741,-103.8295267
TX,MARION (TX),EAST TEXAS,HAYNESVILLE - TX,EAST TEXAS - HAYNESVILLE NORTH,MOORE TIMOTHY ERLE,NETX ACQUISITIIONS LLC,1124/539,00001585,Memorandum of lease,2026-08-20,2026-08-21,2026-08-20,36,2029-08-20,0,,,,,67.0,234,,,,,,,0,0,NETX ACQUISITIIONS LLC,"844 DRIFTWOOD VALLEY TRAIL, DRIFTWOOD, TX 78619","4608 KINSEY DRIVE, TYLER, TX 75703",,,,,,,32.8774642,-94.3845061
TX,MADISON (TX),GULF COAST CENTRAL,EAGLEBINE,GIDDINGS,COLE PATRICE DIANE PERRY,GIANT ENERGY,2093/118,131055,Lease extension,2026-07-31,2026-09-08,2022-07-06,48,2026-07-06,0,,,,,73.386,35,,,,,,,0,0,GIANT ENERGY CO LP,,"12850 SPRING RD SUITE 200, DALLAS, TX 75230",,,,,,,31.0257132,-96.0657651
TX,HOWARD (TX),MIDLAND,MIDLAND,,WHITE HAYLEY A,OAK POINT ENERGY,2375/114,2026-00005149,Memorandum of lease,2026-08-11,2026-09-11,2026-07-01,36,2029-07-01,1,,24,,,360.0,1292,,,,,,"Blk: 32 T1S, Sec: 44",0,0,OAK POINT ENERGY LLC,"258 SEMINOLE AVENUE, WALTHAM, MA 02451","P O BOX 672, MIDLND, TX 79702",,,,,,,32.1419756,-101.4266000
TX,SAN AUGUSTINE (TX),EAST TEXAS,HAYNESVILLE - TX,EAST TEXAS,RAMSEY PATEE WHITE,SILVER CREEK EXPLORATION LLC,581/60,00091867,Memorandum of lease,2026-07-16,2026-08-12,2026-07-16,36,2029-07-16,1,,24,,,69.0,308,,,,,,,0,0,SILVER CREEK EXPLORATION LLC,"3014 FORGE RD, TOANO, VA 23168","7800 SHOAL CREEK SUITE 144S, AUSTIN, TX 78757",,,,,,,31.4041153,-94.1617040
TX,LEE (TX),GULF COAST CENTRAL,EAGLEBINE,GIDDINGS,NELSON QUINTON D,SAGE NATURAL RESOURCES,1412/688,2026-03360,Memorandum of lease,2026-08-05,2026-08-17,2026-08-05,36,2029-08-05,1,,24,,,50.0,49,,,,,,,0,0,SAGE NATURAL RESOURCES LLC,"173 COWBOYS PARKWAY APT 2075, IRVING, TX 75063","PO BOX 700724, TULSA, OK 74170-9904",,,,,,,30.3708900,-96.9293399
TX,MARTIN (TX),MIDLAND,MIDLAND,,HARDEMAN JACQUELYN,DIAMONDBACK,1125/248,263266,Lease amendment,2026-07-22,2026-09-09,2016-02-05,192,2032-02-05,0,,,,,0.4253,805,,,,,,"Blk: 36 T1N, Sec: 14",0,0,DIAMONDBACK E&P LLC,"1200 REDWOOD ST UNIT B APT 24, LAS VEGAS, NV 89146",,,,,,,,32.2468820,-101.8305883
TX,UPSHUR (TX),EAST TEXAS,HAYNESVILLE - TX,EAST TEXAS - HAYNESVILLE NORTH,MARKHAM JUDY COPPEDGE,NETX ACQUISITIONS,NA/NA,202606301,Memorandum of lease,2026-08-03,2026-09-11,2026-07-23,60,2031-07-23,0,,,,,8.24,22,,,,,,,0,0,NETX ACQUISITIONS LLC,"4608 KINSEY DR, TYLER, TX 75703","P O BOX 3435, ORE CITY, TX 75683",,,,,,,32.8775681,-94.7547915
TX,SAN AUGUSTINE (TX),EAST TEXAS,HAYNESVILLE - TX,EAST TEXAS,RM IBEX LLC,RCE A AUGUSTA LLC,581/642,00091969,Memorandum of lease,2026-07-28,2026-08-21,2026-07-01,36,2029-07-01,1,,24,,,39.5,35,,,,,,,0,0,RCE A AUGUSTA LLC,"PO BOX 540, JASPER, TX 75951","700 MILAM STREET SUITE 2000, HOUSTON, TX 77002",,,,,,,31.5709204,-94.1206045
TX,GLASSCOCK (TX),MIDLAND,MIDLAND,,MONGER MANAGEMENT LLC,QUALITY MINERALS,580/115,1843,Memorandum of lease,2026-08-01,2026-09-08,2026-07-27,36,2029-07-27,0,,,,,,333,,,,,,"Blk: 35 T3S, Sec: 43",0,0,QUALITY MINERALS LLC,"1821 QUIET OAK PLACE, ALEDO, TX 76008","3732 HULEN STREET SUITE 140, FORT WORTH, TX 76107",,,,,,,31.8463673,-101.6695975
TX,HOWARD (TX),MIDLAND,MIDLAND,,MORGAN FAMILY RANCHES LTD,OAK POINT ENERGY,2375/106,2026-00005147,Memorandum of lease,2026-07-06,2026-09-11,2026-07-01,36,2029-07-01,1,,2,,,360.0,1292,,,,,,"Blk: 32 T1S, Sec: 44",0,0,OAK POINT ENERGY LLC,"PO BOX 3709, BIG SPRING, TX 79721","PO BOX 672, MIDLAND, TX 79702",,,,,,,32.1419756,-101.4266000
TX,MADISON (TX),GULF COAST CENTRAL,EAGLEBINE,AGUILA VADO,SCOTT ALAN DALE,BULL RUN RESOURCES,2093/260,131077,Memorandum of lease,2026-08-25,2026-09-09,2026-08-25,60,2031-08-25,1,,36,,,53.492,228,,,,,,,0,0,BULL RUN RESOURCES LLC,"1638 COVE LANDING DRIVE, JACKSONVILLE, FL 32233","P O BOX 1097, NEWARK, TX 76071",,,,,,,30.9732121,-96.1634634
TX,LAVACA (TX),GULF COAST WEST,EAGLEFORD,EAGLE FORD DRY,GFSJR MINERALS LLC,EOG RESOURCES,1089/858,274090,Memorandum of lease,2026-08-18,2026-09-02,2025-12-08,36,2028-12-08,0,,,,,229.8214,48,,,,,,,0,0,EOG RESOURCES INC,"P O BOX 906, EL CAMPO, TX 77437","19100 RIDGEWOOD PARKING BUILDING 2, SAN ANTONIO, TX 78259",,,,,,,29.4360583,-97.0280382
TX,HARRISON (TX),EAST TEXAS,HAYNESVILLE - TX,EAST TEXAS - HAYNESVILLE NORTH,SIMMONS TWILLA HOLT,SABINE EAST TEXAS BASIN,NA/NA,2026-000010409,Memorandum of lease,2026-08-18,2026-09-02,2026-07-02,36,2029-07-02,0,,,,,60.9771,228,,,,,,,0,0,SABINE EAST TEXAS BASIN LLC,"6233 FM 2625 E, MARSHALL, TX 75672","1415 S LOUISIANA STREET SUITE 1600, HOUSTON, TX 77002",,,,,,,32.5483522,-94.5369974
TX,HARRISON (TX),EAST TEXAS,HAYNESVILLE - TX,EAST TEXAS - HAYNESVILLE NORTH,SIMMONS TWILLA HOLT,SABINE EAST TEXAS BASIN,NA/NA,2026-000010409,Memorandum of lease,2026-08-18,2026-09-02,2026-07-02,36,2029-07-02,0,,,,,60.9771,18,,,,,,,0,0,SABINE EAST TEXAS BASIN LLC,"6233 FM 2625 E, MARSHALL, TX 75672","1415 S LOUISIANA STREET SUITE 1600, HOUSTON, TX 77002",,,,,,,32.5370517,-94.5329975
TX,HARRISON (TX),EAST TEXAS,HAYNESVILLE - TX,EAST TEXAS - HAYNESVILLE NORTH,SIMMONS TWILLA HOLT,SABINE EAST TEXAS BASIN,NA/NA,2026-000010409,Memorandum of lease,2026-08-18,2026-09-02,2026-07-02,36,2029-07-02,0,,,,,60.9771,23,,,,,,,0,0,SABINE EAST TEXAS BASIN LLC,"6233 FM 2625 E, MARSHALL, TX 75672","1415 S LOUISIANA STREET SUITE 1600, HOUSTON, TX 77002",,,,,,,32.4682483,-94.4348008
TX,LEE (TX),GULF COAST CENTRAL,EAGLEBINE,GIDDINGS,FRITH JOEL,SAGE NATURAL RESOURCES,1411/476,2026-03074,Memorandum of lease,2026-07-27,2026-08-03,2026-01-01,36,2029-01-01,1,,24,,,2.5,1,,,,,,,0,0,SAGE NATURAL RESOURCES LLC,"623 PARSONS DRIVE, SYRACUSE, NY 13219","PO BOX 700724, TULSA, OK 74170-9904",,,,,,,30.3642898,-96.8189431
TX,SAN AUGUSTINE (TX),EAST TEXAS,HAYNESVILLE - TX,EAST TEXAS,ABNEY PAUL,SILVER CREEK EXPLORATION LLC,581/81,00091874,Memorandum of lease,2026-07-29,2026-08-12,2026-07-29,36,2029-07-29,1,,24,,,96.617,36,,,,,,,0,0,SILVER CREEK EXPLORATION LLC,"466 JEFFERSON AVE, LUFKIN, TX 75904","7800 SHOAL CREEK SUITE 144S, AUSTIN, TX 78757",,,,,,,31.3866145,-94.2059027
TX,SAN AUGUSTINE (TX),EAST TEXAS,HAYNESVILLE - TX,EAST TEXAS,RIVERA WARREN,EASTWOOD HOLDINGS,521/256,00091913,Memorandum of lease,2026-07-16,2026-08-17,2026-04-01,36,2029-04-01,1,,24,,,123.0,252,,,,,,,0,0,EASTWOOD HOLDINGS LLC,"NMCD NUMBER 66623 10 MCGREGOR RANGE ROAD, CHAPARRAL, NM 88081","P O BOX 6540, TYLER, TX 75711",,,,,,,31.4730177,-94.1072053
LA,CAMERON (LA),GULF COAST EAST,,,THE NORTH AMERICAN LAND COMAPNY,NEW HORIZONS O&G,NA/NA,363885,Memorandum of lease,2026-07-14,2026-08-31,2026-07-14,36,2029-07-14,0,,,,,20.0,,17,14,S,6,W,,0,0,NEW HORIZON OIL AND GAS LLC,"PO BOX 997, LAKE CHARLES, LA 70602","3415 N COTSWOLD MANOR DRIVE, KINGWOOD, TX 77339",,,,,9970,200,29.8296075,-93.0069329
TX,LEON (TX),GULF COAST CENTRAL,,,BROWN JOYCE ANN GAREY,SURPRISE VALLEY RESOURCES,NA/NA,00492937,Lease ratification,2026-08-31,2026-09-15,2023-01-06,,,0,,,,,67.069,222,,,,,,,0,0,SURPRISE VALLEY RESOURCES LLC,"1303 N JOHN STOCKBAUER DRIVE APARTMENT 235, VICTORIA, TX 77901",,,,,,,,31.2637201,-96.1519590
TX,LEE (TX),GULF COAST CENTRAL,EAGLEBINE,GIDDINGS,SNIDER LAUREN KOEHN,SAGE NATURAL RESOURCES,1411/853,2026-03156,Memorandum of lease,2026-07-09,2026-08-06,2026-06-24,36,2029-06-24,0,,,,,427.287,24,,,,,,,0,0,SAGE NATURAL RESOURCES LLC,"4706 SHOAL CREEK DRIVE, COLLEGE STATION, TX 77845","P O BOX 700724, TULSA, OK 74170",,,,,,,30.1339824,-96.8427427
TX,SAN AUGUSTINE (TX),EAST TEXAS,HAYNESVILLE - TX,EAST TEXAS,MARTIN ROBERT A,AETHON,582/208,00092028,Memorandum of lease,2026-07-09,2026-08-24,2026-07-02,36,2029-07-02,1,,24,,,0.4067,586,,,,,,,0,0,AETHON III HV LLC,"150 MARTIN STREET, LUMBERTON, TX 77657","12377 MERIT DRIVE SUITE 1200, DALLAS, TX 75251",,,,,,,31.2904118,-94.3139003
TX,LAVACA (TX),GULF COAST WEST,EAGLEFORD,EAGLE FORD DRY,DIOCESE OF VICTORIA,MODELO ENERGY,1089/150,273991,Memorandum of lease,2026-08-26,2026-08-27,2026-08-26,36,2029-08-26,0,,,,,2.0,48,,,,,,,0,0,MODELO ENERGY LLC,"P O BOX 4070, VICTORIA, TX 77903","4400 POST OAK PKWY SUITE 2360, HOUSTON, TX 77027",,,,,,,29.4360583,-97.0280382
TX,GRAYSON (TX),FORT WORTH,,,JONES SONJE,ATOKA ENERGY LLC,NA/NA,2026-23384,Memo of lease,2026-08-07,2026-09-10,2026-07-27,36,2029-07-27,1,,24,,,80.75,1513,,,,,,,0,0,ATOKA ENERGY LLC,"1329 TENNYSON STREET, DENVER, CO 80204","16200 ADDISON ROAD SUITE 110, DALLAS, TX 75001",,,,,,,33.7903958,-96.9394162
TX,GRAYSON (TX),FORT WORTH,,,JONES SONJE,ATOKA ENERGY LLC,NA/NA,2026-23384,Memo of lease,2026-08-07,2026-09-10,2026-07-27,36,2029-07-27,1,,24,,,80.75,1473,,,,,,,0,0,ATOKA ENERGY LLC,"1329 TENNYSON STREET, DENVER, CO 80204","16200 ADDISON ROAD SUITE 110, DALLAS, TX 75001",,,,,,,33.8050962,-96.9388161
TX,SAN AUGUSTINE (TX),EAST TEXAS,HAYNESVILLE - TX,EAST TEXAS,KING HENRY M JR,RCE A AUGUSTA LLC,580/350,00091788,Memorandum of lease,2026-07-06,2026-08-05,2026-07-01,36,2029-07-01,1,,24,,,15.6062,101,,,,,,,0,0,RCE A AUGUSTA LLC,"1132 COUNTY RD 123, SAN AUGUSTINE, TX 75972","700 MILAM STREET SUITE 2000, HOUSTON, TX 77002",,,,,,,31.5554205,-94.0632064
LA,BEAUREGARD (LA),GULF COAST EAST,TUSCALOOSA MARINE SHALE,,SMOKEY COVE LAND & CATTLE LLC,FONTAINEBLEAU OPERATING,1136/272,602948,Memorandum of lease,2026-07-27,2026-08-18,2026-07-27,36,2029-07-27,0,,,,,40.0,,27,5,S,10,W,,0,0,FONTAINEBLEAU OPERATING LLC,"5606 KAYLEIGH RIDGE LANE, IOWA, LA 70647","416 TRAVIS STREET SUITE 600, SHREVEPORT, LA 71101",,,,,,,30.5985247,-93.3757978
TX,SAN AUGUSTINE (TX),EAST TEXAS,HAYNESVILLE - TX,EAST TEXAS,GEORGE RANDALL WAYDE,AETHON,582/207,00092027,Memorandum of lease,2026-07-06,2026-08-24,2026-07-02,36,2029-07-02,1,,24,,,0.6305,586,,,,,,,0,0,AETHON III HV LLC,"589 COUNTY ROAD 145, LIBERTY, TX 77575","12377 MERIT DRIVE SUITE 1200, DALLAS, TX 75251",,,,,,,31.2904118,-94.3139003
TX,HOWARD (TX),MIDLAND,MIDLAND,,THE HARDY MORGAN TRUST UTA DATED JULY 12 2019,OAK POINT ENERGY,2375/94,2026-00005144,Memorandum of lease,2026-07-07,2026-09-11,2026-07-01,36,2029-07-01,1,,24,,,360.0,1292,,,,,,"Blk: 32 T1S, Sec: 44",0,0,OAK POINT ENERGY LLC,"4800 FAIRBANK LANE, FLOWER MOUND, TX 75028","PO BOX 672, MIDLAND, TX 79702",,,,,,,32.1419756,-101.4266000
TX,HARRISON (TX),EAST TEXAS,HAYNESVILLE - TX,EAST TEXAS - HAYNESVILLE NORTH,CRAIN DOUGLAS JAY,RFE ETX IV,NA/NA,2026-000010523,Memorandum of lease,2026-08-10,2026-09-03,2026-06-08,60,2031-06-08,1,,24,,,4.78,438,,,,,,,0,0,RFE ETX V LLC,"630 CADDO SR, BELCHER, LA 71004","3838 OAK LAWN AVENUE SUITE 1410, DALLAS, TX 75219",,,,,,,32.5107515,-94.6530923
TX,LEON (TX),GULF COAST CENTRAL,,,JD MINERALS,COMSTOCK O&G LOUISIANA,NA/NA,00492935,Lease ratification,2026-09-09,2026-09-15,2022-12-01,,,0,,,,,517.12,348,,,,,,,0,0,COMSTOCK OIL & GAS LLC,"3802 SATURN RD, CORPUS CHRISTI, TX 78413",,,,,,,,31.5149249,-95.9130616
TX,HARRISON (TX),EAST TEXAS,HAYNESVILLE - TX,EAST TEXAS - HAYNESVILLE NORTH,HARRIS MATTIE L CONWRIGHT,NETX ACQUISITIONS,NA/NA,2026-000010798,Memorandum of lease,2026-07-15,2026-09-11,2026-07-15,60,2031-07-15,0,,,,,50.0,383,,,,,,,0,0,NETX ACQUISITIONS LLC,"1604 70TH PLACE, LUBBOCK, TX 79412","4608 KINSEY DRIVE, TYLER, TX 75703",,,,,,,32.7495619,-94.6365952
TX,LEE (TX),GULF COAST CENTRAL,EAGLEBINE,GIDDINGS,SHAW LANETTE JOINER,SAGE NATURAL RESOURCES,1413/686,2026-03553,Memorandum of lease,2026-07-06,2026-08-28,2026-05-05,36,2029-05-05,1,,24,,,23.0,278,,,,,,,0,0,SAGE NATURAL RESOURCES LLC,"1054 PRIVATE ROAD 8018, GIDDINGS, TX 78942","P O BOX 700724, TULSA, OK 74170",,,,,,,30.2031848,-96.9506397
TX,OCHILTREE (TX),ANADARKO,GRANITE WASH,,GARDNER KAREN KAY,KING OPERATING,NA/NA,2026-1250,Memorandum of lease,2026-08-25,2026-09-11,2026-07-24,36,2029-07-24,0,,,,,640.0,380,,,,,,"Blk: 13, Sec: 45",0,0,KING OPERATING CORPORATION,"5700 SOUTHWEST 50TH AVENUE, AMARILLO, TX 79109","15301 DALLAS PARKWAY SUITE 900, ADDISON, TX 75001",,,,,,,36.2535660,-100.8645722
TX,NEWTON (TX),GULF COAST CENTRAL,,,HAWTHORNE HARVEY T,LUCAS RESOURCES LLC,834/20,183791,Lease,2026-07-27,2026-08-26,2026-07-27,36,2029-07-27,1,250,24,,0.1875,52.0,90,,,,,,,0,0,LUCAS RESOURCES LLC,"1240 RASPBERRY ROAD, JASPER, TX 75951","7026 OLD KATY RD SUITE 201, HOUSTON, TX 77024",,,,,,,30.9337040,-93.5822263
TX,HARRISON (TX),EAST TEXAS,HAYNESVILLE - TX,EAST TEXAS - HAYNESVILLE NORTH,MARANTO JEAN HAILEY,RFE ETX III,NA/NA,2026-000010703,Memorandum of lease,2026-07-10,2026-09-10,2026-06-22,36,2029-06-22,1,,24,,,40.0,9,,,,,,,0,0,RFE ETX III LLC,"P O BOX 16 563 FUZZY HARMON RD, WOODLAWN, TX 75694","3838 OAK LAWN AVENUE SUITE 1410, DALLAS, TX 75219",,,,,,,32.5417516,-94.4932991
TX,HARRISON (TX),EAST TEXAS,HAYNESVILLE - TX,EAST TEXAS - HAYNESVILLE NORTH,FRAZIER WINFRED LEMUEL,RFE ETX III,NA/NA,2026-000010721,Memorandum of lease,2026-07-07,2026-09-10,2026-07-07,36,2029-07-07,1,,24,,,34.546,18,,,,,,,0,0,RFE ETX III LLC,"118 WEST HIGHLAND DRIVE, BROOKHAVEN, MS 39601","3838 OAK LAWN AVENUE SUITE 1410, DALLAS, TX 75219",,,,,,,32.5370517,-94.5329975
LA,BIENVILLE (LA),ARKLA,HAYNESVILLE - LA,ARKLA - HAYNESVILLE,GIESSE NANCY,PETRO CHEM OPERATING,NA/NA,311808,Lease amendment,2026-07-15,2026-08-03,2024-09-05,,,0,,,,,80.0,,27,17,N,5,W,,0,0,PETRO CHEM OPERATING CO INC,,,,,,,,,32.4325767,-92.8707098
TX,SAN AUGUSTINE (TX),EAST TEXAS,HAYNESVILLE - TX,EAST TEXAS,COOPER LINDA RUTH,ADAMAS ENERGY LLC,583/293,00092232,Memorandum of lease,2026-08-05,2026-08-28,2026-07-23,36,2029-07-23,0,,,,,60.0,170,,,,,,,0,0,ADAMAS ENERGY LLC,"210 ADDICKS ALLEE 15, HEMPHILL, TX 75948","1111B S GOVERNORS AVENUE SUITE 40665, DOVER, DE 19904",,,,,,,31.3864142,-94.2881003
TX,NEWTON (TX),GULF COAST CENTRAL,,,SCOTT MARVIN R,LUCAS RESOURCES LLC,834/64,183798,Lease,2026-08-23,2026-08-26,2026-08-23,36,2029-08-23,1,250,24,,0.1875,64.0,90,,,,,,,0,0,LUCAS RESOURCES LLC,"336 GRAYBOW RD, DERIDDER, LA 70634","7026 OLD KATY RD SUITE 201, HOUSTON, TX 77024",,,,,,,30.9337040,-93.5822263
TX,LEE (TX),GULF COAST CENTRAL,EAGLEBINE,GIDDINGS,ZWERNEMANN JAMES BRIAN,SAGE NATURAL RESOURCES,1413/644,2026-03539,Memorandum of lease,2026-08-28,2026-08-28,2026-07-01,36,2029-07-01,1,,24,,,125.0,172,,,,,,,0,0,SAGE NATURAL RESOURCES LLC,"6435 DYLAN SPRINGS LN, KATY, TX 77450","P O BOX 700724, TULSA, OK 74170",,,,,,,30.3148882,-97.0008380
TX,LEE (TX),GULF COAST CENTRAL,EAGLEBINE,GIDDINGS,NUTTING ERIN KOHN,SAGE NATURAL RESOURCES,1411/871,2026-03162,Memorandum of lease,2026-07-06,2026-08-06,2026-06-24,36,2029-06-24,0,,,,,427.287,24,,,,,,,0,0,SAGE NATURAL RESOURCES LLC,"4979 FOSSIL BUTTE DR, COLORADO SPRINGS, CO 80923","P O BOX 700724, TULSA, OK 74170",,,,,,,30.1339824,-96.8427427
TX,LEE (TX),GULF COAST CENTRAL,EAGLEBINE,GIDDINGS,REDDIC SAMANTHA KELLEY,EOG RESOURCES,1412/289,2026-03273,Memorandum of lease,2026-07-14,2026-08-13,2026-07-06,48,2030-07-06,1,,24,,,26.679,16,,,,,,,0,0,EOG RESOURCES INC,"5510 HOHEN CIR, HOUSTON, TX 77091","PO BOX 592929, SAN ANTONIO, TX 78259-0196",,,,,,,30.2409860,-96.9713390
TX,SAN AUGUSTINE (TX),EAST TEXAS,HAYNESVILLE - TX,EAST TEXAS,MCDANIEL TYSON,APEX NATURAL GAS,582/672,00092170,Memorandum of lease,2026-07-20,2026-08-27,2026-07-20,36,2029-07-20,1,,24,,,42.4248,16,,,,,,,0,0,APEX NATURAL GAS LLC,"601 JOYCELANE, LUFKIN, TX 75901","1100 LOUISIANA SUITE 3800, HOUSTON, TX 77002",,,,,,,31.2433104,-94.2660017
TX,LOVING (TX),DELAWARE,DELAWARE,,GROHS DANIEL JOHN,MRC PERMIAN,NA/NA,2026-1660,Memorandum of lease,2026-07-08,2026-08-26,2026-07-08,36,2029-07-08,0,,,,,,190,,,,,,"Blk: 1, Sec: 71",0,0,MRC PERMIAN COMPANY,"1307 E BALBOA BLVD, NEWPORT BEACH, CA 92661","ONE LINCOLN CENTER 5400 LBJ FREEWAY SUITE 1500, DALLAS, TX 75240",,,,,,,31.6883706,-103.5705425
TX,SAN AUGUSTINE (TX),EAST TEXAS,HAYNESVILLE - TX,EAST TEXAS,CARTER TWILA,RCE A AUGUSTA LLC,580/617,00091836,Memorandum of lease,2026-07-14,2026-08-10,2026-04-01,36,2029-04-01,0,,,,,29.7164,252,,,,,,,0,0,RCE A AUGUSTA LLC,"1715 ARBOR FOREST TRAIL, KINGWOOD, TX 77345","700 MILAM STREET SUITE 2000, HOUSTON, TX 77002",,,,,,,31.4730177,-94.1072053
TX,SAN AUGUSTINE (TX),EAST TEXAS,HAYNESVILLE - TX,EAST TEXAS,GARRETT JOHN EDWARD IV,AETHON,582/169,00092000,Memorandum of lease,2026-07-30,2026-08-24,2026-07-17,36,2029-07-17,1,,24,,,54.0,101,,,,,,,0,0,AETHON UNITED BR LP,"7261 MOSSPOINT LANE, DENSHAM SPRINGS, LA 70706","12377 MERIT DRIVE SUITE 1200, DALLAS, TX 75251",,,,,,,31.5554205,-94.0632064
TX,LEE (TX),GULF COAST CENTRAL,EAGLEBINE,GIDDINGS,HODGE DEBRA,SAGE NATURAL RESOURCES,1412/117,2026-03247,Memorandum of lease,2026-07-31,2026-08-11,2026-07-31,36,2029-07-31,1,,24,,,9.0,49,,,,,,,0,0,SAGE NATURAL RESOURCES LLC,"6711 MAPLE LAKE STREET, SAN ANTONIO, TX 78244","PO BOX 700724, OKLAHOMA CITY, OK 74170-9904",,,,,,,30.3708900,-96.9293399
TX,LOVING (TX),DELAWARE,DELAWARE,,MAC FARLAN STRAUGHN MADDEN EXEMPT TRUST,WPX ENERGY,NA/NA,2026-1452,Lease amendment,2026-07-30,2026-08-03,2016-10-11,36,2019-10-11,0,,,,,5280.0,1403,,,,,,"Blk: 75, Sec: 2",0,0,WPX ENERGY PERMIAN LLC,"P O BOX 190305, DALLAS, TX 75219","333 W SHERIDAN AVENUE, OKLAHOMA CITY, OK 73102",,,,,,,31.9276723,-103.3285451
TX,HUNT (TX),EAST TEXAS,,,BT GATEWAY DATA CENTER LLC,GIGA AFM LLC,NA/NA,2026-17281,Memorandum of lease,2026-08-24,2026-09-10,2026-08-24,,,0,,,,,30.217,185,,,,,,,0,0,GIGA AFM LLC,"GIGA ENERGY INC 35529 US HIGHWAY 96 S, BUNA, TX 77612","GIGA ENERGY INC 35529 US HIGHWAY 96 S, BUNA, TX 77612",,,,,,,33.0181811,-96.2828424
TX,TERRY (TX),MIDLAND,MIDLAND,,APPERSON MARK,CAJ OIL,NA/NA,2026-296260,Memorandum of lease,2026-07-16,2026-08-13,2026-07-01,36,2029-07-01,1,,24,,,,1118,,,,,,"Blk: D14, Sec: 36",0,0,CAJ OIL LLC,"PO BOX 790, ALAMOGORDO, NM 88311","PO BOX 8146, MIDLAND, TX 79708",,,,,,,33.2195037,-102.5285253
LA,CADDO (LA),ARKLA,HAYNESVILLE - LA,ARKLA - HAYNESVILLE,COURTNEY DICKIE C SIKES,APEX NATURAL GAS,NA/NA,3055693,Memorandum of lease,2026-07-09,2026-07-16,2026-07-09,36,2029-07-09,1,,24,,,0.1097,,34,17,N,13,W,,0,0,APEX NATURAL GAS LLC,"168 POMEROY DRIVE, SHREVEPORT, LA 71115","1100 LOUISIANA STREET SUITE 3800, HOUSTON, TX 77002",,,,,,,32.4210137,-93.6868428
LA,CADDO (LA),ARKLA,HAYNESVILLE - LA,ARKLA - HAYNESVILLE,COURTNEY DICKIE C SIKES,APEX NATURAL GAS,NA/NA,3055693,Memorandum of lease,2026-07-09,2026-07-16,2026-07-09,36,2029-07-09,1,,24,,,0.1097,,37,17,N,13,W,,0,0,APEX NATURAL GAS LLC,"168 POMEROY DRIVE, SHREVEPORT, LA 71115","1100 LOUISIANA STREET SUITE 3800, HOUSTON, TX 77002",,,,,,,32.4356167,-93.7045093
TX,MIDLAND (TX),MIDLAND,MIDLAND,,GEORGANNE HURT LLC,MIDCONTINENT O&G,NA/NA,2026-28512,Memorandum of lease,2026-08-14,2026-09-08,2026-08-14,36,2029-08-14,1,,24,,,0.447,686,,,,,,"Blk: 39 T1S, Sec: 28",0,0,MIDCONTINENT OIL & GAS LLC,"P O BOX 8822, MIDLAND, TX 79708","6608 NORTH WESTERN AVENUE NO 185, OKLAHOMA CITY, OK 73116",,,,,,,32.0005770,-102.1095844
TX,MIDLAND (TX),MIDLAND,MIDLAND,,GEORGANNE HURT LLC,MIDCONTINENT O&G,NA/NA,2026-28512,Memorandum of lease,2026-08-14,2026-09-08,2026-08-14,36,2029-08-14,1,,24,,,0.447,693,,,,,,"Blk: 39 T1S, Sec: 16",0,0,MIDCONTINENT OIL & GAS LLC,"P O BOX 8822, MIDLAND, TX 79708","6608 NORTH WESTERN AVENUE NO 185, OKLAHOMA CITY, OK 73116",,,,,,,32.0285780,-102.1185835
TX,RUSK (TX),EAST TEXAS,HAYNESVILLE - TX,EAST TEXAS - HAYNESVILLE NORTH,BUCKNER BRENDA,BUCKHORN ETX,NA/NA,2026-275617,Lease ratification,2026-09-02,2026-09-10,2025-11-14,,,0,,,,,48.62,377,,,,,,,0,0,BUCKHORN ETX LLC,"5642 YARWELL DR, HOUSTON, TX 77096","120 ST LOUIS AVENUE SUITE 132, FORT WORTH, TX 76104",,,,,,,32.1125376,-94.6111928
TX,RUSK (TX),EAST TEXAS,HAYNESVILLE - TX,EAST TEXAS - HAYNESVILLE NORTH,BUCKNER BRENDA,BUCKHORN ETX,NA/NA,2026-275617,Lease ratification,2026-09-02,2026-09-10,2025-11-14,,,0,,,,,48.62,93,,,,,,,0,0,BUCKHORN ETX LLC,"5642 YARWELL DR, HOUSTON, TX 77096","120 ST LOUIS AVENUE SUITE 132, FORT WORTH, TX 76104",,,,,,,32.0989371,-94.6099928
LA,NATCHITOCHES (LA),ARKLA,,,THE WILLIAM AND DEBRA MCCAIN TRUST DATED MAY 3 1994,PEO HAYNESVILLE HOLDCO,352/224,0469996,Memorandum of lease,2026-07-23,2026-08-03,2026-06-12,36,2029-06-12,1,,36,,,25.8,,17,13,N,7,W,,0,0,PEO HAYNESVILLE HOLDCO II LLC,"5073 SANTORINI WAY, OCEANSIDE, CA 92056","16400 DALLAS PARKWAY SUITE 400, DALLAS, TX 75248",,,,,,,32.1116996,-93.1089176
LA,NATCHITOCHES (LA),ARKLA,,,JONES BRODERICK,PRESTIGE EXPL,352/289,470212,Memorandum of lease,2026-08-06,2026-08-10,2026-07-22,36,2029-07-22,1,,36,,,80.0,,15,9,N,8,W,,0,0,PRESTIGE EXPLORATION INC,"8351 LEAWOOD BOULEVARD, HOUSTON, TX 77072","P O BOX 80883, LAFAYETTE, LA 70598",,,,,,,31.7641334,-93.1781696
TX,LEON (TX),GULF COAST CENTRAL,,,GRUNEWALD GARY,COMSTOCK O&G LOUISIANA,NA/NA,00492879,Memorandum of lease,2026-07-08,2026-09-14,2026-07-08,36,2029-07-08,1,,24,,,463.977,1033,,,,,,,0,0,COMSTOCK OIL & GAS LLC,"4501 AINSWORTH CIRCLE, GRAPEVINE, TX 76051","5300 TOWN AND COUNTRY BOULEVARD SUITE 500, FRISCO, TX 75034",,,,,,,31.3985222,-95.9090633
TX,LEON (TX),GULF COAST CENTRAL,,,GRUNEWALD GARY,COMSTOCK O&G LOUISIANA,NA/NA,00492879,Memorandum of lease,2026-07-08,2026-09-14,2026-07-08,36,2029-07-08,1,,24,,,463.977,750,,,,,,,0,0,COMSTOCK OIL & GAS LLC,"4501 AINSWORTH CIRCLE, GRAPEVINE, TX 76051","5300 TOWN AND COUNTRY BOULEVARD SUITE 500, FRISCO, TX 75034",,,,,,,31.3993225,-95.9565620
TX,LEON (TX),GULF COAST CENTRAL,,,GRUNEWALD GARY,COMSTOCK O&G LOUISIANA,NA/NA,00492879,Memorandum of lease,2026-07-08,2026-09-14,2026-07-08,36,2029-07-08,1,,24,,,463.977,374,,,,,,,0,0,COMSTOCK OIL & GAS LLC,"4501 AINSWORTH CIRCLE, GRAPEVINE, TX 76051","5300 TOWN AND COUNTRY BOULEVARD SUITE 500, FRISCO, TX 75034",,,,,,,31.4067226,-95.9380624
TX,LEON (TX),GULF COAST CENTRAL,,,GRUNEWALD GARY,COMSTOCK O&G LOUISIANA,NA/NA,00492879,Memorandum of lease,2026-07-08,2026-09-14,2026-07-08,36,2029-07-08,1,,24,,,463.977,271,,,,,,,0,0,COMSTOCK OIL & GAS LLC,"4501 AINSWORTH CIRCLE, GRAPEVINE, TX 76051","5300 TOWN AND COUNTRY BOULEVARD SUITE 500, FRISCO, TX 75034",,,,,,,31.3765221,-95.9887615
TX,LEON (TX),GULF COAST CENTRAL,,,GRUNEWALD GARY,COMSTOCK O&G LOUISIANA,NA/NA,00492879,Memorandum of lease,2026-07-08,2026-09-14,2026-07-08,36,2029-07-08,1,,24,,,463.977,867,,,,,,,0,0,COMSTOCK OIL & GAS LLC,"4501 AINSWORTH CIRCLE, GRAPEVINE, TX 76051","5300 TOWN AND COUNTRY BOULEVARD SUITE 500, FRISCO, TX 75034",,,,,,,31.3912224,-95.9655619
TX,LEON (TX),GULF COAST CENTRAL,,,GRUNEWALD GARY,COMSTOCK O&G LOUISIANA,NA/NA,00492879,Memorandum of lease,2026-07-08,2026-09-14,2026-07-08,36,2029-07-08,1,,24,,,463.977,1187,,,,,,,0,0,COMSTOCK OIL & GAS LLC,"4501 AINSWORTH CIRCLE, GRAPEVINE, TX 76051","5300 TOWN AND COUNTRY BOULEVARD SUITE 500, FRISCO, TX 75034",,,,,,,31.3976225,-95.9677617
TX,LEON (TX),GULF COAST CENTRAL,,,LANIER FAMILY PARTNERSHIP,COMSTOCK O&G LOUISIANA,NA/NA,00492835,Memorandum of lease,2026-08-25,2026-09-14,2026-08-25,36,2029-08-25,0,,,,,92.811,212,,,,,,,0,0,COMSTOCK OIL & GAS LLC,"P O BOX 611, LLANO, TX 78643","5300 TOWN AND COUNTRY BOULEVARD SUITE 500, FRISCO, TX 75034",,,,,,,31.3939223,-95.9486623
TX,LEON (TX),GULF COAST CENTRAL,,,LATHROP LONICE,COMSTOCK O&G LOUISIANA,NA/NA,00492876,Memorandum of lease,2026-07-31,2026-09-14,2026-07-31,36,2029-07-31,1,,24,,,135.81,137,,,,,,,0,0,COMSTOCK OIL & GAS LLC,"442 COUNTY ROAD 1845, GRAPELAND, TX 75844","5300 TOWN AND COUNTRY BOULEVARD SUITE 500, FRISCO, TX 75034",,,,,,,31.4148227,-95.9241627
TX,LEON (TX),GULF COAST CENTRAL,,,LDG LLC,COMSTOCK O&G LOUISIANA,NA/NA,00492836,Memorandum of lease,2026-08-25,2026-09-14,2026-08-25,36,2029-08-25,0,,,,,92.811,212,,,,,,,0,0,COMSTOCK OIL & GAS LLC,"8531 FLYING B WAY NUMBER 3501, HIGHLANDS RANCH, CO 80129","5300 TOWN AND COUNTRY BOULEVARD SUITE 500, FRISCO, TX 75034",,,,,,,31.3939223,-95.9486623
TX,LEON (TX),GULF COAST CENTRAL,,,GONZALES PAULA D,COMSTOCK O&G LOUISIANA,NA/NA,00492860,Memorandum of lease,2026-07-24,2026-09-14,2026-07-24,60,2031-07-24,0,,,,,108.8254,560,,,,,,,0,0,COMSTOCK OIL & GAS LLC,"106 RED BUD STREET, JEWETT, TX 75846","5300 TOWN AND COUNTRY BOULEVARD SUITE 500, FRISCO, TX 75034",,,,,,,31.4275232,-95.9630614
TX,LEON (TX),GULF COAST CENTRAL,,,SHEPARD CYNTHIA HIGGINS,COMSTOCK O&G LOUISIANA,NA/NA,00492867,Memorandum of lease,2026-07-13,2026-09-14,2026-07-13,60,2031-07-13,0,,,,,115.0,222,,,,,,,0,0,COMSTOCK OIL & GAS LLC,"1404 TIPPLER DRIVE, ARLINGTON, TX 76002","5300 TOWN AND COUNTRY BOULEVARD SUITE 500, FRISCO, TX 75034",,,,,,,31.2637201,-96.1519590
TX,LEON (TX),GULF COAST CENTRAL,,,DUCKETT MICHAEL LANIER,COMSTOCK O&G LOUISIANA,NA/NA,00492837,Memorandum of lease,2026-08-25,2026-09-14,2026-08-25,36,2029-08-25,0,,,,,92.881,212,,,,,,,0,0,COMSTOCK OIL & GAS LLC,"3200 TRANQUILITY DR, TEXAS CITY, TX 77590","5300 TOWN AND COUNTRY BOULEVARD SUITE 500, FRISCO, TX 75034",,,,,,,31.3939223,-95.9486623
TX,LEON (TX),GULF COAST CENTRAL,,,PAUL JANICE ELAINE,EXPAND ENERGY,NA/NA,00492942,Memorandum of lease,2026-07-24,2026-09-15,2026-07-24,36,2029-07-24,1,,36,,,171.98,483,,,,,,,0,0,EXPAND EXPLORATION LLC,"8327 W TIDWELL RD NUMBER 1718, HOUSTON, TX 77040","6000 N CLASSEN BLVD, OKLAHOMA CITY, OK 73118",,,,,,,31.5082237,-95.7577659
TX,LEON (TX),GULF COAST CENTRAL,,,WINKLER SUSAN,BULL RUN RESOURCES,NA/NA,00492900,Memorandum of lease,2026-08-28,2026-09-15,2026-08-28,60,2031-08-28,1,,24,,,166.0,30,,,,,,,0,0,BULL RUN RESOURCES LLC,"1028 WINDMILL ROAD, DRIPPING SPRINGS, TX 78620","P O BOX 1097, NEWARK, TX 76071",,,,,,,31.0787152,-96.1982610
TX,LEON (TX),GULF COAST CENTRAL,,,KEHLMEIER MAX EDWARD,COMSTOCK O&G LOUISIANA,NA/NA,00492877,Memorandum of lease,2026-07-31,2026-09-14,2026-07-31,60,2031-07-31,0,,,,,345.29,500,,,,,,,0,0,COMSTOCK OIL & GAS LLC,"1002 PAULINE AVENUE, PASADENA, TX 77502","5300 TOWN AND COUNTRY BOULEVARD SUITE 500, FRISCO, TX 75034",,,,,,,31.4173228,-95.9346624
TX,LEON (TX),GULF COAST CENTRAL,,,KEHLMEIER MAX EDWARD,COMSTOCK O&G LOUISIANA,NA/NA,00492877,Memorandum of lease,2026-07-31,2026-09-14,2026-07-31,60,2031-07-31,0,,,,,345.29,53,,,,,,,0,0,COMSTOCK OIL & GAS LLC,"1002 PAULINE AVENUE, PASADENA, TX 77502","5300 TOWN AND COUNTRY BOULEVARD SUITE 500, FRISCO, TX 75034",,,,,,,31.4599236,-95.9158622
TX,LEON (TX),GULF COAST CENTRAL,,,KEHLMEIER MAX EDWARD,COMSTOCK O&G LOUISIANA,NA/NA,00492877,Memorandum of lease,2026-07-31,2026-09-14,2026-07-31,60,2031-07-31,0,,,,,345.29,372,,,,,,,0,0,COMSTOCK OIL & GAS LLC,"1002 PAULINE AVENUE, PASADENA, TX 77502","5300 TOWN AND COUNTRY BOULEVARD SUITE 500, FRISCO, TX 75034",,,,,,,31.4083227,-95.9512620
TX,LEON (TX),GULF COAST CENTRAL,,,MOOS NELL,MITSUI E&P,NA/NA,00492826,Memorandum of lease,2026-08-06,2026-09-14,2026-07-29,36,2029-07-29,1,,24,,,617.4,160,,,,,,,0,0,MITSUI E&P USA LLC,"1401 VZ CR 2704, MABANK, TX 75147","1300 POST OAK BLVD SUITE 1800, HOUSTON, TX 77056",,,,,,,31.5256249,-95.8748625
TX,LEON (TX),GULF COAST CENTRAL,,,MOOS NELL,MITSUI E&P,NA/NA,00492826,Memorandum of lease,2026-08-06,2026-09-14,2026-07-29,36,2029-07-29,1,,24,,,617.4,782,,,,,,,0,0,MITSUI E&P USA LLC,"1401 VZ CR 2704, MABANK, TX 75147","1300 POST OAK BLVD SUITE 1800, HOUSTON, TX 77056",,,,,,,31.5471254,-95.8764623
TX,LEON (TX),GULF COAST CENTRAL,,,MOOS NELL,MITSUI E&P,NA/NA,00492826,Memorandum of lease,2026-08-06,2026-09-14,2026-07-29,36,2029-07-29,1,,24,,,617.4,484,,,,,,,0,0,MITSUI E&P USA LLC,"1401 VZ CR 2704, MABANK, TX 75147","1300 POST OAK BLVD SUITE 1800, HOUSTON, TX 77056",,,,,,,31.5303249,-95.8556630
TX,LEON (TX),GULF COAST CENTRAL,,,HAYES BOBBY DELL,COMSTOCK O&G LOUISIANA,NA/NA,00492870,Memorandum of lease,2026-07-31,2026-09-14,2026-07-31,60,2031-07-31,0,,,,,345.29,500,,,,,,,0,0,COMSTOCK OIL & GAS LLC,"4706 PECAN GROVE DRIVE, PEARLAND, TX 77584","5300 TOWN AND COUNTRY BOULEVARD SUITE 500, FRISCO, TX 75034",,,,,,,31.4173228,-95.9346624
TX,LEON (TX),GULF COAST CENTRAL,,,HAYES BOBBY DELL,COMSTOCK O&G LOUISIANA,NA/NA,00492870,Memorandum of lease,2026-07-31,2026-09-14,2026-07-31,60,2031-07-31,0,,,,,345.29,53,,,,,,,0,0,COMSTOCK OIL & GAS LLC,"4706 PECAN GROVE DRIVE, PEARLAND, TX 77584","5300 TOWN AND COUNTRY BOULEVARD SUITE 500, FRISCO, TX 75034",,,,,,,31.4599236,-95.9158622
TX,LEON (TX),GULF COAST CENTRAL,,,HAYES BOBBY DELL,COMSTOCK O&G LOUISIANA,NA/NA,00492870,Memorandum of lease,2026-07-31,2026-09-14,2026-07-31,60,2031-07-31,0,,,,,345.29,372,,,,,,,0,0,COMSTOCK OIL & GAS LLC,"4706 PECAN GROVE DRIVE, PEARLAND, TX 77584","5300 TOWN AND COUNTRY BOULEVARD SUITE 500, FRISCO, TX 75034",,,,,,,31.4083227,-95.9512620
TX,LEON (TX),GULF COAST CENTRAL,,,WATSON JOSEPH DUNCAN JR,COMSTOCK O&G LOUISIANA,NA/NA,00492871,Memorandum of lease,2026-07-06,2026-09-14,2026-07-06,60,2031-07-06,0,,,,,72.72,750,,,,,,,0,0,COMSTOCK OIL & GAS LLC,"12671 ANMAR DRIVE, CLEVELAND, TX 77238","5300 TOWN AND COUNTRY BOULEVARD SUITE 500, FRISCO, TX 75034",,,,,,,31.3993225,-95.9565620
TX,LEON (TX),GULF COAST CENTRAL,,,PANZER LEROY EDWARD JR,BULL RUN RESOURCES,NA/NA,00492893,Memorandum of lease,2026-08-25,2026-09-14,2026-08-25,60,2031-08-25,1,,36,,,20.415,21,,,,,,,0,0,BULL RUN RESOURCES LLC,"195 FM 2628 ROAD, HUNTSVILLE, TX 77320","P O BOX 1097, NEWARK, TX 76071",,,,,,,31.0503141,-96.1134636
TX,LEON (TX),GULF COAST CENTRAL,,,CULAK GLYNDA LANIER,COMSTOCK O&G LOUISIANA,NA/NA,00492833,Memorandum of lease,2026-08-25,2026-09-14,2026-08-25,36,2029-08-25,0,,,,,92.811,212,,,,,,,0,0,COMSTOCK OIL & GAS LLC,"614 MCDANIEL DRIVE, MAGNOLIA, TX 77354","5300 TOWN AND CONTRY BOULEVARD SUITE 500, FRISCO, TX 75034",,,,,,,31.3939223,-95.9486623
TX,WARD (TX),DELAWARE,DELAWARE,,EN GEO INC,COLBURN OIL,NA/NA,2026-3332,Memorandum of lease,2026-07-29,2026-08-24,2026-07-29,36,2029-07-29,0,,,,,320.0,270,,,,,,"Blk: 34, Sec: 189",0,0,COLBURN OIL LP,"1316 RUSK DR, RICHARDSON, TX 75081","P O BOX 2524, MIDLAND, TX 79702",MEWBOURNE OIL COMPANY,2026-08-01,100,,,,31.5245673,-103.3515529
TX,HARRISON (TX),EAST TEXAS,HAYNESVILLE - TX,EAST TEXAS - HAYNESVILLE NORTH,ONEY RICKY D,RFE ETX III,NA/NA,2026-000010700,Lease amendment,2026-07-07,2026-09-10,2023-08-10,72,2029-08-10,0,,,,,,,,,,,,,0,0,RFE ETX III LLC,,"3838 OAK LAWN AVENUE SUITE 1410, DALLAS, TX 75219",,,,,,,,
TX,OCHILTREE (TX),ANADARKO,GRANITE WASH,,HALE CHARLOTTE,KING OPERATING,NA/NA,2026-1252,Memorandum of lease,2026-09-11,2026-09-11,2026-09-11,36,2029-09-11,0,,,,,160.0,,,,,,,,0,0,KING OPERATING CORPORATION,"P O BOX 548, PERRYTON, TX 79070","15301 DALLAS PARKWAY SUITE 900, ADDISON, TX 75001",,,,,,,,
TX,HARRISON (TX),EAST TEXAS,HAYNESVILLE - TX,EAST TEXAS - HAYNESVILLE NORTH,ONEY JAMES A JR,RFE ETX III,NA/NA,2026-000010701,Lease amendment,2026-07-07,2026-09-10,2023-08-10,72,2029-08-10,0,,,,,,,,,,,,,0,0,RFE ETX III LLC,,"3838 OAK LAWN AVENUE SUITE 1410, DALLAS, TX 75219",,,,,,,,
TX,WICHITA (TX),FORT WORTH,,,WINZELER JAMES WILLIAM,KODIAK O&G,NA/NA,202611822,Memorandum of lease,2026-07-20,2026-08-12,2026-07-10,36,2029-07-10,0,,,,,,,,,,,,,0,0,KODIAK OIL & GAS INC,"10718 OLYMPIA DRIVE, HOUSTON, TX 77042","204 N WALNUT STREET, MUENSTER, TX 76252",,,,,,,,
TX,LOVING (TX),DELAWARE,DELAWARE,,SMITH HEATHER V,BELLOMY GROUP,NA/NA,2026-1621,Lease,2026-07-23,2026-08-24,2026-07-23,36,2029-07-23,0,,,,0.25,418.0,,,,,,,,0,0,BELLOMY EXPLORATION LLC,"777 WHITE SANDS DR, LUSBY, MD 20657","4415 W LOVERS LANE, DALLAS, TX 75209",,,,,,,,
TX,SAN AUGUSTINE (TX),EAST TEXAS,HAYNESVILLE - TX,EAST TEXAS,RAVECH KELLIE PATE,ETX LAND ACQUISITIONS,580/92,00091737,Lease amendment,2026-07-16,2026-08-03,2024-01-12,,,0,,,,,,,,,,,,,0,0,ETX LAND ACQUISITIONS LLC,,,,,,,,,,
TX,PECOS (TX),DELAWARE,DELAWARE,,CALHOUN ANN RICHARDSON PETERS DECEASED,STATE OF LOUISIANA,NA/NA,2026-194789,,2026-09-04,2026-09-04,,,,0,,,,,,,,,,,,,0,0,STATE OF LOUISIANA,,,,,,,,,,
TX,SAN AUGUSTINE (TX),EAST TEXAS,HAYNESVILLE - TX,EAST TEXAS,PATE JAMES D DOUGLAS JR,NETX ACQUISITIONS,580/96,00091739,Lease amendment,2026-07-07,2026-08-03,2024-01-12,,,0,,,,,80.0,,,,,,,,0,0,ETX ACQUISITIONS LLC,,,,,,,,,,
TX,HOWARD (TX),MIDLAND,MIDLAND,,WHITE ANDREW JOSEPH,OAK POINT ENERGY,2375/70,2026-00005138,Memorandum of lease,2026-07-28,2026-09-11,2026-07-01,36,2029-07-01,1,,24,,,360.0,,,,,,,,0,0,OAK POINT ENERGY LLC,"24 GLENWOOD AVENUE UNIT 6, WALPOLE, MA 02081","PO BOX 672, MIDLAND, TX 79702",,,,,,,,
TX,LEE (TX),GULF COAST CENTRAL,EAGLEBINE,GIDDINGS,VEGA MARY ALICE,SAGE NATURAL RESOURCES,1412/33,2026-03228,Lease extension,2026-07-24,2026-08-10,2026-07-20,24,2028-07-20,0,,,,,,,,,,,,,0,0,SAGE NATURAL RESOURCES LLC,,"6100 SOUTH YALE AVENUE SUITE 900, TULSA, OK 74136",,,,,,,,
TX,DIMMIT (TX),GULF COAST WEST,EAGLEFORD,BRISCOE RANCH,CMWW PARTNERS LTD,ROSEWOOD RESOURCES,778/356,68866,Lease ratification,2026-07-21,2026-09-15,2023-11-14,,,0,,,,,610.0,,,,,,,,0,0,ROSEWOOD RESOURCES INC,,"2101 CEDAR SPRINGS RD STE 1500, DALLAS, TX 75201",,,,,,,,
TX,CLAY (TX),FORT WORTH,BARNETT,BARNETT OIL WINDOW,ROBERTSON CLAY,PERIDOT,270/49,39029,Memorandum of lease,2026-07-11,2026-09-15,2026-07-11,12,2027-07-11,0,,,,,96.5,,,,,,,,0,0,PERIDOT CORPORATION,"313 W GARRISON AVENUE, ELECTRA, TX 76360",,,,,,,,,
TX,DIMMIT (TX),GULF COAST WEST,EAGLEFORD,BRISCOE RANCH,BTH INTERESTS LLC,ROSEWOOD RESOURCES,778/358,68867,Lease ratification,2026-07-30,2026-09-15,2023-11-14,,,0,,,,,610.0,,,,,,,,0,0,ROSEWOOD RESOURCES INC,,"2101 CEDAR SPRINGS RD STE 1500, DALLAS, TX 75201",,,,,,,,
TX,SAN AUGUSTINE (TX),EAST TEXAS,HAYNESVILLE - TX,EAST TEXAS,DUNCAN NANCY JANE WOOD PATE,ETX LAND ACQUISITIONS,NA/NA,00091738,Lease amendment,2026-07-16,2026-08-03,2024-01-12,,,0,,,,,,,,,,,,,0,0,ETX LAND ACQUISITIONS LLC,,,,,,,,,,
TX,MIDLAND (TX),MIDLAND,MIDLAND,,ROGERS KEITH,MIDCONTINENT O&G,NA/NA,2026-29288,Memorandum of lease,2026-08-26,2026-09-15,2026-08-25,36,2029-08-25,1,,24,,,0.243,,,,,,,,0,0,MIDCONTINENT OIL & GAS LLC,"1904 SPARKS STREET, MIDLAND, TX 79705","6608 NORTH WESTERN AVENUE NO 185, OKLAHOMA CITY, OK 73116",,,,,,,,
TX,MIDLAND (TX),MIDLAND,MIDLAND,,ROBERT FILIPPI AND SHERYL L FILIPPI REVOCABLE LIVING TRUST,ADMIRAL MIDLAND LLC,NA/NA,2026-29549,Memorandum of lease,2026-09-10,2026-09-17,2026-09-01,36,2029-09-01,1,,24,,,,,,,,,,,0,0,ADMIRAL MIDLAND LLC,"P O BOX 790, HANA, HI 69713","200 N LORAINE STE 800, MIDLAND, TX 79701",,,,,,,,
TX,LEON (TX),GULF COAST CENTRAL,,,COOK TERRY J,COMSTOCK O&G LOUISIANA,NA/NA,00493068,Lease extension,2026-08-12,2026-09-17,2026-08-12,36,2029-08-12,0,,,,,776.108,,,,,,,,0,0,COMSTOCK OIL & GAS LLC,,"5300 TOWN & COUNTRY BLVD SUITE 500, FRISCO, TX 75034",,,,,,,,
TX,MIDLAND (TX),MIDLAND,MIDLAND,,FIELDS SAMMY JR,MIDCONTINENT O&G,NA/NA,2026-29449,Memorandum of lease,2026-09-14,2026-09-16,2026-10-01,36,2029-10-01,1,,24,,,,,,,,,,,0,0,MIDCONTINENT OIL & GAS LLC,"3402 NORTHFIELD DRIVE, MIDLAND, TX 79707","6608 NORTH WESTERN AVENUE NO 185, OKLAHOMA CITY, OK 73116",,,,,,,,
TX,MIDLAND (TX),MIDLAND,MIDLAND,,BROWN WILLIAM JUAN,ADMIRAL MIDLAND LLC,NA/NA,2026-29157,Memorandum of lease,2026-09-09,2026-09-14,2026-09-01,36,2029-09-01,1,,24,,,,,,,,,,,0,0,ADMIRAL MIDLAND LLC,"3620 SINCLAIR AVE, MIDLAND, TX 79707","200 N LORAINE STE 800, MIDLAND, TX 79701",,,,,,,,
TX,MIDLAND (TX),MIDLAND,MIDLAND,,LEE BRIAN,MIDCONTINENT O&G,NA/NA,2026-29458,Memorandum of lease,2026-09-14,2026-09-16,2026-10-01,60,2031-10-01,1,,24,,,0.203,,,,,,,,0,0,MIDCONTINENT OIL & GAS LLC,"3206 STUTZ DRIVE, MIDLAND, TX 79705","6608 NORTH WESTERN AVENUE NO 185, OKLAHOMA CITY, OK 73116",,,,,,,,
TX,MIDLAND (TX),MIDLAND,MIDLAND,,KERLEY MICHAEL YOUNG,ADMIRAL MIDLAND LLC,NA/NA,2026-29155,Memorandum of lease,2026-08-26,2026-09-14,2026-08-01,36,2029-08-01,1,,24,,,,,,,,,,,0,0,ADMIRAL MIDLAND LLC,"6106 FRIO DR, MIDLAND, TX 79707","200 N LORAINE STE 800, MIDLAND, TX 79701",,,,,,,,
TX,MIDLAND (TX),MIDLAND,MIDLAND,,RODRIGUEZ BRITNEE,MIDCONTINENT O&G,NA/NA,2026-29272,Memorandum of lease,2026-09-03,2026-09-15,2026-09-01,36,2029-09-01,1,,24,,,0.246,,,,,,,,0,0,MIDCONTINENT OIL & GAS LLC,"15 STUTZ COURT, MIDLAND, TX 79705","6608 NORTH WESTERN AVENUE NO 185, OKLAHOMA CITY, OK 73116",,,,,,,,
TX,MIDLAND (TX),MIDLAND,MIDLAND,,BRASUELL NICOLE,MIDCONTINENT O&G,NA/NA,2026-29098,Memorandum of lease,2026-08-18,2026-09-14,2026-08-14,36,2029-08-14,1,,24,,,0.275,,,,,,,,0,0,MIDCONTINENT OIL & GAS LLC,"2412 WEST GOLF COURSE ROAD, MIDLAND, TX 79701","6608 NORTH WESTERN AVENUE NO 185, OKLAHOMA CITY, OK 73116",,,,,,,,
TX,MIDLAND (TX),MIDLAND,MIDLAND,,FAULKNER DIANA M,DYNAMIC PROD,NA/NA,2026-29483,Memorandum of lease,2026-09-08,2026-09-16,2026-08-11,36,2029-08-11,1,,36,,,0.247,,,,,,,,0,0,DYNAMIC PRODUCTION INC,"2604 FANNIN AVENUE, MIDLAND, TX 79705","2630 WEST FREEWAY STE 101, FORT WORTH, TX 76102",,,,,,,,
TX,LEON (TX),GULF COAST CENTRAL,,,GRAYSON GEORGE H,COMSTOCK O&G LOUISIANA,NA/NA,00493067,Lease extension,2026-07-22,2026-09-17,2026-07-21,36,2029-07-21,0,,,,,,,,,,,,,0,0,COMSTOCK OIL & GAS LLC,,"5300 TOWN & COUNTRY BLVD SUITE 500, FRISCO, TX 75034",,,,,,,,
TX,MIDLAND (TX),MIDLAND,MIDLAND,,RUTHERFORD HALEY MAE,MIDCONTINENT O&G,NA/NA,2026-29239,Memorandum of lease,2026-09-08,2026-09-14,2026-09-02,36,2029-09-02,1,,24,,,0.256,,,,,,,,0,0,MIDCONTINENT OIL & GAS LLC,"2313 SEABOARD AVENUE, MIDLAND, TX 79705","6608 NORTH AVENUE NO 185, OKLAHOMA CITY, OK 73116",,,,,,,,
TX,MIDLAND (TX),MIDLAND,MIDLAND,,CONDER CURTIS WILLIAM,MIDCONTINENT O&G,NA/NA,2026-29662,Memorandum of lease,2026-09-16,2026-09-17,2026-07-24,36,2029-07-24,0,,,,,,,,,,,,,0,0,MIDCONTINENT OIL & GAS LLC,"PO BOX 569, JUNCTION, TX 76849","6608 NORTH AVENUE NO 185, OKLAHOMA CITY, OK 73116",,,,,,,,
TX,MIDLAND (TX),MIDLAND,MIDLAND,,MARLER JUSTIN,MIDCONTINENT O&G,NA/NA,2026-29459,Memorandum of lease,2026-09-11,2026-09-16,2026-10-01,36,2029-10-01,1,,24,,,0.223,,,,,,,,0,0,MIDCONTINENT OIL & GAS LLC,"1405 DELMAR STREET, MIDLAND, TX 79703","6608 NORTH WESTERN AVENUE NO 185, OKLAHOMA CITY, OK 73116",,,,,,,,
TX,MIDLAND (TX),MIDLAND,MIDLAND,,ROWLAND JAMES,MIDCONTINENT O&G,NA/NA,2026-29291,Memorandum of lease,2026-09-10,2026-09-15,2026-10-01,36,2029-10-01,0,,,,0.25,,,,,,,,,0,0,MIDCONTINENT OIL & GAS LLC,"3108 SEABOARD AVENUE, MIDLAND, TX 79705","6608 NORTH WESTERN AVENUE NO 185, OKLAHOMO CITY, OK 73116",,,,,,,,
TX,MIDLAND (TX),MIDLAND,MIDLAND,,GRAY WESLEY D,ADMIRAL MIDLAND LLC,NA/NA,2026-29251,Memorandum of lease,2026-09-04,2026-09-15,2026-09-01,36,2029-09-01,1,,24,,,,,,,,,,,0,0,ADMIRAL MIDLAND LLC,"4503 MEADOWLARK LA, MIDLAND, TX 79707","200 N LORAINE STE 800, MIDLAND, TX 79701",,,,,,,,
TX,MIDLAND (TX),MIDLAND,MIDLAND,,CUNNINGHAM ROBERT M,MIDCONTINENT O&G,NA/NA,2026-29097,Memorandum of lease,2026-08-18,2026-09-14,2026-08-05,36,2029-08-05,1,,24,,,1.323,,,,,,,,0,0,MIDCONTINENT OIL & GAS LLC,"2 EAST WINDSOR HILLS CIRCLE, CONROE, TX 77384","6608 NORTH WESTERN AVENUE NO 185, OKLAHOMA CITY, OK 73116",,,,,,,,
TX,MIDLAND (TX),MIDLAND,MIDLAND,,BARNARD BRYCE ROBERT,MIDCONTINENT O&G,NA/NA,2026-29240,Memorandum of lease,2026-09-08,2026-09-14,2026-09-08,36,2029-09-08,1,,24,,,0.411,,,,,,,,0,0,MIDCONTINENT OIL & GAS LLC,"1200 ALPINE STREET, MIDLAND, TX 79703","6608 NORTH WESTERN AVENUE NO 185, OKLAHOMA CITY, OK 73116",,,,,,,,
TX,MIDLAND (TX),MIDLAND,MIDLAND,,WALKER DANETTE ANN,MIDCONTINENT O&G,NA/NA,2026-29362,Memorandum of lease,2026-09-10,2026-09-15,2026-10-01,36,2029-10-01,1,,24,,,0.248,,,,,,,,0,0,MIDCONTINENT OIL & GAS LLC,"4121 RADCLIFF COURT, MIDLAND, TX 79707","6608 NORTH WESTERN AVENUE NO 185, OKLAHOMA CITY, OK 73116",,,,,,,,
TX,MIDLAND (TX),MIDLAND,MIDLAND,,MILES TYLER,ADMIRAL MIDLAND LLC,NA/NA,2026-29627,Memorandum of lease,2026-09-16,2026-09-17,2026-09-01,36,2029-09-01,1,,24,,,,,,,,,,,0,0,ADMIRAL MIDLAND LLC,"3400 STANOLIND AVE, MIDLAND, TX 79707","200 N LORAINE STE 800, MIDLAND, TX 79701",,,,,,,,
TX,MIDLAND (TX),MIDLAND,MIDLAND,,HALL CHRISTOPHER T,MIDCONTINENT OIL AND GAS LLC,NA/NA,2026-29285,Memorandum of lease,2026-09-03,2026-09-15,2026-09-03,36,2029-09-03,1,,24,,,0.515,,,,,,,,0,0,MIDCONTINENT OIL AND GAS LLC,"3802 WEDGEWOOD COURT, MIDLAND, TX 79707","6608 NORTH WESTERN AVENUE NO 185, OKLAHOMA CITY, OK 73116",,,,,,,,
TX,MIDLAND (TX),MIDLAND,MIDLAND,,REPMAN TERRY K,MIDCONTINENT O&G,NA/NA,2026-29639,Memorandum of lease,2026-09-16,2026-09-17,2026-10-01,36,2029-10-01,1,,24,,,0.192,,,,,,,,0,0,MIDCONTINENT OIL & GAS LLC,"3402 CAPE COD LANE, MIDLAND, TX 79707","6608 NORTH WESTERN AVENUE NO 185, OKLAHOMA CITY, OK 73116",,,,,,,,
TX,MIDLAND (TX),MIDLAND,MIDLAND,,ALWORTH CECIL DWIGHT II,MIDCONTINENT O&G,NA/NA,2026-29413,Memorandum of lease,2026-09-03,2026-09-16,2026-10-01,36,2029-10-01,1,,24,,,0.617,,,,,,,,0,0,MIDCONTINENT OIL & GAS LLC,"3600 TRINITY DRIVE, MIDLAND, TX 79707","6608 NORTH WESTERN AVENUE NO 185, OKLAHOMA CITY, OK 73116",,,,,,,,
TX,LEON (TX),GULF COAST CENTRAL,,,WHITE WILLIAM T JR,COMSTOCK O&G LOUISIANA,NA/NA,00493069,Lease extension,2026-08-27,2026-09-17,2026-09-03,36,2029-09-03,0,,,,,17.43,,,,,,,,0,0,COMSTOCK OIL & GAS LLC,,"5300 TOWN & COUNTRY BLVD SUITE 500, FRISCO, TX 75034",,,,,,,,
TX,LEON (TX),GULF COAST CENTRAL,,,WILLIAMS CHARLES DAVID JR,COMSTOCK O&G LOUISIANA,NA/NA,00493066,Lease extension,2026-08-24,2026-09-17,2026-08-26,36,2029-08-26,0,,,,,,,,,,,,,0,0,COMSTOCK OIL & GAS LLC,,"5300 TOWN & COUNTRY BLVD SUITE 500, FRISCO, TX 75034",,,,,,,,
TX,MIDLAND (TX),MIDLAND,MIDLAND,,MADDUX KELLY W,MIDCONTINENT O&G,NA/NA,2026-29298,Memorandum of lease,2026-09-10,2026-09-15,2026-10-01,36,2029-10-01,1,,24,,,0.248,,,,,,,,0,0,MIDCONTINENT OIL & GAS LLC,"2603 CIMMARON AVENUE, MIDLAND, TX 79705","6608 NORTH WESTERN AVENUE NO 185, OKLAHOMA CITY, TX 73116",,,,,,,,
TX,UPTON (TX),MIDLAND,MIDLAND,,ATKINS JOHN LEONARD,COG OPERATING,1300/18,204802,Memorandum of lease,2026-07-24,2026-09-14,2025-09-01,36,2028-09-01,0,,,,,40.35,,,,,,,,0,0,COG OPERATING LLC,"4817 MINDEN PLACE, LOS ANGELES, CA 90041","600 W ILLINOIS AVE, MIDLAND, TX 79701",,,,,,,,
TX,MIDLAND (TX),MIDLAND,MIDLAND,,WRIGHT STACY,MIDCONTINENT OII & GAS LLC,NA/NA,2026-29452,Memorandum of lease,2026-09-14,2026-09-16,2026-09-14,36,2029-09-14,1,,24,,,0.267,,,,,,,,0,0,MIDCONTINENT OII & GAS LLC,"5001 HILLTOP DRIVE, MIDLAND, TX 79707","6608 NORTH WESTERN AVENUE NO 185, OKLAHOMA CITY, OK 73116",,,,,,,,
TX,LEON (TX),GULF COAST CENTRAL,,,REED BOBBY,COMSTOCK O&G LOUISIANA,NA/NA,00493065,Lease extension,2026-08-06,2026-09-17,2026-12-06,24,2028-12-06,0,,,,,,,,,,,,,0,0,COMSTOCK OIL & GAS LLC,,"500 TOWN & COUNTRY BLVD SUITE 500, FRISCO, TX 75034",,,,,,,,
TX,MIDLAND (TX),MIDLAND,MIDLAND,,GREEN DOROTHY MARIE,MIDCONTINENT O&G,NA/NA,2026-29548,Memorandum of lease,2026-07-16,2026-09-17,2026-07-16,36,2029-07-16,1,,24,,,,,,,,,,,0,0,MIDCONTINENT OIL & GAS LLC,"4200 THORNBERRY DR, MIDLAND, TX 79707","6608 NORTH WESTERN AVENUE NO 185, OKLAHOMA CITY, OK 73116",,,,,,,,
TX,MARTIN (TX),MIDLAND,MIDLAND,,FORTIS MINERALS II LLC,PIONEER NATURAL RESOURCES USA,1127/195,263456,Memorandum of lease,2026-08-17,2026-09-18,2025-11-01,36,2028-11-01,0,,,,,40.9,,,,,,,,0,0,PIONEER NATURAL RESOURCES USA INC,"3230 CAMP BOWIE BLVD SUITE 300, FORT WORTH, TX 76107","22777 SPRINGWOOD VILLAGE PARKWAY, SPRINGS, TX 77389",,,,,,,,
TX,TARRANT (TX),FORT WORTH,BARNETT,BARNETT DRY WINDOW,NGUYEN THIEU XUAN,TEEP BARNETT,NA/NA,D226179619,Memorandum of lease,2026-09-12,2026-09-14,,36,2029-09-12,0,,,,,0.202,,,,,,,,0,0,TOTALENERGIES E&P USA BARNETT 1 LLC,"2308 POINT START DRIVE, ARLINGTON, TX 76001","301 COMMERCE STREET SUITE 3700, FORT WORTH, TX 76102",,,,,,,,
TX,TARRANT (TX),FORT WORTH,BARNETT,BARNETT DRY WINDOW,NAJIMI JAFAR M,TEEP BARNETT,NA/NA,D226182084,Memorandum of lease,2026-09-02,2026-09-17,2026-08-31,36,2029-08-31,0,,,,,0.2,,,,,,,,0,0,TOTALENERGIES E&P USA BARNETT 1 LLC,"4432 BELVEDERE DR, PLANO, TX 75093","301 COMMERCE STREET SUITE 3700, FORT WORTH, TX 76102",,,,,,,,
TX,TARRANT (TX),FORT WORTH,BARNETT,BARNETT DRY WINDOW,TRAN DANH CONG,TEEP BARNETT,NA/NA,D226179618,Memorandum of lease,2026-09-13,2026-09-14,2026-09-13,36,2029-09-13,0,,,,,0.3217,,,,,,,,0,0,TOTALENERGIES E&P USA BARNETT 1 LLC,"7818 DECOY DR, ARLINGTON, TX 76002","301 COMMERCE STREET SUITE 3700, FORT WORTH, TX 76102",,,,,,,,
TX,TARRANT (TX),FORT WORTH,BARNETT,BARNETT DRY WINDOW,HEB HOMES LLC,TEEP BARNETT,NA/NA,D226179617,Memorandum of lease,2026-09-03,2026-09-14,2026-09-03,36,2029-09-03,0,,,,,0.208,,,,,,,,0,0,TOTALENERGIES E&P USA BARNETT 1 LLC,"5000 RIVERSIDE DRIVE BUILDING 5 SUITE 100W, IRVINE, TX 75039","301 COMMERCE STREET SUITE 3700, FORT WORTH, TX 76102",,,,,,,,
TX,HOWARD (TX),MIDLAND,MIDLAND,,DAVILA JULIANNE,FOUR SEVENS ENERGY,2376/89,2026-00005264,Memorandum of lease,2026-09-11,2026-09-17,2026-09-11,36,2029-09-11,0,,,,,0.165,,,,,,,,0,0,FOUR SEVENS OPERATING CO LTD,"2511 E 24TH STREET, BIG SPRING, TX 79720","306 WEST 7TH STREET SUITE 1045, FORT WORTH, TX 76102",,,,,,,,
TX,NUECES (TX),GULF COAST WEST,,,VAQUERO RODD FIELD PARTNERS LP,7-ELEVEN INC,NA/NA,2026032821,Lease,2026-08-01,2026-09-17,2026-08-01,180,2041-08-01,0,,,,,,,,,,,,,0,0,7-ELEVEN INC,"2627 TILLAR STREET SUITE 111, FORT WORTH, TX 76107","3200 HACKBERRY ROAD, IRVING, TX 75063",,,,,,,,
TX,HOUSTON (TX),GULF COAST CENTRAL,,,TEJAS SHORES TRIBAL COUNCIL,DURHAM DENNIS,NA/NA,20263179,,2026-08-10,2026-08-10,,,,0,,,,,,,,,,,,,0,0,DURHAM DENNIS,,"142 CORSSED ARROW, GRAPELAND, TX 75844",,,,,,,,
TX,DIMMIT (TX),GULF COAST WEST,EAGLEFORD,BRISCOE RANCH,STALKER KIMBERLEA BOX,ROSEWOOD RESOURCES,778/642,68921,Lease ratification,2026-08-19,2026-09-22,2026-07-28,,,0,,,,,244.091,,,,,,,,0,0,ROSEWOOD RESOURCES INC,"P O BOX 10, CONCAN, TX 78838",,,,,,,,,
TX,DIMMIT (TX),GULF COAST WEST,EAGLEFORD,BRISCOE RANCH,ALLEN COBY DEAN,ESPADA ENERGY LLC,778/535,68890,Memorandum of lease,2026-07-16,2026-09-21,2026-07-16,36,2029-07-16,1,,24,,,96.17,,,,,,,,0,0,ESPADA ENERGY LLC,"P O BOX 781474, SAN ANTONIO, TX 78278","9235 KATY FWY SUITE 400, HOUSTON, TX 77024",,,,,,,,
TX,DIMMIT (TX),GULF COAST WEST,EAGLEFORD,BRISCOE RANCH,ALLEN JAMES BRENT,ESPADA ENERGY LLC,778/529,68888,Memorandum of lease,2026-07-16,2026-09-21,2026-07-16,36,2029-07-16,1,,24,,,96.17,,,,,,,,0,0,ESPADA ENERGY LLC,"2005 HIGHWAY 83 SOUTH, CRYSTAL CITY, TX 78839","9235 KATY FWY SUITE 400, HOUSTON, TX 77024",,,,,,,,
TX,TARRANT (TX),FORT WORTH,BARNETT,BARNETT DRY WINDOW,MCWILLIAMS JUDY BALLWEG,TEEP BARNETT,NA/NA,D226182085,Memorandum of lease,2026-09-17,2026-09-17,2026-09-17,36,2029-09-17,0,,,,,34.4377,,,,,,,,0,0,TOTALENERGIES E&P USA BARNETT 1 LLC,"6551 DARWOOD AVENUE, FORT WORTH, TX 76116","301 COMMERCE STREET SUITE 3700, FORT WORTH, TX 76102",,,,,,,,
TX,DIMMIT (TX),GULF COAST WEST,EAGLEFORD,BRISCOE RANCH,ARNOLD KENZIE LOU BOX,ROSEWOOD RESOURCES,778/646,68923,Lease ratification,2026-08-18,2026-09-22,2026-07-28,,,0,,,,,244.091,,,,,,,,0,0,ROSEWOOD RESOURCES INC,"25110 SUMMIT CV, SAN ANTONIO, TX 78258","2101 CEDAR SPRINGS RD STE 1500, DALLAS, TX 75201",,,,,,,,
TX,DIMMIT (TX),GULF COAST WEST,EAGLEFORD,BRISCOE RANCH,DYER KELIE JANE BOX,ROSEWOOD RESOURCES,778/644,68922,Lease ratification,2026-08-20,2026-09-22,2026-08-20,,,0,,,,,244.091,,,,,,,,0,0,ROSEWOOD RESOURCES INC,"17257 STATE HWY 166, FORT DAVIS, TX 79734-4045","2101 CEDAR SPRINGS RD STE 1500, DALLAS, TX 75201",,,,,,,,
TX,MIDLAND (TX),MIDLAND,MIDLAND,,SAEZ ROBERTO FRED SMITH ET AL,MIDCONTINENT O&G,NA/NA,2026-30068,Memo of lease,2026-09-21,2026-09-22,2026-10-01,36,2029-10-01,1,,24,,,0.2870000004768371,,,,,,,,0,0,MIDCONTINENT OIL & GAS LLC,"3503 LOCKHEED AVENUE, MIDLAND, TX 79703","6608 NORTH WESTERN AVENUE NO 185, OKLAHOMA CITY, OK 73116",,,,,,,,
TX,MIDLAND (TX),MIDLAND,MIDLAND,,DIAZ NOEMI,MIDCONTINENT O&G,NA/NA,2026-29911,Memo of lease,2026-09-17,2026-09-21,2026-10-01,36,2029-10-01,1,,24,,,0.2249999940395355,,,,,,,,0,0,MIDCONTINENT OIL & GAS LLC,"P O BOX 7144, MIDLAND, TX 79708","6608 NORTH WESTERN AVENUE NO 185, OKLAHOMA CITY, OK 73116",,,,,,,,
TX,MIDLAND (TX),MIDLAND,MIDLAND,,POOLE KYLE A,MIDCONTINENT O&G,NA/NA,2026-30243,Memo of lease,2026-08-25,2026-09-23,2026-07-25,36,2029-07-25,1,,24,,,0.1700000017881393,,,,,,,,0,0,MIDCONTINENT OIL & GAS LLC,"2414 HAYNES DRIVE, MIDLAND, TX 79705","6608 NORTH WESTERN AVENUE NO 185, OKLAHOMA CITY, OK 73116",,,,,,,,
TX,MIDLAND (TX),MIDLAND,MIDLAND,,GRAY KENNETH H ET AL,MIDCONTINENT O&G,NA/NA,2026-30308,Memo of lease,2026-09-10,2026-09-24,2026-09-07,36,2029-09-07,1,,24,,,0.3339999914169311,,,,,,,,0,0,MIDCONTINENT OIL & GAS LLC,"4505 MEADOWLARK LN, MIDLAND, TX 79707","6608 NORTH WESTERN AVENUE NO 185, OKLAHOMA CITY, OK 73116",,,,,,,,
TX,LEON (TX),GULF COAST CENTRAL,,,POPE JOHN F,COMSTOCK O&G,NA/NA,00493330,Lease extension,2026-09-03,2026-09-25,2026-09-09,36,2029-09-09,0,,,,,,,,,,,,,0,0,COMSTOCK OIL & GAS LLC ET AL,,"5300 TOWN & COUNTRY BLVD SUITE 500, FRISCO, TX 75034",,,,,,,,
TX,MIDLAND (TX),MIDLAND,MIDLAND,,MCCANN REBECCA ET AL,MIDCONTINENT O&G,NA/NA,2026-30599,Memo of lease,2026-09-24,2026-09-25,2026-10-01,36,2029-10-01,1,,24,,,0.2360000014305114,,,,,,,,0,0,MIDCONTINENT OIL & GAS LLC,"3 BELFIELD COURT, MIDLAND, TX 79705","6608 NORTH WESTERN AVENUE NO 185, OKLAHOMA CITY, OK 73116",,,,,,,,
TX,MIDLAND (TX),MIDLAND,MIDLAND,,CUMMINS MICHAEL,MIDCONTINENT O&G,NA/NA,2026-29940,Memo of lease,2026-09-17,2026-09-21,2026-10-01,36,2029-10-01,1,,24,,,0.2870000004768371,,,,,,,,0,0,MIDCONTINENT OIL & GAS LLC,"3114 AUBURN DRIVE, MIDLAND, TX 79705","6608 NORTH WESTERN AVENUE NO 185, OKLAHOMA CITY, OK 73116",,,,,,,,
TX,MIDLAND (TX),MIDLAND,MIDLAND,,STACEY LYN BROWN UBERSTINE TRUST DATED JUNE 29 2000,MIDCONTINENT OI & GAS LLC,NA/NA,2026-30300,Memo of lease,2026-09-17,2026-09-24,2026-09-17,36,2029-09-17,0,,,,,5.0,,,,,,,,0,0,MIDCONTINENT OI & GAS LLC,"12975 AGUSTIN PLACE 128, PLAYA VISTA, CA 90094","6608 NORTH WESTERN AVENUE NO 185, OKLAHOMA CITY, OK 73116",,,,,,,,
TX,MIDLAND (TX),MIDLAND,MIDLAND,,LARIZ CLAUDIO MENDOZA ET AL,MIDCONTINENT O&G,NA/NA,2026-29851,Memo of lease,2026-09-17,2026-09-21,2026-10-01,36,2029-10-01,1,,24,,,0.231000006198883,,,,,,,,0,0,MIDCONTINENT OIL & GAS LLC,"3300 WEST KANSAS AVENUE, MIDLAND, TX 79703","6608 NORTH WESTERN AVENUE NO 185, OKLAHOMA CITY, OK 73116",,,,,,,,
TX,LEON (TX),GULF COAST CENTRAL,,,LUSK VERSIE D,COMSTOCK O&G,NA/NA,00493327,Lease extension,2026-09-08,2026-09-25,2029-09-09,36,2032-09-09,0,,,,,,,,,,,,,0,0,COMSTOCK OIL & GAS LLC ET AL,,"5300 TOWN & COUNTRY BLVD SUITE 500, FRISCO, TX 75034",,,,,,,,
TX,LEON (TX),GULF COAST CENTRAL,,,LEE LINDA H ET AL,COMSTOCK O&G,NA/NA,00493336,Lease extension,2026-09-04,2026-09-25,2026-09-14,36,2029-09-14,0,,,,,,,,,,,,,0,0,COMSTOCK OIL & GAS LLC ET AL,,"5300 TOWN & COUNTRY BLVD SUITE 500, FRISCO, TX 75034",,,,,,,,
TX,LEON (TX),GULF COAST CENTRAL,,,HILL EMLEN,COMSTOCK O&G,NA/NA,00493329,Lease extension,2026-09-08,2026-09-25,2026-09-09,36,2029-09-09,0,,,,,,,,,,,,,0,0,COMSTOCK OIL & GAS LLC ET AL,,"5300 TOWN & COUNTRY BLVD SUITE 500, FRISCO, TX 75034",,,,,,,,
TX,MIDLAND (TX),MIDLAND,MIDLAND,,RAY PATRICK B ET AL,MIDCONTINENT O&G,NA/NA,2026-30352,Memo of lease,2026-09-18,2026-09-24,2026-09-11,36,2029-09-11,0,,,,,,,,,,,,,0,0,MIDCONTINENT OIL & GAS LLC,,"6608 NORTH WESTERN AVENUE NO 185, OKLAHOMA CITY, OK 73116",,,,,,,,
TX,MIDLAND (TX),MIDLAND,MIDLAND,,DYNAMIC OPERATING LLC,DYNAMIC PROD,NA/NA,2026-30508,Memo of lease,2026-09-23,2026-09-25,2026-09-23,36,2029-09-23,1,,36,,,0.1889999955892563,,,,,,,,0,0,DYNAMIC PRODUCTION INC ET AL,"2630 WEST FREEWAY STE 101, FORT WORTH, TX 76102","2630 WEST FREEWAY STE 101, FORT WORTH, TX 76102",,,,,,,,
TX,MIDLAND (TX),MIDLAND,MIDLAND,,WARD JAQUELINE R ET AL,MIDCONTINENT O&G,NA/NA,2026-30033,Memo of lease,2026-07-23,2026-09-22,2026-04-16,36,2029-04-16,1,,12,,,,,,,,,,,0,0,MIDCONTINENT OIL & GAS LLC,"1400 MURRAY ST, MIDLAND, TX 79701","6608 NORTH WESTERN AVENUE NO 185, OKLAHOMA CITY, OK 73116",,,,,,,,
TX,LEON (TX),GULF COAST CENTRAL,,,ROBINSON DEBRA K,COMSTOCK O&G,NA/NA,00493325,Lease extension,2026-09-09,2026-09-25,2026-09-09,36,2029-09-09,0,,,,,,,,,,,,,0,0,COMSTOCK OIL & GAS LLC ET AL,,"5300 TOWN AND COUNTRY BLVD SUITE 500, FRISCO, TX 75034",,,,,,,,
TX,MIDLAND (TX),MIDLAND,MIDLAND,,RAINEY COLTON D ET AL,MIDCONTINENT O&G,NA/NA,2026-30341,Memo of lease,2026-09-21,2026-09-24,2026-09-21,36,2029-09-21,1,,24,,,,,,,,,,,0,0,MIDCONTINENT OIL & GAS LLC,"1204 NW 16TH ST, ANDREWS, TX 79714","6608 NORTH WESTERN AVENUE NO 185, OKLAHOMA CITY, OK 73116",,,,,,,,
TX,MIDLAND (TX),MIDLAND,MIDLAND,,C&P JONES PROPERTIES LLC,MIDCONTINENT O&G,NA/NA,2026-30590,Memo of lease,2026-09-11,2026-09-25,2026-10-01,36,2029-10-01,1,,24,,,0.3009999990463257,,,,,,,,0,0,MIDCONTINENT OIL & GAS LLC,"5917 LAKESIDE DRIVE, FORT WORTH, TX 76179","6608 NORTH WESTERN AVENUE NO 185, OKLAHOMA CITY, OK 73116",,,,,,,,
TX,LEON (TX),GULF COAST CENTRAL,,,GRAY BARBARA A,COMSTOCK O&G,NA/NA,00493333,Lease extension,2026-09-04,2026-09-25,2026-09-09,36,2029-09-09,0,,,,,,,,,,,,,0,0,COMSTOCK OIL & GAS LLC ET AL,,"5300 TOWN & COUNTRY BLVD SUITE 500, FRISCO, TX 75034",,,,,,,,
TX,MIDLAND (TX),MIDLAND,MIDLAND,,WOOTEN SPENCER BLAZE ET AL,MIDCONTINENT O&G,NA/NA,2026-30246,Memo of lease,2026-09-17,2026-09-23,2026-10-01,36,2029-10-01,1,,24,,,0.367000013589859,,,,,,,,0,0,MIDCONTINENT OIL & GAS LLC,"3501 SENTINEL AVENUE, MIDLAND, TX 79703","6608 NORTH WESTERN AVENUE NO 185, OKLAHOMA CITY, OK 73116",,,,,,,,
TX,MIDLAND (TX),MIDLAND,MIDLAND,,FEAGAN DONNY LYNN ET AL,MIDCONTINENT O&G,NA/NA,2026-29913,Memo of lease,2026-09-16,2026-09-21,2026-10-01,36,2029-10-01,1,,24,,,0.1430000066757202,,,,,,,,0,0,MIDCONTINENT OIL & GAS LLC,"2617 SPARTAN DRIVE, MIDLAND, TX 79705","6608 NORTH WESTERN AVENUE NO 185, OKLAHOMA CITY, OK 73116",,,,,,,,
TX,MIDLAND (TX),MIDLAND,MIDLAND,,MARTINEZ SAMUEL,MIDCONTINENT O&G,NA/NA,2026-30373,Memo of lease,2026-09-22,2026-09-24,2026-10-01,36,2029-10-01,1,,24,,,0.2129999995231628,,,,,,,,0,0,MIDCONTINENT OIL & GAS LLC,"3413 BAUMANN AVENUE, MIDLAND, TX 79703","6608 NORTH WESTERN AVENUE NO 185, OKLAHOMA CITY, OK 73116",,,,,,,,
TX,MIDLAND (TX),MIDLAND,MIDLAND,,JGCB PROPERTIES & INVESTMENTS LLC,MIDCONTINENT O&G,NA/NA,2026-30337,Memo of lease,2026-09-18,2026-09-24,2026-09-14,36,2029-09-14,1,,24,,,0.1850000023841858,,,,,,,,0,0,MIDCONTINENT OIL & GAS LLC,"23 APPLEHEAD ISLAND DR, HORSESHOE BAY, TX 78657","6608 NORTH WESTERN AVENUE NO 185, OKLAHOMA CITY, OK 73116",,,,,,,,
TX,MIDLAND (TX),MIDLAND,MIDLAND,,WOOLFOLK LYNDA,MIDCONTINENT O&G,NA/NA,2026-30305,Memo of lease,2026-08-18,2026-09-24,2026-08-18,36,2029-08-18,1,,24,,,0.2339999973773956,,,,,,,,0,0,MIDCONTINENT OIL & GAS LLC,"222 PALMER DRIVE, COMANCHE, TX 76442","6608 NORTH WESTERN AVENUE NO 185, OKLAHOMA CITY, OK 73116",,,,,,,,
TX,LEON (TX),GULF COAST CENTRAL,,,COLDIRON DEANNE LATRELLE,COMSTOCK O&G,NA/NA,00493354,Lease extension,2026-08-13,2026-09-28,2026-04-27,24,2028-04-27,0,,,,,,,,,,,,,0,0,COMSTOCK OIL & GAS LLC ET AL,,"5300 TOEN & COUNTRY BLVD SUITE 500, FRISCO, TX 75034",,,,,,,,
TX,LEON (TX),GULF COAST CENTRAL,,,HHP HOLDINGS LP,COMSTOCK O&G,NA/NA,00493358,Lease extension,2026-09-16,2026-09-28,2026-04-01,24,2028-04-01,0,,,,,,,,,,,,,0,0,COMSTOCK OIL & GAS LLC ET AL,,"5300 TOWN & COUNTRY BLVD SUITE 500, FRISCO, TX 75034",,,,,,,,
TX,LEON (TX),GULF COAST CENTRAL,,,BATES JAMES ANDREW,COMSTOCK O&G,NA/NA,00493359,Lease extension,2026-08-14,2026-09-28,2026-02-24,24,2028-02-24,0,,,,,,,,,,,,,0,0,COMSTOCK OIL & GAS LLC ET AL,,"5300 TOWN & COUNTRY BLVD SUITE 500, FRISCO, TX 75034",,,,,,,,
TX,ECTOR (TX),CENTRAL BASIN PLATFORM,CENTRAL BASIN PLATFORM,,CALDERON JESSE E ET AL,O G OIL LLC,NA/NA,2026-00019641,Memo of lease,2026-09-01,2026-09-23,2026-09-01,60,2031-09-01,1,,36,,,0.1928000003099441,,,,,,,,0,0,O G OIL LLC,"1518 E 13TH STREET, ODESSA, TX 79761","1330 E 8TH ST SUITE 111, ODESSA, TX 79761",,,,,,,,
TX,LEON (TX),GULF COAST CENTRAL,,,MORA DEVON MCKINNEY,COMSTOCK O&G,NA/NA,00493355,Lease extension,2026-09-09,2026-09-28,2026-04-27,24,2028-04-27,0,,,,,,,,,,,,,0,0,COMSTOCK OIL & GAS LLC ET AL,,"5300 TOWN & COUNTRY BLVD STE 500, FRISCO, TX 75034",,,,,,,,
TX,TARRANT (TX),FORT WORTH,BARNETT,BARNETT DRY WINDOW,MOSES BATSON MARGARITA ET AL,TEEP BARNETT,NA/NA,D226133377,Memo of lease,2026-07-08,2026-07-10,2026-07-08,36,2029-07-08,0,,,,,0.2477000057697296,,,,,,,,0,0,TOTALENERGIES E&P USA BARNETT 1 LLC,"7706 LONGBOW LN, ARLINGTON, TX 76002","301 COMMERCE STREET SUITE 3700, FORT WORTH, TX 76102",,,,,,,,
TX,LEON (TX),GULF COAST CENTRAL,,,PARK MARTHA M,COMSTOCK O&G,NA/NA,00493362,Lease extension,2026-09-04,2026-09-28,2025-12-15,24,2027-12-15,0,,,,,347.7900085449219,,,,,,,,0,0,COMSTOCK OIL & GAS LLC ET AL,,"5300 TOWN & COUNTRY BLVD SUITE 500, FRISCO, TX 75034",,,,,,,,
TX,LEON (TX),GULF COAST CENTRAL,,,SELF PAMELA JOYCE KETTLER ET AL,COMSTOCK O&G,NA/NA,00493369,Lease extension,2026-08-31,2026-09-28,2026-04-26,24,2028-04-26,0,,,,,,,,,,,,,0,0,COMSTOCK OIL & GAS LLC ET AL,,,,,,,,,,
TX,WISE (TX),FORT WORTH,BARNETT,BARNETT WET WINDOW,EWELL MITCHEL WAYNE JR ET AL,EAGLERIDGE ENERGY,NA/NA,202614310,Lease amendment,2026-07-28,2026-09-21,2021-08-06,84,2028-08-06,0,,,,,11.0600004196167,,,,,,,,0,0,EAGLERIDGE ENERGY II LLC ET AL,,,,,,,,,,
TX,HOWARD (TX),MIDLAND,MIDLAND,,DESONIER ROANNE KAY,SM ENERGY,2377/394,2026-00005415,Memo of lease,2026-09-10,2026-09-23,2026-09-01,36,2029-09-01,1,,24,,,2.4600000381469727,,,,,,,,0,0,SM ENERGY COMPANY,"2806 RIDGEVIEW DR, JOPLIN, MO 64801","1700 LINCOLN STREET SUITE 3200, DENVER, CO 80202",,,,,,,,
TX,LEON (TX),GULF COAST CENTRAL,,,MCCULLOUGH THEODORA H ET AL,COMSTOCK O&G,NA/NA,00493365,Lease extension,2026-09-03,2026-09-28,2025-12-15,24,2027-12-15,0,,,,,347.7900085449219,,,,,,,,0,0,COMSTOCK OIL & GAS LLC ET AL,N A,"5300 TOWN & COUNTRY BLVD SUITE 500, FRISCO, TX 75034",,,,,,,,
TX,LEON (TX),GULF COAST CENTRAL,,,PARK HARRISON M,COMSTOCK RESOURCES,NA/NA,00493357,Lease extension,2026-09-04,2026-09-28,2025-12-15,24,2027-12-15,0,,,,,347.7900085449219,,,,,,,,0,0,COMSTOCK RESOURCES INC ET AL,,,,,,,,,,
TX,LEON (TX),GULF COAST CENTRAL,,,DEKOCH SUSAN M,COMSTOCK RESOURCES,NA/NA,00493370,Lease extension,2026-09-08,2026-09-28,2025-12-15,24,2027-12-15,0,,,,,,,,,,,,,0,0,COMSTOCK RESOURCES INC ET AL,,,,,,,,,,
TX,LEON (TX),GULF COAST CENTRAL,,,LEWIS JUSTIN ROBERT,COMSTOCK RESOURCES,NA/NA,00493361,Lease extension,2026-09-04,2026-09-28,2026-04-27,24,2028-04-27,0,,,,,,,,,,,,,0,0,COMSTOCK RESOURCES INC ET AL,,,,,,,,,,
TX,ECTOR (TX),CENTRAL BASIN PLATFORM,CENTRAL BASIN PLATFORM,,FORD AMBER,O G OIL LLC,NA/NA,2026-00019675,Memo of lease,2026-08-07,2026-09-23,2026-08-01,60,2031-08-01,1,,36,,,0.2065999954938888,,,,,,,,0,0,O G OIL LLC,"1701 E 12TH ST, ODESSA, TX 79761","1330 8TH STREET SUITE 111, ODESSA, TX 79761",,,,,,,,
TX,HARRISON (TX),EAST TEXAS,HAYNESVILLE - TX,EAST TEXAS - HAYNESVILLE NORTH,BELL BESSIE MAE MAYO,RFE ETX IV,NA/NA,2026-000010927,Memo of lease,2026-07-27,2026-09-15,2026-07-27,36,2029-07-27,1,,24,,,45.0,,,,,,,,0,0,RFE ETX IV LLC,"3930 OLD HWY 53 APT 114, CLEARLAKE, CA 95422","3838 OAK LAWN AVENUE SUITE 1410, DALLAS, TX 75219",,,,,,,,
TX,ECTOR (TX),CENTRAL BASIN PLATFORM,CENTRAL BASIN PLATFORM,,LOMELI ADAM,OG OIL LLC,NA/NA,19715,Memo of lease,2026-08-06,2026-09-23,,60,2031-08-06,1,,24,,,0.2065999954938888,,,,,,,,0,0,OG OIL LLC,"1703 GLENWOOD AVE, ODESSA, TX 79761","1330 E 8TH STREET SUITE 111, ODESSA, TX 79761",,,,,,,,
TX,ECTOR (TX),CENTRAL BASIN PLATFORM,CENTRAL BASIN PLATFORM,,NEASE KENDRA ET AL,OG OIL LLC,NA/NA,19623,Memo of lease,2026-08-31,2026-09-23,,60,2031-08-31,1,,36,,,0.1736000031232834,,,,,,,,0,0,OG OIL LLC,"1512 DORAN DR, ODESSA, TN 79761","1330 E 8TH STREET SUITE 111, ODESSA, TX 79761",,,,,,,,
TX,ECTOR (TX),CENTRAL BASIN PLATFORM,CENTRAL BASIN PLATFORM,,PUGH TOMMY,O G OIL LLC,NA/NA,19948,Memo of lease,2026-09-25,2026-09-25,2026-09-25,60,2031-09-25,1,,36,,,0.1721999943256378,,,,,,,,0,0,O G OIL LLC,"1105 W 67TH ST, ODESSA, TX 79764","414 N LEE AVE, ODESSA, TX 79761",,,,,,,,
TX,ECTOR (TX),CENTRAL BASIN PLATFORM,CENTRAL BASIN PLATFORM,,IBARRA YESENIA SOLIS ET AL,OG OIL LLC,NA/NA,19708,Memo of lease,2026-07-21,2026-09-23,2026-07-21,60,2031-07-21,1,,36,,,0.2502000033855438,,,,,,,,0,0,OG OIL LLC,"1513 E 11TH STREET, ODESSA, TX 79761","1330 E 8TH STREET SUITE 111, ODESSA, TX 79761",,,,,,,,
TX,DIMMIT (TX),GULF COAST WEST,EAGLEFORD,BRISCOE RANCH,ALLEN SYLVIA R TRUSTEE ET AL,ESPADA ENERGY LLC,778/532,68889,Memo of lease,2026-07-16,2026-09-21,2026-07-16,36,2029-07-16,1,,24,,,96.16999816894533,,,,,,,,0,0,ESPADA ENERGY LLC,"2005 HIGHWAY 83 SOUTH, CRYSTAL CITY, TX 78839","9235 KATY FWY SUITE 400, HOUSTON, TX 77024",,,,,,,,
