lease_hash,first_seen_date
d5c2297926269c6668a47ff04f927861,2026-09-13
2ef0ded57867816d4abd6b34d2692aad,2026-09-13
5038e8a9ff8fc66d2254f71ed9ca1912,2026-09-13
b2043842620c17e611ca437d290cbccc,2026-09-13
4992bc1edcbfd1e7b5a1f34fd23f340d,2026-09-13
ebae5d42a18e4905e7759548fae05fe0,2026-09-13
1ca3aefafe0e29027541ff18eac2cc2c,2026-09-13
58f57fe1b9ec03f778b9ca38bb5db4dc,2026-09-13
979bc85f84c224c14a896d83c9267ce4,2026-09-13
eb9817cd090e4a0fb037afd5560d7b57,2026-09-13
cb4a8125046cf4e6010f4bbfdb6932c4,2026-09-13
bcde400e659124b33954fbef5b068d2d,2026-09-13
e03147cbc210f6279c3dd998d1df5e00,2026-09-13
e8330fbacef80ecd253dc1bcb1af3931,2026-09-13
86ab4846a6aeda85ef3bf43f05206240,2026-09-13
1176c1c6191128b90fb631bd0701d18d,2026-09-13
8ebb07442ed3dfcd11fbf22e1691805d,2026-09-13
11d4b2021b06fcadf4aff70e4d87c161,2026-09-13
1dc697e0a5e4830fa577eb16422489c6,2026-09-13
f16636f7bd01910dde7f6a241377ddf1,2026-09-13
61c5d3be556b7a4e85fdb9fe752bd5ad,2026-09-13
32e730475fb31b96e2373aa5c4fb2e32,2026-09-13
ff851d4e7367fba2ec689c0e388eeecf,2026-09-13
53665ab45cac72ed920ac7a8d6a0b7cc,2026-09-13
23d2bb29e16637632b68eb969fc57628,2026-09-13
e89545b5ca9d1e29214354b7d3ff10a5,2026-09-13
1534a237e155fef21ffb3801704a1255,2026-09-13
d80b7694280118f92360423d48ca6e36,2026-09-13
332f15ad2d46d2cd631ed2998c52aaa0,2026-09-13
94a5b0b5da8c1fc11410f9f51124360f,2026-09-13
1c138f584581648fe02a847299aaf56a,2026-09-13
35f2b5a3568a6fc16448b639b6480028,2026-09-13
8245515a62349beb1eeaa7b1a77acde7,2026-09-13
4281803140efe25f42893287846fe04d,2026-09-13
2ebd6dce1bedfa379063c6041310e065,2026-09-13
1c0af6376f5ef62384568432fe0795d0,2026-09-13
30b44a8660b3baa780d79e8c2f766e21,2026-09-13
75cb8fafa6520cfabf6ec4eddabfa5b9,2026-09-13
135a032297cc263a2d9892e2900701ad,2026-09-13
8999f30a9f68ec4f9ed8230660058eca,2026-09-13
c6b4ff4667c999582036487cb77d42f7,2026-09-13
8669d0a9c3ff5d98884076b95e7fd473,2026-09-13
97108d11d551163bdb1c6a2f1e0605cd,2026-09-13
cf05226d3aac61e9ea9db9b99b483ce6,2026-09-13
3462511712f1d62dbade08d65ec896c9,2026-09-13
b7521ce1fea94d0b3e6c5ca78884e5c7,2026-09-13
531954248cb863e7b61ffdedd9f1b3e5,2026-09-13
8a947fad5aa5c721671de55c7000c0b4,2026-09-13
6e1c7c1c4c8db8074b147ffd22f4f495,2026-09-13
b294b3cf5fb0547944a136f3ef528b89,2026-09-13
edd9758957c74e10fe6b4931204d5bfe,2026-09-13
db6a7e877bbf0c60961a160ae1b5d8e7,2026-09-13
9696bfcf5ea1d2d28e61cb8f0a989c39,2026-09-13
1becf13f2d3940b825c3066c451e8046,2026-09-13
7d62f11008228a6b917a2ac57cba50d0,2026-09-13
028e86b83b4401f79b08edde967f26b0,2026-09-13
f131c91b94fd726ca673e90d8ff8f07a,2026-09-13
6761e44b1087496461b2f18c467aefc1,2026-09-13
fa870c32bfdaae8b742257d705439947,2026-09-13
535000f4466cf947b488f5ac933d1ad2,2026-09-13
105c804bb9cab1153cd6b9c1bc5e4119,2026-09-13
0f8a7a3bac4446c47afc1064361b7475,2026-09-13
9755e6b24b82e9a9d5500d5fad8b3636,2026-09-13
4b7c0a38a1adb0e80d544132f39e5ce9,2026-09-13
c0de73ca207ff8124a957e0785e42bb3,2026-09-13
e4073194d93b04f08c0d1d7def67eae4,2026-09-13
076b20c990c97953052f2147b438e71a,2026-09-13
091e2b7154499e2975bc97ed086e146e,2026-09-13
2dc4901c381b975436a2aa8478cd48ec,2026-09-13
33fbd8312769899862e7953addc95930,2026-09-13
770ecb6d9cbdffdac2e400ff15d7e591,2026-09-13
b98d1167759fba4e81fbbef5d7cd25ac,2026-09-13
0ffa995844e948925cf4be8529b0d7fa,2026-09-13
a728ec1a6c70f1c3c113d14ceac6b23c,2026-09-13
5bd61d75f593ce5ca449db89da70fd3c,2026-09-13
825d879ad614a063d02ae44a114fde64,2026-09-13
1631bb1f9479be5d50b57328ea37fdcf,2026-09-13
970a26eb1e51fd5db5de6a9edd471598,2026-09-13
e54223d30a6d93821f8c8b0c55acff4f,2026-09-13
25ebf669d02110043cf1ec561a227929,2026-09-13
1bd5866466108d57e44bb54f56b7d2e6,2026-09-13
025f51bc2a34a5152e9b511496e3ecf8,2026-09-13
23addd26d606802fac1c3e0398443332,2026-09-13
8667f2a06b6b8e7042503948f714bf87,2026-09-13
5618d2e29e927790c638eacac8f8c7f6,2026-09-13
f18b92496bbbcbf1510239ef3b3baad8,2026-09-13
0b0e97026a57495d63cd068f3d30ca04,2026-09-13
442ffcf4743dfa84b0a53fdb8218141f,2026-09-13
b23400422b628b8ce3198c3ed402a9ca,2026-09-13
e4d70ea35b2f43e7870d79ecd6ba46fe,2026-09-13
ab32c2bf4d553067e50d259754eac146,2026-09-13
f110823529bbed32269ec495083d6e50,2026-09-13
2d8cf1c2440082766e4e11e3196059fc,2026-09-13
e2e9171c07902054329345a94392eab1,2026-09-13
9a05146daba9a59cb1e41745c0dc3d88,2026-09-13
02ee12404add1cf3b86d2f083246f4e5,2026-09-13
d5d4acf41146d6e9feb83f5d2a616673,2026-09-13
898e35a7c2726abec29a656c23f89a60,2026-09-13
14e34520907560be77437622526f2c8f,2026-09-13
bfa0b445f4119b00af914cba8dff4710,2026-09-13
7e1864df58784c507c01c2b458973cf8,2026-09-13
895ee72125a9b81df353badb4841752d,2026-09-13
9e4fe0104b76ea2ed2cc41baa9d635fc,2026-09-13
d9128bf4e5802f3d79c335fe063aef97,2026-09-13
ed4be7b2e8b6f75070061d3896a5603d,2026-09-13
f7ffb7714f9b550c0c288d2ddf20585f,2026-09-13
59c39e881eeb26869def3bc3fd4cb6c8,2026-09-13
e52214fa765066067f40828e426525ba,2026-09-13
4039b90109792c89083d908658406863,2026-09-13
0e1dbbb54f017e3c7466e926bdf01fe7,2026-09-13
09e1d26380c86dd4c8f15570a89d2d65,2026-09-13
643a6aa63b8525e1d0522f426706410b,2026-09-13
5f43caa39946a60541726eef24ab9ce3,2026-09-13
0b6040b07d61622b68aac2f9b4298057,2026-09-13
22984e3d4528190f05a226c351f32b0f,2026-09-13
9205ccba72abae84c5b9b1b21100c4f2,2026-09-13
d4a08557138ac855bdacd07ac4b203ab,2026-09-13
97b5dd14693e41f6e7297a4c6d82691c,2026-09-13
70d8b6822ec9973e213633f304a9e856,2026-09-13
be69eedbe5c6686ba2fc4b26cd93f9cd,2026-09-13
e4d8e4969de120f0c40b6b8e10d7b867,2026-09-13
116a56f9f3cae228a95fdb790f3cd340,2026-09-13
3cc01990d57734491cf0c53328c40e54,2026-09-13
e06eedc07c09a07c96d144565bbe5e89,2026-09-13
3e1b8a5ab869ff5edea45c1abc35bf74,2026-09-13
3c6fbf2ec14f914dedeb25c3c463103d,2026-09-13
cadd29bf1919c12b6f32735fbb55a53c,2026-09-13
86827d8de77373380cbd3139b26e7192,2026-09-13
0792e59a678ac1a988b1ef9db0de18dc,2026-09-13
31f8d36c4d1d2865a7ab53f30aa9b544,2026-09-13
08148a72a10d04317d8cb46593463fa9,2026-09-13
c704871c2aad28e51c75c8cfcba6a262,2026-09-13
78e545401cc9fc9974c825cc95b95c9d,2026-09-13
be1e28f5dbb54468f24f62e10a09c2c6,2026-09-13
a5604911236527c3c9884e6263e2a49e,2026-09-13
a0891e8496c52e20e3902ab4527d50f0,2026-09-13
6d70373ee467f701e5986b6c3e8a962c,2026-09-13
32efb2b6c8b8d4cd13afc61a6af4b79b,2026-09-13
9547b5d037a92d402349340e8de74a4f,2026-09-13
5dafafe6acb88868626abae3d22eb2cb,2026-09-13
1d9572691bd6fa4733be2fe062a29206,2026-09-13
70a1f5b02137f1801b0bbd1de4ecfd7c,2026-09-13
291f96b62cb43b2020e4156afc407626,2026-09-13
26a77def482e7426a4a618b48ef81e8b,2026-09-13
f515be5a03dc92670f48019823e84e04,2026-09-13
6f5256f43d6166c7c2f8ffc5c1e3bac4,2026-09-13
2012fdcb576734400d7dac9557c94b4b,2026-09-13
edcda6e5df142b1d3259c841a3b50f0e,2026-09-13
aa69370aa3d3e9afe00fd650f9fefaa7,2026-09-13
b82b90279c84a4e003832cad57c03b2a,2026-09-13
3839f7533ecab30487e4b16905dba89d,2026-09-13
ffd7becdfdd7fc653ffb9a9f60214aa7,2026-09-13
eb6a9e8da68e7dd67c8945dd637a54ae,2026-09-13
e7a5b0dd3805e3d7e699cb4da5daf132,2026-09-13
f4b89287e859b35ae75833c18948ef8e,2026-09-13
a0eb711fa439d18a26ea25dbcb1e207f,2026-09-13
aba06d1d0fa11af7c9a5c5ea6af9bc21,2026-09-13
0f743b801a4aee3100c008a0079fdc83,2026-09-13
b0b1e3a632310a29183928c0cb8d7e94,2026-09-13
4729dc597cc99de8cae2ef03e3c5e52e,2026-09-13
778acd8cc6b8ba7c9ffd19daadbc9e92,2026-09-13
320d4c7588904c13cc84dd7cedc8def8,2026-09-13
c1582243745d4050a2a1e307682e5f8d,2026-09-13
6fd2213ebb3e9b991cb04e134d46fedc,2026-09-13
b8321103015feba533608ea7a963e0cb,2026-09-13
30d6b98e7adf2834866543e8c82a2291,2026-09-13
0e12bbf64d3ff792d3978f958ed6e543,2026-09-13
fb075dc2661a3db6bc3e3ce03a10abb8,2026-09-13
862eba8b21f8061201fc691f0166a90e,2026-09-13
0f21a7c095d4e7dd97dc6939872f9dab,2026-09-13
54bbfaabbe25efb0f6a36a51630884d3,2026-09-13
59f94b83ff9e3aeb9bad4037a7c87ec5,2026-09-13
9666e688e3250469abae31ce24a2cf73,2026-09-13
0c29deb0d8ad482aa30c151b3c9a79c4,2026-09-13
4879398f1ed9fb418c2c2f7f3fb24cce,2026-09-13
eaf6d61efed1a12ebf1456e2f3bb7cda,2026-09-13
20a4a0def60d660b839397ce92ad3cc5,2026-09-13
4e7dcb4d42f9f77e53e897cd0828eab8,2026-09-13
ade18513a0f5ad391d77d807dfd68b24,2026-09-13
bdd7a00717512864b79734fcbe03d292,2026-09-13
ff2d6ac6359bdcf6f65be6e169507a30,2026-09-13
f3da9d0a75850ccad97eb523d29c1867,2026-09-13
9cda5ad20de6c238b6daadabf4caad9b,2026-09-13
2c188d881ce7e4eee482ff9957b0b12f,2026-09-13
766b225e6479b026c8982578fa52335a,2026-09-13
89959ad61d2c57afb03d6ec1ad40887f,2026-09-13
b3b3e39816dd3ca54ef2a2120e048624,2026-09-13
4729187013795e9abf945c4a2ab2cd6c,2026-09-13
3b4625c2d315cfe72745fde128e33de4,2026-09-13
f70cb6697163901b390edbfb8bce986e,2026-09-13
4c3951fad257dfefb40cfa9a3ca90c34,2026-09-13
8974ac7a91d7bf64f19019544b3816a4,2026-09-13
2d1d7c4427dc119cdcc8a8cf19d58b45,2026-09-13
d846528cbdd98496ebabed3e8ce9cece,2026-09-13
1238e3bc2eb61e4fd9c012427a35fe3e,2026-09-13
63b719918b5a3c0a6df2676bbbd6e399,2026-09-13
2cee81cb0a6ab1db9abcc1c2627ead46,2026-09-13
578ba9b50e9024773198960c7958911a,2026-09-13
c6f306ad061e0820b4b8100d8c27ba16,2026-09-13
8c540256a3240339055cdb355c30347c,2026-09-13
eb9f08aebf7720151ff62fe6c5468593,2026-09-13
c50eb9521af583360959055ab28da99c,2026-09-13
dcbfcb6b47a8ed6a96bcb69464cf3d19,2026-09-13
448e11cabeffdaee38b4ea91ec815f52,2026-09-13
5ccb9eafdf2eb15d48816c0cdcee8024,2026-09-13
6d04295edce3aaa27e1f5f0ac85f307f,2026-09-13
4bda9870113c02635781cd55cd9a331b,2026-09-13
6946656f90fd4c1aeea477c105bc7d19,2026-09-13
71562803067a45176e45c8ef21a90e56,2026-09-13
890b5639b9ba1abc3da5f2ca05e2deb3,2026-09-13
cdfdf8b961bc0e757c3376c7d80e1af3,2026-09-13
33256d7a722b7df192d6ec8330fc90f3,2026-09-13
99133a13bd0f7e117c54ea789ab84dc4,2026-09-13
6a7908fc469a6d895d8e09bffb61f8f9,2026-09-13
d27da343f276119914bfbe216aa29479,2026-09-13
62085d7a1097bf092b73cbd90b5a4514,2026-09-13
4c19a73dd08ca99cfedf464267cafb17,2026-09-13
7b0a0ec1da4f9589fea70309fac574e8,2026-09-13
053f6bface28f5d8be4ce0fa1443bc71,2026-09-13
13dbc37729c09b256499e1a838643904,2026-09-13
3435df2df8c5a7056d882270e3bae78d,2026-09-13
cc3accd979ba7dbb8e42eca59450199f,2026-09-13
6e7189043e698f5f06c4e19490311bf3,2026-09-13
218ede55c871787fadd4f8cb02ea7120,2026-09-13
d2f2437c340b0f2eeb40148ceda2f122,2026-09-13
e74479b58e637ef6b5970212eb034fbb,2026-09-13
80ac3751facd98d9b93acba68b46ee32,2026-09-13
a8c8d384ac264a2ce3882fb287084cbb,2026-09-13
c5247e7385ff12442648d1ec5b5e6c91,2026-09-13
6d8276c7824e5e7aa5cf75750f6ca63b,2026-09-13
eb68a9881c7a537a2018366c5566628b,2026-09-13
2c22701daa815df380c5a4d3c62a8ecc,2026-09-13
9de126b372fcff70413a0f48e208f140,2026-09-13
9457b3281475aaefef1140b2e75cd704,2026-09-13
af3fc67f818c0ce06734bcf780bdf5de,2026-09-13
c9b6baae06bbf56b39081421e201db87,2026-09-13
e528926271d79dba8f906f24029e8dc2,2026-09-13
ecafe00c615c3b671c4972be8f32b1c2,2026-09-13
13362edad3bb75bbc95cd8766db73366,2026-09-13
2bb8169ec27651a73d40b256b023f0a2,2026-09-13
c40550d64dc4e21b19480ac7b07a9155,2026-09-13
9cc6734f4bdab2d5479daa7d00f58697,2026-09-13
fc00818ed87d076ae941fc1cebe95f72,2026-09-13
1d532f5e7a6fbc036c6605b293a3367c,2026-09-13
f27e0def53209add1f068aa620db1635,2026-09-13
7cf5b37d301c362a8e90f2e6b36e15c5,2026-09-13
2aea8a6ef8a235d1f51a5df58cfeb5c1,2026-09-13
97b4b8bfac4fba702672efaac4e6d988,2026-09-13
a7f0b7bbc6aec96bf60f006d6053d5a4,2026-09-13
806f56526504b5374951af781da82b73,2026-09-13
9b27c2e0513079167ed11adf3798940b,2026-09-13
e0e47467c45d4d6954057c99d417e34e,2026-09-13
a9a948f59920f4f483d50bbad8157f6d,2026-09-13
823bfacd995d0a7a04392f65188114c2,2026-09-13
6db8007c52ee3151ad150600e7f8fc3e,2026-09-13
2ffcec4252682342cd2779cbfb0c7aec,2026-09-13
0386bb1fa07c0a1ebbec013f9e47bb91,2026-09-13
213256eea3dab3a3b274bdc4b225f982,2026-09-13
c969fd54537b707ea1c25f3068475a0f,2026-09-13
23d10a24aa74c34befa0cce7491c45e9,2026-09-13
f118868f6ec5b621ce65ff31ab5dd1ca,2026-09-13
9fb91ff54fea34619eb117eeaa43dffe,2026-09-13
77ee17b3e11808cd4fee7bec99ebec57,2026-09-13
d773378409c6dc9fabd733803014b757,2026-09-13
5301170b3115b7f506e36891ce2d6926,2026-09-13
2d2bb88ac16655177deb2c7e45af0c56,2026-09-13
6411e5b9f771474a2cdbaf33d35f0f30,2026-09-13
a6c46e3299d112b978604a157de1ff2b,2026-09-13
7b491e7858c5869c8147f49a28640d33,2026-09-13
16d37380da28596dc5b8bcd8b371dfec,2026-09-13
ed0e74c7d5cc83a1863903d35c8d39e7,2026-09-13
e46aa84ac3d5f9009c6d3f262dc9904c,2026-09-13
b27c718737f33ea8884d75377acccb9d,2026-09-13
2c97275c3cb14710a49d1878f28eecc8,2026-09-13
e9a01900ce9311a0a56ddf61a36e9d88,2026-09-13
197c6ad5491539ff7a3af9f58b447e96,2026-09-13
afb4c1d6afd40bad2fe6e91cfd1e0b1d,2026-09-13
cce8de392d872d951019b5272e1ad7d5,2026-09-13
0b8d40a8aaadd9ac0928acaa10de3c81,2026-09-13
287edbf288e5c4d972ff94105d5e9726,2026-09-13
206631ee32f606df37a466456d3bda13,2026-09-13
8c310124661bf85b205ef78bc88d5431,2026-09-13
9556122a70ce3aa87c7d937d54ff1377,2026-09-13
7485331cbbacdc6f52482963f37a4e73,2026-09-13
007998ec04a922f473d6eee206ed3c75,2026-09-13
32bafa956f03d123449ac266dce40131,2026-09-13
8fe332f13cc86ccb9e6390a520f966f7,2026-09-13
24681a64e8c1cad3d00f5f2e5d596f5a,2026-09-13
d95da9400ae182e69dfd690abb011ab6,2026-09-13
a7a2bea68b3f7aaf3c4f3dc4b9039ab1,2026-09-13
54a8ae46c69bdc8eb5be78765fb2038a,2026-09-13
1225d4bb7fb59a6cb274a687bc2a0867,2026-09-13
6b7bbfd357fb20dd6df50bb1b3b1dcde,2026-09-13
29724f4b64b24ead93b2ac385f1665e0,2026-09-13
656945269cc895ceaa152e0123c4bdbc,2026-09-13
aa8dbd68fc5a059e04808af997ddf6dc,2026-09-13
145160bc93f45d7ea3dec54ddad71de8,2026-09-13
c1c688c034ed907702f737ef1b7ecb39,2026-09-13
633c47f063297fe4bcd788d64971f48c,2026-09-13
f761466acd9778536f5cae7e4c3ceb69,2026-09-13
f0d60bc66e3338526fe42325bff79e78,2026-09-13
731b824b60f5b7b2b3b3e54e94ed3d24,2026-09-13
9a0483361e4d8036483af95289c36449,2026-09-13
8af1d0131ba41e758acbe9baa49376a1,2026-09-13
a36dce409b2ceb33f6297b47fa3e0f07,2026-09-13
1ab4d17b4e83cc13f552cda06e28fe2b,2026-09-13
2b8ad4e4796c11219da57fdc15fc1eb3,2026-09-13
b90489c2c6544a550e76ae02baa14644,2026-09-13
910c913165b128e6f492bac1bfdc3666,2026-09-13
3a873613659d884c0d4c16ac6f01d11a,2026-09-13
feb2b1129abffb87fdc070aed85d8674,2026-09-13
5283171181b35b569b40ab5f20874717,2026-09-13
f07d2bd7208a5c7e4209d0ced6192f3c,2026-09-13
76dcb65561ceaccbd82d1d665b7a6e80,2026-09-13
1ca4781debef8271b26d38a9dd8289db,2026-09-13
aa68693e3aaf81fcb7273c656cfc116b,2026-09-13
d9c3ece10902d781dbccddf5dfd2bc8c,2026-09-13
1ae5c27341d8723df365e211f2efe9c7,2026-09-13
1e60458a5504c922cdef2d6a5a4ad20d,2026-09-13
3bad016c66a874a50e6e2a5567902f30,2026-09-13
5980ed7da5eadc5dc31512be046e3eb7,2026-09-13
97e32a0a0dcb6a1d4946c73254bf079a,2026-09-13
26f88259ef520352d913b3ed3ef757ab,2026-09-13
3b470591380f1d8200b85af28b01af61,2026-09-13
50ca1480566c3076292397144855cb54,2026-09-13
925dd70997988b3023a0f0f09d75bdbb,2026-09-13
62884efb4c39266b33f1cc86a1d0dc89,2026-09-13
1f7f09ee1c0b9227e2c763b616450a57,2026-09-13
93f449a0e151bc5e2458c04828e5a82c,2026-09-13
ada330541b7ea43533128f11ddf40c2e,2026-09-13
af17f4a623c101aa8bdca748d618910d,2026-09-13
eed89794970831d63b31d495468e9280,2026-09-13
a5193d5f3b9e2b9b0c69ceec10e38fee,2026-09-13
c403a382a51367cdd74920cc87be9f65,2026-09-13
121b47c3852110e97734419c98327be4,2026-09-13
a65c694031f0c09765fcf7783c23adc7,2026-09-13
9ae9739d4ab80745c5cb1498b49f9816,2026-09-13
f71a767c6232a29f8b1491b85b91baac,2026-09-13
a0b94aefb9f7174b2cbd17353c4b7b19,2026-09-13
f4eee41e10d7c773a4bf46514ccec27f,2026-09-13
3bda2294c3bff957ea1d47615762baec,2026-09-13
ee3db4d544f746458556b0f50d3abba5,2026-09-13
b23bfd57569e79c077384a70f98e7eef,2026-09-13
149b84ce8cf199e7738113e438f81ab2,2026-09-13
1f255c4de8ac410e2a13df97d12570ca,2026-09-13
d7fb67a09a53835a77d142f913535e05,2026-09-13
b832fa089f23e4fed42bf069f7b78a01,2026-09-13
1b84f3cf9ba460ab6be356e8fe00bbc8,2026-09-13
f3d2203594d6fb0ace715a1cf06b3a47,2026-09-13
ff0406210761ca528a8e8cb0930a0f37,2026-09-13
cb1d97feabb798b1ed2cd3e67414c6b9,2026-09-13
21a74fdd63e5b3deda62b90e4857383a,2026-09-13
01a234a298f95d72ec8a5b42c4ec1439,2026-09-13
b17f653baebbbcac6af2296781c6f441,2026-09-13
0ff010b55076f9f35eb723ba7bd64834,2026-09-13
be6277a421e61d6bc2e58a6df74ad45a,2026-09-13
5b3561d47a104b9fde012abec2d36df3,2026-09-13
2cb7b373a40fbf11677a3a85bdc7901f,2026-09-13
5dd6d469291f31ace253ef3dfb441b29,2026-09-13
61a8c4fa3884174d38bf8a06210654f7,2026-09-13
3b5fb5a9d71c9c26c0a973849fc38432,2026-09-13
cfca14f0fc7b8e82f38f0a238c8f03f0,2026-09-13
5a55e8b86a93d23e35b1d7da1b59bd18,2026-09-13
a136962b6ebf0ee17a58eda0c7168c94,2026-09-13
c33604624deee244bbe8db0e4c3d3013,2026-09-13
0c913c5d0a29d1c4a829245117b29bb2,2026-09-13
dec1566c146bbf287873fc5a4b514949,2026-09-13
02dadad6f6458a69eb16e276612ad824,2026-09-13
bbf1cc094d39472429355c52566a0a35,2026-09-13
06266b91769c7d7c2e6c16f3b36b8010,2026-09-13
99d05a0f02122ec165f6395170cc1801,2026-09-13
c1adf4a74e7a0558af393445af6a7bf7,2026-09-13
acf6e4980782f3d2712ab02c78c18d0a,2026-09-13
31ae9c36a211c1edaf9b4cff2d6b3f6c,2026-09-13
6f82b505767e505fb6452c3432928e27,2026-09-13
7d48a029d4108e83457e0c3a14967882,2026-09-13
8eb3be4d28d5879ebe18a35e9ae2f7d3,2026-09-13
1019987f1db6a3922ea061c413661e9f,2026-09-13
88637c29b0bf798395f563ef0d8859a0,2026-09-13
46fc6dc466430d1d608b8908b8b3e4c5,2026-09-13
25894df6d74a64880130c80794a3a908,2026-09-13
694b0e608516c149ba5f6a526b5188c1,2026-09-13
85b36b383a7cbac5cebb093ceae63fc3,2026-09-13
8211a1b0470a23b8c53b7da986b0be15,2026-09-13
d9331053d70b557c8db91b516a0610ad,2026-09-13
bb90d833438d47e9ad103d4f636ccb6b,2026-09-13
e070513ed7aea536fd8b0865b4434d10,2026-09-13
70e826d1ef9c66852483eb4eeb3b90e1,2026-09-13
dd838ecc36be21f55a6b7298d483e1ed,2026-09-13
0f02044a344dc920c815b2657c04c30e,2026-09-13
3f201c3cd9fc45adafa925cd739f5a5e,2026-09-13
32837574accc7c27efea1cea12008b9a,2026-09-13
9cd86025db9d777559ea79eca2d7c7cb,2026-09-13
8a45b62820c62760a0c40b47064642a1,2026-09-13
126132abb16c5a24828594c16c1fdd5b,2026-09-13
8b383303becca145cc722d6c80f6f96b,2026-09-13
1a6c25582cc794946de258490b6c53d0,2026-09-13
5ff0d01244add71c494da4c1a07d66e2,2026-09-13
a90b03136c1dc3848b09e9c6b28b0b15,2026-09-13
3eade444314973a1a0a8b2d47f937e54,2026-09-13
59526369b642f392ed7a000dca76d119,2026-09-13
5cc1c03f3757808ec8bb7196f3a3b4b0,2026-09-13
66a3fbf7b74d53b445dd31cec813cea1,2026-09-13
f67950cba4b5ee443b79700e5474e289,2026-09-13
2a01e723976aa7f7885e69e1f2a765e9,2026-09-13
408fd800884a20918a272e010cf998b4,2026-09-13
6b9630d5f32afaa1504e5e4c580c43c0,2026-09-13
5f2b91f1ed62670c10448e208b14eb19,2026-09-13
ec2643d192ea8b909e2a12d4d95074a3,2026-09-13
67374c65969142466bb86e6df9989b42,2026-09-13
5e6a6baf39d6585b9e846e875ed84c2c,2026-09-13
69ce54a34ba4be289eeb5b30dbaf0e7c,2026-09-13
c232caad30df1dfb5b2d4e308b04e386,2026-09-13
818ce691f14924cebe1914a3f14aaf4a,2026-09-13
038248d653cdf36cc3ecc84e2017c13b,2026-09-13
e002718d3d74de18b694346a7e7de6cb,2026-09-13
94ea03cdb735a4cadced65b259e7a822,2026-09-13
9cfe66c586e62ef458155e76deff3214,2026-09-13
b27f5740ec3b6113cb68a86ed8994b6b,2026-09-13
e549e523623fa9d0926fc1c7c7975fd8,2026-09-13
b145f45ada9c6bc97060d8e206265f3c,2026-09-13
89f0b3d90d031744d2a934519a33613c,2026-09-13
2ca59840fc96c164f331de50299d5b43,2026-09-13
607a8662e15056487ee6293db693372a,2026-09-13
2ea0f0edebb4c2ed96335041df62b92f,2026-09-13
ed294a2448fc7896078d2a9e38924d61,2026-09-13
e69967cd0aa13e3bf04365de55777a34,2026-09-13
edcb304e7e859f9074392d13819f0d64,2026-09-13
8486feb86cb9760d23c4141b2ff6995d,2026-09-13
410d4d0541ec0d709ea41fb7902ccaf0,2026-09-13
0e0ade5aa3961d36ba9a3344b4d26ea6,2026-09-13
04d2584e7f42def5d0ce4a336c6ad236,2026-09-13
a89c26ba584cf9117d66f0954b02a637,2026-09-13
e5149fe84d3a40236347f8f148013e5c,2026-09-13
2914f5985c0823e9be63e7b7e321a14d,2026-09-13
3e0417806529d13a09559ea5fa7fad2b,2026-09-13
2c94f87f1a6f8c49e1918091949f02cf,2026-09-13
d1716a2e8d7130ebaafb2a557173e284,2026-09-13
fe05844dbb604960e7b63d1bf087d554,2026-09-13
6b96ce6d251fc00de652c54c1721a118,2026-09-13
512f8357737461d74b1029680335fcaa,2026-09-13
07e46053bb0ffcf92648d40b7b96925d,2026-09-13
6750d054a8afd1c004e5349a150e332e,2026-09-13
9a7d38e52a954b8f000874170d88c590,2026-09-13
35c8b71050d0563c2ba47b11f2e67aff,2026-09-13
dca32ba75d667e7a11be2a420abec6eb,2026-09-13
0d1b9aaa38f73328cf9ac60a1925976d,2026-09-13
9edab7f435e21c5d781637fe8efb92d4,2026-09-13
9216a39f382cf58e4b2d33a219ced7b8,2026-09-13
04fca29665bdbac2e483bcb455bbc62a,2026-09-13
254de9ee9755589f061c5974be5138a1,2026-09-13
210081af81a4ad23434703f5115b6124,2026-09-13
0774ab09f836b330cc57a4c6baf01f1d,2026-09-13
5f3f42f7ac97ee6c0c2ae1c315385fd4,2026-09-13
c774b66864da7d7a1d47f0d9ab205ada,2026-09-13
82086940d4842cad522d3e973627aa22,2026-09-13
ee9cd1aa859e06672a3f6980d9c7bba8,2026-09-13
615a167826c90e8379bab2dabe121477,2026-09-13
e7d13d44e53f44f42ae6f235a9be55b4,2026-09-13
9ddf76561307d39abaf253945e3dddf3,2026-09-13
212113a11008a3eb7900782fd6603c26,2026-09-13
468cb419b46ae3de33f17bff5e74696e,2026-09-13
41a9124cb8c7dfbc5140b0d20a501485,2026-09-13
3f3b850845c8769c484c90f4b33b0e59,2026-09-13
bd8cc04f99cbfffc7e2220e7cc2f43b3,2026-09-13
06bff4a0da5068ef911b330ed749bd70,2026-09-13
d532a6ec6a6d8242f6f2c221154b7f77,2026-09-13
725fab8446c2e64c9789c9ec5ef7a816,2026-09-13
5ced0e6c5f7880c8e0a3d8ad9e73bce8,2026-09-13
e3f3982da3bc78c93eee27a0d96c72d2,2026-09-13
4ae601ac2385140fec01bb36b4912517,2026-09-13
7f8fea4f150255f1ed533583bfdfd643,2026-09-13
322d113b5527391947a728000bbdc9f6,2026-09-13
d45582a15b67c27d148a2ce81bcc9b9c,2026-09-13
a40c517e229f5ac674019ffdaf62fcb7,2026-09-13
66956ba6633ead148d2badf334e8064f,2026-09-13
f4671bf9594abfe95548791815f02c23,2026-09-13
1863f37b0e6d4f90813b48bd93e3b622,2026-09-13
553a0a77bdd36af97445d678dc15b211,2026-09-13
a70896370561d61642f1ffda32e038ac,2026-09-13
e8f47f070821bfc9c738e1f5cb807644,2026-09-13
e488d0813cce521a5db231947778a422,2026-09-13
23520ecb71771d7b265b346b0306fbe3,2026-09-13
4f2919c5e7aa55cccc199178ad50b76e,2026-09-13
8995a821dc6b400b26f7818c311ebb74,2026-09-13
fc731fdb4d327fcd363b1190c860e88e,2026-09-13
51987b9ebfab418ddc4f33763c960618,2026-09-13
41c58d066ba73358e7676bd71c862ec7,2026-09-13
cfa06d82825724e61b2550165045cd04,2026-09-13
0bd790ee1f51d488eb8e98225430309f,2026-09-13
957131de5291d97424ab3d61c64be09c,2026-09-13
5c98765b2ae8febabf8e3f3d8f194cc8,2026-09-13
a2ec8e140b5987c80695502ebd6bd82a,2026-09-13
ca02f5c1611f58734ee50ff116cbec0a,2026-09-13
fd23cc1f1b30bc537583b165d331ec6f,2026-09-13
9a6fb56265df4856e1c9e34ecf5d9864,2026-09-13
5e30530ff60f18f4b1ec49834e523459,2026-09-13
1496777f20b62cdba7ab800f2ac7fe19,2026-09-13
0525d09d1c19b5ae9d3d75769c60d81b,2026-09-13
c4173cc3036b12985b1fcbe43d6d80ac,2026-09-13
2dd5f25a32e2ce1c08aa4a84c528cad6,2026-09-13
b6aa03fdfe6734f96e3de0f43aa5951b,2026-09-13
fa5a4612a7d817f51660c6f363a0b67e,2026-09-13
6f1789302a2c63d1b0e564b9ef0ca4c8,2026-09-13
a898c62ad6b56e17a847e8d298142f46,2026-09-13
8644c71a716a6cb8a9f135f7f45fd041,2026-09-13
8528178916f058f745e5a5ba7cef95aa,2026-09-13
9403e329229d107df751791d270d7cd7,2026-09-13
08b16b4c29bb5dab9c024f366696203c,2026-09-13
e25018dd233c3f41cf3449631bc98523,2026-09-13
4c7593ad658a4fc731c4642e3d037205,2026-09-13
b850dcb451d243a013d738885d47eac8,2026-09-13
d053133f4644e65c7d25b7ec37fb5ef6,2026-09-13
45afa05e9f5ec36070f325c21b1bfaa1,2026-09-13
a712028d45fb59342b0d5e23c57f4536,2026-09-13
1eb3bddf1627ab4f73dfca081424672b,2026-09-13
b84477d1c337b448790efac063f117e6,2026-09-13
a0bdd0a1ffb851c30bab60d6258e7d95,2026-09-13
8441db657b6c3caa03529344806b682a,2026-09-13
17b17a389b2206c77b5d8768686625be,2026-09-13
a40532653c48e305416a2d3a3a4da35c,2026-09-13
2be76ebc421821c7d5a14041c881b7d3,2026-09-13
d8b5e9a1714d6998d04b70a25f51123c,2026-09-13
e9bc845edbe290e4effe9ba62a0c6054,2026-09-13
4648fc77cd2d3313ab1d6f56bedcf9bf,2026-09-13
9c45763147039db8a9d5c77393a235d3,2026-09-13
f005f7cc1c68f8ef8098c1d497499fb3,2026-09-13
e484046a8342886b7973bfdd8785e444,2026-09-13
5f24577b0a2a15b65fb8e8a442a86458,2026-09-13
6f838bf5bbfbefa0ec33aef568c65e28,2026-09-13
a649deed50a79df0d75f69f508766928,2026-09-13
9644bb78d141ba3c7c5e8eb7494d2cff,2026-09-13
b71d57e3cfcff214be5fab9bb7087a7b,2026-09-13
baaf0218ca830822ee63aff0c503f3a4,2026-09-13
507560a4f470333b6ba39651fc558556,2026-09-13
4145f01b19f5509030b3e42e7cd20a09,2026-09-13
637f2b4cd9934c3c73ef1d246c51fd53,2026-09-13
17ad958d1768874f61ac1bb443169664,2026-09-13
633a215f1c9800c8e6e5a3a5db102272,2026-09-13
1844533919520bc47743349b6c9e866f,2026-09-13
5dfa294a4bae2cbee1d849b64d7aabdd,2026-09-13
48a191aef6d65da37f1e28e1a1047191,2026-09-13
6182b6764325dab4a77b2e12c59fa559,2026-09-13
d60dd0cc4539266447fea8c6e9f7f17c,2026-09-13
5d4117c1941f6827a934e2c1af98d68c,2026-09-13
36155ea32499c2d46f510685add06657,2026-09-13
eae0230ac2b21eb697e480206e153e4c,2026-09-13
90d9fea847eb1a99cd7a8c0a1518d63e,2026-09-13
65c47090ce39862283b03f3f0a887e1b,2026-09-13
5e04f0a3ca687dca316b520367263169,2026-09-13
0a5e4352a8a3a07dcb4c106d9a611a37,2026-09-13
72cfe2d08349f57515a502c4a1369ff0,2026-09-13
1bcdcee64e8666bc38f8aad7d1be3f22,2026-09-13
40dfbed6d44f8120cb2b89939fe5969c,2026-09-13
bbdcb2a6fb781fa5bdb4e581ca00a810,2026-09-13
c1143a383b045b349dfb40dc4cc620cd,2026-09-13
c3457cd6dc9cdc60e0b686be90da5ee4,2026-09-13
8010c47ba7cde121d3fc229921b1c1f9,2026-09-13
25b4e1bc6ef6324096758e7a59ab2ec2,2026-09-13
4ebe97d3d5e5c7e44c57fcba32ace1ba,2026-09-13
82850ab357f29b50ca4e62a45315578b,2026-09-13
7cd03b06dd857ecfd8012b4dec5dc6d3,2026-09-13
8ed39e0bc3956372120a0afd93c0b279,2026-09-13
2ba4bbe73cddb14bfdc8589b68ea06d0,2026-09-13
5e1a8efc3e6ec861d6b0d3e925f63865,2026-09-13
2a9d4fe48bf768e02b74a89d381056b8,2026-09-13
bbfb76d3dcd81152e3425b7eee61d63a,2026-09-13
447708ff2b4522ca17316e383ad09f86,2026-09-13
52e926d5dc24983ff5209470eefc083e,2026-09-13
de541d482ac3fb7540971733fc4483c0,2026-09-13
3ee1752f4f50c495ecbc2d2099d9e541,2026-09-13
bae363a53b9258b9a849d02e251383fa,2026-09-13
e2556c9e08ab1a3779c8134a5ade17a2,2026-09-13
5602ce0c73bb2ce41fa7873118742ab9,2026-09-13
c472399a92b3375d557bfc12b56931bd,2026-09-13
d703311037cbfc60f0031beaf7212e78,2026-09-13
8126ea9f05517431708603b1564085d3,2026-09-13
d2c44887de192bd599660ab93c759e65,2026-09-13
2e0f4b1d007d5906c1d16cf687481468,2026-09-13
35648c34c79f973d95139ca0dc55947f,2026-09-13
6a0c7c95040f8b33c5601c97aba62606,2026-09-13
76c5e4b5c36edeba706ea7c7add58c92,2026-09-13
2300dc9cf4af99647b3a43992209e44a,2026-09-13
2e888cce6d62614af9f57d727e6903b2,2026-09-13
c0af82d97e6ea7a9b0594ed1d67f8e50,2026-09-13
cb7933338915c217761db9c0bcb301b4,2026-09-13
503a61fb16713e3200e1b442bdd2d79f,2026-09-13
97293b47c048713824016112d871040f,2026-09-13
e57d9c4e6c8d6e7796ab9725b049eecc,2026-09-13
3ea5ea81a1df41de05ee8b540fdd5fae,2026-09-13
d038d8610919967667b325335dad654e,2026-09-13
adf453df0e2c3e7f8997c2d2e48005f9,2026-09-13
bba649cb887ad280a9a40c54e179d581,2026-09-13
c4f429305c0e787f847e36ff04221ff7,2026-09-13
ea34fc54e2779345491d964cd5542a15,2026-09-13
c99188042295f51bb05ece9ea7012f14,2026-09-13
bdada819b4a5fc98fe05e8ed5132a780,2026-09-13
7ea27484e6dacb0f9b2fe0214d2a838e,2026-09-13
072199203b05f918a37ab0296bcb9490,2026-09-13
2aeb6a55c46c2b67184da11599f3f603,2026-09-13
1221642de02742174c9c25bdd51ad9fb,2026-09-13
28e862c5feed5fd65391eaa960ef5040,2026-09-13
46359b3d6098749558bacc0085d5b7f9,2026-09-13
f4de842fde5b9d134f1350302ee96431,2026-09-13
df8414e2f303cd6840081cd83a1e8a93,2026-09-13
d9ec246bd4fcefbb01e7225c13a36afd,2026-09-13
ef989becf1e1f4df92134aea15925b9f,2026-09-13
fe9f5cad2e2bbe0e6b3ec5298c24f817,2026-09-13
cdb0ac47b16d90104edd75c285540e35,2026-09-13
554038f6c7f1cf1016903f535e5f6886,2026-09-13
48c455dcf971f3341ffa5bf179dfb831,2026-09-13
6334c464ad17f79f9f1c4b0fd59c47bb,2026-09-13
c6127cc48c6f6a6275234eafe3cc63c6,2026-09-13
7bb0723bda2b1a6671e74f0175019eab,2026-09-13
c89d8cb4a6c1a07c0a95c7a2bcc03dbc,2026-09-13
8b657ecbe3aa64e7630afa999fe276cf,2026-09-13
1b427384b818303967377d6bc9b22545,2026-09-13
b8c777c78c22994e0fb4e67d4295d37f,2026-09-13
8f29e9cc2946717ce4fac410eba107c0,2026-09-13
166fbafd48af370e95e70b6eb732b0a5,2026-09-13
9671ade3e26be61ec7e86e6a13c2cf32,2026-09-13
e7675b2b0cdc1e5f2fef4be97489c728,2026-09-13
7e671a14ff3ccfb24644fe36fadd5b9f,2026-09-13
137b03b3ab0b1f87bce42a238003a9d6,2026-09-13
7c212abe6196fcc798b49d663c9941d1,2026-09-13
0c6f3caa733262e5c44ae5b4d65fb802,2026-09-13
9bf223bfd377548f432c735d8cc9c581,2026-09-13
a9bff14325a507a619cd8394284afbe8,2026-09-13
b62d2bc2ebe0e20975c79bc2b7de5ad0,2026-09-13
c2f02d74e6160390b22dcc78575c2443,2026-09-13
71e6df7d33792aa79b871afbe9dd34ce,2026-09-13
3f528eb7919bd11c7b3c6175fdb8c1a0,2026-09-13
c659feaa3ca34645c210d5e86e4cc0a0,2026-09-13
95280db6e1bbae748ee65ac1574e9e88,2026-09-13
f328ce60bd47c421b943c211a1fc5419,2026-09-13
64ddeb607af3d82094f02262ba345ac6,2026-09-13
7e1af5f649acf360fbd57b6941be5f7a,2026-09-13
b5f5e5471c25a78326440f73f2a06944,2026-09-13
73b4d41178eebc904cfa073ef58e64c6,2026-09-13
35b198cb9981d79a8aa75e38532ffaaa,2026-09-13
2f1e6a6b8e779ec5320ffa708e325cc8,2026-09-13
e5e291226d593c7a0b5f9db56253da92,2026-09-13
237afdb0abc079c71870cee97cff1ae5,2026-09-13
07a0a19adbbfd1b1ee01eba06b4fb2b8,2026-09-13
e1eadcc66ad936f7a70dded163f7cdd7,2026-09-13
bd536724fd0d84fa5542b54b08020c5b,2026-09-13
d05d100f3099b9f4b902c78020538d0f,2026-09-13
786bcfb794eca6566b604a058e86aa69,2026-09-13
90bbbde9da15ca4506103c0b0dc08bbe,2026-09-13
822462153fab6de6127d8c0e625bba6e,2026-09-13
3f9090820e2bf856124b1db42a7125d0,2026-09-13
7c5dc99f55c9c6810fd6009e7f495526,2026-09-13
ea1c70d0279a48a7b3043d6eadb493f3,2026-09-13
edec2e58bec15304423a145478b2c52a,2026-09-13
03465cfb4a0260442395512d2db20476,2026-09-13
53a8194e068d3357e17953f9a024218c,2026-09-13
7a4a7f254be0c51ab197434128b00361,2026-09-13
1e9879c74e75e0b88d64a933a7993747,2026-09-13
bd4e4aee9b3c7d46983368e5263ca0f9,2026-09-13
5eb840db0b0a2dc0cf072ac7665ff5e9,2026-09-13
ac7fb0067617c4aab40e5f383e733a89,2026-09-13
7370e5a302bf40357fa534ffa4b13f16,2026-09-13
40dc06dc2b019374f6ce501815b608e8,2026-09-13
c12a24b7a34f67e4fe0e4243a1349bb4,2026-09-13
1ee80d485e20ef904c1ec5f50957a835,2026-09-13
0e71d92b725e875534d64e3fdfa4fc9e,2026-09-13
a35c794706d64cd6738ba4ba1d9d5d13,2026-09-13
0d74e85ee3bd65e0ce32dc731ceed601,2026-09-13
0c340f5dc4d5b8c61d360d4ae0d564bc,2026-09-13
eb9a17bb7fc697eae4e02c6e2c6b23cd,2026-09-13
406473bea1e9e58f0fcaf9ba00b028ba,2026-09-13
260a35bc1b9ff0d26933a2a04993c9d0,2026-09-13
d43d6693c2c711e21dbd67c2d255fdab,2026-09-13
9fe092d8598feb2cf6d6638bfb20bc76,2026-09-13
069ca9905188fed8d113329c4ca230fc,2026-09-13
6c8edd79360fb4366adea7dc9be8b205,2026-09-13
02c1d3dbeedd6aa75e1f5136d9e1ad00,2026-09-13
d2d5d586249864a297b065285daeea60,2026-09-13
889341d57035cc0c4ff5cd4b77da90b3,2026-09-13
2005452ff93bbb28474c9d2fdba34a04,2026-09-13
e22988e7fc248d1d3a4556c321595100,2026-09-13
553057f743cbe129c921053013302cc3,2026-09-13
007c6c6aac03b01d3f86e26010b380cd,2026-09-13
86f201649b9617b9b9d24010f929e478,2026-09-13
bbbf49f0e51e061a7158b4f755daca48,2026-09-13
4f80d48d7015293a27d95ed16bd31d8b,2026-09-13
e28aafe10e51578a703d96f7ecfd86be,2026-09-13
d437c7bdb689c5f21cf98f2f6dac88f8,2026-09-13
2731046ccc153b49c6ebf4f57cd6bc61,2026-09-13
b64befee6dfa41a3e30e8772f29daf93,2026-09-13
d87152e76b57901bcfe3a61b03bf5ff1,2026-09-13
19e40d6f76253bcea755c5b312730808,2026-09-13
304ad7b44960cc645f6041b398dd3f81,2026-09-13
c92d07ff9697691045c097079df9ce81,2026-09-13
b7ca6fbc49c0a4f9ffa90dfbe9a015c5,2026-09-13
936603cb648d2fd2859a0359cd0059db,2026-09-13
610592fd3d6e2a636f30e579e90fae66,2026-09-13
ee132b86cc39cee9d122cc0d4b3eb548,2026-09-13
47acd2f0b466957644d996a9eb9b3f02,2026-09-13
b1d1a967e81650a099beba63407bef91,2026-09-13
322b9026b75ddedadae64a8ddd8ca52c,2026-09-13
2ae8dcc1463785c08d9596e7a282a907,2026-09-13
86eac0e8808e32b910a7cab2dac3857e,2026-09-13
924a72cbf6628035064a5c0af79595fd,2026-09-13
7d4432a357b28682241c5a974c4e6c93,2026-09-13
3e29b166bf425bdec093a7b4f5a065a9,2026-09-13
9df35720779294093ef2d493414c313d,2026-09-13
4bd717fc193319a62fbadfede1446de7,2026-09-13
872b0e8daf7e1962ec5ffab3769dd988,2026-09-13
a864fb3d0d447968902bc6ddc86ee392,2026-09-13
3c96cbf0cc89cbb310a5c68bacbd5141,2026-09-13
a50d8d9df09706ce4416948eb03ff71a,2026-09-13
c13b0ef6593f8933cf5b290283f3f210,2026-09-13
c9b771f8277ef3e45fca989e66e50cde,2026-09-13
7c34b426b484cab3623db57d22771124,2026-09-13
c23a75ec1b656f86cbe23479c2d3bcff,2026-09-13
f15b37f8600556ca39f5f4177f14cfcc,2026-09-13
9219eaee70657a3a2275c8e56a08d29b,2026-09-13
2afef573af16b566b86ad659f2c89037,2026-09-13
c6ecc0b2f8b6f6f4ef89af02b1fcd03f,2026-09-13
990149666583359781d1812948c16314,2026-09-13
e6ea59770acb0d45408c5d8804f2f39a,2026-09-13
05b82218b3824d443d5af2493efea944,2026-09-13
b9ee07f1376982d62b7ad728008c4a8f,2026-09-13
f623dd50d69ae4b589dd881aedcb2bdb,2026-09-13
3bcc84942a5715bc558bb97741245b87,2026-09-13
a542e0262fde3105da6685ed6791e822,2026-09-13
8f4dbc33e239e15c52cb9aa397a91d01,2026-09-13
33c91fb8e91b36b48d36244eec273bc7,2026-09-13
9f41b516c82ee383ee2b4c6f823fe73f,2026-09-13
058747e706119379ab932f885c827c9f,2026-09-13
eda2e4e7a4bf1d996e3538fcc647d5d7,2026-09-13
2c4c26fbc159ad9ae7635e93ffcb6253,2026-09-13
8586a6d3c979371c0dc260832e53f8b8,2026-09-13
f69ca39a81c74ace49f6130644d54552,2026-09-13
4f200cac78d5ba344a35a8ac5d91fb34,2026-09-13
cc7c026a35429edc426345c3a1210e88,2026-09-13
a56b05d2b336403818bc762596df2c2b,2026-09-13
b8a7fd2576576ad792a1f591bfc015bd,2026-09-13
fa2116c8265103e3ed30d3d4f6914c2c,2026-09-13
41f0b39af05fa669a91266f60ef45282,2026-09-13
f515a378fede08d9e3589660f2e06530,2026-09-13
c8b2372686be49eda7ddd5c11a6980c1,2026-09-13
9af8fd63807eb20ea10cebc548033604,2026-09-13
bef6140aa5b97bf9de3629836d765cfb,2026-09-13
e7adf5313270d4ce782bc391946a138e,2026-09-13
e63f27a4f84a47642a380d76780c4d1b,2026-09-13
5490dee127eeefe8a473c8abd306c002,2026-09-13
a2665565589d00b020883ca515565d10,2026-09-13
4ef02e64eba1070aaea0ecbf080e33c1,2026-09-13
4150576c1fb00f06dfd308910f2527d5,2026-09-13
d4b1e44d2236a15ebb78b9e8ec97e1de,2026-09-13
052a9787bef0fd9063644113e1e018d0,2026-09-13
c9f84966344a0638cd927ccb15688d20,2026-09-13
802dc4cc0fb8c15b80fe7ec3dd57e6d8,2026-09-13
a6a8b2f77876dc85aada58877cb4a11f,2026-09-13
0d2a9a22390680db6ff0ace85923ffcc,2026-09-13
87f5659b9be036eeb8f5cbad5cf89f50,2026-09-13
5e84e3ff7a1b75cd9b6ec628384dc1d2,2026-09-13
8411beb38381692d0b47f199a12b05b5,2026-09-13
1b73effca6bbb0249455736eb8eff23f,2026-09-13
70ec900caf22522ffd2d16c2cf153f31,2026-09-13
7f755ac38180e472c2426e0fd6c728b3,2026-09-13
c6b634e1753a369d433e6b611bc76047,2026-09-13
ac4615596a6492e59419b75f2672d3e4,2026-09-13
89dded25aecca53a039e43f429b73a52,2026-09-13
84c962a9b784691795e6436a9e034083,2026-09-13
82dc59c09b3601e07164a00515b8c8e0,2026-09-13
d06654bb91f2f94f649cd7d647d24b55,2026-09-13
0730908ada54523fb71e398274a62b8c,2026-09-13
1654d1acc3982ae4c5e975e20ad06dee,2026-09-13
af2f46cef4e1741144aac6298b49cd1b,2026-09-13
2a0523d459ee0a7d235da1bff9b25a46,2026-09-13
11fb9970c9c24acd41a69b8faff29eac,2026-09-13
9d8c852c768e6939b968d52af7fd4dcd,2026-09-13
74fdcf4eff35094f5066a8dda7fa5aaf,2026-09-13
809bbec571dbd9a1abf2209a7026badf,2026-09-13
31f1bf277a1a59594981f8be5dd37604,2026-09-13
62b668c58ff856287f7288b3ddc9340e,2026-09-13
7464467d4146e47e4117518d9e5174e9,2026-09-13
16ba979ac1084456ec59ef2dd55dc823,2026-09-13
0bcfe5e21a35da76d2bcae852399f06f,2026-09-13
a8d56e3e52f806dc42a5693f8ef689df,2026-09-13
736d048efa6e4be658f35a42ba597930,2026-09-13
263cdb3cf73ef473f902a949827efb7f,2026-09-13
b01e6a5eb99372dfdf70234c73003f79,2026-09-13
0f6b1b17da57dcaa3cda34e42503ac6d,2026-09-13
2367e355cd8cec7689f783324a67a008,2026-09-13
6bfd55d7844c0bd623df529f1e6c71bc,2026-09-13
164427b843f42837ca923898e3bdb475,2026-09-13
30517bfcc3c8769021da434874da1c71,2026-09-13
255d8ce0743f94f93c4d0d17f8b68c2d,2026-09-13
314ef5ab069d0893746b78c35cd13767,2026-09-13
fe0a7cfda98049dc26448ca76f87a4e2,2026-09-13
de63feb467a69d216f6012e51db66443,2026-09-13
0c9c6d1f5240730b38bd02ffce51aa7b,2026-09-13
328f7555c471fe50c293d46fecc94d33,2026-09-13
4caa8090a2d35ed4d56414f811437340,2026-09-13
2741c338103f1779d46f3915c769fa5f,2026-09-13
dec0ab1bf9b9b498c9a18c091f681d69,2026-09-13
ae35bf4ff36482adc2b055067aa51a35,2026-09-13
04b74e56863a8c6f7c274e73712c7f6a,2026-09-13
246c136e730819479d898b3d562d31f9,2026-09-13
b81a33b3e1ee54ed82b3a176e4c8874b,2026-09-13
8aeaeeb1cb98143825a2585ba1332d67,2026-09-13
a04f031a28b6cf688f19058bc095eb35,2026-09-13
e1974a269b3b6b111cb1ce8525a6a751,2026-09-13
854c40516e4f63d575d72654df2e0142,2026-09-13
9b375054e304fb3f97c3b60cef036755,2026-09-13
00d5b946bed3bbeb796af69049d932f9,2026-09-13
64f1bcfd4f0d719ed71e90fb4017bec2,2026-09-13
09ae75a495decc00f49fe6375491280d,2026-09-13
de087db2b9d986caebf849f93eec1203,2026-09-13
23b6de806d9fd24bb2db4f3297baa643,2026-09-13
be8e784e01c812ad5db464fd4950fc2f,2026-09-13
4a79daf8c4a21f76055ee98c6047adfc,2026-09-13
dc2b641aca8187f3a7f6ea6cd119618a,2026-09-13
736c753eae65c5068eb04deebb467b22,2026-09-13
c887aa42b7610e24cc505d67c11929b0,2026-09-13
184b9c9cdb7d74f0c1383a57a7c80a76,2026-09-13
434f43f6558de74462985caf3825957f,2026-09-13
579893f17c8280113f0b56917eb379ba,2026-09-13
07248b391624916d16a56e64a817f2f3,2026-09-13
5eb80baa05b5a5d2be45dd9b030c2d0b,2026-09-13
d0d0f3274cc45c9e6b7f7a88f9aa7482,2026-09-13
05d73ede6a4ad95e60dee51b4eadb618,2026-09-13
622df12c6dd1a5907fe4bf7ca8b88857,2026-09-13
9724cb6389e115fc5a6b17575680439d,2026-09-13
0e0b69b5286b42014c0a766d1f6e0272,2026-09-13
df6b222b5d02aa8a247682ebe21b01a5,2026-09-13
218fa9f24e79ad7c2f17f41398fee1c7,2026-09-13
91cb4a72bed6bf6263cfdae480969e16,2026-09-13
502ffcc4bad3321045550f7e79daf63f,2026-09-13
aa65967ba3de00a9b5804e5e101f2e85,2026-09-13
1ac5f8669eadcad2bb5e56ef1eb867ad,2026-09-13
e9999ce0bb127310141886db0de56671,2026-09-13
0144ec5c871c2bd400f5bf24478483a2,2026-09-13
4729351e59b1d92e74cdc840ab8d2603,2026-09-13
eddaca9941d5977e436bc07a16501724,2026-09-13
16691937e547513c209a8381a8ce81f8,2026-09-13
9ec5d3a1f0aaae0e4f77b7a822c616f5,2026-09-13
5898e36cbbb1790361fbf30638eb3c3c,2026-09-13
0ab57502c675aaa1b0af428a4446dfbd,2026-09-13
1bb241e0d17d26f415da66bd66a08db6,2026-09-13
1b5dd510bf5da171af30b1fbc4b2c981,2026-09-13
6ff6134ddfd82d2a887390b8438700e5,2026-09-13
51fdf10c153f014bd5b7cc3b1e5a284b,2026-09-13
c6a6da9c408d01b00b684410d971e5c2,2026-09-13
708c1361e84544eb39ea4253aa2a8a21,2026-09-13
7b04e6658730fb3511c6b4759138d092,2026-09-13
ce9b92411bb82fc33f200602f4abe6ba,2026-09-13
ed1d151ae3145111644a3faaf5485ee0,2026-09-13
d8032cc500a6af666bf4538c9209ce14,2026-09-13
ff0b2e44da56aa875159e9914520dd61,2026-09-13
e21a2b659fb6cb39724f6d43a57e3cb9,2026-09-13
e560d443826fbf2695bbfea388d7fe7a,2026-09-13
53d4a1ce217e578bc642e77efea78b40,2026-09-13
3ecff77c59231597016e24461a70ed88,2026-09-13
afde7a406542c3a21186efe81ecfb3bc,2026-09-13
c701e8baf2372ba0c43d5878212810f9,2026-09-13
c0bb3705e2fb33bb285b282766216386,2026-09-13
0f6acd87c54f912d45a78675801299f0,2026-09-13
db417c2e3e90820494fcf4a78fc78e60,2026-09-13
11e8d1f9a144a0ca2c501ca1e527f58f,2026-09-13
ce12fbaab6275ddae7d070be19493166,2026-09-13
d1dafa1857f5426b9a106ae847b19d7f,2026-09-13
df530268a6b73d2100f10ad63479244c,2026-09-13
3b1261c02c8abfe234de5d8d0adfea2b,2026-09-13
c9889a36d80716192674e507a07860d1,2026-09-13
44c5fad39c395e53b0cd366b8aabb489,2026-09-13
5fabdc03296ca779599110788665e776,2026-09-13
b49ae07fe2d9797bd1f275a01e866305,2026-09-13
48a90c0189614541f88f91ce4534d154,2026-09-13
a4c840fa5f96eb083699553163ca98e5,2026-09-13
820f8ac1c0abfe50f5ef6fbb864afd8f,2026-09-13
f2ce6d1284de0ef650cce4aee5dbc913,2026-09-13
ef2aeaa91a762693d3c1c296642b3f87,2026-09-13
b63eeb33a6e43e5e8f67e1b11b28f4c3,2026-09-13
077ad643662f22dce8b3d1909e3e767b,2026-09-13
de9b8ff0cfebc3d783a8e656d005ba23,2026-09-13
ea1b2360fe2020a4d8546777e296241a,2026-09-13
c187a56bccf8abb6c73ec32ad642c7a0,2026-09-13
cc5af49e22d6c2791a6356e0a5a06f1d,2026-09-13
3db703cd17942c8372f754a1ba72db43,2026-09-13
431d3676da236ea2822e3e08342089b1,2026-09-13
e220a6fb00f122a98477983da0294c5e,2026-09-13
d726ca0bbe5485672e3ef14760c4ade9,2026-09-13
aca79a47ca653fa29fe5c556f376f300,2026-09-13
0bd68a8279a17933479e5eebd8e7d991,2026-09-13
7b70772d66377ac84fef6d67d13a0241,2026-09-13
4f9212c8954c92d6bec19af279e76d87,2026-09-13
da746f501a4e9c24309b8c9e83da98e0,2026-09-13
d7cb11087722724ae7c4529f0c71ad12,2026-09-13
e0fd824b1fdd955c5f0833c6e4d06fda,2026-09-13
590d77e6e7aa1c3c8694001be209704d,2026-09-13
9cc6c4a199761b1c1960757f25df216f,2026-09-13
94cad78a0451a075b0ac4c09e471e1ea,2026-09-13
ce6d1719b5c7fc44023fb91b02d9f8e3,2026-09-13
84076ba3ba9066778a74ba2d0e40048c,2026-09-13
01724c1aecc6e823f07f3c70c1484a2d,2026-09-13
b0031f2d0bdd8ae343b7bbacd8a61609,2026-09-13
848a377ab3a920f1760222e6bb69d67b,2026-09-13
86ac317b3dc03cf5da821bf89a5eb0d1,2026-09-13
24faffe3888760768bebebf7604efa93,2026-09-13
34b23073e9f737aecbd8881d1e040eb0,2026-09-13
00015485879e2d3224ba78e0b6978b2c,2026-09-13
174339756f44ada9f7f3fa468c215e74,2026-09-13
dfdf549c911d5dc98f7bcf6e7b0ce1da,2026-09-13
c106a37f27dd01e4555794ce908e3319,2026-09-13
c764b87672b10d0f32634c20d434a7f4,2026-09-13
70782bbb70e5e7c97005aaaa4bcbfa40,2026-09-13
b9123a73431f5c81ac622249c4e15e18,2026-09-13
10dbfd6ee107a150afa1b0a586a82b44,2026-09-13
25d5053eac68b45555f6347aa31fa172,2026-09-13
1f8dd7306cd4a736375c5c1ae6d650e4,2026-09-13
32a936bfbd1600c552f89aba22731e4f,2026-09-13
95f84f926ab9a48ea6caa173940c21b8,2026-09-13
052ba1cce2ee6dd2f7d45cdd887fb4d4,2026-09-13
5f09b005c7112027d121f892aed79b5c,2026-09-13
50860c3a669e6f046adf3ba16e40ddeb,2026-09-13
7b9679035bdcd87afd3a1345e20e2733,2026-09-13
64a4a464f45a4f32a531d957b9d61090,2026-09-13
8b12f40e5447bdf8aa16f0d377a4b8c9,2026-09-13
8e200454cfc129da5a21c3104f529a8e,2026-09-13
06a11f531e08b0be1e4f0ac6b56ef94d,2026-09-13
1efa7fcce5eca3db6694e61069968a6d,2026-09-13
ecd908b227229fdbd037d0405cfb9818,2026-09-13
c9759c39f634ee6569e80496b7353cef,2026-09-13
74e01917db8d0f62aba69011bd4f08ec,2026-09-13
07a06406c6ee4228f17f6de6c929a026,2026-09-13
3691c67ab8f0729635df75136709aef3,2026-09-13
e869cf616f25b5aa17745f9fd7e445cc,2026-09-13
953dd955412bdbb7a05cb9b2484c2032,2026-09-13
6255ea03d78ef374c3e24c60dc5750ae,2026-09-13
5c385a11efee15e25fe0ef5cf1fbec7e,2026-09-13
e20d3e750098f95378ff3cba534ace81,2026-09-13
c231e2ecc2d1752d6b5038e50a590e3e,2026-09-13
bcd44954ab9ec4ad2bbc1b1a9abf4bd9,2026-09-13
24788d08230526409e863b81b5193bc8,2026-09-13
2d0047936c5de4eb57865a0d46dcba7a,2026-09-13
05b13c32ca5036f694f5aacb53be2ace,2026-09-13
01796bd456a5c2cc8e8dbd2c739f33b6,2026-09-13
a89308ef956e21060c46d345ebe93a66,2026-09-13
4398a0dcfcdb09e1a9d985579cfceda6,2026-09-13
79abf8adc725035bbe05a7886b7140b2,2026-09-13
73eaf7f7d71b0918b7fb13cc328839f9,2026-09-13
8b562e1275ebb10b296b1e173cf1c865,2026-09-13
97d377282783f2450e6391925bec20a3,2026-09-13
9642da68ae54ff652740fdb40477aaed,2026-09-13
e848d8aeddd4dfb0a759f8c179c77b66,2026-09-13
db78b4087ff440950831599b3a073da3,2026-09-13
9886f3b291963e7a8e03a89b416e104d,2026-09-13
13336d61660718edb1828044b803a84a,2026-09-13
6d2bb0578ea94fa674572f9946ddc514,2026-09-13
f2c64a8205e328afb5f031f0c67c03fb,2026-09-13
de01fcbb344939d04bc18e83527805cd,2026-09-13
a03d0b6a01630c07797069df3c11430c,2026-09-13
3b863ccec2c125d196a84bf7cb9291ad,2026-09-13
c1b3dfd909ebeff5a74be0ea612b3c5b,2026-09-13
0cc54d24e77828c8c3eb1039e3e81f8a,2026-09-13
0f986adef410db74903b7746c54a0683,2026-09-13
551dfb6cb9e249890de5d4743e02ae0a,2026-09-13
562ad656541798ba77a4195be039ba08,2026-09-13
3c3ce9e498e3e7ceac49c71649ae6914,2026-09-13
6e888214e6f9a74f3feb8a8095647bae,2026-09-13
053880bfc7a95ec1820d6ebb89cf727c,2026-09-13
20720496ee68c9181f27bcd163dafa3c,2026-09-13
730ecda847154b0e01b40bef6f6bda47,2026-09-13
798bf076e0a676e2bed5a91bde122e91,2026-09-13
ee4e856580e5607d52f3b27f47018e8c,2026-09-13
8f70127d311e6356f89f89d3882ec5b5,2026-09-13
be79850ca9eaea34b0c97f04b06cf6b0,2026-09-13
bb924aa87ddd16afe5cc840d1ce9ecf8,2026-09-13
44ec65ed068e69e6fdcfd0e373bd24c8,2026-09-13
4f089f3fc198e6baa6950eae25e37152,2026-09-13
bba4672335ed50e64daec73483a07eee,2026-09-13
6fd0e1300a0f974b06cc1f26aec64a08,2026-09-13
726c2d83aabd717df0a1c5bbfcb69da8,2026-09-13
c0bf1880df4dc7e4e0c377cc34628ac6,2026-09-13
5688599b6f30b0201201d4cd83e9b777,2026-09-13
47731ce73a9ef25a301261fd15ee2ad6,2026-09-13
c761f2311231586da13d772c8c721a78,2026-09-13
945c2b32a3609d913cdce5d51c6dbe09,2026-09-13
f5d68dc39545804041571e3d931844cb,2026-09-13
26ac71fc51516bd06696c97bb0e1674a,2026-09-13
604cf5c10aaf2bd54b28642a27c7e6b3,2026-09-13
588f0f5096e1874933b205814e905a8c,2026-09-13
2857c6972caccbfd83b13d583ecea69a,2026-09-13
9ec89d6c9d2fc3f08f612d11d278035b,2026-09-13
d5a2ef7363da833d8a116303485ca552,2026-09-13
b75f19d1843875891330da6141b9d14c,2026-09-13
f0d191bc90f9af4d2c301c123bca62f6,2026-09-13
ff6d9f260073b7f46f7e8f5d432a1d54,2026-09-13
d7917417e7d4ec7c05abde3020bf49d7,2026-09-13
fee1d76125decd5eac1de1bfb480b078,2026-09-13
337ed87218ac179a4a122ee3d1aabf28,2026-09-13
2219995d4fdabff8b61358106748bc53,2026-09-13
a14028c53f6f53e71d1075a8bfd87f04,2026-09-13
dc7386e7c3a2437886737c1dde1ba1aa,2026-09-13
d88ef8f990c762c1628e72fa79a4bac9,2026-09-13
cd41cc9bd0e2f46ed623fe632487b634,2026-09-13
794e2622f8fe3756598eda56f86f26c0,2026-09-13
e8ca198dc9bf601364efb1f96b6521d9,2026-09-13
c16aee7e02a54b05524e8cbbb7fe3c7d,2026-09-13
82cec32bc7b8973db22ffd97becafbba,2026-09-13
7fa5fee9a6ade248fe387d9a94b0dd55,2026-09-13
461330354ebfd76886ee20d0c863a20e,2026-09-13
7c785a62844d1541e9c5d9232c20fd9e,2026-09-13
25290b90c8ff86597063dcaea4791aa7,2026-09-13
a16cd02be9680b7d4a3bbd4abc77fc09,2026-09-13
9fc14703e174e532d0a4bfd95d0b7b83,2026-09-13
144b5126d1cbc6481e3cc12e0cb45ca3,2026-09-13
843174a10a8a0c7ec0faed46d176d8a1,2026-09-13
c5f92cb041241edf2fe2d9f10ce4b491,2026-09-13
ce5892268b13b9d0359a3cdd776cf948,2026-09-13
e0306eb9b2fd85600f74afaa6c9ba184,2026-09-13
46587e79cde5ed98c3391ed01de9b7d3,2026-09-13
90a3fb182d8ae439b44b0d86364763d7,2026-09-13
004522862e9d5e719548f08f27d21f45,2026-09-13
238aaa2fa4761457c00125a4e7604051,2026-09-13
da55f071879ed3699005bc2ea39be361,2026-09-13
61f5949c1c7a078b3f3598ab7d2c7c5c,2026-09-13
ef885baace15b01b85891f7b5f19a448,2026-09-13
367f6331f204728faa4f82113d633172,2026-09-13
ffa44972699bd547c20bc589f3605d1c,2026-09-13
b9ff23c18003fca6e8fe40a03ba18e97,2026-09-13
c966290a5219f58ce0e383e4c9c7f75f,2026-09-13
20a0d9d8a78000fad9e474cfdf5382f6,2026-09-13
5af948176a15dd5a1c89cb8576d14e03,2026-09-13
a1832d0780a2392102b521a0dc5f72b1,2026-09-13
794922a013347691b9c5f2fd416a181c,2026-09-13
bbbbbd024d3a174d1af34fc1788e2ea7,2026-09-13
4fe9101d0163df56c6248793239e6c2e,2026-09-13
6aa2fe8f7ab15f2d1157316e1717cb95,2026-09-13
20fbff035bf0413c1b2152a5ddfc9bd1,2026-09-13
c21c8fb758d38a469694733504af68c7,2026-09-13
a8461c59d9334f2ce7c20f420253ca88,2026-09-13
6a57b86be0e105894ac63a572b277bf9,2026-09-13
e1efa4ca53cf75dbab7b62c786787673,2026-09-13
9b9a211180d9086869075bf9dce6d221,2026-09-13
9be5b791d930818fee96fabb8b762add,2026-09-13
54d8f87e288c805727ddec0d9d6c82e7,2026-09-13
cabe05aaa8b1dbf189e89a06cc234860,2026-09-13
ad5c172770464cb007c115d14b65eb66,2026-09-13
6746067a5f1bfb0a6755b948b9c70910,2026-09-13
63c6cea06ba0d106b6447a05b843dc3c,2026-09-13
325551e381fea25237881601e95776a3,2026-09-13
2a5d329e07ae334c241a5cd5eab401c4,2026-09-13
b7eb80a24e377cfdced86f6c3fcaa260,2026-09-13
306a6dfdbc26707895bd8a789c1c3b69,2026-09-13
f7c4775960ebb5d06510444358728dd4,2026-09-13
6188841d0ebfdebeb48705bebb60e93f,2026-09-13
545609ac4d9e6849e84afac6b7f53fa2,2026-09-13
2c342209f26078eb570d16ab9b36c4b3,2026-09-13
67c8b3b7a52a44518c562edf570d7ee4,2026-09-13
f31d8cbaf32dc13b4e3ad60891995d20,2026-09-13
e31b48fbe002b87bfdff8707a227145a,2026-09-13
a8d3002983b0f7884785393e5de93701,2026-09-13
027c4f037f2fa39a568f3b7a9d596886,2026-09-13
0acb32b4923b4ecdceee650bfc2a5ba2,2026-09-13
04b486a926a8c694d72efd34af58b20c,2026-09-13
d1802ba787f882098b1893382efedae7,2026-09-13
8a0a837c08bacf42285a3315a86a5126,2026-09-13
48fd81d571632212fbb5e6c60a4ceb2f,2026-09-13
38d581847bcf3335209d253d0ccce9c3,2026-09-13
60a674cb99107acb8636fdbc2ad780ac,2026-09-13
63e264d95d83e6a5de06464b82aa0c73,2026-09-13
5b40f56f53d378ebba3e353f55e26c02,2026-09-13
09a9a5839c6e0ca652a105f4d91c7001,2026-09-13
640768cb0804d9a52ea8f27265a6bfcf,2026-09-13
4e2dd7eaf70a0f4545a8cea10404d668,2026-09-13
ce7ee2d2a9ce6a722269fd22f800a955,2026-09-13
45c9b8166d60d28409e01656cabbb950,2026-09-13
6193d2058cad7e36681c716348952427,2026-09-13
c72dbff77ed5538d33d00132e50e98ce,2026-09-13
b9f7f5a781de738cdc95357efda4b07e,2026-09-13
7781ed52827e383b465953b8e1730fcb,2026-09-13
3ba3deb59f9c6c541be1ca9542c59dcf,2026-09-13
e66ca7fbebb096cb4028daa90b7e1749,2026-09-13
80ebd8e8cba48d966681f347dc30131b,2026-09-13
70a252f15f641b4c1fd2e266a145cc03,2026-09-13
ac74e3e3afa26ad63bb706eaaa3b121f,2026-09-13
e78e8088ad93b76482aad92b2dfaae23,2026-09-13
ae34b25555fb3ca996cb36fe5bfeb8c9,2026-09-13
2d6a05c765ed844bd7676807ebd94960,2026-09-13
5efdac728f41a16242a1d6e31baf64f9,2026-09-13
cee2fbce69973055350fd9c5af7085a4,2026-09-13
74f4ba9e04240acabb092e7c7ee262ab,2026-09-13
e9f97598e5b114f83eeb18618f6ba15d,2026-09-13
9e6e87a5b2ba0289a899295eb9ff73d8,2026-09-13
50d690b8c101922747d9a29d0806db81,2026-09-13
58e8c53fb529fe3c53c6a8f963fd6814,2026-09-13
ca0c5de8a167078facf20f2cc18dca2a,2026-09-13
dcc373720e43af03819cc43256b40b4c,2026-09-13
12a75fc983ad8a48cd770fd9ecc2bd30,2026-09-13
3b4ac542b82dbd8d17e5564b00843a89,2026-09-13
dd93ed05f3297089810521e3e7ab1097,2026-09-13
98d18d1d997a277f597fc755f1004997,2026-09-13
a5d7e952494be019331bbb42c8bdf2ae,2026-09-13
0eb33a1837028b75ac90f14eab400c83,2026-09-13
c7d1422456ace59f67cf1707f0bb2616,2026-09-13
35ee0e26569113dd1dec0fa1b5875105,2026-09-13
bb51525dea6fe5ead9c453a4c4e74388,2026-09-13
3320b3be1920c426c1495afb1087bd15,2026-09-13
5c3c0978d8f15cb696ff66daf68d2548,2026-09-13
a85187e0daf5f861a62c9ec81de0b00b,2026-09-13
c3ebb7a9fc8d326e38ead7ea3f8f61f9,2026-09-13
45ea76e6abc124c9e12fb4a2ab059191,2026-09-13
0dfd89d844cf21de9c41eede71d8f9b1,2026-09-13
3aecfa3f1058e4562cd8286da6e0aab7,2026-09-13
e5b1b5b070136d294f5a7832c3c87120,2026-09-13
c11eac87b893a36f6e32a4a9f280fc2e,2026-09-13
3e009836ee7d3b3ba5966bc11a6dd363,2026-09-13
bd25be449baf0bef60d291b3959bde0b,2026-09-13
c1a9264746321e453f4b230a8938138a,2026-09-13
f7f592599f3d0a31788d574da62c870c,2026-09-13
2f2fb70326635f00b40193c4671c4643,2026-09-13
6d16574044ab039395e2bb420b8d3c07,2026-09-13
3c01bd6b94aede1aeb4a5a2886bb09f2,2026-09-13
d601515966ba5541cd31120ce58af4ab,2026-09-13
ddad65cfcb89358560c6466c6bddbf99,2026-09-13
0ac87800cb693c4e10e84ae683499417,2026-09-13
252d6808f8f5c8ba4bcd58397b8eb530,2026-09-13
999821762e652048cf777e9d64d26a4a,2026-09-13
17317b4b3c4e98631af67f18e98cbffd,2026-09-13
14bc60e4d915078d1bd040e5365c7977,2026-09-13
fa58889bc3aeb87c9658076a31962e0a,2026-09-13
c911c1673be853718c0dc1b69daaf41d,2026-09-13
51fe14b5108d13d966010025a278bcd2,2026-09-13
512c8637f68ae24e88f157ef53911b9e,2026-09-13
a76150dc367a0cfeba9f4aeb357b88fa,2026-09-13
32676cdb0ac87579212c5e153ebbc82d,2026-09-13
8c0505201f663ed2bc67790c08239198,2026-09-13
a80eff0266c3c1d8e47a54e571c18091,2026-09-13
0e07ce836b7eecf142d0f2e5ecf48742,2026-09-13
ace8e7c9626f6458e99edbe334ec5c3e,2026-09-13
ba0e5caf74e7b3de0f06ea59d5a9e404,2026-09-13
64b9d254eab6e1497b5d6523127f16a3,2026-09-13
4a089aff02beadce43ebb4dbfba67494,2026-09-13
83a05d752153c8ec3ee30ca9c0e5de0d,2026-09-13
b862b5468e0938057f484d113e6e914f,2026-09-13
888fbc82e17d8865208ed639117fc66e,2026-09-13
6ac065f10bf7f1702bcabc85c1bc99ac,2026-09-13
d1a58c923e1599d0048e6c5b55d438cb,2026-09-13
ffa3329dcd7f05f2956e81226af1b024,2026-09-13
7137a975cfbc6915a3586dce07e353fe,2026-09-13
4238295a8bdfc877fb0ae59351328d07,2026-09-13
157ddf9bbbff34be75f93fda4c03b9cc,2026-09-13
0de7f8c09730835f62961e7d5754b352,2026-09-13
e7f7c3a7fae85c86c273d4fae01d49e3,2026-09-13
6eef81a0dd4f145f0fdc1bdfd26d9a76,2026-09-13
33159f01059a1e01f0e9604b5362dc6d,2026-09-13
5832783021db48e7c4802e2ddbb27410,2026-09-13
d6cad6b3421010df57d8b647603d99c4,2026-09-13
030d21a643cce6e92ade28b21c9c5a22,2026-09-13
37e96042a9f5efc2227183ce7010e573,2026-09-13
8e42c5b62f63a4a9321b3aac03e702f4,2026-09-13
91e9beabb1e84e85a2e73c53e6e9ab7c,2026-09-13
743ef52450369ab80fde082ced253399,2026-09-13
d392ced69145a65ec59025e192566baa,2026-09-13
788efd62291f0c4ba9a61e6941f5841e,2026-09-13
3e3a6c0b7bca9a998eae2e878bc51e80,2026-09-13
6478605e12c9e24f2c4b89b049072057,2026-09-13
adbc6fd84b4537a73abf9b19afbdd320,2026-09-13
509616afb5a6f9e5af29c8671435c494,2026-09-13
ca1fce9881eb14118ff7ae885a33c16f,2026-09-13
6669fd7a4b6877379a45603914461fb1,2026-09-13
1d2a50baea75210bdb348ec162134136,2026-09-13
27470edc9b028118d05c55360674847a,2026-09-13
cb8cf6f83839a598ec035bcadc2920a7,2026-09-13
b3235cda1b22973710c38ff70c98ee03,2026-09-13
eb583de72c84fc39e53e146a888416e0,2026-09-13
62cc877012cd8a3d2039a7b8b3985120,2026-09-13
d877baeeb1ecb6fc058af99bf6c43baa,2026-09-13
d2adbc1cc67e0070e6365e4b16f1beaf,2026-09-13
4fe3bbfea8a984a2b629f998fe008877,2026-09-13
a15c7e3751c3d420070646e9548bc2ea,2026-09-13
c3fc82f6033e7c63b25ccf7d0d0216db,2026-09-13
b1f18487f85515ba86eff2cb39dccd62,2026-09-13
b1a4d66bf57e8207328a31d4b39d3e53,2026-09-13
f57f212e49b86a33ba2661591272913a,2026-09-13
3fa9b99776f747ebdee92ad723847c8c,2026-09-13
981f8ca5760d1dce45a3f5988d659d5d,2026-09-13
a0c64f511a747dac9d4c37039e53139a,2026-09-13
c220a094dbe05e45331aae5b18a765af,2026-09-13
be25cc54d66a17643f6421af86e0b762,2026-09-13
24f01f35433deacd121fa4e425d1cdb8,2026-09-13
ffada76da09be66476e67ec6fe0bb6be,2026-09-13
151b3d6841ad5626b6bd69b2a6c09bc5,2026-09-13
90b9286466633291facce2b627e7469d,2026-09-13
dde1d6f23a09c29ab8f0e6dbfd635045,2026-09-13
78c4b6c9ea090697b416a70fa9e956d6,2026-09-13
01312a4776f7099b084e2a2cb9c456d7,2026-09-13
15bde198fd1593816a10ed9eb943dc58,2026-09-13
dee69032d652717b28142c12f53149b3,2026-09-13
97ec3a74627d5c7b25d009222875a08d,2026-09-13
c49573d72a17e60b7f2e843cb7d8375c,2026-09-13
18799c027c8cd4d093676c17556df166,2026-09-13
afdaa4e395e068449d25088c2c86392e,2026-09-13
6674fabbfe93cc7aa0a6f60e5cb048ad,2026-09-13
3ea611711643fdcfb817126f509c5782,2026-09-13
5b62927554b640035e39a1987669944e,2026-09-13
69946a27e8b190540c1d10a2bfd7863c,2026-09-13
0961cffe016d5de58d1f784a7184c4ee,2026-09-13
5f69de25bfcda19f74486da451816b20,2026-09-13
37621db9f30fb225dc03095837d8332c,2026-09-13
dd6f5386d00e30733cbddc3793beb4aa,2026-09-13
32a4be31146205918ffb9d37bdcd9a64,2026-09-13
ef32bbad915e9c3fb0a98e3f628c8a0f,2026-09-13
481f6047571519f4867e2869f26e04b6,2026-09-13
a5bd90a7c755a333eedda2198496625e,2026-09-13
386b40927e0fade2ec7f8512865224d8,2026-09-13
78def5e32403177209b25759e11f6ece,2026-09-13
65c1aeb949b8184fb42a2d4cdef6ac7e,2026-09-13
8cca3801f432ed42d6b950164127382c,2026-09-13
272167d4a05a560ddb31ebc940dcff71,2026-09-13
cee0a49fe7db4c53cda5ce1951a1ba5e,2026-09-13
69580d75a5fe7be7797f9c53e68f030c,2026-09-13
1630cbc1b071830d193aa970a79563fa,2026-09-13
19c52c27f16b148e58ae8ac5fef02272,2026-09-13
7b2fc930642097c84555c14f8ac83c48,2026-09-13
c63561d275fc3ff1582a507997668250,2026-09-13
f29043af782866343b93cff1cab35870,2026-09-13
390cd17f1f49846fc49057de8588b1bd,2026-09-13
f79316d204879ca2c7a2d2c817458b5b,2026-09-13
c572e627f80f3c408d34d3801e69955c,2026-09-13
6a0692eea7924e9e6e87a4572efdb7a2,2026-09-13
ecf4b1708bad9302467d66df97416b98,2026-09-13
26d9af81b49f692642d3a1787ce28fc8,2026-09-13
80409af7a4b10873a710a1766e9c06b1,2026-09-13
0993a2bdfff46f72870f51280c296199,2026-09-13
485d1f76d7ba2b50c1be2ac511703a77,2026-09-13
dcbbdff4373940de7b657998c60adcd4,2026-09-13
e826fd7d826b3ad74bcbae28a362f3bc,2026-09-13
a94df45e7a4ba641103d9046d66810bd,2026-09-13
9b4ddeb632fce131228ef754766d1a83,2026-09-13
ae0ace34a1032776859208a1839c1c73,2026-09-13
aa4bebab634bd36c4a7baea0a4ce2e97,2026-09-13
502596c663197d4ea334eac679aa22f3,2026-09-13
965ec3c18499af60464c5a7e10fde943,2026-09-13
022b8728f9bbacbf8b827b54b0f25381,2026-09-13
f8580c051b46b5f06ef91032978f83ed,2026-09-13
5c5ca75a0e8779113feda090c3bb782f,2026-09-13
da2465c87bed306217b436ef84eee3c8,2026-09-13
d021c41dc338265b17e95d64b650b40b,2026-09-13
965a9fc024d709430bef11ce37310c17,2026-09-13
a84433ebaf01409f9bf311cae617bbb0,2026-09-13
7881a494a2df0e902964a7e462c08d53,2026-09-13
81088dd33d29568006512d6b35ad0976,2026-09-13
578bcba1031dec5cd9250dbcbe2fff8a,2026-09-13
3dd2b41d835f2335f0706dbd509a7305,2026-09-13
6de2c31bac8162c7f1345019fe182215,2026-09-13
93390c1769f82c93c57209a96d0db009,2026-09-13
2951d2a5298bc087ab78eb2baf7fa891,2026-09-13
33764b982e3cd7fd216967f28dafefe3,2026-09-13
28986d5bc9bf1c02e505f870aac10f46,2026-09-13
f958d27800a11a42a382f436c4899d3a,2026-09-13
92d6520ac05b5b3169a689f0000ce85b,2026-09-13
e45ed9c3cc9b976b6e33bdab31f4925b,2026-09-13
d424f7dd8ac6fea24ab49954935ff739,2026-09-13
8f016f5371e659a020b82b3cb42786fe,2026-09-13
a43d8efe7624cb6636c50d2c6b681da6,2026-09-13
222d2587767c53abe1f05fc131ed47dc,2026-09-13
32f12a25f46ca856b33327fa5417e213,2026-09-13
c4230182a0f0b70fc81e7027cfce5bef,2026-09-13
4664fa671268b65eb3aa7f23b10eb498,2026-09-13
3ded030a6e9b3664317e76b83c77a4f3,2026-09-13
ac86d5257a3d984e4b09625a6e77674b,2026-09-13
02a04387d3e3394e19b225805bc492ac,2026-09-13
4839b95183b8efaa95eedccf553e7b24,2026-09-13
79e68a943ca5ddb486bba60b4c8ce17a,2026-09-13
25a3169a8037de94e4e11c999aaafc65,2026-09-13
f7e1fd015d689fb9f26316f55995a8c6,2026-09-13
5a5a5e148c025e56cc1f118b4df9327c,2026-09-13
a3301d4111012e960b9fcc489826c1a8,2026-09-13
5dcaf443d5089ec2296b33c32c477b1f,2026-09-13
1a3f986d6e134e6b0d5f89e89f69a5a9,2026-09-13
435a11dc2be1b5fcf7fa5a25f8b86295,2026-09-13
eec4379ee82b6d6592955800d0e78954,2026-09-13
d52f192011a539ef3bbb9e54bd4bd0f4,2026-09-13
18e6293770c011783a634f3c0ec40e40,2026-09-13
bad684a9d236b1cb71b8d6c8a8b623c7,2026-09-13
036cc65cb5034841f02313363dedb7b0,2026-09-13
148e87152fc62969f84dea5d25c5e0c5,2026-09-13
7946186d0cf08605544787b7397c6946,2026-09-13
fad202787dc2c8107b8e83560b7299df,2026-09-13
269ac20b216ede90783d25e4cc8493f5,2026-09-13
56166c8f13acad498c0bc07232fd53a1,2026-09-13
ce4eae755dab81aceea5f41e25262adf,2026-09-13
47c6634401ce0c5236a7785d8cc984fb,2026-09-13
0ab03c0d054a3c2fc0d36da66218be43,2026-09-13
6944e752e1c72887f3be4ee6ded37555,2026-09-13
7bf89ae134ad3001a428eff5ef108e90,2026-09-13
07b40f57abd440fc0a8c0b2a8b903cdf,2026-09-13
e1f6f4868df47c3d3a35be01f8effd14,2026-09-13
c75d89e33224227adbae74760dd22f5b,2026-09-13
f42cdc6b4eb52d4c4a67905edf3ee910,2026-09-13
812fd1856c00e32eeb7b83a59c3236e6,2026-09-13
d7d481ddbb1579656dbc4b04478d3161,2026-09-13
d16c6119b7cdc2f6fd29cd0bda91ff96,2026-09-13
c614d4a0718492b04492e775478f5667,2026-09-13
d790f828c7290804f512a265a04370bd,2026-09-13
8826690cfcc3f25a8aa89b2bf188df20,2026-09-13
4aa9c5226582ee970ddbf53b4cbb02ef,2026-09-13
dfb41c2e1a4d511acfbb31c3e3e0795a,2026-09-13
d4ad91e321dd9cd917833f955ae97dc5,2026-09-13
55d0d992fb72b2811b2b0f7867c03f4c,2026-09-13
0dfd3abb086399b8d543ecb78fcf904f,2026-09-13
33bff9f50052fa25a88dcb3e3e145616,2026-09-13
b07140818fbb0fea8460bf3e87c9a940,2026-09-13
6d92a355304cac9c50d130074475c884,2026-09-13
215cde9a4d1100a42cca8fc13a5e11ef,2026-09-13
d5c4b816106e8fee9786d2c5b89999de,2026-09-13
adc3d5b8d77d119278ae36c3d13e0336,2026-09-13
90c13e897791a3312016ce2e83e80684,2026-09-13
d1ecbb56a1d3a3b448a17eed0028a646,2026-09-13
81f98a8a85a252f0643aec0ad76c6363,2026-09-13
16ed1997fc6a90bbac4e870801dc3dd0,2026-09-13
37478fbdebbe02f75f7fe9ba62a1f3bb,2026-09-13
68a48739b15db03d71a030063992bc66,2026-09-13
305c8b028efeb0e4221ee05fce132046,2026-09-13
dd567c041e57b22984685bde34df766d,2026-09-13
b1091862a7ec164ea437094b1cfa842c,2026-09-13
fd36f642cd4fbce04935e686191757f9,2026-09-13
0ece40d373b9ec67fdd5888724fa7eee,2026-09-13
4018baeed568378102ba4e04f3ca13e6,2026-09-13
2cb2ab2dc84c5c4e267832e9c547c851,2026-09-13
4c50cb772e09d8a9ebc6efe11d7e1b07,2026-09-13
ce93d94965399cc86d3c07ce411795b3,2026-09-13
042d80dbf40f2451bdb81d1df0a966c3,2026-09-13
3033b707d63f8e21cb6a938d48a3764f,2026-09-13
d67e02b790e550e1b40b1147c88ac57d,2026-09-13
d62ee6ac363c341e1e73ebc5f5c6eba2,2026-09-13
26c8caf176c9473eb448d9be055b338e,2026-09-13
2ff49dfc4b33f223bf059a70fa28c72a,2026-09-13
07065245f263eb61aa223cd14aa39ab6,2026-09-13
8bfe28f92bff9393a5843cabeab581f0,2026-09-13
e08453d3d73837ff01744ba52b1dffc4,2026-09-13
8e13e377a5fbab6a87f9d4f53eacad16,2026-09-13
e409ce79b80d077b7b9b2dbbfdc8539e,2026-09-13
4e7ed92e5a91635dc85fbfcbe78680c1,2026-09-13
c9c1927d0fa93445fc765d5965e480b4,2026-09-13
16cd012d05e44c23b01ede70371ecad1,2026-09-13
54e6df7ffabb3be86e6840dd8d473224,2026-09-13
93b303fad395c59445c863b4f617f7bc,2026-09-13
77641f73196ddc06c3b4ae66ece796b2,2026-09-13
1a08058bffcf729d64619e7d709a05be,2026-09-13
63fcd422a78b981141a2fe4f00dea40e,2026-09-13
38e7536168af6ce01f0ee78103f5106c,2026-09-13
f3787a249d67fc2cc290237a444464fb,2026-09-13
f6cbf293bce305a2ebd905f83d0e7ee1,2026-09-13
6093948040a8a496e3f4aa6da9433c71,2026-09-13
a60d6b59d5e122c456d02fb6cac33fc3,2026-09-13
a0d20b01d5139dc083eb2479d09e3ba6,2026-09-13
90b0adbf4f1e69c7b259070fce6b7cab,2026-09-13
f5242379de1cb8cebbd2ed08391b6632,2026-09-13
2b6ee63c7688d8319f631ceea80e7afb,2026-09-13
e69596b435489bd677e24b8131db05cb,2026-09-13
366c6d75bcafd50ecc272c25029af3d7,2026-09-13
a2b09a40a848020ddd5dad333a682e89,2026-09-13
d1773162aaf9fb33e29827b1372c26bb,2026-09-13
ea4193a7838f19dc5d2ba4c9f9220d5d,2026-09-13
7f4315b0b4f4e88cb4ddd2277f22da41,2026-09-13
1de35b7af973701b066d1dc1a2d26d71,2026-09-13
bbe95bd1f5a7ebede6f306d2557673d2,2026-09-13
e77cc7a1a9c5c6e43715f820fe2d74b7,2026-09-13
59c4b057107507ea090d185be80b5e04,2026-09-13
8181de05a193372dc9cfa2dbd3377ebc,2026-09-13
0f83fa948e79b7d5143afd628bb358fa,2026-09-13
cd1bd0ef6ede5ff980dea684ea12403c,2026-09-13
f3bfce16a81ceed415d8563463eb6d53,2026-09-13
e4ecebe4af8261641ead50ce43644215,2026-09-13
19f39b81ec25ddc9a8ab772d5468f721,2026-09-13
09eb9bb93e9a7e7d73dab46610dc37ae,2026-09-13
23725e15e8328f20d832a7badaccc5ac,2026-09-13
be8a6165fe727a59a6a0f063d91d4bdd,2026-09-13
f7c879fb8ffeec0e6da160ed19959793,2026-09-13
4681a725649376ab67e46d83aaf6c8dc,2026-09-13
bef98b2ece815524f2e0b221938727d8,2026-09-13
8e0e9347c37bb948a33d87d1fa5d0b0b,2026-09-13
02d3084f6e0a1aff88a08906b5c31e4a,2026-09-13
e9058e9905e165035e214a97796adeae,2026-09-13
a88ecedf5d23e9037e8f6a734500063f,2026-09-13
725c0572f1a0d7b87ec5e03a1e39cbe2,2026-09-13
5334243a388037c9141af4acfba072f4,2026-09-13
47d884d2eb2f1a4f9688b263e2710564,2026-09-13
2bc5007a747edea85cc976f605372875,2026-09-13
375aff26cebbfd6b681d1dbe49fcbbc9,2026-09-13
2096fc8ac79fa90aaecb7f164ec6ccd7,2026-09-13
c515a376ecf5e6ef037971a8d2c6f0bc,2026-09-13
7761f021b726eb34e6d728dcde8e85b6,2026-09-13
8d9b9134caf26676d8b729238d4f8d2a,2026-09-13
d4143fd34c3d3572217fc675f8b6b162,2026-09-13
b8a07ff96c20be1b74b0e97182c56b8e,2026-09-13
84ab748a3593dfa95ab01c2d4539f036,2026-09-13
c4dfd94b668fe24b96d99f9b2781597f,2026-09-13
2fb602d0cae1946ea7ebde7973196023,2026-09-13
417146e9a49925cf0d618c5e3ad597ff,2026-09-13
9eb20ce97625247530d8b2b1a0628c4b,2026-09-13
217563ddd36b8010088b3bc988ca2613,2026-09-13
862bd8a379fe5a74d301c59ac1e15baf,2026-09-13
a2c5936a4061f798128d64647d073394,2026-09-13
636b30f55b87bbf467614e93f189b933,2026-09-13
7f058b7550e9ed2ac1d139bf51375712,2026-09-13
f27a63774d5bd51948ca6bd2b5c6ed6d,2026-09-13
f7b228f44cf561d2bf4c8afc549061f4,2026-09-13
7d1c814927922489ee411f122f21dbd6,2026-09-13
cad558397a4266767d88a5133dddb41b,2026-09-13
073861429a3f2679ab31135dfe96bb41,2026-09-13
37b45e3ce2ce54758615386685b59cee,2026-09-13
3226ffed753a11e54d82167432618e04,2026-09-13
287f3de47fd2bc1986704c713fdc4eb0,2026-09-13
ea60816be5a663b2dcf565d7986b5ffd,2026-09-13
4b7444a34c11d651f9ab9310a1554404,2026-09-13
f1b3043a98dda2cff0ad162aad3c268c,2026-09-13
711b49e625f68027268aaa3700ce00cd,2026-09-13
ffe2f27c3a68e1761163507128e184e4,2026-09-13
cd55ac215c990836ec9b126513d61095,2026-09-13
d54692fd11ba1f38f025c94862f08966,2026-09-13
6e0d49398b14095ee906217901b74f38,2026-09-13
f44ff34b8a27535a84d7b15b05e0fce7,2026-09-13
5f7eca7014cb4740ed1bb3ae28e04604,2026-09-13
0116e2015961e3240c719d1e107dc81d,2026-09-13
d326d0c23678925169b2be9768984916,2026-09-13
e5232682c3b2dd30c94a02cc84429cc5,2026-09-13
c967d034a584a7c938780d71e850d34d,2026-09-13
e09950264c75db3a20c104712ac46ec6,2026-09-13
663e8e069c55b6f89dc7c4c32d7a1e2f,2026-09-13
d527bec5b5e3f1167628ad6f217314da,2026-09-13
2bd130329592f8458be48cbe96b81ae9,2026-09-13
136c37b42a0c166a40228926b7e28f62,2026-09-13
108fcce971036f999e38146b9082715a,2026-09-13
fdac5ca5d521fb5dce14dada7ab1f73d,2026-09-13
7c4632ddf756e957b5737f542b74a778,2026-09-13
bf2fc96421102d89d5bd187fd9991ce4,2026-09-13
37742837b4f87b611db5ffcba2be7d36,2026-09-13
a966daf9aaac74dfb58e450f360f431e,2026-09-13
1e5424f1f5c680011ad222db04a82af6,2026-09-13
0d00cced54d66ce95a6035fcef19d8dd,2026-09-13
1cd999c301fc04fb0a9838e755453a93,2026-09-13
a571b279d098a0033dad03098f72b820,2026-09-13
3292fb8f51abb4d6477950ef4c0a81db,2026-09-13
bca1ada459535ad96371291a0f69e9e5,2026-09-13
d9d47d594bd937d427ec50b624f4efbd,2026-09-13
6927f2de4022144466dcb95de2e41e4d,2026-09-13
9e6c3903586700d0f37090f7db764aeb,2026-09-13
6e075698169529ea5a4f81747e3371e5,2026-09-13
4b215c41e64d7739f275830888cfc854,2026-09-13
219e6c37520667d4c82d42e107ed66cf,2026-09-13
38f15989e8c92d5e9b0b25f07e3932e5,2026-09-13
2a912df2f8d2725c712fe1dd754f7df8,2026-09-13
93c565ae9a28bef94094c23a6def05ef,2026-09-13
083e60a2ead10672bc7d7bcc80b3e952,2026-09-13
61008a792667e821277a74453229a749,2026-09-13
291856cfd061b6c8b76dc945fda40b47,2026-09-13
3b7e246ee33ea58d679114838f8a8b1d,2026-09-13
783b81bc7ad3a0dd49d4a08b445ae110,2026-09-13
40a00d6d083b7108d3bd6e577e28c574,2026-09-13
f2e7dc914c39bdc6b7e4f89625c01b00,2026-09-13
2bc2dd5a7b2cb61391598bae5ba86f2c,2026-09-13
3fa7531886d6ca680ec7360b95eb0cae,2026-09-13
f157a5db4189ff37c98f57d24c88ee74,2026-09-13
ff65888caf04ed85d9b3aff248318354,2026-09-13
42cee807a88ce7107c603062e2551511,2026-09-13
9537fe8b5b03f2cc5aa4579edd433546,2026-09-13
402bbbb99008670f9f51740130786481,2026-09-13
3b29b95bdeb0c1b389066ad4541fc491,2026-09-13
e67c9312db17c084c9173df22450c49b,2026-09-13
826437c2fde332b57ede5cd8797be519,2026-09-13
e9b8d96250c8302c0dc3395db30d4359,2026-09-13
60bd07497cf01dc77446aae5dc354fc1,2026-09-13
0e9524320f47a04b681a09440dcf2d9d,2026-09-13
0da751e0b72886c8d778f7d3f08dd20f,2026-09-13
44f2b7d796c3b72930d698743cc48bfc,2026-09-13
a12f3a074973851260e901ee0ee1822e,2026-09-13
f3c233b3b7be807f4ea4082260dbfcae,2026-09-13
02e61bfb5f5bcb97ef93a1025910bab1,2026-09-13
2a8f43fdf44045a95b762b1a6f003607,2026-09-13
600698a6ac27c734d094b50eaf6eee66,2026-09-13
7bc17df952ad033e18544617bbb8a41f,2026-09-13
3f97810e0b8dc6a10e5a99d4fbc1f378,2026-09-13
0316f8f6486feda43dcd30d9e75524e5,2026-09-13
d2b1aa33178f45d32eea8518e1394280,2026-09-13
1c85e14e6d557ac691ffdbb3d50fca09,2026-09-13
b25fb13698cc2d18a9011d11565b049c,2026-09-13
ba86e43f01f2c711262aa7251cf2b042,2026-09-13
5a0f68dd0c262c48f04d18501e52177c,2026-09-13
83cfc4423f2bb6de4e17235e8a14b9f9,2026-09-13
8330a326c29e9464f553341669532326,2026-09-13
fc10e5f0a5bd3f4eab8e72946215906e,2026-09-13
ace778a0052664532c465d7d26bd2c9e,2026-09-13
29622e5b6cea4394a170284f1f231e55,2026-09-13
1d6f631f0def0384fcbbf1c8effb3ffa,2026-09-13
c23e76821e985806cd7198ea0b64d7e7,2026-09-13
70d2c4cb95ab823177d98bc630eb94b2,2026-09-13
1ab92bb627d80fbd41bc10f6e6cb7bba,2026-09-13
2a73e037dbf04c3c3c8de75767df3b91,2026-09-13
366126061adf710d6177f425e70c2a70,2026-09-13
0d3918e5262e464923ffcff79fdfe20b,2026-09-13
3db8ffe3359650434e474e82fcbb0442,2026-09-13
9331aabcafa1ab5ec31140f7dc0360a3,2026-09-13
754635ab19f1cebde3ce2299f27f3d52,2026-09-13
4949ea9e85913deece72e702b32a0c92,2026-09-13
7e7d8ca9c01bdac0bd0b5a2c8239b726,2026-09-13
eb808e6db9655accc53d8146be062d7c,2026-09-13
71fef3ebe0b8ffead5a2a87e5dd39945,2026-09-13
07bfc7d2247b3bd9b2e2fe947067cee1,2026-09-13
249674f020a2198b3ef610139ce49a9c,2026-09-13
3b5dd787424079765c62bb75c03df44d,2026-09-13
32d28e18a3577a033ebba4d111b1ea58,2026-09-13
5edcab0f53f1be71a708208e443633ea,2026-09-13
32a6003ecb51b4ef7fd7d1f5ba6c7d88,2026-09-13
965191be8dedd4181c2faf087396f0f9,2026-09-13
f5e39bae7d5c7a1021d808d417c8a41c,2026-09-13
68db23b522cef05309d387394067046d,2026-09-13
2bd3097afd7f6ab99a16bb48f045d409,2026-09-13
1e134534b8cbe066ba478fd246e17109,2026-09-13
d575e24733a4d0a4c3366d541535fe73,2026-09-13
53157fd440ea084b4704b609a46be5a6,2026-09-13
3dee1fe695dfddc525ebf1923be32695,2026-09-13
8583856d1e76f3725375e611a45184a1,2026-09-13
578f1bdcc754e25577821fed5a977d94,2026-09-13
0fd3cd688c804f7d0ab1949160d69663,2026-09-13
5dd6fa19ed3db7482eaf403dfbcd0fce,2026-09-13
40b313206e6683f3078648a6d9a2363b,2026-09-13
ac8d461d1a44b2ed322470b7aa974d24,2026-09-13
72798fe3fff5e1a3f6d9c10a32183efb,2026-09-13
e56d799fdffeb11063bf551ac9426e31,2026-09-13
0adef5670eb703c0654b6926c4f54ce4,2026-09-13
d54d6ec1895fdfeccfea9b043e3fc38c,2026-09-13
f25828c773d089b0f6b89808fb7466fc,2026-09-13
b30f547e6c530ebcc01e617e60ba0be8,2026-09-13
56b4c910160c7f579e12eb5e13a9ca23,2026-09-13
c7cccb0c7b69e1d3f0982343cb2909b5,2026-09-13
9f1e33f039a3f2dfd68a971aa031ee10,2026-09-13
0285a3e0b9c5adbce0cf9cf67eb6d06d,2026-09-13
524a3ca05d4b84b34ac0fdd0fcafb5ae,2026-09-13
c4f3d89497b6ab3dadd109fe6a2a50ad,2026-09-13
b93f2395a55bd5f0aa78586c69b2e0a0,2026-09-13
faacf9b7b97924f0abcb80b672c0f841,2026-09-13
d8a41f3afebcc31b115c8750e333ef81,2026-09-13
1d5c2d34e8a8c28acca6a7b479cbf097,2026-09-13
c000c7ec10a9eda87d6fdd96e40b6dad,2026-09-13
6d457a7d4a2c0613e787b61d9a535366,2026-09-13
25bf39361138f3b4fa28d83a8cc1dde3,2026-09-13
f1127648f75a1bae5206deb447c7ae31,2026-09-13
543f70a2a9f3cc8707ba4ec0cff1adfa,2026-09-13
e18291c48bbc9f0948cdf5d322803791,2026-09-13
4576670e809235296d8e059f5f9ce3ae,2026-09-13
16ab72c272b1b5975850237f2522da0e,2026-09-13
458b380d223900eaa4b5f126259fe6bf,2026-09-13
4150231d1f549b3d36f523d179760fe2,2026-09-13
8dd6456655ea7bec3c5a2363f05d0104,2026-09-13
c487d118a613ca19eba76ac279af96f7,2026-09-13
c449e789a86b514a20e96142d63e7b9b,2026-09-13
a370642866999e4e6dbaeaa4fd304ac8,2026-09-13
f3dbccdc86bc9f554b86527a02a5e26b,2026-09-13
ceb622adabab294e094b808346bbab4e,2026-09-13
079ec32d67d0e2d8878314835c33987c,2026-09-13
dfc9f54d98253f48620aa89e7c758d17,2026-09-13
36a15b86ae12045319cc3b06d9a62ee0,2026-09-13
179c8fc06125056c1dcbdae0985feb75,2026-09-13
28dbe19723296fd15db834c6926ea59a,2026-09-13
48f324afb7b0a6f75eed59b181bb8ee7,2026-09-13
40c621daeda80b3677b79f3952c17980,2026-09-13
06a4e65bd26ecdf2ecc860894de1c585,2026-09-13
60e300937f696f68c44d68eb26c9ac34,2026-09-13
f9f1c77ef84b02ad3adb05001bae9fdc,2026-09-13
5b0eea3f7a50c5298efdf19016414eb7,2026-09-13
bf55cd26dd212ac92559fe6fa2700e56,2026-09-13
d52c827b40857e81b378ec1b49187b32,2026-09-13
180f75280cec81396fdce43cb3134b09,2026-09-13
9b629ee4f0fc6f026d4b0d0ae327710b,2026-09-13
989928466ed42c368e3511bb9745c945,2026-09-13
b10454259365b5883ff557809541612b,2026-09-13
47a67e654a5954df94bc1a5ebd02b38b,2026-09-13
41b872a70bef4d231c12b53dc949033b,2026-09-13
3631506e64056b42e2bbd7eb9820c67f,2026-09-13
095c541328a163015bfbdb15e7719116,2026-09-13
f7151195ca459d351f95ab52a894b08b,2026-09-13
b249d4801d0c6bfc1748562bd0f2db9f,2026-09-13
3a93e441548c3377e0e6c55ea1a87b26,2026-09-13
e6312240110ee10c16adb4d6580b6777,2026-09-13
04aa91d421004da14e3a10ffb0851c5b,2026-09-13
8ef42838c39459e83b7968090ad7e312,2026-09-13
0141aec82f9bb11a3cd55611212fd53f,2026-09-13
5afd44c56a5fcb0448082c15f53c58bf,2026-09-13
8dbfe21e2dbd3078fd4f02397d289880,2026-09-13
583acb43f3532a03423fdbe91f10b669,2026-09-13
11cfaea66c38c63d9cfc74d8e0d62dcf,2026-09-13
21006581b6e9c65e2dc28999f8a2585d,2026-09-13
e2d4a63b23a73167598c0465ff4c7f90,2026-09-13
48ccaa4eff5c3a8daa532229194322a8,2026-09-13
d621653a8b3f64e35d6c564e48feef1f,2026-09-13
06887ba18a3a388fe983c39136ae4c30,2026-09-13
21a0240bf3ac4e117781591b085bb378,2026-09-13
c32695c011162f494cd1cb8b380ddeb9,2026-09-13
17d32db9717cf51638908ae04220170f,2026-09-13
779927cac8048f38ebf6d09af296ee84,2026-09-13
5eef75abcf574cd586c2455b878571e2,2026-09-13
cb7e024eda2830e71dbba33ff38ecfe4,2026-09-13
44d5b50329a5aa96c7a0e4c8a74f4c0e,2026-09-13
a52244c1b90844aed758a76f2ef8fb95,2026-09-13
c07bf17f1bf095212851425a7583b14e,2026-09-13
52bfe1dddb4d05f61f31ff6cf37a9936,2026-09-13
f4df789dd8c63cf418ac81b6db3b793c,2026-09-13
81768504bd0e57135d04c07d5eb70c69,2026-09-13
a991de8097291487aa249b5b65f77f4d,2026-09-13
81baaa6b1f87e90a7edf84406832038e,2026-09-13
623c8060a2b90b88f0a6daaee1ac144d,2026-09-13
93041ef3f2f6bc55dfabb202e15e2704,2026-09-13
dc43647efb430bae8642b82258d62b3a,2026-09-13
3c66d2aec1c6861451eb439c3f79b3d7,2026-09-13
3cde230e8fca855967973faedd3020a9,2026-09-13
5609c8af3f66917103d8242b6d343e44,2026-09-13
4674e0f80721b59ec5cea520e7f2eca5,2026-09-13
9e936e92272a5615d6488e64b994d6e0,2026-09-13
5948bce826ec6247cb49f35f6ade5848,2026-09-13
7060a002e27003ad421c840810ab06ac,2026-09-13
15b95607dd7da68ef7c0a0532d9d7eaf,2026-09-13
7fde7a3bdc1b77fd84c0a7b26ce86b64,2026-09-13
0ef2b6fcc97588bd6885f0cd044b434a,2026-09-13
0ceab3764cab63c6a3cbaf2c97174ec8,2026-09-13
05696d928152de31a777d0254ff5e1ab,2026-09-13
ae16c23c5bf3435090c276537a4f1b0c,2026-09-13
d647013fb0b9b5e1150d89201c9686b3,2026-09-13
d40cb777697939131aaea377948d22ff,2026-09-13
8fe1a6cd44dd9ee5a2df697435345c9c,2026-09-13
c064ee64947158568709f2b4e5152048,2026-09-13
a3d0c854464f1e2f0086fd3eb640bade,2026-09-13
f09a575c763a95af7f9635a15bf9b00d,2026-09-13
01a74f972933020e386804287ef9ed10,2026-09-13
20dbdeeb2c1024da9dd404299f968396,2026-09-13
d3db353be2d629885e04299a02cfed73,2026-09-13
e895a1c3f891a8fdcb36e74183fa7231,2026-09-13
32b18e0dfe36ed31397c921568eeb77f,2026-09-13
2d598e44646452260a092e6fb2b042a4,2026-09-13
d3fc326c9c19d6fb612ee90119a21a97,2026-09-13
de3fd54e9df143a2b374eb645b1f93ee,2026-09-13
9c5f8aed80390684a47626324c994dc5,2026-09-13
0f6e349c663c77d202b350d4895b4e50,2026-09-13
bdcb61eb0451df84ee51d7b047edc0f0,2026-09-13
632c1e55c78ae3f6509b817ae9af4c18,2026-09-13
a2cc64d97055f323307d12b787d5cc8c,2026-09-13
50bbf4a07bfb88d6889209f60e3b70be,2026-09-13
ffd145e50e958e0125d5ac6266777332,2026-09-13
96f18bc0d1819811252c579fb30715b7,2026-09-13
71acc3d0b4aec495c4b9a7068a812481,2026-09-13
e321df5afd518f292f53d6699d4baa05,2026-09-13
dde650c5366182e5a285128476dae28b,2026-09-13
f4bf77fd49563aba3c861ee84dcbac3d,2026-09-13
b7c1c12e856c19d0826804be2729229c,2026-09-13
ef8aa199652c438a17ff28daa065f7c1,2026-09-13
c043597e3adfe36cd9715c68f16599bf,2026-09-13
7aaa265a4a156bd0a162056179945561,2026-09-13
a9a6b22f8e5750fbb0a93f68dde1489a,2026-09-13
53605ed5c5b00ca876294d4b3a32a458,2026-09-13
ec1ae5ce72da9b56b0ad37c5e727f0fc,2026-09-13
d7d96906786600cff6bdc09f30d7ff42,2026-09-13
c5c9c5e1adb1a09097ef6b226f405f73,2026-09-13
547a1e0f7b33c1c41cbd1c24f5a16c42,2026-09-13
cc1209465a071b7c4cb58310f01a2afc,2026-09-13
83ba5e36e278f7302858fa19740dab10,2026-09-13
133814b53f9911bbd2a35d754e2c5e0e,2026-09-13
a889c74ec1fb1c98c2e85d06627b593d,2026-09-13
b9b54b8f5124d03f3f8e596b2908b8e2,2026-09-13
0821771351e513a47742a9fce6c57405,2026-09-13
49355559e84574562ebe8502d4449a91,2026-09-13
07d9c59ab49036550b31c2e3bef5854c,2026-09-13
6a0164af4b3f2b51e56cf2e2623cf12e,2026-09-13
1a41c8f56a65bb940b61545a9aa63000,2026-09-13
ec6212f37d9e5434597d4fbd1993c9da,2026-09-13
94d425c37e3e85845013bcdb3450beb3,2026-09-13
a5e75be30a44ad56372ee3e08404d726,2026-09-13
37adbb44dd696a12f52f67cb4a9535b1,2026-09-13
63a48632016ead845700147917e1712a,2026-09-13
a1e35a0684358fb8275595742af6d79b,2026-09-13
aa1ab7fbc44a4b187404686d7ca210e8,2026-09-13
6490d369b1de40f17606f4ad3491d325,2026-09-13
5669837795209077af9a6e9f0287c9ce,2026-09-13
4efa4014429945c2eefa4b7c7bbf7d48,2026-09-13
96d8400709087c98161d2e68c5dd5366,2026-09-13
4c91724425895b15ce3c9276a9e50d20,2026-09-13
8aa2a1a3135642a326de7ec5878c7a61,2026-09-13
088e9c749ebbca7f4ee8b1ee06be4fbf,2026-09-13
f17c93cff1130cd92a94523fd987b138,2026-09-13
29e78e3804d7db6921e160b61632fdc3,2026-09-13
5b57a9ab92016862358b1253062fdac5,2026-09-13
626708321586b4a7b2343933ca3ceda3,2026-09-13
f61234410717cf01884d3c54ebdc3ef5,2026-09-13
7448c4cef6c1f82385d7311ae90c08b0,2026-09-13
a654a6a263648c116497e3fd7b84d365,2026-09-13
3ce74d78b2dff71565c2c42935a67edf,2026-09-13
9ea4a729bc9afe504ac5dc8c29c63f28,2026-09-13
25a442098d5ca7a018180223f7407550,2026-09-13
00c410e109df32776fa6a2d2a33fce6e,2026-09-13
7cb5a303bbc8f6b352dbd3c6b6849578,2026-09-13
46c1a23b7ca93ad30325aa919df727e1,2026-09-13
4c9ac39be87c00ae387cd6e81b12f4a3,2026-09-13
3ff05641f8f2b4e15194eb307c0dd3ac,2026-09-13
b51c363ed5c00e1455c262892e29d6c5,2026-09-13
1374ada361aa5d76b567dc6c1e09c85d,2026-09-13
9724e76778c3210adf9dddd5fc3386bf,2026-09-13
1a7b29af3448fe5c2f7927e8e56a0a47,2026-09-13
2729c35f93b952323078847731d88b53,2026-09-13
db9d3ca8a4cc3eb7dff11e8e98e6778f,2026-09-13
d02ce5d51c452ca410b42bdf1b9f7443,2026-09-13
61301482266c262d280752a011cbceb2,2026-09-13
658e766fc17cc82055397bf9d280213f,2026-09-13
47bd0b1f7ddd928bf5b013db85ecb18d,2026-09-13
d193a00c56c7811b8cd2d28ca1dbfdd9,2026-09-13
a7625582551f2e3b0926a8155d68da9f,2026-09-13
d88ef930d1679fa0ca732d00cdcc57f3,2026-09-13
b7b061336df5469fd151c9e3d2c8f3fe,2026-09-13
cea4ec359b100b5a6c0d045569550734,2026-09-13
b03ce7e9e527c95ddcc4ce1e5ed907c7,2026-09-13
809b5588e36c53c1b9ba34f5a81bcffd,2026-09-13
44a30fc46eb9863a4dc9195aaf0812f8,2026-09-13
f00d73acb681756364b91d00ded56f50,2026-09-13
8e5f35fe4bc867413f003f917095aa5f,2026-09-13
8f5b6be8027d1c119e7269703500809e,2026-09-13
0e8c9fdcea2411d6bc1203e49f139367,2026-09-13
deb11010b331f0e5ce98e998bc1b20c8,2026-09-13
977dd8343fd83dbe240c0fdb26ff13e3,2026-09-13
62e4d9e62640def925abaa09b4733d87,2026-09-13
676cc5c075a42f4f27431cca217ead2e,2026-09-13
55e55217770bc95e3ba012aaac617fae,2026-09-13
122404fa7ee47dc977b87d51c77f6886,2026-09-13
6b48f54380800132f532fc24948b458c,2026-09-13
8aef2ac414f8a93f611b69a1a8ab2409,2026-09-13
563bb91c9b938a06899202082f62d52a,2026-09-13
73623737780497579964d812ea669f4a,2026-09-13
cb4ebe555f1acd6a1db72144526d434a,2026-09-13
184a2adeb54d91d2fee4e284f5ff3da3,2026-09-13
4fbfd7beff79aae243412f33da4b65d8,2026-09-13
7087c8bb28599257cd6a84565cf51327,2026-09-13
3c26cd4d850ce1138348ec46b3dcbecf,2026-09-13
5068117abbccff554808234d55a9751c,2026-09-13
866035b15ec1407e2a8ce27654e2067e,2026-09-13
2c18ccc37cd9497ea3254174cfb6280c,2026-09-13
9f83741d2342141379315ac7f4ad1b18,2026-09-13
597cc03625829a9ecfb1053c79cad9f5,2026-09-13
3e35ae792f89eaec052e3613d544e3d5,2026-09-13
6176bf06acb6b79a92f09c6710fed6f7,2026-09-13
10bcb12d54831524dc4d46a130109171,2026-09-13
5f5b3fb2023077ea0dfd617aa2fcf956,2026-09-13
d1adb43b6ad584418bff3b4adea9255f,2026-09-13
27a48d50bef47b10a62075679bf712c7,2026-09-13
42f1eda32d35af99ba7ce16008ed621f,2026-09-13
752c6d899f41b20c3d4ea490dc5ff71e,2026-09-13
d97b4e9696e6210040f7ea37c3f57f0b,2026-09-13
08079232e07421449eff3dcbe09aab25,2026-09-13
14ccb6026952194d3bbd10d41574d647,2026-09-13
5ac2cc232a8ac4b20d1ad8b20d21fab1,2026-09-13
6bb3d34328727c20fc06e1adb2dcfa9c,2026-09-13
e163cf0cdeb6e8b02afd729b6a2a963c,2026-09-13
35761385616dc6d5b489d2cf5f70fa34,2026-09-13
941ee813e16a8a708cc8f243cb229001,2026-09-13
8e3aebae6c2c38d3c7f2d4de03691d7d,2026-09-13
856008b2aa258dd5957d865ec3023dc5,2026-09-13
80403d78e4691ac57d119ed9a491192c,2026-09-13
2068e67d15d85e05b58e089215883a49,2026-09-13
a51fb4000b59220fb0c30d21b364cffc,2026-09-13
7e4c51f233a88df30f20f0c84a78a4cf,2026-09-13
4ed07f06ec15763ae3de4cae53af65de,2026-09-13
9e5f323aa2175bd696ca114175fb8cbb,2026-09-13
e08be1195350a6c75b554de00caa80ab,2026-09-13
4cb024e8b68793b6c46f59a21e88b941,2026-09-13
e5ded9752076dcf7b853a3e4213d0c53,2026-09-13
f81790a3ea2ddb8f180802eee9406848,2026-09-13
f53ccf4bb29e310bbb3175f28170b276,2026-09-13
d82591f36795aaf6665e51cfe9f027e4,2026-09-13
77eda110cb6260f4bd1874c76eaced36,2026-09-13
c33932e44a50d7d2e075c5424bf555c6,2026-09-13
bca62f328322c3807b3b793786254d1e,2026-09-13
4d9ac79d279b22c34aa5ea95d0f5079c,2026-09-13
da7b1d2a2503752c11c07448ac3962fd,2026-09-13
4b96d15c4e2b0c8111a227ae0ccc1c61,2026-09-13
ddd7da264509bd269388f9ff113f1f68,2026-09-13
3e00bd079df542fed243d828d17902c4,2026-09-13
7ff5d6b891c890f414d6671130f5a8b8,2026-09-13
f11de07e5aece4544eeceeb51e5f0f9f,2026-09-13
85ad2408e20dab44476fd1919b4dfacf,2026-09-13
bcaced3aaebcd059806e026eadf8b8d1,2026-09-13
69c270f7eecc61c9e703be131359e96a,2026-09-13
d57ba4ff37267c89ad880579787ae594,2026-09-13
aeefa6df22437404dea98e87401904d9,2026-09-13
9edf62f30f32512a3e6cf07dc6ffa182,2026-09-13
ba9cc1d9de5628b408d133582a9fe92b,2026-09-13
e103e90160e5c43259bd8ef30b85f65c,2026-09-13
20d177a9ff1ce1fd57195ca9773f82cb,2026-09-13
460c647cb07f2e882d70aee534069c1d,2026-09-13
1050259e1f1929e7867507ad13879924,2026-09-13
06c552624b56f1e760ab951184c3d32e,2026-09-13
20fab23a981a7f0c60288ee9e159b1a1,2026-09-13
8750034afe176cf5803de56cfe39b33c,2026-09-13
f6609bbbc4669b14ba7eada82a196517,2026-09-13
9e2cc727ac67b5896f5ddbd215195828,2026-09-13
e1a917640b96bb663f987169ddf004b5,2026-09-13
5c851739073bd17f73c8b47475271eb7,2026-09-13
767fa77ddd14b8a9c89837151d744a86,2026-09-13
a4df170f3676b7f54f5b67c5f5b74c0d,2026-09-13
e1c26b337993e1a23d6125ecb2ee6a3c,2026-09-13
ec8b2cfb082b66ed1487a7c3211c90fd,2026-09-13
2799c6fd73d91185ac56334f9130ea8f,2026-09-13
6cfb11ce4063c90b528ce0328103b65c,2026-09-13
843e88cb2e4604499b76f8cb780a9481,2026-09-13
1372ee61371582266676e39d59d04224,2026-09-13
e8b7e4c3cae63b2a06b379a3cadba568,2026-09-13
caf5b269e36460bd089b4dbf467485b7,2026-09-13
0d50b6cf6ce1e77679f7406d0edb58a5,2026-09-13
b655d03205850f6c177d7167162c02da,2026-09-13
c0c6308db7e368277153c0d11da8aa31,2026-09-13
9f931fd0a4e10a0605fc63f9a70b52a5,2026-09-13
273dd1a1e23658b1d9e9847ffe7198b2,2026-09-13
dd48305a5278a262d9bca7ad9b97e897,2026-09-13
238c3360989bad9d0a635ad4add75d6d,2026-09-13
b16c98bb2529df5410c2551723313658,2026-09-13
fa43d986b4ccfbacdcabcd2ad13d7ae8,2026-09-13
fe5aff0b51dd20d3d25c8fb164dedcd5,2026-09-13
40ff577f5f2312c6f2ddf46058e5493d,2026-09-13
35b7dbc077707529219b8fa24d566bc8,2026-09-13
68b782c0d52016da1f6f39c39d83badb,2026-09-13
d93fc6c88c597dfba26a0f60b057727a,2026-09-13
dea014674f4f41a58963ea159fac7e06,2026-09-13
50e249054f9558cdc3893f054c4bdfc6,2026-09-13
331df0d7a27577aca4e0d21f9f0807aa,2026-09-13
f8737f882ea083fec2e4e45dab0189cd,2026-09-13
5cad2b38deeeab2a41de2b25e9ee3bb4,2026-09-13
040e1722e735d2c1f23da4c0a879f076,2026-09-13
7b519324230e2dbf5f392abefa2f800b,2026-09-13
f5261fe2ebceed21166fa47debcf5689,2026-09-13
b85e4373961c8479dbc5f9432e3dfe74,2026-09-13
5a24b4a63436fb017755a1877ff8f329,2026-09-13
5a5982eb5ec649f6e4e4d7d2a6a3c26c,2026-09-13
03dd30e0864fcddc8a04541ea0231886,2026-09-13
50a5e948b7fb8e7ec477557f6e4a1e2f,2026-09-13
5ac3995c4ae951ef18414db1a49fce41,2026-09-13
30df915d4acf7e6acbd658227aaf13bf,2026-09-13
678ce5bd7a9dcb37457f3e3cb45930bd,2026-09-13
fd2d1a23c8d0b36eaa68e184a35a5b1e,2026-09-13
263dc7f493b1b6bf0e33d2c6acb06c26,2026-09-13
6c071eef1cdab02f507e7d0ca18c6e28,2026-09-13
3acc339d2698cac3a17b569ca876c165,2026-09-13
8828206d69f46d4791991424b685205c,2026-09-13
d56ab7acc7dd04c9cd89de18af1bf284,2026-09-13
d2462bcff174fbe37bb9bfc7f0cbdf83,2026-09-13
d1e12a5972a9e7b5d2cdfb99b5e2246f,2026-09-13
81caf76e533226d0b4b3eef506f18239,2026-09-13
02cdbf10fdae3ba686b6c81867337e5c,2026-09-13
eff40bd6501acc6768b92d1f560bfa30,2026-09-13
c275140626f4b95c8344ac574d99c8ee,2026-09-13
e390ded068c5423d45a6411131a60913,2026-09-13
906aac9d7e467c454364eba8c3c79ee9,2026-09-13
8cefc51c21f8dec546e9075d6ff2d0b3,2026-09-13
cea6d295520134a84d8e745eddebea55,2026-09-13
092d5135bbdfb011ec32fd74ddc7c90b,2026-09-13
315a1f75f5f0b9d3a92e4b1a9c7af845,2026-09-13
ae39abd8e69c4d63dd737581af1f91ce,2026-09-13
d1c3d664e7cabcbfa0e4fcea0703ebc7,2026-09-13
6151ea64155e7b411c00a2436bf03382,2026-09-13
4fe5a297bb4d4f43c3ababb05388916f,2026-09-13
57516148c82a819f241b9accffd1794b,2026-09-13
11a585c57f2e5ef97364f3ff6602a209,2026-09-13
04faf2f02a73654e493e82276b6646ed,2026-09-13
ba15ca4e120f1afacb5952463f40e906,2026-09-13
a163206179cc0b3a7b7bf773ab9e9db8,2026-09-13
a3a0d7508163446a2fab5387dc0e749d,2026-09-13
dc1962efe726a7ec4549af4db203809f,2026-09-13
3bfafb80dba1d171442a14bdb5cd37ce,2026-09-13
e139c80bb85b5d5645e55f72427e1bb1,2026-09-13
f7f272a4b0bb3c011f4c4b2ee9fb03d0,2026-09-13
64bb3922854c06aa7ead570cc4eab7bd,2026-09-13
41ad781c009e8a0e547107d81202f4f4,2026-09-13
2ff505f1693ecfe88f66881e3f24f019,2026-09-13
5e5c8439cae0c969275e82962a8ddec0,2026-09-13
82622a46a9b2a58df8f8c68460a7e363,2026-09-13
561feb2442ca76178778e7e0c58fe7e4,2026-09-13
cd406ea2cbc5744a9dcc1e25479a4672,2026-09-13
d2429a4928273426175681bf96a5d327,2026-09-13
bfde767b53d5803dea6de24ee4e109a8,2026-09-13
84748358fb77f42a9f39d638d16e0150,2026-09-13
ff7c2182adcc2c5e97ef0c95042f551f,2026-09-13
b4088b9b4d183b29bad7927e4c86e492,2026-09-13
dfeec5bc9c67d4907f9cc72cc6613f04,2026-09-13
dd25cf49c77232248bd6ff1d3b3f5e87,2026-09-13
a507db91496524155febe493572bd4ea,2026-09-13
3499abd4dcbe5f26d74d5430782cc282,2026-09-13
cf75490a40a68be7ce533dafa18ce69e,2026-09-13
2119866af1bdc611bfcf5bc88c6cedb1,2026-09-13
3d6024794dd795a2a95199bc060b718b,2026-09-13
2fa13bad6c89dda910ae03dcbd574ae1,2026-09-13
c601066c3f6f988bb54430d9025a913e,2026-09-13
a288be89ddd5b128a7e99346a3911020,2026-09-13
83e7e41bfa1b59881696ab08939af7ea,2026-09-13
adbca8ca4f665c427f10b60cdb7d4928,2026-09-13
85e857d294fe8d8fe449dded414698ba,2026-09-13
1017912f1953b9ddb5aa7a40c93ae8e4,2026-09-13
2dd71bfebf416538e2b1347a80dff928,2026-09-13
2a176bf57e27f5d7c54e74e42c3f33b2,2026-09-13
9c21fad90734e6568097876cad77b213,2026-09-13
ea087ed023a88c2af23b4da68fb9043b,2026-09-13
864a91028f3d66986b715c69500e033d,2026-09-13
d2f019059fe1a3cc1f02526d9126c972,2026-09-13
04258c323a931763ff1ab37872ef5d56,2026-09-13
a230029bcefd0d7771fb2229afc4a913,2026-09-13
49c6dc4b7ffac5556ae1e9853b45e8d9,2026-09-13
ee563231c7f3d0cdb0fc461b5b062dc4,2026-09-13
b4b036127e189934fe222fdc7b1398d0,2026-09-13
495f038d85884c1e9548e1f745080719,2026-09-13
ff2e4f2f4afe1b051ebef75960b18d5f,2026-09-13
75d52ae0e0584c3ad76c2f785acb6eae,2026-09-13
60267f127175d76de3be90348fcc7e54,2026-09-13
daa1ad7dba6a41a81f565095daefd95a,2026-09-13
718624676838d371b430b05ebe711fe2,2026-09-13
249d48835705bcc512f9acf112adfb5d,2026-09-13
4157da30ee3b57654c7df29732fba682,2026-09-13
516c8e0af4c4258aa3706e405471baad,2026-09-13
50bd752cee40d41724c585f9a34dab7e,2026-09-13
2cb17878a07f901de30dbef55f1a6c90,2026-09-13
ec10b6639d44d48873233cb729c8cd71,2026-09-13
16fd9cb6b9892dc8136a897d360b901f,2026-09-13
b0a90b6ef2f2e612d5a180748f07318c,2026-09-13
cb322ad2e869a48fc1b9e4e49f52ec66,2026-09-13
503d9323deb9fe325311bb294252683c,2026-09-13
73afbebe7939b03c3fa4d6599fc4ad66,2026-09-13
72da2402ac03ceef51d2ce98ed1f7a3b,2026-09-13
e940ea5fb90289ef7c9f82def063726c,2026-09-13
ce72c4fd395661b8265aed15e24d4a5a,2026-09-13
cd2cec0d1d6fcc45eca22bb7f72af568,2026-09-13
a13e3bea287b454659083e490e64b26f,2026-09-13
61e32b41194434af06e47b4d66962b76,2026-09-13
098fe3199a60e0925e6aa3c56396f6c4,2026-09-13
998de29054b5147ea209a9583c713bdf,2026-09-13
10a731747c67bf648183751ea5e11962,2026-09-13
7c9f19ccc040ac973fb19308bfbc31fb,2026-09-13
a12beeda4dfc7d5695c232598fdd41de,2026-09-13
f0c0c6e077ec8a2fed75da7cfa14d858,2026-09-13
26d6df3b25fc13baa4ed77b1f50410ef,2026-09-13
ed20cdf7f1dee3149653414266864c95,2026-09-13
3a7c1003a411b45c7bd5b6d1265bce65,2026-09-13
97e0122dd9cde5004ee9d4b8a0f2f7f3,2026-09-13
18ebf0d75b68d94ea87be3924f2671b3,2026-09-13
800c192c84e3d4d05b353a14a36d4d28,2026-09-13
0469bc7a5b437b281666dcfd5bce486e,2026-09-13
f822a960e32107ab6e38f008482bf1e2,2026-09-13
985698d4872e5ce233de09b43851a222,2026-09-13
4bfb6ffa16e73ea39575ef50b2447087,2026-09-13
d48b3c9f5949396def8c9946511084c9,2026-09-13
3c671685d934dae12f6f00feb3e1ce13,2026-09-13
0515650ae4da3f7a5705803288e9477a,2026-09-13
0d64407220635efee76b2808d6352041,2026-09-13
9a5043997db5a9c45f380fba14dffcd6,2026-09-13
6948651142cd52a15bef79181f48359c,2026-09-13
3586289f176a60b90792d37fb1342b2b,2026-09-13
779e69c31cb9a93e09e63a039c893ceb,2026-09-13
68941da8738e0dac1ee6f825cd103bb8,2026-09-13
469fe29f23c4128064959f0338868fc2,2026-09-13
137e1f22cb921b6f5997d73f0f06d0e2,2026-09-13
db47429012d5d132edf126168927f99e,2026-09-13
12fe47852130672e557d2b7ddbd0e547,2026-09-13
16284485afb697810e5257c636455c55,2026-09-13
921b7d20633af772d906f8d775a2f315,2026-09-13
79724d7e274ba85f5cf7ac5010d86fcd,2026-09-13
a16f3a3a8f7cbb181df9d5948117e9ad,2026-09-13
9ea233d67cab159157d2f1a6a7318c34,2026-09-13
a4d13d8cad79fe00872cc7466f948aee,2026-09-13
e853d83cc2a87956c78616cd5b456660,2026-09-13
0fb4d9b93e89c4ab13908170e2b6be63,2026-09-13
82154d1e77d32e1e5653f874371c4cae,2026-09-13
290365581c074f8a29c3e3dca8c7ae9b,2026-09-13
b8e4d5333fb29282ff1de9156962c7e7,2026-09-13
504a9e5798a4b40b895118c52d355294,2026-09-13
3a3e9a55baf57ec7b90921c2a7f0b719,2026-09-13
e022905c22b2155d6cc5a112742e9097,2026-09-13
2558f48ba3118aa35372de9cb304a340,2026-09-13
f8ca36fc0af1b0c4afe6da1dc66ce33d,2026-09-13
bc180d896135e4e37f0cda2d1e3617e1,2026-09-13
13944d17cfa17dee26c57f3b7f4cd98c,2026-09-13
4ccb0d8d25cd0698d0e095d2a0289a4e,2026-09-13
e14b90a5e113237a9e17af274c17a6ea,2026-09-13
9381c05ecead2d5c61cf6c6d8fdc64a4,2026-09-13
7c62ebc22f25ffe9015dddc0b28b37fe,2026-09-13
c27074126d165244377a271ec74e4698,2026-09-13
54834437b2b3dc654d18b4de570356b8,2026-09-13
213b651ff268386528a89bad03038d87,2026-09-13
3b0d3573ebe753722444102c8718eecf,2026-09-13
891d92627546c5d3d11e69ce284ceb65,2026-09-13
4911577858133af93b7ae2bdc1e6a8fb,2026-09-13
3bb3611220c6ddd36dbb2a434aeb8044,2026-09-13
1a332ee3c74b6f393030da92e3e79f81,2026-09-13
d01e55d0f454e3037767578b3e04437a,2026-09-13
d5ec7598790727c601f14d6afa36f2e7,2026-09-13
8730e55dd91d7d9fe8b5ba8f1f6f208f,2026-09-13
72b248a18fb75752bdef94232aa36872,2026-09-13
5f7eac6435ec471762c7e0f906dc3f2f,2026-09-13
7f00d8057491fb208e94185c3beb7db9,2026-09-13
a312c0566bf9e0b100f627b69e0ec706,2026-09-13
9c802431ceb4ad1468765288b58305c7,2026-09-13
265ba2a6315ff26ce29717b337016c38,2026-09-13
86011f12bfd6cf875c16711416ffab3d,2026-09-13
95b28b06ea6a8b45f0108965e22c11c3,2026-09-13
85e7569cf90abef56c18ff084a79e82b,2026-09-13
b273c16c41c2df35e5cd6c39d10b0141,2026-09-13
578d34946598583d8370136228d3a99d,2026-09-13
a87270a66c09b0139d175dcede68e2a9,2026-09-13
ccbaac1f984b759a1c9c5080c86fd26f,2026-09-13
8c50902e5461c7aa0fba9a45d7b0d611,2026-09-13
4f7250881ae16b506f49f30bcdbf1fb2,2026-09-13
1aebf587b2cb62747a57ff9f4e850cb4,2026-09-13
9a1e33f93aa3232e12fea07366b38c15,2026-09-13
2df4293ca0f323ee89e10ecefc0eb501,2026-09-13
b0f1c4aba2cfcfe47af976c5dd682009,2026-09-13
d6305780abefe6132a60bf7894c7083f,2026-09-13
97185a810a4471dfb78a23801093c57a,2026-09-13
7dde581ffd5f11ed64dbbe2b9c2bc48e,2026-09-13
1062c7631e8cbbb50ad2ca01db9e6c74,2026-09-13
a78a542dc3a451c721cde86c2aec1349,2026-09-13
b51025a9e22c54f34f768d1c6a67fa7b,2026-09-13
bcf4b3798a8906d986f585d83793008b,2026-09-13
962a9336d3287e500ce677dbc5f90717,2026-09-13
0b76325604e947bce7ff281738da9ee9,2026-09-13
dc13081306ca1c3f61a8581bcb0e6280,2026-09-13
b79bac8eaf6ba16d7e20c16c45df453b,2026-09-13
97db0980cc6cf12c46775b69803fb9b3,2026-09-13
e54b9e4944977e644697b7ff31d066de,2026-09-13
ceb4e49532c9eab1de510bf24929e94a,2026-09-13
2164c194c2f51803727123ee68230333,2026-09-13
2e05ec5431403aa4d2fb77765c541a74,2026-09-13
f9f5d1a49db731cfa2ad14ffd3ae08fa,2026-09-13
560926e7b62cbba6d20e5b9bcf293143,2026-09-13
ce0cfb750a7b98258047b4e83bbf509e,2026-09-13
f5bef45656f83f99e349487d7bc50376,2026-09-13
6379169e290c3b21246eb639ff1e453e,2026-09-13
a94ecbbaad89d042041aab4c6f0b168d,2026-09-13
3b7416e430db5b8884a3d2f35885197a,2026-09-13
1a28d81ad1daf0a220ad9dd6f83c5757,2026-09-13
aaef7bbbdb46c307d7c5e60e69e976bd,2026-09-13
132a49e863372f5ac2b88e8a04b6df81,2026-09-13
2296eda42897430dfc4252783f484d75,2026-09-13
8de57f136c1d4cdbf2a6a93053c8915b,2026-09-13
4137139615d98a8bd724f2a0985a9a25,2026-09-13
d10d100501925e02800810bea3858b14,2026-09-13
234571f5b1e315345e9d495679ca6974,2026-09-13
385fd9b2e5ffddb8b414c8311d51c7db,2026-09-13
eb106558ded787165b77d8bc79fd6306,2026-09-13
e476ee1ad465815f2ed64d87727da0af,2026-09-13
940bdca7416cc68adb26d5dfd4ff3f0a,2026-09-13
7fe8cf944b778e912d9882619158df0f,2026-09-13
f3d141ccbff567625be280d94d88b7be,2026-09-13
62890cd1468c3dd9e6e31ffd95514844,2026-09-13
6290219c5ae692b0e3f9166c335e377f,2026-09-13
b131cd0284bfb82958973f7e2c65e2d8,2026-09-13
11d6493a8c340db0ae124154b726fb37,2026-09-13
7e5510c27f51b774b5a8e4b513cbbb84,2026-09-13
ee7e61b35de8947965a4acbf91530403,2026-09-13
458e6716ee18b81d1d25a0e18b3bb57f,2026-09-13
a7f67aafa1b5b71c72ceb3ae971ae823,2026-09-13
c151aaaa4b6e9a6f1f6eb8d98055928f,2026-09-13
22ceac1ea144f11fb381135afa07cd06,2026-09-13
82c882acd0bdedff2744f7516a23de0c,2026-09-13
893667849f1a509e9df8188fd41fa4db,2026-09-13
7ab85f6b5bb765462f3f6097f157a45e,2026-09-13
34f5611d31eb543937d5bd9b75f4e788,2026-09-13
4c484fc61df9a6ef942ee083d579cf33,2026-09-13
3c1465082f3cf5f206e3d9c4364ad8eb,2026-09-13
9dd14666f929bda81fce5834df2677fd,2026-09-13
75edcf020e796f851f257abffd85ca6d,2026-09-13
231a30a5a342e7eae61e16c1bcf6e95c,2026-09-13
b58d5e16b99c0ea5867ebf3478fcb9b7,2026-09-13
7441954c6253ef168c9f6b8f5f16aab1,2026-09-13
7a5c985e27602f962a7b8d4b82a99f05,2026-09-13
fb47fe0adaebb97bc013cb167b222b63,2026-09-13
e8c90022e616199621c9d5231fbfb7b1,2026-09-13
b90162315846cbcc869b34b5ed8b99c4,2026-09-13
e9518a196281962b42d88f672d916c9a,2026-09-13
9d9d12b63f70dcb6d600ae6687ef031c,2026-09-13
33a91be94a9f38a9e9a55e6b7ca38b67,2026-09-13
a11327716d450c0cdb4a1bd0cf21e6f7,2026-09-13
cba6679fa8b1c821440113e61fc8dcf8,2026-09-13
4b65f016b316ceb27fa3683511d11e77,2026-09-13
3fa2ee055216c1683b3436e1bb1fc14d,2026-09-13
564f4a7b1a1ded48c7f3fb50d500eb9b,2026-09-13
8abd156727837f0dd39cbd8cb931b102,2026-09-13
ce8f2598b9727b13c746f8441ec22947,2026-09-13
3fd19faa38a65228f2eaf191c410754d,2026-09-13
d2bce83b0ff4b19769300eda89b3e83c,2026-09-13
7e187f9b23335ee7036da3c14ea65c5f,2026-09-13
045aae8fa1912647dfbb1f54091b491c,2026-09-13
ad3954ac80ce0a732600cbbe039ac10c,2026-09-13
91354a243fa05ffe836bc2d31fe44896,2026-09-13
c86cdfc7c6aa36ebcac362ed913cb5d7,2026-09-13
6109111516b6f1c6170f31f69b038a1f,2026-09-13
b3d17a0e410db32742679e0ec119baad,2026-09-13
178fe9a0c496a61156eb00d51b3eea35,2026-09-13
4d0b9821586794ee5ec8546ceb0fb35d,2026-09-13
02f2f636a65ebe671908ca23e4581d64,2026-09-13
2b554c5e7e95662d640aaf1861e00fae,2026-09-13
e30ba415874cdce83ae2084ac4068426,2026-09-13
642d6e8c38023df487ccf7bfafddc055,2026-09-13
c259443d2b5adf9fcc74896ca8d39045,2026-09-13
9fc4f1d600da3fa777403042fd774d9a,2026-09-13
646211cc6c20838d7f4da5519381a21b,2026-09-13
c6094e5629304fe76312641201a06515,2026-09-13
276f1e0329de684def2c6d7882b45572,2026-09-13
924ed3cf9ca296f55ed3000b048f9b50,2026-09-13
83333a715468e7f23314be31e05d7406,2026-09-13
dc4bada3e0a6878be80d2b8be8b3f30c,2026-09-13
af28159201d3f419ce5c026ed6b14b23,2026-09-13
49d16c59a5ee494e7503609c9d72bd85,2026-09-13
af8f1cbb440d2193a8841af0a3101dc6,2026-09-13
1ef38841c0320f72ef9f93ce8ab16e7d,2026-09-13
36c6d593c072777fb289160541cac34b,2026-09-13
0c9298960125845dc6653db11be55d61,2026-09-13
78b6c38cb6ef59a569d1262f05cb0182,2026-09-13
cbdd3cfcebf8abc4b9a070a88e511137,2026-09-13
b312c768924b2dd1f4f751fd0f5af3fd,2026-09-13
a0f10f8e36619c3fc7d1d5ee1b1b8bf6,2026-09-13
3bc90f7890b2ea4160c3be362f7a3ab7,2026-09-13
59486570be275b2e6fa09e4d9f154afe,2026-09-13
fc67ca5b7bbc5a64d296e99125421755,2026-09-13
75c0722032238a90cf5c4a9954d4da65,2026-09-13
935621ed853b9e980307e647b8e66ce9,2026-09-13
c57835ec668344a714d7b5743ef6df9d,2026-09-13
b55c50ff677d2d0e3c553326f5fa6bf7,2026-09-13
a75484a6676e299bf126a966505e9324,2026-09-13
b6e954c06f536395703a588585a54c53,2026-09-13
28e716328b04f2d6402a5f4386c8f9f3,2026-09-13
0cb83be4edc40204e8866ce62ddd32d6,2026-09-13
00dcbcf7625f5c9885363bd20973f522,2026-09-13
0385dee1f05d24da5dc112bd0cde25c9,2026-09-13
33433af39a9cd46e5f983bad6e3ce746,2026-09-13
32ae9303c2e88a8120b17c704791706c,2026-09-13
e72419bf445d10733015688e3a44f57e,2026-09-13
acc54804428d92b43768d2870745306d,2026-09-13
ccdfa882024e5c5de959bff485529874,2026-09-13
cb09539d04ba968d3d6799ed501cdc22,2026-09-13
8fcd07a80b917156598e88947834ec39,2026-09-13
64cfba6d6c71c43a0758a40cc6493be2,2026-09-13
2713587579c0c176df0f279d524805ae,2026-09-13
1d40532d5695e72a6c5a2e94f8a2cb00,2026-09-13
c887e5025fc6f7f8f63f20fc74bfa774,2026-09-13
360150c20d84c65e62568d0ac3ca4c0c,2026-09-13
b9c34ab0b8f16d70f3d5b0cac65e00e8,2026-09-13
dd18cea8e6bf09189ecdf60f89dae6e4,2026-09-13
28a0337d3fdabc15d5951466adce752a,2026-09-13
e3e9823ee416ae55c6d71733d53f4220,2026-09-13
2f3b3dddc46591cff34e324314ead67f,2026-09-13
aa1634779e31d86ce5bee32ef4600807,2026-09-13
3089e3fe8c37fe40a70537ddcbff880c,2026-09-13
48564066a60379144a3b3025e375c382,2026-09-13
b4491a5c7e9aeaf4c18ac447580d5b08,2026-09-13
d5e2222a4228fd3950e9ef6611f088fd,2026-09-13
fbf98215cb9c928cfa3bfcd866eb5717,2026-09-13
d610e1ce8fcaff231df4ca5645c43a96,2026-09-13
6347411402c5d5d901f1cbe647eb8cd2,2026-09-13
70b2e913211f625919e0da3627158bb8,2026-09-13
eca48d06f147dd69ce2760e96c060350,2026-09-13
cfbd79163f696552f8fa9ce82f99f49d,2026-09-13
b4b695c9e61096e4e4b8e24c11fcb1eb,2026-09-13
1503688d217d4ac1396e364beca98bf0,2026-09-13
d1b640e7071ceb7fcd52661e2d5a9320,2026-09-13
a872d41e0b80e32a76a723efc683f168,2026-09-13
89de07cf707e6165a2dde902a130e9e7,2026-09-13
70d78a57330c839ded90ce4012a78c60,2026-09-13
44f5716a34dbc1be680953b96d6c652f,2026-09-13
bbe9f21f6aee97e57ab3834c65ad2aa0,2026-09-13
2530f1afb7494283430888709c5a6819,2026-09-13
639cc650b056280889c33564e7e93d7f,2026-09-13
a4599c3e0db5d55e4f23d483a32c4aa7,2026-09-13
8454f9ba5100de871705009d4aeeb502,2026-09-13
37d90ada60baf2ddaa623cd928950e05,2026-09-13
14c1dfcad370039dcf119ed0af2fc348,2026-09-13
a2c68b3be8cd2ce8a1598a7c300e404a,2026-09-13
67659f6edf97bc29c4c4e16b47d6a86e,2026-09-13
dc2bcaa59a4648e36cc9dc6c1aea105f,2026-09-13
0f1dc2826af4304b8f4de5eb0f693de0,2026-09-13
1d4cd71b745f3732bc1afce15f2d78ec,2026-09-13
1ae3c9269abc24360fe0fac6fb00ef16,2026-09-13
5c4bc4558a988f3f8eabd40787b5cbcb,2026-09-13
a9b507904b964dba21f3769bb3c08420,2026-09-13
a9bf57ccc953caee1c80fbc30f960024,2026-09-13
10c078b3c9962627dc5021d824cb123a,2026-09-13
4899d974f69fd495ad520d57c3b74b8a,2026-09-13
93295ebf6e8d31199d32989d095a66c4,2026-09-13
d02984dbc750503a065763123eebf3b4,2026-09-13
db04f19daf02711bef8d1a77994064b9,2026-09-13
4e03ba3669bb26ef4d58122e1de3eb7d,2026-09-13
dc2cedadab36ea904f185a72b30714a3,2026-09-13
15cd886a0b81e3bd2772fb7ed43221b7,2026-09-13
9462bed91581be7b31f561009c2ed08f,2026-09-13
684721734de478d4045b853bf5526e22,2026-09-13
cdada0c0627821791d358e0e64e4bf87,2026-09-13
45edba9e06adc3a3a44c5dcbaca9f166,2026-09-13
8b0e45faeee4dc9abe209bda1323a22f,2026-09-13
7abba434aa7b4d930a3fee958d447cac,2026-09-13
203dfa304a78bba929c3efe1bd80e0a4,2026-09-13
3234cace791a1f73e7c7f5cc8a830dbb,2026-09-13
989b9de515f174ce5b31aedefbe749fe,2026-09-13
99da0d4318914314bdf1ad4b1db2b5b4,2026-09-13
3cdd23662893dc93366a1ab2d8092a41,2026-09-13
82936c9819622b525250fe7ae2611ac0,2026-09-13
0ac98caf0809c4eed01540e812dff14f,2026-09-13
9b432814c3823ae6940931674638a668,2026-09-13
c0836ce9a56b0e07d871fcbe4eaf9caa,2026-09-13
7eefee07c1c665a2cb703a099aea6351,2026-09-13
5a96e72006e795df0ccee2448a9c0cea,2026-09-13
423c1f6beefe0254ef7b7dacb41cc4a8,2026-09-13
8eb090bac6402e044c7ca0e605c807fb,2026-09-13
a3cc67f1ed0c35177ab3e4063d7a1089,2026-09-13
99b884791cfc283164dfdc7afe091419,2026-09-13
79ce1f70c155738610c3e29d76e4a833,2026-09-13
0e0c592e2ee929e75ba6f87590b5b601,2026-09-13
8c43c1a5d15878949c888d6959df19ae,2026-09-13
03a53aaf789261672458b5df3fb98813,2026-09-13
be24013aedb074d1fb698049a9ee3b50,2026-09-13
77903423363104947e542ae6fdc9fa9b,2026-09-13
505454870cc1997e7385c101c558ed1f,2026-09-13
0eff2c574ca8aa3eb07f9b5ffd1333fa,2026-09-13
5c91d240f86311c87e4c4ff804a41243,2026-09-13
e486c435926fc868bfb252caec5e8a39,2026-09-13
35601f3a1b50ec1ec3a19cb288ac8632,2026-09-13
bf22c5e7381ee89dd786defdc132642f,2026-09-13
c2bcf4df1b85271e6ff57927ee3fe5b1,2026-09-13
b83ec3d5e6592266f6e2cbb36cf66578,2026-09-13
df716c0d4b68f5cb8051d8abdbf4097b,2026-09-13
b22c0a01eb83424694d338129d977a1a,2026-09-13
6eb5619bcd42d66cdc290352c4544b88,2026-09-13
6af93c55a7b8eeaeb55c3bcca584dde9,2026-09-13
6d255d8da2901eddf3847c3997717651,2026-09-13
c0984b59423e92351ff92046b941a4b0,2026-09-13
ec693572b321677d1d0a283018eb5596,2026-09-13
0cf3cc42690b07718f1876a5b16f2ab3,2026-09-13
d0b1e75beab12f3af2ab9f7ccbaafb17,2026-09-13
159c265c3a30a897de7c6485630c9dcc,2026-09-13
e2c9478e7b91c33181adb450a05aa1a0,2026-09-13
69df4456a881eb37fe5fd3d9220de8d7,2026-09-13
4984de4bf3313374cf887780fdb3888f,2026-09-13
002756ff3d24474a33dd67613f76ff57,2026-09-13
39dda0120f951f784c5f0eb5a19e6c98,2026-09-13
2893975abf9c140517353066133c07c6,2026-09-13
72635b305a7a0aea43136c206686dafa,2026-09-13
8206a9ea99f75ae3f2dea086ca00cfa8,2026-09-13
c04840983c5627c869ead09e770f8398,2026-09-13
bd4b09acb93e7172c8bc93f5acee507e,2026-09-13
877c087fd8f338d5f34bf35b127606da,2026-09-13
5c18e15054470ab8ef137fe76943f70c,2026-09-13
bac9bf8461bf1333069c4dfd4183beb9,2026-09-13
a01ae67161e62d1458e37032e11ecca6,2026-09-13
9e566d645be2184cfb2c36713d907641,2026-09-13
054852b67cc948b6c43eec0ad0296e23,2026-09-13
03e95ca799644ea5293096b36920505e,2026-09-13
77b4fe24f4d1f36fa354afbe8118db77,2026-09-13
1d7c083f4465e498d9c2afab58946905,2026-09-13
3abf47072f551984287090bd27829c9b,2026-09-13
594f10ec45b9ad24bfaa4bd7810b6a54,2026-09-13
eb0d57aced11e4a114d2d8824b6a54a7,2026-09-13
d71bc937c008125e672f3efdc136851f,2026-09-13
8d6ae057b7a9cdcbc242686bff6634da,2026-09-13
f6ecc6e545c354bf512de5fcec463957,2026-09-13
13c673344a6b8014edbceba3288f1589,2026-09-13
5d55f6189411753eda8d095d97d6dc7c,2026-09-13
3af29048e6fe290528a0adb907ed0d5f,2026-09-13
76b9e70f6430800a148dc79202e3d46c,2026-09-13
7e7d76e4fbdef2df9dc52b8e0e993735,2026-09-13
1d045d78b09092f2dd5cf8e530ea576a,2026-09-13
ef9a06332fdc0eb5f31557c21350c1f0,2026-09-13
0e5060aacd34b7de2b1a0df1c5cdfb31,2026-09-13
6826d1ff1a7157645090c387b5ae1ef4,2026-09-13
7f1dafe6e3644d4d24a4e7e0f127ab39,2026-09-13
a7e45b25281fa42838a9a277a1e2eb2f,2026-09-13
b3dadbfc310d734f26ec3a35616486ae,2026-09-13
9a388e0e6a3b4174f86bf6b8ad43f62f,2026-09-13
56d8dcd659d7c909bce422c282658d66,2026-09-13
e026982d0f918b81b8ad09d16226f2c5,2026-09-13
517a983946e6e2c30fd0acb5a3185279,2026-09-13
ed7d262703806e1685348bd54eca5cbd,2026-09-13
8b23ffe5b2a53e32b8618545c953172a,2026-09-13
5bceb965b0112b01892816b79b84f06c,2026-09-13
83a9a82f0c956d3de8993e83bae1e96b,2026-09-13
437bb8285f7cc06abd6a60fc00fb4b10,2026-09-13
118cd60cead79dab968ca9b5bc4d2259,2026-09-13
03ec34affb647f51190afd3be630204f,2026-09-13
02b7554bfb2f37c01a0f3de581fe4054,2026-09-13
da04c05f7d4cc334248e73b07d98d5fb,2026-09-13
9edf6eaae156401f6def5d7ad20b8b7b,2026-09-13
26ba26414dc07fb10dce4573df181450,2026-09-13
cfedec58f4826e99811a768086b25def,2026-09-13
2845e35989a890e8cf803b55b8c5a545,2026-09-13
a6e320dd5a478ff0aafbb874ac4271a8,2026-09-13
ad84b1b8e101b6af61fc2e903e4521b3,2026-09-13
67f48724a80719529ca8f4598deb8a3c,2026-09-13
cc674f0721888dd85239f8b75108d962,2026-09-13
c723b87e6c2b6f2327e66a6f15b9943d,2026-09-13
2e07e0d1ee2c517d15d863c197f027a0,2026-09-13
fbdbb0f96bf40482cd8879ad28762d6e,2026-09-13
1e8f313cfe532579c7f5cf75ad598137,2026-09-13
b8f0871b416062cc29add242bf631c0c,2026-09-13
eabfd3c2d1eb9892b59181c0004ad1e8,2026-09-13
0200a26f679db0a4314ee2f69cb4edf0,2026-09-13
040c1415cd4ae2951cdb35acb45ae89b,2026-09-13
a76f6bd355cb5b9b81624bbd6c813f99,2026-09-13
79782c2569dccb9748c8b5b90c05b67e,2026-09-13
6b402a2ae750d43a287639d1f1e6c678,2026-09-13
88c35d78d94c8896b55a815989701617,2026-09-13
1a00d2ca3c5873cc71ea2c3c662712ad,2026-09-13
2f9cdefe56b13695008ebbfbea109b81,2026-09-13
7e6bc816b60e5f03a7a615886f87b393,2026-09-13
e3f428010a44fb27d3d027bc54a95145,2026-09-13
68b640369f93768d7db667731006a6c0,2026-09-13
c2aaf8ce9dc3f42e8924208f1b456591,2026-09-13
6a948142bf806aa3b456d03f7d82e8de,2026-09-13
7ac7c4c9056de33a5ad93c15807b9789,2026-09-13
1915feb6c3b4a5268f18ffcb46c3b2a3,2026-09-13
a1c153f102cac8af16b72520531aa605,2026-09-13
ec43af068e41748d581fe300be53565a,2026-09-13
d90747c1bddd933c37b588672cb21917,2026-09-13
3d5148a3b95c2b5091ab6d8214308904,2026-09-13
fc594c69cfa35825c9ea7ee54eef7a34,2026-09-13
92a905622f718420d6c6639c641a28ff,2026-09-13
93aa7f000a7d19a2d4712b27ce23c412,2026-09-13
a3a9cdd7b0121e5a4e276e45fb173af2,2026-09-13
aa5e3407dbeafa64437cad6be1d37cb9,2026-09-13
a96e71897029c8f6711ed644b4748436,2026-09-13
b4894a4c91327cb460c38eae5ba62f02,2026-09-13
9240310c65ac61ba1cdddacb19fa85c7,2026-09-13
5f3c85bc687653bfb26930f83933a45b,2026-09-13
ae5e0c12c50ee9864c1f9894aea05268,2026-09-13
350fe7abbd5483659a48e464ae626c59,2026-09-13
2fd3047692bb9e6b25774fcee09e7c28,2026-09-13
6e0d92b04ce81ccad26ab91ee9e71bff,2026-09-13
433cf1bb3501a1d9cda38ff82af602c0,2026-09-13
df602b7874c9351675623be13b23506c,2026-09-13
f3bd2042dee0327dce668bce0fe6f94f,2026-09-13
6c71be79ca0667835d52850df02f2b23,2026-09-13
20b56ac7fd6dd3221173ed74f171532a,2026-09-13
a167cd2f11fa8637812c31277f0e4d67,2026-09-13
f9efeb3966a1a7f29d36ed394518ff4c,2026-09-13
34c6bde4d13f5f9a4d36ae0985566328,2026-09-13
7229ddbbb99c685d1e5f795800ad5819,2026-09-13
916c21a075a043ccd67b6b33970a060e,2026-09-13
ded15162cfd5eaeeb6fc62c8e70d5d07,2026-09-13
9ec1c41359c9d0b78f420a11b068c7f6,2026-09-13
1f3843d1c87610ab7a04cfa0adb82964,2026-09-13
59e45bfc3c763e722128624fc7fc113c,2026-09-13
4fb267c8d7c168ec549d32d238e6afdb,2026-09-13
0dc596579caa7458a9533764627100e4,2026-09-13
462915a9282e93f854ebafc34686b13d,2026-09-13
4894f8b500f024d512696d4e2e43010a,2026-09-13
9442ed1aac596bad3d71a51c2bafe77e,2026-09-13
ea5726cb97c905f6127dab605c9a0491,2026-09-13
5be580e0d81dc2b95edd69f5966aefee,2026-09-13
affd0900dd4851c0d53e46613cee6ece,2026-09-13
73f1e731b549bf09c07bcb3439db8da4,2026-09-13
e36309433471fedd2bd0462692f10c53,2026-09-13
75dbda9d83106982c7af7534d839bebc,2026-09-13
7c6e50f6d147d0d5316d2eef4c8db7e6,2026-09-13
a541137e69c44ecfbfa13cb7a141646e,2026-09-13
d912a98bbdfbbb0a79534af8edecd231,2026-09-13
a25cbbfabc1490f2afbaa5b81a454501,2026-09-13
5cff9875e77f112bc2cd5a29b28c9af8,2026-09-13
971bb70bfe4614f25432e1466d2f047c,2026-09-13
7d855805b3f3e82995d64a5784365902,2026-09-13
15ba8e54942049a6c21875af7d17b80c,2026-09-13
2389c52ecd9e6021e230cf104ab08a88,2026-09-13
bf47b7227a7c16a0ee455b456bd392a3,2026-09-13
ca2e00a623a173ab7bff54d7601af974,2026-09-13
7db3e8f01dfb0f538af48c05ea3a3dad,2026-09-13
08468933b4d3af60f93ba955794051de,2026-09-13
3843f0af503fde6705646677dd01f229,2026-09-13
db3aed61ff4e80e41952bef051c031af,2026-09-13
12f5f91eaf7261af1db3c9b6aac13811,2026-09-13
2d5d3edf32d119b4e31c85db9393d92d,2026-09-13
2651be572b91a8852aeaed5acc732bd2,2026-09-13
b7a16ebef35400ceeef013523c912237,2026-09-13
c0f21416990497621f9a7e440eb23fa1,2026-09-13
17dd58123a43eb8eaba7611abe3a6933,2026-09-13
b0719824e387ef0d0b6c5a1f8ed57c14,2026-09-13
f8ec0708e93f3b4fd8f18f82bf906126,2026-09-13
56b355320e298eb38d14f2795374301a,2026-09-13
d96c3faa406dcc77328fa66149e75427,2026-09-13
b8af2bd25621311761b6ab17d3a78abd,2026-09-13
09d868fb005f632f70afca33642dd4a5,2026-09-13
a455360c95004cd86080662c7c208719,2026-09-13
21c32a6af75fc85a7eb7e9f11286beea,2026-09-13
f1790083a2464cdf77b566c8efae80dd,2026-09-13
f3e3180274ef7faeff75a2cd1d5175fb,2026-09-13
f77ca4997b7002cd432de607a22ca293,2026-09-13
74f810ad31eff02e49b1f0dfc7b7e854,2026-09-13
2be1616db80c3e7d9cbaf0b9c7d02f32,2026-09-13
626521ecf5deca8d1b5b56b9f5fbac83,2026-09-13
005fcf1f91463f082e5778a4c8405804,2026-09-13
7535882f2044dcdf9d6cc5c792bee38a,2026-09-13
dc18194362a7092ed70a09e94ddbe9e6,2026-09-13
0b85ccee3bfe3c2cba2f8cbd7b2c957b,2026-09-13
9bde5f742913b6b6d7dbee4245f2a4fe,2026-09-13
e7362d531219b821c1627311d7871179,2026-09-13
072576960670512dbf3b6c3b8db07f3a,2026-09-13
64cd14bec60475b30ce09255e8e0bbdb,2026-09-13
44cc2b635f5f1f35ee21b10842986374,2026-09-13
3ed6a8aa5dafb764a9ba6d1e07d48d89,2026-09-13
f02a44796d3396d1bef944fb05271192,2026-09-13
bcdadc84fe2b576e774e0da64d17e339,2026-09-13
1087982ed3ed8647ce293a0936e2fde9,2026-09-13
684a56ae62cfc2e4b7f09a8cc8acf4fd,2026-09-13
369db482b1f20f255ec7cc064bf3d91a,2026-09-13
a880d363eaca0c00b4b48ee4cae9bd01,2026-09-13
2f7398fd50c9e25595f3759e94fd95af,2026-09-13
e8fd35ab99ec2e470fcded85914ab960,2026-09-13
aa8786274a882349c8b0b7e34c50062a,2026-09-13
751695eb61ce4355228b5613026b3734,2026-09-13
de06fab7e71a30e7215231e42d81b706,2026-09-13
f86b3332b33500f86c59e396c4de8510,2026-09-13
c2256a275b5aa63b9b2c11f365b00350,2026-09-13
5fd70385812776c5ab888bcea5568bcb,2026-09-13
cce739f907866e7f3c8915240f9b1362,2026-09-13
650840a1aa0dc86833a9c1deb50636e6,2026-09-13
7ac27fd23c3a638b028613a60f86a3a5,2026-09-13
3b026436372284cb403570b013c4ed2e,2026-09-13
b9898307abe2314ffbfe669b676b5f2c,2026-09-13
2a913a42b4ea96b6d81dae0b55f13710,2026-09-13
816b53e2c2cda2af4efdd892eeddb189,2026-09-13
78d5c3dbcd3161dc7779512091e22f39,2026-09-13
e893cb6ca4729209aa440d7809c9b414,2026-09-13
812cd72463569ab66eca39d3342bab37,2026-09-13
6aca88816a6e43676f1c8e9aebee97fc,2026-09-13
580d33f8302d94c552c1b53ec4608d67,2026-09-13
7def36fd4aa031d3ca507eae5e72a4da,2026-09-13
8bf1f97bc3758a8801ffa372ac8fec20,2026-09-13
6eaa08a4bfbd8d4a199289e03fd9974b,2026-09-13
1aee9763508c5ce03f0931caf88f9bf6,2026-09-13
ffdab9016596bdc226b440d85dbb97c9,2026-09-13
10feb67ba88b9b082d69c5b5d30d7b9d,2026-09-13
0a257e841854fa02ceda81e6f765a979,2026-09-13
00998cd566a6913b2175e0f9dd04f649,2026-09-13
843ad7c11e89df453531f032fce8e5d1,2026-09-13
e131ca4fb3e27ac3a3e40210d43b3bc5,2026-09-13
2523a2b292f5650e95af5c1f718e0429,2026-09-13
94adf7177c9548e4f6a2d11e18a2b808,2026-09-13
a78d0cc7229784a5cf078cef76a5cb49,2026-09-13
c40fe2f2f951dbea406a7c09a37c3ff8,2026-09-13
934eadd0ecdce7440e7d92bd6b92736d,2026-09-13
456376b847656e681cdc09dd00d4ac21,2026-09-13
4260d90c203fe3922db9bd076be04e33,2026-09-13
21fa1dc15635d7783a900b03a0b041c5,2026-09-13
f85dc7c5fab6a8b86c0a978b5e773bdd,2026-09-13
f9fa8bea5bf4cf47e90cfb9b9fa798bb,2026-09-13
248937e22ee70c3e17e402d4cd21f355,2026-09-13
4b7b4f099ea935fbbeab13380489b457,2026-09-13
ff70181b8fdfede19214b1f5ed6f003e,2026-09-13
38c8f39cc11538d6faf57df663b419de,2026-09-13
1f9ea90b9e55f5977484c8acbe9659d9,2026-09-13
936301dcbc28598b890ea229befc6ba2,2026-09-13
16cf0f7f6ba5689dd5ece7020b947855,2026-09-13
95bbf38ccbd5dd7112c83038d2fb193c,2026-09-13
236a0a1a5a05cbae966664c453a52b5c,2026-09-13
277a209467d0e043641f07eb30ed875a,2026-09-13
bb37a0896b29cd1fd734d1763f17c050,2026-09-13
b01bb47594f5dbb93f96ff4b536265f0,2026-09-13
8ec71b7448d31f2aa8884e89c62a3745,2026-09-13
8343921d678d56bb5d82b46baf5bfef2,2026-09-13
7fc4661e1835b58cdb5a6e81e40bd4de,2026-09-13
db957fab7365602eefc0d3e66b9351af,2026-09-13
f2d954bb7ce758f0aff7df857756c3a3,2026-09-13
d0e99cfc327f2a5f5257aa09d72f6266,2026-09-13
7bcbfc49c1a52a92eb38f9bd40a4339e,2026-09-13
d8d7c02e93101a9144b4ed094a7decdd,2026-09-13
0d20facfc714ef797ddcbf1705a0dd5a,2026-09-13
9a6074fdf3c225847c9ca9054df941f3,2026-09-13
796c0aec1615ceeb9c8a7113b04a0ca6,2026-09-13
b5c30c5a2e42c05e6f3689bb8ba47c62,2026-09-13
de4c4365eff701db4ba53a95ffa9e71f,2026-09-13
26790e9c7120e561dfe1d501ca2c337e,2026-09-13
c713b5a3bc46228a2a8bcffb3bd0864e,2026-09-13
416b30f5e355de5dd6647f6a752f17c5,2026-09-13
a79c6724837537e4e9613b0ca1234420,2026-09-13
d5899dda1dff0d02cbfc8ad64596fd7a,2026-09-13
2a49dbbf889f9245a0b72d20035006b0,2026-09-13
a2287935289d0a72c6060fb5f7ff8804,2026-09-13
d69795f73bb4288291ce3a3f7075aa64,2026-09-13
3da24e4437d92375b54faf922816fdd1,2026-09-13
4fd77e4f1f5ff0e16b156da1bc5bc245,2026-09-13
73cbac069b484f9571f2c86b6a574883,2026-09-13
7cf3339986245bc0d332799820d3ac43,2026-09-13
19808763d59a04982bfdd2e87be95cf5,2026-09-13
9a56fd6cd59ed468f4197b8bc495d60c,2026-09-13
d8a2a54dc8f1d2c951a174ce48e7ad18,2026-09-13
fe4b33a0d5d890eefcc024b48280fcea,2026-09-13
73ea76f30234ab9ead16a22ce141fdb8,2026-09-13
c80d46e61201ca17f6a1950c09bb7892,2026-09-13
578dcd7f6daf9c4534c85953889422f8,2026-09-13
9e616ee2a0757af8d95021470d617b15,2026-09-13
bff57fd0d89a0563877899fb05676c50,2026-09-13
cbd30280a10189f56fe8b151e8dc0f2a,2026-09-13
b314d15f3aabdd2bc19a2bdd4badf0d2,2026-09-13
00ba5dfc17c24ab03a0f2eea3b60d0be,2026-09-13
8c8bb57711df6c44dc5ee2d8a380460e,2026-09-13
345211918dcbfdf1a66876af54778315,2026-09-13
82df1e2256c5519c999b4faf88c3314a,2026-09-13
a71e09578ef42f4c26ae9fe81d475bc0,2026-09-13
e125ddc44c823b7f18d5ff25f211c7da,2026-09-13
2eefb5d21789f94329199163a74e1387,2026-09-13
46191dd9743836ab53786f417bc1ac41,2026-09-13
3d5b4cddbf9afd29b4e373ff7cc0ba44,2026-09-13
7c37ec6102be7799c82b76cbb201bf7a,2026-09-13
9cf2550f25126f6388ad13c05bfbcac7,2026-09-13
1084895f170e0ea5c9e71d8ca357acf1,2026-09-13
b033d8921018e27ef8083bcb2c953419,2026-09-13
f91b43024502149137717692ef41b6fe,2026-09-13
744ed01bb27b731feb13e65a433fb904,2026-09-13
db00cc484f8b77dde86f1768e5ac9ce1,2026-09-13
ab8a7142d9a80a0190fe1d56614edcb1,2026-09-13
91dc08c9facbc4c818a50ebc30bc6b15,2026-09-13
a86fb91f244b36bf20ed6aac260a6b82,2026-09-13
753c057947f02027b2ea9363915789c2,2026-09-13
a1bac76ea491debe57bfb22bb5988c7a,2026-09-13
3c82d7bc6a6ecbea73e043e523f07784,2026-09-13
72df0a498d762875c07c887b9fd4cb15,2026-09-13
7071caa9521746b98316087c0f4e0c3e,2026-09-13
e38a2f74f5e462b4bf2f16bd34a146b7,2026-09-13
3adcbfe8c474c7cacc388c0f00be3309,2026-09-13
b1efafa4491cf888c9c84701abd4b668,2026-09-13
ed22c9192e89815241169b77da21c523,2026-09-13
31338863dd5b202aa8f6f3ed865c2366,2026-09-13
af8a1762ef564d0d5c3f6e9ef24d8e60,2026-09-13
47a6bd44fec2afba6e7f8f142e1bb63c,2026-09-13
f97ba6995a4753b97e26e7be1224b1a9,2026-09-13
4f5e62b1fbec6c0eb0e1405185603cca,2026-09-13
49a161e6ae907c4b44dc1252de90f36d,2026-09-13
db515ad9b23631a6aa0f612420e4508a,2026-09-13
0fa9b47b395c300a03bb62aec6d564e4,2026-09-13
8b8bcedb558e95ae32b89c3fc6bd8e41,2026-09-13
a16bca5fa5b4478d6dd4db12f8e36471,2026-09-13
c70452f5118f5f6b5a80cbe6a5bd3e01,2026-09-13
cdd9ecb097da27db9cb80a527f780e45,2026-09-13
6e45304f7174cebc007c627d90a59634,2026-09-13
ab2bc3e45e271f8b7a8ae6eed2cdfef5,2026-09-13
4f4e33c394ec15e983ca2d3ea8275494,2026-09-13
49840c16ba540b961aba80b867143ba2,2026-09-13
3045a44fe260eb5cdedcb5fd1df8942c,2026-09-13
7d1ff2d56e25b3f6b8f93d38e1dcead6,2026-09-13
da6eeda8d04af2d2a911a3c2ad2f16d6,2026-09-13
5647eaffd48059408d10f50092d8bc1d,2026-09-13
74f39fa014fc3f333f7aa79084f51b31,2026-09-13
58347d44f6ff1be261dad8a7ec9005cb,2026-09-13
ce002b6e42fbf518fc4df4dcc3194bdf,2026-09-13
51b272de04ce4440adcbeaf116fe4abe,2026-09-13
9c8b66f8db2914649016ff7c7021a12e,2026-09-13
b1e213605e1780a6b5f1637b6129c80c,2026-09-13
58cd5ec1f9d728dddae6de66ed131dc4,2026-09-13
047f36dc9c6dce55d56c4cf6bfb8dc18,2026-09-13
e4950fa62c145b1a40cd2254dc045318,2026-09-13
5a5caa59a3686814014c64196af608af,2026-09-13
6ab7ed36196c10e344afd9de86abb6df,2026-09-13
0eb8393f8d94f446bb10fe88a9a723f7,2026-09-13
976a8fb5f30278f762bdfabb17ae00de,2026-09-13
cdd2dd8ffad112a5deef7d92425f1287,2026-09-13
50bc3254e2a73a6a8260fbab8450858c,2026-09-13
6bf75826f8163dd052c38ba58b550aec,2026-09-13
47ca6631a62b98df91af637e69b0c2f2,2026-09-13
2c0923d18bac6a574aa659190d4530f3,2026-09-13
c82936380681af0c8120f7b77a4c14a2,2026-09-13
e9ff0f6386afb5d391e35ea7d4a66234,2026-09-13
e100775a2dc0df8d730819bae7dafe27,2026-09-13
da979de29307009ad095344e91d6bb55,2026-09-13
fdcfa847664f0a1ac548d34bb00691d7,2026-09-13
d9b379bad5a4eaa19fe00427485463a9,2026-09-13
f1f8e2070686585ee947a32b4485f619,2026-09-13
9a99a7695b87ec37f5a7a4eb4e0f17ff,2026-09-13
6a2873d696e23a3def531fe2ae1b1bcb,2026-09-13
f17710c42f4c1b3db577fe4a3e77402d,2026-09-13
7f39db966a4afe14c418412ef47377ae,2026-09-13
87ea3c610e5c5f2fd5256a5c3b366f96,2026-09-13
dafd40fec9fb9c522bf8d876fbdb1cbd,2026-09-13
414eaac893d28225f531445fdec91ebf,2026-09-13
ad4b7940589e4da559aa8561d092c691,2026-09-13
e9dc0e32e6de020975661322ace99398,2026-09-13
8f29f3c715803b40fcccf6006b3188e2,2026-09-13
ee6cce4ea8de54eb9b99c1df5bd18b09,2026-09-13
bf70ab2e4de63dda602aed0c6e8715d9,2026-09-13
1e28f2b4a12d2f1520ca49dbf5d16039,2026-09-13
6674c1bf7f315100e85d1b2f02cd9a26,2026-09-13
649714196ed41c52b9edc84f67ec4062,2026-09-13
0a97b1a4b896cd8a1faa0b5d47dfc0b7,2026-09-13
5f4130f8953c4ce0ed613a0e87667c18,2026-09-13
265d1e5717fd980e43d0bf5b4818d29a,2026-09-13
bf757e8e2cae2363ce903475380e44fe,2026-09-13
4654c439ad73572a7ddb599332bd2e10,2026-09-13
c90f9691d225381fb9f9bd25242b4301,2026-09-13
bd3c1f264ab975c8efe08f4c9d8859a7,2026-09-13
753a2870ad9d5f0b98706444bb516221,2026-09-13
0b4b89c727e95b4b2d7f83dceba281cf,2026-09-13
eac7b3a8068e1ae1d5b900ad9dc7f024,2026-09-13
ce48db4236595d732cde540e9788d708,2026-09-13
83cb5247e3adb27ac63ee34c9c9bd8ae,2026-09-13
feebee795458ffd52abf02dac3eb7085,2026-09-13
ba60d38bb428912fab39e4f125da66fd,2026-09-13
4507df40bdeca8c94eeb69b1304e608c,2026-09-13
6c53186a5a013904b362272e5e2cd7c9,2026-09-13
a63f4f60fa250fe35e656dc5911b4e2f,2026-09-13
d5e0eddfe40b1b86c93ee7caa4f9d882,2026-09-13
6adc0a08fa0d5bd384bd341b0e962b10,2026-09-13
6360000fe86bac68fe5b81eb895cb16d,2026-09-13
311bfa72b6216a8fd781e789edbc3221,2026-09-13
d3bde6de6bd814362df42329df6ea6cd,2026-09-13
4db2bcdbae90a400a92c3cee90720c1d,2026-09-13
436a3cc2590bcf31b2de81e92289a225,2026-09-13
a17dfc9602e12e04b6547137ed85d3df,2026-09-13
bb5d5f5599a60d2029b8590817eabf8e,2026-09-13
cefe76eaf99e9bfa771f6b2d645bc5c0,2026-09-13
91f91c09f01593ddf7ca672ee294ea0c,2026-09-13
bc33113bbf56ba41c0126c09820fb282,2026-09-13
55a5497774a4006e4c6cc5a8d2105522,2026-09-13
a5bd254567c5b1f99ad74edf74e2ff5f,2026-09-13
c720d2389d943334c6e617c9a5c083cf,2026-09-13
72c70ac47b29994b57b06a82fce08d5f,2026-09-13
25381db05ada60557ea97012b887fcea,2026-09-13
e8f9b3741260cedc4db25217d856329b,2026-09-13
2f2626058126938118f104a25e3eb103,2026-09-13
6243b161c147d3f0ccf8e43a73eaa2f5,2026-09-13
3db324b8d45d0585d0f05378de3d103e,2026-09-13
bdfd526bf5578a08ec52b9e76809a481,2026-09-13
f846632c5e2dff343ff5372dac7d4187,2026-09-13
ff41f4d171ad26f8d7343c859eafee06,2026-09-13
091f96791b8786e495921467e4d01309,2026-09-13
091941d1f396c7672a547f25dce1a072,2026-09-13
e34d6f762b289718f67173670e2e6995,2026-09-13
b05bea16bcfc26123a0c477cf0ac34b6,2026-09-13
3612707fea62b22aa5ae659f586739a4,2026-09-13
3c35c26b5406295365126870401a5a64,2026-09-13
46529e1ec866cc6df3cd8bdea1a17078,2026-09-13
0650da1a0f65358b8cf02f71bde2f74c,2026-09-13
ea891b7bb416fbed2476ceaeeeb616d7,2026-09-13
b24fa40d2e4a713da05f826c8c6e678f,2026-09-13
a5bf180339e535d6ae422c752c185daf,2026-09-13
31036eba2aab799efa0ccbdfcfedeabf,2026-09-13
499e0ee57a4becbedae666ae27c8d84f,2026-09-13
f5403632d52ecb9c26c2958bbaa628ae,2026-09-13
9a25677356f4eb6ecb2ffe3ec04bfd98,2026-09-13
39e97ccf9012bf2c31ab9c872e3eb95f,2026-09-13
67f159602fce69781b7421694250049d,2026-09-13
488c7c64339b0fa0f387d108cecdd324,2026-09-13
311e267b4d8367c6c1a501afb1e425d4,2026-09-13
b11023cca5279186c6aedf0551aa5eec,2026-09-13
71694a14d86f6f7b8a628378b7f00006,2026-09-13
9fd9f6b3a66aca0c507d91dd1f68acc4,2026-09-13
82e41990f39f88f70c157c991bd31a3f,2026-09-13
0e99f1ad63c99c2c3b3153199ebbfdc6,2026-09-13
181528c59b9f9a8c655271b20bd0be26,2026-09-13
3e60e53918a7a6523e63c52e9ce106bb,2026-09-13
6fc76037acae27d5c05a9aa48185fc0d,2026-09-13
4d82dce3b59cbc2aa203418e2ef6b119,2026-09-13
5087b86f8d2ff9a872af6856e6ebb610,2026-09-13
852c261fb365935f5e55085bfd926066,2026-09-13
7bd8233debde276eae05a7ae36485f82,2026-09-13
74822af270155ab5d5e96af0d51895eb,2026-09-13
7887032f4f27c3fc86dbd03d2236b155,2026-09-13
05635b3e86fedb5dea13ec0ba88c3e54,2026-09-13
27b0e2d2dd5fa7bca65fbc0d6a756cfc,2026-09-13
fa54efca960c4dd086003a5dd31d0443,2026-09-13
8e32a31e8942583f87a417a886a0422b,2026-09-13
5964f3be3e60483e957a33febb55e955,2026-09-13
fb52a774039d7c937a078e0925ffcd1e,2026-09-13
30eedb8c2a6757882c3e9dae2bc53815,2026-09-13
a61a374bee1f7395848f31d047a32b12,2026-09-13
aeccd3429bed90064d611ad345164571,2026-09-13
e015dbfa611a74bd42519667664a13a3,2026-09-13
0d23e14c7342ffa00af60f012c96869e,2026-09-13
9b10d1b68c31414185a64588ee1a6276,2026-09-13
4ee51c44ca3a57cf922aef52e76e838a,2026-09-13
a1d4011d1642f3dd456dc95c12fd29b8,2026-09-13
67843d945eaeb7cc5b2087bacb66a8b7,2026-09-13
c913624a7bef96e79a32e90c31a7d376,2026-09-13
69a5f969041362c06e2bdf4984091222,2026-09-13
39f90691b3ba9503dc2e4eb2bf074e0c,2026-09-13
44cee9a7efe82e6f23635464544648ce,2026-09-13
c48575fa9b3106ee00cf253df285c546,2026-09-13
7ed8b07743fae6a563c302b112de9f4b,2026-09-13
7d082c7a90b639ba41aaebb674b547dc,2026-09-13
b0c0040d9b62c1f65e01741a4f01a8a6,2026-09-13
3a0e2adeb6630bdc7f3a8d656c230926,2026-09-13
57781f6347d53031c3c09839861933e5,2026-09-13
8e9bf018d1ecfe28b5e1d93f0d82002b,2026-09-13
7472a29322b3aee9816e794bbf8e7049,2026-09-13
4c11c03618105ba52c25b6faf4255619,2026-09-13
a8c875b577441dd3f2bbe0938fe49f75,2026-09-13
7a48e50812321f8df8d9b85cc9763b6c,2026-09-13
dec6ed9cf99b49a8cdf097b6c1a6766b,2026-09-13
53f2f052f9bc60124a29fd4dae53073b,2026-09-13
3405a01c3e9f8cc60971bea24be29de4,2026-09-13
e75ecd31ec2af68602d1e2beee44ae0c,2026-09-13
16d3771f02fbae8fc63e315b42f0db4a,2026-09-13
a07af265fa77cf31a22353475ceba221,2026-09-13
3ff0da4dbdbc515dede9984c5b76e4bc,2026-09-13
df26b160e0b70316c1bb113a4523e904,2026-09-13
8d471dd07c854ee58f9ddbe8fc1a621b,2026-09-13
c7561e582e23833ce9a6babf53577972,2026-09-13
168fd5b32e1711c991972457d234be2d,2026-09-13
bfaf132cda3b4e358ea4212e0c1b0d7a,2026-09-13
e9f1156e42ab698c902619d3f17094b0,2026-09-13
8253f09fe8949ff75779a3720576b9ab,2026-09-13
c7f186e99e75ab7df389804303ab5737,2026-09-13
eb5b46b481c04dd01ff79ebcf69a78c3,2026-09-13
bdc6a0ee256b99694fab55de38fa3b4f,2026-09-13
53db60edb236e36f939b7bc9af3a661b,2026-09-13
ca108e15a4fbe5588c54887a1fe15774,2026-09-13
c86857a45bda861e0dc258bc9ad8034a,2026-09-13
86aa6f2ff5aac65d13331e272b71e356,2026-09-13
75dc884120834bc4bf800a42537e1a50,2026-09-13
10835ef95341d94cc783faa8c0fbb1a5,2026-09-13
74dac71254c055072ef1a7ca81007fbf,2026-09-13
e32dbebd1f0a6ce6e1de9066b75e66ab,2026-09-13
c3e493891430f5ceed905e7c7996c4ef,2026-09-13
0b79f467dd5ce33d8f83ac5c51c3df49,2026-09-13
20532bd39f0ce97e72fbeebc28494a99,2026-09-13
53f472db053fb00034e38829a3779626,2026-09-13
d66565450df0837629bcb8b1cd78fd4d,2026-09-13
b34a93c63b7b05533c10f29d0fd21704,2026-09-13
c4284c5c3991c5f3916447494d7afa8f,2026-09-13
239dcffe299b2cd01c177b013decf8a3,2026-09-13
172c5fd1633bfa08a3a9068dae6477c9,2026-09-13
0a00cbc60ff5b6704e567d3ad75195b4,2026-09-13
f8073428498943f26db99620ef884658,2026-09-13
2c4aaf6ce94db38ec5022ff0ec9bfe52,2026-09-13
cc1e725785a82d910bc353064d4a5f05,2026-09-13
e104a9e7286ddcd24f1d6f3361b14343,2026-09-13
885e38bbdf83768b3644e7216fe5a453,2026-09-13
742389868f5df2d8bdfb83e57391f937,2026-09-13
aa500642d7879d970d3c696d089ce36f,2026-09-13
7e1e4050d5962d08d0a5cca552fa2dc0,2026-09-13
abc36ad01d96ff3b552f02fadf9577ad,2026-09-13
2b8fecf7b3d887db5e82b2e587bf9fe1,2026-09-13
6877f74f1d3ad5f12345cc5daa2545dc,2026-09-13
ef9c87d03aee936f21d1a47e29db6518,2026-09-13
d4d9bde406bc0a1d5fd5ef211aa6f290,2026-09-13
5caa1096bf081929ad0940163bc858e7,2026-09-13
34ab7bd350ecf2a5c380445efde6bcb8,2026-09-13
4d2a73cbbdd3e11ae57ccbfcc58753c7,2026-09-13
4cdf81254cd602f6151ce0b9c629f915,2026-09-13
362a27149cf2637cc2db15cb798f1400,2026-09-13
e870c9084b9fb72e40366eb19f6a122a,2026-09-13
b591e0816a30155626f3e492208df106,2026-09-13
959d169d5853560025c7846d2fce78da,2026-09-13
9bcf0d4d5fc87da3839c73786d587df7,2026-09-13
7746229bbd0cd39cf476163a42afad68,2026-09-13
52da67dcbdcd55abdc65f10a8e16085f,2026-09-13
195248e3a00583a07929093a438e627c,2026-09-13
e71758d6d0159b88b3c373e4dcaefaf8,2026-09-13
418083fdfb1d47b5b891811fb6d9d15f,2026-09-13
3e47c098565cddcb49739264438714ed,2026-09-13
c41c96a9543524154ed62553e868f6ee,2026-09-13
a3dc1d2a080cf51254924c012fdb474c,2026-09-13
2d21e5b80b1ab6de0783ba1bdeccf046,2026-09-13
2e1891942335ab61e13e83260dd1cdb7,2026-09-13
19814e8f6991462095a2b149528171ac,2026-09-13
a78aa59e3807e63a4c2da0e093051aa3,2026-09-13
4477c4c17e6654ecad3bd1b3c232751a,2026-09-13
679887d0d7e9fc783b94a5fd0a3cbb38,2026-09-13
13d902cf9fe3840229eb12bdeca888d1,2026-09-13
e81b5e761ab172310403cb4c385bc10e,2026-09-13
7f901c310210c83e27ea965b938707b6,2026-09-13
56fe347f0f29f3f24e7d739dd39f51d3,2026-09-13
84fce612ab7c1cfd8ae874866223dff7,2026-09-13
381e0c55035fc2360bffb71c19cc8124,2026-09-13
f0239a7b19d600be6de9afe5b0a80da2,2026-09-13
cdb5e7f5da60a48dd41829968f3cbd79,2026-09-13
6c036c9a3ac686c9199845b6ea40beac,2026-09-13
a24a978dda08c09748611b48a08c691e,2026-09-13
e8b2a5ee60239d2f48306f17984dec01,2026-09-13
0f05cce83dcc8fbfc9ffe4b72b3b4d18,2026-09-13
bc1ec5cd12753ca9ed9dba22347a6fd0,2026-09-13
33580887e68ce8f1e86e85580887ae13,2026-09-13
d72d1dd17488d203f764d39405124b8b,2026-09-13
fa02d20e115903a23d678e87e7b08f50,2026-09-13
56ab5a66ef15b153604b30cbdb157549,2026-09-13
0f952e1593a99e62e7319f8e7fe330b8,2026-09-13
e12ac40245c276e062d9778c89582184,2026-09-13
3f4981752fc594d32b32af1e88c18b6d,2026-09-13
26388e1761bdda7c498deb12b066a747,2026-09-13
7ba43ed4e91bd6d231ef445a30a2b3d9,2026-09-13
9d05c8dab19a629a96a581147371915f,2026-09-13
cab1e59ebb980dcb17b388c9f3b8a98b,2026-09-13
c78c9973e65e054a5572e5b0c437cb48,2026-09-13
aa8a58d362a2e6c0b33dffb5d072062b,2026-09-13
8e0de4562002bba290ad9268b72d97ca,2026-09-13
ba41c91d95af7ec1ac4174e6b45daeeb,2026-09-13
4e6e450d4447ab3f499249824051a11d,2026-09-13
5a4fe970eed9079df588da145de3e48f,2026-09-13
b4debe1b6e8ee9eaa1587267837d56b2,2026-09-13
0e7524fd10dc3a524ed99e7729d55155,2026-09-13
e13c469739aaec06ef43fb827c16161d,2026-09-13
4ff8128a4658b73401cc39ec27bc9eb3,2026-09-13
fcd9919b933b0b3342593ba4ef4c839c,2026-09-13
f3ac71efdf5bf2e511c317de73c2f247,2026-09-13
25e7eeadacb735504220603260a393de,2026-09-13
3bfaea9d2c140bb8641bc7cefc31b5e1,2026-09-13
a65b49affde545bceefda9933138cba9,2026-09-13
74d5b3ef3387fa64c69569a274ea592c,2026-09-13
83f7dbd8b3d0553edff3cf5571bca897,2026-09-13
9293732ba9ef00963a0237862f9fe826,2026-09-13
1274a80d42b56b087f7f338a0d5d4cb6,2026-09-13
a25e5bf866b1d560695cb63ec4694423,2026-09-13
8a8d77c5e93021896420991a55c04db7,2026-09-13
a1f16150da5e127236f35f40d5c8dc54,2026-09-13
84baa735c9663616715a901ed312dceb,2026-09-13
ac8b00c83b007fa97365bddcbaf9a504,2026-09-13
bbbd2aa486d8a2762f39271987ca6c08,2026-09-13
fab569c1273501b9fbe3fc877e90e02c,2026-09-13
2c1bd1f3275ef49f6d0155c411ffa75c,2026-09-13
923c4e22a7e22be61c1a45a050214def,2026-09-13
04210ce23344322e084c2869ed717ea8,2026-09-13
9e15cfe61aad6646e6cd7898c02692be,2026-09-13
1a542dc0baa4f5630acef19cf9755e14,2026-09-13
51e3dd73972d1f64842ce6b1b73551af,2026-09-13
e6c24ef3acad280b6ebbbfd8bff8bdad,2026-09-13
579097437e58d03819d57da78c5583de,2026-09-13
3d4cb3a657700a901979532398910474,2026-09-13
51649d73f4d02abfdb7007aa062ff138,2026-09-13
79694b8e08b5cf948bed61abe544259f,2026-09-13
1b326a3f9b7a8b909feef4089f5b9c83,2026-09-13
3d9af2d619df3ed327663f48a0ac014a,2026-09-13
5180b8bd719aa42d0b4ce7e732e597dc,2026-09-13
33cf31bf4dcdd62e749d4c7dc5d25d1a,2026-09-13
50c642b7d9918be1e608786328ab071e,2026-09-13
3ccdc4de904f8b23f089c7c626431f67,2026-09-13
c3661540cf72735acb57f330910e23ca,2026-09-13
d664771e1b7754dd18b81bf7c1b5b263,2026-09-13
a07ce0be1c1c3f5730af1f816e26eed0,2026-09-13
816fc7ac3ecc9f62ddcb8b791be74c08,2026-09-13
932cce19d959940efcd687db350f2400,2026-09-13
1e233edf4e1b714189cf05adf8a0eb54,2026-09-13
6d7bcf590fe4a1c65059304b4de87d1b,2026-09-13
f1a8d0cc50646729c3c08970375d81ce,2026-09-13
60ea488976755281bbd1b38d79f27a17,2026-09-13
1f848d3f11f566bcea1d8dc2bce070db,2026-09-13
e0c6863b740a3516f1297d103718337c,2026-09-13
cf5055c17c5245019e88c472a9ea4682,2026-09-13
032b45283fc41b742ce11cd9165d3eef,2026-09-13
f35e5da33cd6129cbc28877236ca5aee,2026-09-13
5da6d1ebded03e0aaeb897f072a7b8db,2026-09-13
7e5bea2102281c1b704968ff3bee6091,2026-09-13
eac670e70ae19f78b7cb56571d48b34c,2026-09-13
fa36fb9db029049fe3e6c53e05f71e45,2026-09-13
4b7425f3e0856ba8045c9592ecd3f1eb,2026-09-13
ee2f86c55c961ac594776eba68ca6a24,2026-09-13
34d70aa02aba800e3b5a3ab697d8e33a,2026-09-13
486dfb884b46c60ededabeeb3ba9bc4d,2026-09-13
da7a87424b9f0a8d376f57b8224b57d2,2026-09-13
2e70a2e9cc514a259876936425ebcbf0,2026-09-13
db430f868acfaf92fbfa304a4e0cbec9,2026-09-13
a999155353973c3e27090da247837a78,2026-09-13
7f9e5f0e531207be81da138a05173d69,2026-09-13
8e12d880ef680ac80b860855147f4ebf,2026-09-13
4e8b4aa521573d6d7298b72505ee64e3,2026-09-13
11d0edc54fce6709d761c15a12afab07,2026-09-13
dfcbf36fee22af026a19e671f10c6823,2026-09-13
e8b03a241246b578f3e331730388edc9,2026-09-13
abb0d2052dc3537d30247f962d9e9e1a,2026-09-13
5e08534495b4c0018ce8cfdd7b1ccb26,2026-09-13
afc45bb956e27e71beaf2d8c308b42f4,2026-09-13
30ba54211995bd8622e37cb3d11d6f4c,2026-09-13
665859a4cb500257537b266ba98ded19,2026-09-13
ba3bc4bd276ed395c98ce9097ed3b277,2026-09-13
1c9d2f1ea7926fed08db23d557787a99,2026-09-13
b651d0aa07a3befedcf37744fe37426a,2026-09-13
0f8436eab90dfa7091b0cf720dd74f96,2026-09-13
602b1a7124f7fb366f493ccd671b4a01,2026-09-13
2334aa8d7824d2927eeb8a2ad24ade70,2026-09-13
03d06e9a4b002819d81351a9a47fdc2c,2026-09-13
baf7204978c1e16be9acabef2b98edb7,2026-09-13
5fd64a2416beed9489753c6fd5da1087,2026-09-13
234bb1c4a69e9108be3c64a0a228ee5d,2026-09-13
c496796dea2c7be337fa7c9ec9da97ee,2026-09-13
87fd5eb9eb64632b580a9c4ea34a7d5f,2026-09-13
8e2028c52a061ce54f684742222741be,2026-09-13
ee9f50dfcf6322541d9230f14a11c265,2026-09-13
f00995be28b165896913d664a6472d30,2026-09-13
eead27cb2f616ef74ccf1ca9561a5648,2026-09-13
c1df7245e95ca2d142a6809af6c37111,2026-09-13
e35baf638fd956a848f41938b328892d,2026-09-13
a280a516a56951107925e1463edef496,2026-09-13
f373f13ca188bf8f9956ab431415b857,2026-09-13
4a7a1a843fd7fb9fcc7a0d6866528182,2026-09-13
0588568006c3f42582421f1807070aa4,2026-09-13
9a62d93a11fc5d05eebb520eed443c79,2026-09-13
aae4386da14c0e660f84ebc3d4922b9b,2026-09-13
fc06d4cbc68e3d44641f4f2281ca0202,2026-09-13
f2e02dd4bf946ea836e5e625ed30d63f,2026-09-13
9322329b36296776a8a171ee76b3488f,2026-09-13
a2b012d9a99c8d06cef2444caeb70f54,2026-09-13
59fd880fba32610c7675988a6d381bd0,2026-09-13
09f1cbd1aa2c753e920203fdd1e6e51d,2026-09-13
213965959d04a4fa233d47ecd92e4303,2026-09-13
d566690765261a664468c6d863fbd494,2026-09-13
e6192018f0d92d6b58f4a8fe5cbc9049,2026-09-13
e716f2d6d5abc41f702e68656aa6ccc1,2026-09-13
ae75a5e82da6747b49452a832788e2f6,2026-09-13
9cdef8b370d5e38a910926dcb484a23b,2026-09-13
27cdbcc33e231ad7905e62a28c53c91f,2026-09-13
7b7b1059a1c5867fb3540954d7a8fa8c,2026-09-13
ce46c0fcaad56ba611bc389826dcc37d,2026-09-13
d076c7e451373f0fe6e163653b21d652,2026-09-13
f1c5108349b372bf7b7654478f67ad36,2026-09-13
4e0cc4c8dc975789cbd7068ceaccd4bc,2026-09-13
f33a9dbac202d73b4fb5f624732a3ea1,2026-09-13
68d79ca9a447e9bf722fb7d9a4843b61,2026-09-13
18c0fcff0148ee7d378794327938c188,2026-09-13
8b437e4058cdc088b8bddeabd432c8ab,2026-09-13
75125bff4ef7f1ef8c1e5343eb9881e5,2026-09-13
ebbde4b44b6fad0f91fc08f0d11d4083,2026-09-13
e9765b0f613d273fa282b3f1f3c602a4,2026-09-13
e3af68583682af71c9884014bfd35028,2026-09-13
f16554e71e2ec356f10cb90742aeea1a,2026-09-13
7fb88fddeb1cacdbfdbd562d10a29545,2026-09-13
86b7f1dc44a4049dc942e76bb2c35af8,2026-09-13
038344782d15c8cb58fe3c46f8676567,2026-09-13
cefa5a8153a7fa4b3abb58e498dbd680,2026-09-13
6ac80f1fae796436ca79f00bf91e4941,2026-09-13
5800aeb447d9fb99ca30718d74b643df,2026-09-13
0c36a4a28eacdc06c5464fcae53df66b,2026-09-13
0ed693b29d74b6f4a6bec3d3fcd78c0d,2026-09-13
e639458da68888b32ce3e445c6ce4a86,2026-09-13
134856625de179df9c720368ddc7c9f1,2026-09-13
6e85ecab45ea44fe39306ad26411f821,2026-09-13
b73dcef7ce778888519d8f14ae2778eb,2026-09-13
047d02dbf99fd3544f3a69923d79219c,2026-09-13
309950e9862896bc35e3aadeb06339a1,2026-09-13
a10523b6a877aadead6b960f9d0a3f3d,2026-09-13
8111aebb0a4ab749da8f9972a996c4ae,2026-09-13
95b1db6d55245b67f9e54fe55ca1a25f,2026-09-13
77d3a46f81feaca5653ae8a152f4397d,2026-09-13
023624ecfdef757622c4c8c71b585dc9,2026-09-13
bede4aa2f77d99611b64b71914c7c108,2026-09-13
9eb78fe5be75b0f6c036e17723488186,2026-09-13
e4ba2f400f41bee86809e0576347791e,2026-09-13
eb9360942f152aa25389ae749c826c4c,2026-09-13
4f51aed4c668ee805c903467cf4d9d39,2026-09-13
4001635cd934adca78be0d6d9cc1dd6e,2026-09-13
198e5c5bef5d2b29628a35865dfbec86,2026-09-13
bba517fbb2ec823b1d18f4636e1da895,2026-09-13
77045a765c57d354dd989aaedb9a8e8a,2026-09-13
8cadfc864654180ebb3322cef49c72db,2026-09-13
d9708e21c9f9d84f92d62a2697096999,2026-09-13
4383398def6fbc0b80709bd83befbd3c,2026-09-13
ae19ae097c403df6306a68b99f4cb4fb,2026-09-13
f088cf499e2e487b11a2e2d97277a52b,2026-09-13
4c7253d4780a7a73a9de2ecadf1f5cdc,2026-09-13
83bdc6fbfea8d4f3c4320598ca6f39dc,2026-09-13
52a5f0d1ad551e07ee60b2f28c4e28e5,2026-09-13
a3d524920dac7621e19099219126f0a9,2026-09-13
45ac6a403ee379bef589ea155d25076c,2026-09-13
65f705f11d4f2ae226f22a8af576a827,2026-09-13
6dd9df69372ac9bb2e6390bb9126a31b,2026-09-13
ae6bc53718c5888dcf5ebafa69a4637b,2026-09-13
246fe7e6c5ee57acd88e55871431a679,2026-09-13
84d55c1901b9c11b916957b9ff72a8f7,2026-09-13
c6f8963a4936bcaf52a283b0d1cb87af,2026-09-13
959d46d53a080e0a3d57e0de3c903709,2026-09-13
62b5a2932733cb234c68a9231118d67a,2026-09-13
2e9e07dd2f053409b14377a9e6b6dc15,2026-09-13
060a0a9880666ae3fbee299de19fc814,2026-09-13
08ab3addfdadc802dc34d4885139c604,2026-09-13
6e896b85e813fc579c405b3054ad1302,2026-09-13
f293b217e09d12c1677e508087978806,2026-09-13
37b2fce697419fa7966b4bdc9df8dae9,2026-09-13
629f9d0f913c7ffbbe371402cef810f6,2026-09-13
8335fba9a8d5ea32555943bc09c10716,2026-09-13
58218756b694f181df35ccff8fd7d1fc,2026-09-13
cb569824696462a15fd7ec6b732bf563,2026-09-13
1fb45079518366976e8b3cf8a35af3a8,2026-09-13
4842a4793e426be14d03f55bee4f09cd,2026-09-13
5d9329efea320a4d844245686cb45cd4,2026-09-13
28061b49f88ab514293fa2357db4a5c0,2026-09-13
72e0c95fc739f7b96ada5339353a1412,2026-09-13
dabe5cb7b7f57aad588c8aba91a64c31,2026-09-13
aae4d46ebb048c66e3fcbc9f3c41f93d,2026-09-13
775b930c4536f7ce18b616ef7c257f34,2026-09-13
6d03c47e0f99b7d30f7c73d5f119008e,2026-09-13
83a140f1c514c0b9ca5097df038e1038,2026-09-13
d66e504502ccbe52780d663bbf16fe94,2026-09-13
6f5f031359e1c8c2074ae3f745c1c2cb,2026-09-13
7fe1aabff36a1e0110d33d8cca5c0893,2026-09-13
0fe942a876a9a86756323b314c1b76ea,2026-09-13
8f7954c3907ab2242246844bdf60044e,2026-09-13
3c19ad52e9c3d61012dcfef06f3c2e23,2026-09-13
501eb8951218e3f8b4aa56b50cf4ce0d,2026-09-13
379734519cf120d41d19921cfc9d6335,2026-09-13
62e180f7a6316020aeecd3663ccb0bb0,2026-09-13
7bb5508d9d6d3b558d9bb1baa409f310,2026-09-13
4c42d1e2a45f129810945e9cd269b8d6,2026-09-13
46f607582de9f3dc7ff07d078fa0109f,2026-09-13
10da360684329f1aed62815f1fb4809f,2026-09-13
95b2b9f4c5d99d5fb97b08e2232d7a5a,2026-09-13
123edfebcadd348aa7fda12782c9d2fc,2026-09-13
c748b494539d5d01f58d1455ce062160,2026-09-13
1ecafa4e03c8a2c90484ee523431e14b,2026-09-13
6280da25e12bd77b17b8890f32f33bb2,2026-09-13
ce3c728c047919ec5d8a8beeb8be4013,2026-09-13
1fa9027ee272a0e6ae6c9c08db2a1c47,2026-09-13
aacc78898d7ba94123f14b9c90d539e9,2026-09-13
ff3953c8275cd14b28b24a9b1384414a,2026-09-13
bb904f18bc933eb30f277357a581cd3f,2026-09-13
117760917d0685eaae898e5828f3d14e,2026-09-13
b4ef5d1c7b7bd2d36e4d1335320563b7,2026-09-13
d0d6818e127ab63eef84c6f50f1fc5e6,2026-09-13
a8503ba518aa82e96b52edadcfee8beb,2026-09-13
d2024f2e7dec3cb2810663adc5488bc3,2026-09-13
875c7e834411b2bda2a9637d4223826b,2026-09-13
8e5dda0c5232fe461cda08692215cfef,2026-09-13
5f84ac1e035c0b31cd4e59e8369853ee,2026-09-13
ca3829a88932a07f274f1b4aed27d0e5,2026-09-13
fc571ddcb8c5a759e14717e7dc06b020,2026-09-13
9bfe67897d0404032f2d133f77c36ac7,2026-09-13
cd2a7ea2f2e12e95bb509135d5c0d41f,2026-09-13
ac409040a8c162022bc04daec7892936,2026-09-13
6ee486d13833888aee4d87d0ec4ed0f9,2026-09-13
b5f2f9729dcd71dc80bfb44bd89cc5fc,2026-09-13
9abd5bf1f07227e990b42b591c446440,2026-09-13
a92e55bd12ea6f99b3c71b05d71611bd,2026-09-13
b337e2e6629d12dec630884a0db4f8ce,2026-09-13
dc43b4770271ea1a215999bfde9066cf,2026-09-13
4b5fb131604077cfd0266f46c98eaa73,2026-09-13
628f7f0439914017895b2777392c8e92,2026-09-13
da3f13b35ffa122e76d37cfcd885d2ef,2026-09-13
b08fe6d08b268d7bfc73b06f44accc0d,2026-09-13
1fecef737e5e9d91b48e83299dbd2cbb,2026-09-13
e739c74b6c1fb0b2d071174a297a1316,2026-09-13
ba124afdf8b7250bd1e5317b114f2dfc,2026-09-13
f5cd43cfae84be247200a374a06567e1,2026-09-13
e7cbf27c7b6f729182dd4a32e83fdef7,2026-09-13
e079712c6591357da86333199611b227,2026-09-13
b44b1f7d7b5b825a7583323fb3e4ba6d,2026-09-13
57a51ce60bbcf821dbbd517bbdbd37e4,2026-09-13
91106724de94474ad3d6fe6d1279b37f,2026-09-13
d5878975d4569627c94228b5e5a8569b,2026-09-13
c2054c2bed26c28f216b86f3c346c8ef,2026-09-13
879985fa936fe8dd6a786332ad8823e8,2026-09-13
e561afdae407f3c5379bd4a5bbd928b4,2026-09-13
0b25fb269180b8f30efc24d702c71838,2026-09-13
49c60d75777415e9c70c47fc41882e46,2026-09-13
df8019cde302d84b586424e0c7316bf3,2026-09-13
eba03eb22228300533f7403e3a043ef3,2026-09-13
fb0f113f861cb76e5b6f2268bb2172f7,2026-09-13
aa416c191362a4839127bb6fbbb2f7da,2026-09-13
f4d67c69c1fdee1a0bd675129396ce50,2026-09-13
36a80f7b4a60d9f3bded6fde6f5614a8,2026-09-13
5ef897fbbd378c6d96910cd9d954b895,2026-09-13
f3f991686402ab9b99bf0d2afc485cb4,2026-09-13
1af1567e13d29aa79c7a77daebffbc6b,2026-09-13
6dfaf6cb79316a993129bef875e5a455,2026-09-13
a10b10305d8b34ab59a4a471335177a8,2026-09-13
65233d6fcb10298291d64b7a2e032287,2026-09-13
e0d617448033d0bde657d57f4d42225f,2026-09-13
856dc0a4841204fcb707b237b7de57c2,2026-09-13
23270de24ebd486275395b2023b36eee,2026-09-13
3e0e452f28c461184503b4fb4d9af599,2026-09-13
6dea74f21f4ab14e5c47f20350656e52,2026-09-13
4ecacd45f45cef7b2ce2ecae4eec6d52,2026-09-13
0fe40c3650c9f3d53f9ac584a993d9f0,2026-09-13
a42e34a8efb5b342c24aa1878ff86a7e,2026-09-13
4482fe07fa6bdb92645f601d4214d8f9,2026-09-13
19c63a43249760049475dc0e68a3c3ce,2026-09-13
0ff86fa6be06b2dbde7ede6f3f71abae,2026-09-13
5b5bd8b7ad588a22fad1df706d393167,2026-09-13
43b555bac5ad1d8b8cd24c5e8a29cd35,2026-09-13
6ce393507da7fe1db17b039cbfbffa76,2026-09-13
5306c00939600c7190498f64d9140362,2026-09-13
e7a7caef885fb9df4d935b38607858b3,2026-09-13
7e14efd1fd227abe54826c148c90b5cc,2026-09-13
c2dedceab70f7e6ec3fbe68d7ab7b4a3,2026-09-13
91d80b81136796a3e7ce29512421028e,2026-09-13
84bd94778d0903102301aed4de81c233,2026-09-13
f002251acd5a205e2de2a07b749e2447,2026-09-13
a394a98d11f57ecc51ba55be77f4c3e7,2026-09-13
794b001dd29cb0865c476b9051e91814,2026-09-13
2afeee8fd980e70c2ca59a7d3f13012d,2026-09-13
bc534054fb4d5d170d69dfc4f60bd985,2026-09-13
1e0bc29230d3b108015f802e880f6e5f,2026-09-13
6a4670371d86b413198f35150b02eb0f,2026-09-13
c5202d66791aad8244b3d6832dee8a66,2026-09-13
0203966b7c34239988399091864b25b4,2026-09-13
9ac3dbbc950e34b1b64ea471494ffb61,2026-09-13
f7f62bf09f4d6c40eec448103f47d1de,2026-09-13
863b2e6374e29be79d369d26f7064d93,2026-09-13
0f2fe94ae341e73fbfe2e61affb62b1d,2026-09-13
a847b70392b1cd6d73433c3235d0fa8c,2026-09-13
f7e7ad6ddd1405de57ddc38fef9bd7b2,2026-09-13
4762f2e5f4fff713f9dab7894f2e9114,2026-09-13
57684fb5106d0239b1d331eecdf899a2,2026-09-13
f3d9c470dea34b853d01883556d94286,2026-09-13
a7f402c00b32a9aeecb277f8b898c23a,2026-09-13
922d38cf122a4f3fd3c9fc72468adca5,2026-09-13
e67d9293c230ad2ecd1f0329a1c267ec,2026-09-13
cdcb16e871a8c942800f22fbc68d9bd2,2026-09-13
753c46a9384b1652f9015aaae9ab2039,2026-09-13
f4fb3b5a0876765e0a059643d5742045,2026-09-13
5a9cfd97e73aa6579b065abbfcebde15,2026-09-13
467ddd39c451a7d91a139dbc012a1cff,2026-09-13
1917e14cc1dddd0b3a9d0adf0c55c218,2026-09-13
12d0246a94779ee4618f93f1efe04e22,2026-09-13
87d2b98e36925782a093c9fa2f0dcf3a,2026-09-13
2924807141095dc0012996555b8acf31,2026-09-13
5e4b13a6dd24161d5df4fe726215e3be,2026-09-13
9e5c5e2f19b76c5de04bff6ae1a8f088,2026-09-13
9e33ed766924d8b586ff892690fb533a,2026-09-13
79765a371963537ad6c32c0e520cf731,2026-09-13
e36f3ce8dce3fd3e1f485d0641155945,2026-09-13
588244f5196c7906a9c667d898eacd4f,2026-09-13
b3835d4d84472bd236d656ab70568113,2026-09-13
9648621137f0bb6eeadee50ab3ae6417,2026-09-13
8439ed94242ecc64060662b878f83507,2026-09-13
61713f716b978acb18c8febdaa7b8bd2,2026-09-13
3140ef998e92d77ead7a7f68a8c90c3f,2026-09-13
800343b9a29e82ba2efe442d8dbb3e72,2026-09-13
3fe973608502ae8925db6b00df137f86,2026-09-13
7f34b26f58509f94e62c248686a7aa4c,2026-09-13
b00cc36f3a59ef79419de777fab75303,2026-09-13
7bb8efddb34ce01766573d0aeef709a0,2026-09-13
75b7e122dbf66f6430b932302a6fd13e,2026-09-13
9808184d06cad914550d94cd081d42c9,2026-09-13
b2304c9f6ebd662461102b42c734631e,2026-09-13
42e5943babf6de0e16bd022c587b5bf7,2026-09-13
a54b44014c1c74f54f6890d1c4a61806,2026-09-13
0aa2b9a86684fdec0a64d17c73c56ecd,2026-09-13
f79900274e0eb7fc927f89c26a9203c6,2026-09-13
baa3199265b87cc9b243140d8ff5f466,2026-09-13
c9f8034a70e23719afebce3aa8b0b9da,2026-09-13
ba479f95c5e262646dba64be5648f3c5,2026-09-13
22c71312c3fdf692cec060a37a2a65b4,2026-09-13
04382f8363dde8a79c818ec120c2d641,2026-09-13
377fe462c379b235ac60299ab87b8739,2026-09-13
82c6208cffd8163a9bf220d3e26c143e,2026-09-13
1d0d8f26b10739ddb829d57998ed3885,2026-09-13
6bb3a3abfde90f186397eadae7251fb2,2026-09-13
bc0ff9f0c5ede30adec9cf2ef681bb4f,2026-09-13
27d65b40b58ae679c2244fa29d40a4aa,2026-09-13
7755dbb1747d44e49a84666d7651630a,2026-09-13
6c85a9cf58ece1c801651a2c367cab85,2026-09-13
dfd6a71b844b95363ad9043bc69f7fd5,2026-09-13
caa3277ba65987a669d3b55a9d48b2c1,2026-09-13
a5ee20a207c44f78bedcea3a5361f280,2026-09-13
e466db7defee3b542bb7fe360ac89c2c,2026-09-13
c31b09102db1e75fbe26d3d14e04bd78,2026-09-13
015e0cae9a627859ce196b154f440473,2026-09-13
741bced6e13b4ee12200049092a129d9,2026-09-13
ad24ecdfee0f5e98bf867e73905a0e78,2026-09-13
a53c4a34e214c75139d23540ccbd83c5,2026-09-13
05bfc1f21102b9c2fe5da755e4e4cb6c,2026-09-13
3d322f03304d30cf22b527a8c8c953af,2026-09-13
106aaa5e9ac2d6abb5e5e776e84e8526,2026-09-13
37a6606fe4ced96fe234a6331c4606dd,2026-09-13
4cf71f5b5b9388804d4f57e141b820c1,2026-09-13
0b25d4f79301d648eeca970cae00002d,2026-09-13
58264bef7b47bb00f8e555eec137b513,2026-09-13
502505bb82d83b5d76fd9814a89349b9,2026-09-13
a9686d3b225ddf35dad7cb8532090bce,2026-09-13
d92b6d8b0d7ab94494095f5837d42f2b,2026-09-13
fb08cd0baec18ccafd817b28c25f9931,2026-09-13
0f8f883fda5a599d9485f2b7bd78a2cf,2026-09-13
f90fb243e1127e20be98d6544c557075,2026-09-13
da309edcbaf7be9cfe4c0fd30ed613ae,2026-09-13
332f51f3017eec554b50193d9d2c8086,2026-09-13
45f1670183dfc02033e1b86140c44d99,2026-09-13
de745bbc969c2e9d87f451903cce823a,2026-09-13
33befc7e9dc58a4ed7483c0dafccf66e,2026-09-13
b0738d3108b6462906d2e477ede6e0ec,2026-09-13
f100a90602bdd0d7e1356d73c0f694b9,2026-09-13
ea38233e92e4e03140dd8ffec858ce3b,2026-09-13
69bef095a3cd721e0fd8f32a8b4eb957,2026-09-13
34c3dbcaa794a77f2fba2c4db5ea7af0,2026-09-13
1f4927395111e67af0134a5c05f7fcda,2026-09-13
e62f7ab95b504f95b594d726d93e2813,2026-09-13
dbecec98aad65f87cc673525c02010db,2026-09-13
53a9a0e08603c68477bf6f6dbbf3ac54,2026-09-13
13870b23bc3bad04448247d3f0931950,2026-09-13
58afba9729fcce94bf3f3b07daa5c420,2026-09-13
78b0e82ca3e3a85900f563e7a5cc73a9,2026-09-13
bdadb6142af9344f35aadc36c7b3bf8f,2026-09-13
897b539fa8e5f5ce9030b1f620c336a6,2026-09-13
973914ac78336c4dd7d4dff302a617b4,2026-09-13
70ce35a0000384525c0824d5e46645bd,2026-09-13
3ab350669b5e5172a1d927d52b1a70a5,2026-09-13
7afcde1d2b2bf2e75aa4cde213cd2367,2026-09-13
a4590300df233efe3871c3dd4d2fd91d,2026-09-13
0465bbfc96f5fcc974b34bfe75b7a8d1,2026-09-13
a948ce496dc41eb1fb158715408d2ba0,2026-09-13
4326ea0ae9e2da0412d4a58bf5ec9b10,2026-09-13
bd49dfe71fd121eb3bf205becae4e886,2026-09-13
18837870fa1c2e4121b83e83e07d8bd5,2026-09-13
7d21eafd23b0cd1c9c97828e51620c2f,2026-09-13
5430b8dc9907364c7b0b0149d791b879,2026-09-13
463c54f6493a8bba33c061eee11fc7ae,2026-09-13
702cb6c3dc6010aaf0e31df5c950ad98,2026-09-13
3408a5939369353db121276b36c5dd4e,2026-09-13
451c77dabb3ea6243e049b3824ec4cd4,2026-09-13
c008d9b422447e78c2d4df15c5398f9b,2026-09-13
814d6f2770eabc504bffb69a22c3fde6,2026-09-13
8d02fa1ed17fa2d2775e768f0e3826ba,2026-09-13
4524e41173acacc4871933555ee6c636,2026-09-13
ee9f30a62822d1d7111635273ccd1dcb,2026-09-13
ffcde85366e10fe1641c46c052cb9fad,2026-09-13
ac8682fae327b4dfb3c397d5a330587f,2026-09-13
2a22142faefed0bc57599d2a6bd18fbc,2026-09-13
446166b82406dc0453e8865c95fe9983,2026-09-13
a0e8224a84598971b51bda723c0cfb57,2026-09-13
89234afcb00059dfbd2c08f47a5f565e,2026-09-13
ca9a14422719f248309de1ec7ca1a79b,2026-09-13
6fa9739bb87e0778424205497b8de8e0,2026-09-13
53032b64bc8fd48d92d6023fe0ba07ed,2026-09-13
13853f5ed22fed56ec54e5e1bff73c94,2026-09-13
8d64009c21932a71f6595763570a782e,2026-09-13
c47b5f77e2616cf9a883087cfbee3703,2026-09-13
b7fdd26d9aab6b8d5032b1e65c2a66b8,2026-09-13
0001245867cb913a9a65e635b150d9d5,2026-09-13
7eaed825509fd706e5e043122eb012f0,2026-09-13
36b33301ab87feccb4c27cf0dec819e6,2026-09-13
c896e3b709f225c237952b7aa851954b,2026-09-13
da4b4df57f289146452ead5ee805922f,2026-09-13
364aa5d2a64e83324f324cb85aff5458,2026-09-13
1ad0b7d97876986c2f50b5a5d29c8248,2026-09-13
391bf13c285657d67edc5f8982daed49,2026-09-13
410d90be456642fa3e968dda984f072d,2026-09-13
5a4a264a346ad0f512fed47df7f790fa,2026-09-13
4a7df1eace2d157c966b618bc8e295bc,2026-09-13
1243bf21379b8fece8699bbe8a991167,2026-09-13
795f527d316186877635f65ed0d23736,2026-09-13
d640b22551cbeab5735bfd10a7e86a83,2026-09-13
a3493be4ad6cc2cd6ecf5cae7ff2733f,2026-09-13
abf0903f5c085bf36af17068e4a67acf,2026-09-13
d8b8e01bc294e1635bece5381b4f3bde,2026-09-13
e8fbe6f03b92588625c14f4f3ab83045,2026-09-13
cad8c49d78a47630297e2311499b2f0c,2026-09-13
c34d85249b97a3df95ab2eaaa582bb57,2026-09-13
52de2630dd3015af14fc26f88da0cbc0,2026-09-13
520bac37a564b3f12b7a8b33ee43520f,2026-09-13
4c813e93005fba351963b4cc6ef01e7c,2026-09-13
3d54e71e31996f6c83fe231079cb63ec,2026-09-13
e5bee81a679796a9f4e23c98e53b623e,2026-09-13
3dc11e0be2928c21664474ab448d6920,2026-09-13
adf0adedb3432c4b8e4e81102bd39098,2026-09-13
e7724157cbccf5e1cbf62176fcd6d974,2026-09-13
6e8a996df3730234975cec0cd84e0e3c,2026-09-13
e57a71a0301e8ca2dbc37100d1771f87,2026-09-13
5bd25089cb07375f92362cd44633b92d,2026-09-13
e24fb880caa0f6e92e8f071858661950,2026-09-13
7a2394444164c56b87bfa65ae4b7acfb,2026-09-13
3cd854182f3dba061e68e8cd29ea11fa,2026-09-13
70cc589e152b54b4a4f0504ca20b2f8a,2026-09-13
f2a6fa85ad4f4241b488fa6acca61780,2026-09-13
cf5d33075e1dd081c396f8aa15acaa6b,2026-09-13
cef4532880e3bfe85ae5cb42508632a3,2026-09-13
edce8752fbc6178b2d9b93bf185a0e5e,2026-09-13
6479e1dc2b0cca2d49645d3e08c4f7c2,2026-09-13
5970c00bb41f77dc0486f9a6aa3bbe03,2026-09-13
437d66a3b98b14dfd37f723f2a97d22b,2026-09-13
8ab9ca71e7caa27bbb6a22c7d6d418ee,2026-09-13
130e40d82d2321eea4440bed73ba7698,2026-09-13
5652c84f16a6794a36cbe32e9cf7d529,2026-09-13
8dfa3d1d071e4ea470dea959fd2e0c2d,2026-09-13
dca8d6d2066ac7c4663f4d62c4afaca1,2026-09-13
bd56c1f475b5c98f7c8c85e6891bef0d,2026-09-13
95d007f3bcca7ee1743bae8a61c0856c,2026-09-13
985ce8bed1e8ec5a73dfc6cafaa6cb15,2026-09-13
f9c3ce63b8de8050713460a70abbf2c1,2026-09-13
7e41b2f3dfa109fbbdd6e63513880ae5,2026-09-13
fb70c7543a94aed872e9c5d16c6d87fc,2026-09-13
15204652a5da162537f5e0af827ac5ba,2026-09-13
dbf26e09e9834b9bcd2f0b74b70b717e,2026-09-13
38a9ecf10de9f456ebca659a6264c827,2026-09-13
ce44136b6eafb4cbe67c8792a037ef2d,2026-09-13
fe36825c0a8e3fa9d6041c1f2216a393,2026-09-13
4620518a47ea8cb19712301810ccfa3b,2026-09-13
041def3fbe458aa281094f5a6d045c5a,2026-09-13
cec17cd134bc38b97ba0c10b108d8b7b,2026-09-13
bfc52f58cca25db70a0e63397350cdf3,2026-09-13
44e6ed1849c6780e3439e31337b4030c,2026-09-13
44bbbbe012eda258cc084f4de60d57fb,2026-09-13
fa3fe62953938dc4139a97936bf64e6c,2026-09-13
c5bac8391c0cdcc972cef4292320b707,2026-09-13
cbc0c6e5b03230dc7ba1ca2be6664ccc,2026-09-13
1291d7017ce401d6d36023e270c82a37,2026-09-13
6889f5c9315eb5ac4dc7cfb5bd99ea64,2026-09-13
29709ae9f57856bc3e4c71b08d19d4bd,2026-09-13
e83a8ad079fbe5ac7376a013c614253f,2026-09-13
46e059c8227040e6f78a9ceab115b887,2026-09-13
5dcfadaffd00a659fcd8ba51ec01bcf0,2026-09-13
0d7c146bc66ef03f7ec70f68a044ebb9,2026-09-13
1c814acaa7547a9ac36e53c9ce5c06c3,2026-09-13
068ea45e52771448e1e4ed08db241e7b,2026-09-13
5618161d4766cc266179ae9a7b181a17,2026-09-13
b24d9743062bae5fc567ca73a6a998db,2026-09-13
bdc188716a61103c2a2d1c2422c3aee2,2026-09-13
ba72de36d5b7a33f4dd39984a75ed059,2026-09-13
ab07b819353f8d81a67c20b3a65850f8,2026-09-13
cfb25520db2e44045ce74f7ba23c0ee6,2026-09-13
7dd87a12d745935ca0c0cf930668cb1e,2026-09-13
f801c9bc52cc4a72ccae9fc82a3d7726,2026-09-13
a4b8e72e054f1f21a7a15f7ddd544b07,2026-09-13
6beb3293035f4b59d8b880807e22da9e,2026-09-13
5274e4221f9501330c98b21c4144762f,2026-09-13
638e6b62f00d1d89302cb9c7018520a5,2026-09-13
7fb8daf605e09090ae81532a2dbbab80,2026-09-13
54c1f852a48e32f4de6dd1dc15ccf53b,2026-09-13
665dec8babfa897b22ee20b328f20cb5,2026-09-13
63aa270a60a4d8f8e2723cafcde4692d,2026-09-13
bf66e7519c8bfc0384980af5fbf86f18,2026-09-13
17c6b80fe73763ffafd0e777e7daf9b9,2026-09-13
9fd07fbf9d1bdbdc13bfe46340c5e70e,2026-09-13
8720292f9eadeff6c931c840b1641acc,2026-09-13
2cdbe849b8cfdd322af253b53b6442d4,2026-09-13
86e1f0affdb3e5a8ad1f1f6c9b2d939c,2026-09-13
816b8ea4cb60f5f7c19915446655d58b,2026-09-13
7094a17d97d41d20e24911245fa08cda,2026-09-13
92599c34d73a2610e420e7886b9ec356,2026-09-13
c5248466e82ca7877b3bf1010bb06b70,2026-09-13
5aba0a198da9aa2d8f4d05bf2f0f84dc,2026-09-13
10a523ee790b926ab6b6f8c789e0b730,2026-09-13
68a9a48436dad645fb7cb9375fc9d928,2026-09-13
7e09f9e8e1ac6039aa9a9af3d65bff1a,2026-09-13
7396c48e0641ae23e0d6c9b560cfb396,2026-09-13
1bef812b97373ce88f4a34c29200edd2,2026-09-13
a6690af3907ac7149bfe1dd46d6b5894,2026-09-13
3c9791f706c0b231273bd37aa13b6f6b,2026-09-13
c7d6b955d02e86ee4d211a7c1b97e5f9,2026-09-13
fed47c2e4d90e5c3f07316a3232c9f7a,2026-09-13
8bb00d9e05ead2ef071c8d39af4764ff,2026-09-13
df521dc10fffc41e239da50e800775f0,2026-09-13
33d81bac79b8b9d9dd608989f2ac1fe3,2026-09-13
369792bdf17035910826965985778a0d,2026-09-13
6826c1f857cd28e6916fa053e4fb861b,2026-09-13
956a1434b60f4796337c0337ca1dbf4d,2026-09-13
c95101472076cd3f17e64a763181b2ca,2026-09-13
9df5ccea39d41cc0cbe0f9cc501a3e31,2026-09-13
dcac515a90e4cf68a169c48a9f655509,2026-09-13
9e45fb679a8652f56f74ab1c0cb7e1af,2026-09-13
523a29dfbdce7f3e80fcf82751e27ddf,2026-09-13
82b659e5bb6ac73090f39596bfe4c3c5,2026-09-13
874c7f09df6c0f2f8f863f8833f314d6,2026-09-13
9e683cbcd291641bd097862020b5055b,2026-09-13
9e85609c66b74b741af8bc0fbc03d1fd,2026-09-13
ee0769eea952f8eb6a38a244f2e9706f,2026-09-13
a15b0b372e59bd5b1c0fa45a556a9690,2026-09-13
cd9c3d6142c3f49e11fa0edce359f091,2026-09-13
8d4435f531d7524d53f6e75cba4f4dcb,2026-09-13
6602d122089e13e27c5b4980f77031df,2026-09-13
cec02d8783e415554cd267802d7d3bb5,2026-09-13
1375255c89f88c2936efec2781e857d3,2026-09-13
1e2b6f2db55564690f4e3f2593b6f213,2026-09-13
1d04eeac49d19b762fe60869f6d9b772,2026-09-13
1d15e2bf680c03d2e7271a7536920b3a,2026-09-13
2bdf6f3c13c54d53f0b75034570b6da8,2026-09-13
bb33224b91aaef5c9ef9c56dc4a5fa8d,2026-09-13
ccad7386041cf322a4072d2de2a38699,2026-09-13
5bad36c89c8793f636d21fad81f1ef9d,2026-09-13
6b1f7497637108cb6a0db91bd01203d0,2026-09-13
5db00014ec6c114144e23d704d395ed1,2026-09-13
b0121fa393bcc8ebb799d2bd264fe2a7,2026-09-13
ec02d0b579607d787c519da34f0cb4b5,2026-09-13
b763e1b1369975aec699fa670415e5f1,2026-09-13
476ccfea5edd6495e628962bc9f04cd3,2026-09-13
c7a9f3a87921d27ce1ae5d9ecee9e79b,2026-09-13
585066562535a5779bd43d7f673e05c1,2026-09-13
9413c03b1d81911a01ce1e1726682f7c,2026-09-13
130e541b746ef8f0c12b7210f288339d,2026-09-13
7eb19232e77717ede243e20906108e44,2026-09-13
add46c09f4b2798a2404ebbd5e1338fc,2026-09-13
3cc0365e14b6b83a179fa33f063325ee,2026-09-13
ca9a3cf24e4d35105d19c8b8ba376837,2026-09-13
4e5214d1212bc6bc4e340300710922c9,2026-09-13
995d99c41d60458ec669b156a8c6796d,2026-09-13
39f6ef8c7ea596fee116efdbd4125608,2026-09-13
04b3e56b2f1da240c88518282f8edcc3,2026-09-13
fabb23e52dbeff87fb2135c943d1510a,2026-09-13
2e4e3701f9511b27f13ff7cefb070b55,2026-09-13
04c0c2e24d7db8060b1d8462163c9a02,2026-09-13
5f1047cf4ac86cb85a7e77206db868a4,2026-09-13
774ee04c316b99a3788fcc00d10965b9,2026-09-13
6c6b5dc09c234b629c7d0c9e2a75d117,2026-09-13
1a76a319da039ba63559a424447e749c,2026-09-13
534bba1636c4fd164dbe020346611cab,2026-09-13
20160311322fb4dfa65b8e811079712f,2026-09-13
0816315a6484a4a66d810bc5aa960cf1,2026-09-13
8411d9909aa37f1a163d000cad599085,2026-09-13
06da8d17bad1dca591eb14fc76a2ae9c,2026-09-13
f4236ecbc69434a53d8e8bf99b48d5cb,2026-09-13
125d00888f11fcdaf2a3405e30f48f7a,2026-09-13
4ed0ce988f13b68929040b0e662319ee,2026-09-13
41d203ddb2c69ffb3d05139fc6c1e28d,2026-09-13
c630f9e51de6aa06f13db356c4f2a277,2026-09-13
da8e8c831d9616fe57fbe4bcac4763e5,2026-09-13
e65a2c3a685f1df8db8b598fba2a77d1,2026-09-13
6ffc2d8ffdca64db9806f035264e1980,2026-09-13
9bf970a94a382d7799c25177b14bf45d,2026-09-13
f4f3d99d57044806f048ceacb172aca2,2026-09-13
45ae56b9b723ab09cc00a1d91be12122,2026-09-13
9075161a09600211a2a3391493374c86,2026-09-13
3da1368fdbab6647259ade796b0f9171,2026-09-13
74c9bfd1d2e5e81cca9b8e93bbc624c1,2026-09-13
2bbaea0f6e30e6c7d100575c69b4219c,2026-09-13
31d8006eba75819052e4b182af8d8517,2026-09-13
6088fcdd3347b066359e2422fc8f616b,2026-09-13
0e4390e99bebf116dee9a01c8bc75e5e,2026-09-13
da290983bc3f5bfdf69d5fc23b0cda10,2026-09-13
6d6bda0893b60dbbf8d77cb788296a52,2026-09-13
fb018868d3a91fad583962cda87e476c,2026-09-13
d2bbbaa1f842d407a353689974c4dca1,2026-09-13
7b9f3d54c1814d9e5fa241ecc592ce06,2026-09-13
6d47152e5b04c2c187d377d37b77b2d1,2026-09-13
4eef55a9cbc78bbf814758b22bfcfced,2026-09-13
5ce2e62f6d2caf9a563b90f4b993c32e,2026-09-13
e8f86d2e88afb813b73927e46d4c36b6,2026-09-13
09ba1711ed5aa32b3e0d72ad57d4764e,2026-09-13
3eee9f402da71d78f38757e9cd14f7c4,2026-09-13
46be108c657c260f96874e978a1cb779,2026-09-13
6329306cd986d445f18801095d93926f,2026-09-13
9f8b4c1297e3195cb23a9fc076b1fe9e,2026-09-13
b46028c4b66ad4b5615452548e681651,2026-09-13
d6ca8768fdb685b525e535fec2dcbdbd,2026-09-13
08d74838b361dd9a8dbf77059b5ae750,2026-09-13
07936c064041e8731c82d21523a07847,2026-09-13
4b9c40af73c66b18780d161a39bad0da,2026-09-13
e7e17ccdfb3112730af395ac17d342d4,2026-09-13
28bf073c5f2cc7e82bf2e39b1ea63336,2026-09-13
c985c0bc19770450dc4915b9f759a753,2026-09-13
dae7e03d3b76b4bdcd4762fa7e702e60,2026-09-13
f6f760d7cf5e7ccde4dc084fa1ae169b,2026-09-13
a1e00d328a34cf1c1174c42bd611bfa9,2026-09-13
5f165aa291663bed732feed98935c629,2026-09-13
5ba263a08e4f4349b18e869c454bca43,2026-09-13
7e7f15b231a85a30a83588f21238ef20,2026-09-13
c7f301a77113e2a416db6429372da50f,2026-09-13
16a72e17dfbe6e0c74ad23b4b1578325,2026-09-13
ed1d7b41292c0a01d6782fe0c0e90aaf,2026-09-13
64985e8e40c739d22bef9b97cd30e3a1,2026-09-13
fd53dacfd004e2236ffb9369e232a865,2026-09-13
4bf4241c21c6d4929c067b044c51744d,2026-09-13
507cf17a14aed93bb16b76db9ea665cb,2026-09-13
f3f08ec1269111798208adbd08811d8f,2026-09-13
d9a20ba45377e6973909d458b0d969e7,2026-09-13
90c65a83419c6221c314220701086ec7,2026-09-13
de683a967c9b684d1352a57ebd2479fc,2026-09-13
6394719bc7f359e0432d0ba85d615439,2026-09-13
dc5e0b40e6e2793a3a5969797807b5e3,2026-09-13
05a4da9001e127012e2a5554d9f87604,2026-09-13
af66928586cae05e8102f626d4491392,2026-09-13
f41303126cd338d9086ee61b9cb68640,2026-09-13
60181a2021fc5128a80679b661bdc8b7,2026-09-13
db7f97dba3b70992f6d6f67426cf69ce,2026-09-13
206b0c6d6237ffb44cc5549df9fe5457,2026-09-13
7833ea58bab8c6366d67f6681a4ab6ac,2026-09-13
4d4b4d3f7af4e789ad8f60c450267371,2026-09-13
feba25733287bb210b0763b123615c7d,2026-09-13
435d4281977eada02b6cfd717a7e5efd,2026-09-13
3e0651983870771505627cfff038ba71,2026-09-13
97e349004ff6f059d8302cf8d3977bfc,2026-09-13
5d2e012d2170225dc19f361916afbbed,2026-09-13
9a6813991e7d2f2d38c7cb810d822ec1,2026-09-13
a033ba8b7048d36d8b4c80784931ea21,2026-09-13
f26d24f5f2f843ef531ff7efeaf3cceb,2026-09-13
2aafbba5aa7604b384ee25ecf89043db,2026-09-13
e1f027425fa4d6e468b59af45f3a3515,2026-09-13
7c5bff3be87330fc7ad28bd8844d1d62,2026-09-13
f7e25e05910b651e7c230ae9bb08c068,2026-09-13
719283bbdfdef30424c9c09b08dd9d47,2026-09-13
b5f7cbcf0092c2bb6ed4a8c4afad56b5,2026-09-13
c9a08b93ab09350bc690a97360dd1c01,2026-09-13
932d4f8221c66db848c3123667f13a04,2026-09-13
4b543293b37596c0337c196e6ea1ff8d,2026-09-13
5f76f874d767b30de27d2bcadf0cc355,2026-09-13
a0c25ae489c9600c2da351d8412b0ef4,2026-09-13
1fb7c5d668400ebc1a2dcaa405ff813e,2026-09-13
dfe77b61f0641cccbc38cb7c0f45a7f1,2026-09-13
ed0d0d804ed15026751c3d330a2575f9,2026-09-13
d5981b8f7803d53480f072f7ffd2de52,2026-09-13
3dff8017763ac95fca701353a8e7a07d,2026-09-13
b802ea5c125aa465ed2a13c54400ef61,2026-09-13
0d055b3c4ff986c62c0da0615a8d8e42,2026-09-13
6b39f772f7adacde54e3776dcbbad2e3,2026-09-13
823a3c30248be2a3cd00ee3e5bdd0931,2026-09-13
66cbca1c63e372799b83cc35d69a99da,2026-09-13
803211b2e0c5bd1664a6bac6fe627819,2026-09-13
c0b9e5fe58d98e9a1abacbe1d4ebead3,2026-09-13
f5737338b606e0b523ba057d3fbf00a8,2026-09-13
311709b1ff9b8484fb90563b23733682,2026-09-13
9c7dbab2285ac90b43bda293551e4c5e,2026-09-13
0a3fd5790a202b530528350fa53c6aaa,2026-09-13
4bba85c04458f6bced696265f747fdbe,2026-09-13
527721c96baa4dfddade7d1a2fe29eda,2026-09-13
d5f4c8706fa8e165511c61cca5525c51,2026-09-13
8af645f01ca2a7fd8ba83a4950417227,2026-09-13
61458f88bd12b60a72f1c91bfd7d9e74,2026-09-13
81cb33a5cd89bb113d672904c191fc9c,2026-09-13
e2ecd9ec7ee269d2357ae635ac2bd909,2026-09-13
fb798b370346837a04dfb0d8c5628e9a,2026-09-13
2d3b5909701e710087018352452f1096,2026-09-13
4ff809275340c06f4d7d712d05f05c1d,2026-09-13
b6b1f7d068d437bdc385acb365f28732,2026-09-13
f01f70b77cdeb4a688ce83cb1c32c2ab,2026-09-13
c083a22c1e3dca9af1c447179e256111,2026-09-13
036c2c8a5faf7258387195206eac9247,2026-09-13
7d7335662ed92e086bea084890e395e0,2026-09-13
2ec55b2aabd2cb7d773ccf6eea29ca5f,2026-09-13
58e0667654b87385731824676befa920,2026-09-13
f3adaabe7b97dd0e1a5e488f03b0ac5a,2026-09-13
0415c9f34a73a74e0ebc9acfda7c27fc,2026-09-13
b2657f9a668ced1aa406028b9a1f6d57,2026-09-13
9bb2e3fb762cc9ab1af9b89a35b66bf9,2026-09-13
1c7f2e510440f46c3099bc9b2c51f190,2026-09-13
fcdd7b1ded0133bbd841eb5f4251b89b,2026-09-13
ef1c29817b21245081ea04ea067ca599,2026-09-13
70391341a15ecf08879487ce15c35579,2026-09-13
fb87558fa86c74795e5537a289becdd7,2026-09-13
bed94b1894da70544f4f3e6bce98a6eb,2026-09-13
5712bf885f00b8b023d8190b4de88768,2026-09-13
c5a809e438e51e646d491537da28e8b3,2026-09-13
6f64e7ba9702979ccebb2be8303852c4,2026-09-13
d6dddd9754127237cae386813817c8cf,2026-09-13
6d2447f642e0498d3ca0a9ac5b4c618e,2026-09-13
d401e23684a9fb9d1660f8d382ece292,2026-09-13
532c882c803a1798af2d8a5748d1fb4b,2026-09-13
68fefbac401c422e055c66d5013c4106,2026-09-13
3ffc487660d89ea441a083177a9fa11d,2026-09-13
9fcba84e630140d79c82bd3324b1cb7a,2026-09-13
fa01cc7206eff558302f920f220c3fbd,2026-09-13
24ba967d64a0a78fa941b09f9ca252a3,2026-09-13
357af628b1cbc1c3ae20a63cbbb816e7,2026-09-13
97d8bbe639cdcd6ef112c7511b5222a2,2026-09-13
84fc287284c05c4a34907c9f12f73d16,2026-09-13
b835121b79c97721990be39717d6bfef,2026-09-13
06cf5efd0db79d2e610003c8af86c035,2026-09-13
81d519bd3d525f861360d1ec1a2e4de8,2026-09-13
fd0075e51af351fe8e638266e9211a60,2026-09-13
9c5e254364774d5d37ed70fbf2bdd4ae,2026-09-13
74c160cbd12986831aca204e44708eb0,2026-09-13
353d8c85f871dca69a0e237ef52e102c,2026-09-13
f0aebccc9ac2b74747a788a29874c2ed,2026-09-13
be686c1217b77634d0f4f8da7eeb1e09,2026-09-13
bd619075ed3460641e7ec78c1edb505a,2026-09-13
2a8554e8932c201e4944a3c18e2a746d,2026-09-13
3ff5535a08718b550a47afdd38162fed,2026-09-13
ca16f9838ab722ae502f68f3828a6ed3,2026-09-13
8600a36e57c2bd4306a9737b7c3b8223,2026-09-13
a67c2d595bfeb9fae93c789cee2a3969,2026-09-13
08ec5d8419a58ee52da9eb70579c9528,2026-09-13
10c4ec2a04df810a0a0102733ede5d0c,2026-09-13
c50a2b4dde0a9e333f82f6d869753423,2026-09-13
6850ee4a69d9b0142b5e38e9273c1fcf,2026-09-13
87ce952b372e347902e0a0affecfba2a,2026-09-13
5aee0f6c9ae797f6c1b7bdefd52cfc0b,2026-09-13
4d14be767bfc4654dc230cbdb92364ea,2026-09-13
a91dcd4d298b9619aa114241f2179858,2026-09-13
231de429455060e55ce317b3533bd091,2026-09-13
1fb210a440cee50870d408ab5a207c19,2026-09-13
f42b11651a7b5f265a9c17677849606e,2026-09-13
3b600cc24f4ebebfdfb8f02ef8eda2ad,2026-09-13
91c770dc944d6a0dd7541b2cb75fbf94,2026-09-13
2b8c32200e76a7f2eb7001d6030b8081,2026-09-13
62f46ac330948ba1070921d5552c8de6,2026-09-13
0a242d07012ec625ab078dbac17c16b9,2026-09-13
3b5d1ad340a6b266425cc8cb506de387,2026-09-13
1070f597884fc1630ba7b71efb504d34,2026-09-13
fb207497f05164b620a8abc6a0ca4556,2026-09-13
24ad6fc595b961aa0a11c185526fc567,2026-09-13
e3a29989ee57f1bbeb7773e0da36629a,2026-09-13
5f99cc4d143d1372a857af163ffd714c,2026-09-13
808f429f993a391ebbcba58f474a64a0,2026-09-13
45bd3e1fc4e7127b4d9ff2e4a114ef9f,2026-09-13
5bdb6f12d726c239bf7341d195cb5a93,2026-09-13
686b4a58156df2a7ba7c8b1010e6cb92,2026-09-13
c620ae212e7f8d57c5cef214a98f5e57,2026-09-13
41b5f0caf57ad2462a722eeace7bea9e,2026-09-13
ef0747ae1efdf494ba969be76cedea39,2026-09-13
721ace002f235857ffdfb8489daa8416,2026-09-13
b52cb35ac5cbacecf32bc6d8dff186dd,2026-09-13
425b70c1a120c1608d631eec3c0292e6,2026-09-13
c978e89ac9d32bf8e9737dda780b099b,2026-09-13
5798d2d46200b5731198650babf09f6e,2026-09-13
be151421ec70c33e4a5245c27219b6b7,2026-09-13
bc32aa5442a63dc78972fcee693839a6,2026-09-13
406fc4e4e3fe2568c6269e0db5dc53f9,2026-09-13
e2bfc0f6f968070c4e2d88e0ccd804ce,2026-09-13
0768189af4a54714298f7dc36ca719fa,2026-09-13
521584bf5e664d4f22e5a8a8acee74c6,2026-09-13
59d52d370084fc22819edcbdd821204e,2026-09-13
81ee777b755e31d61987e22125ac8b71,2026-09-13
dcf4b9c91b6b8d47dd25c65741fac950,2026-09-13
0a27201a05d9ecc4e7f9d32ce459c509,2026-09-13
0d683cb6ef84d77f3b4054b4b1863546,2026-09-13
9f5c92ea0962794bc33a21d5bb1048af,2026-09-13
6ab6c97ad9cc6f865bb2fe1a5e5cf5d3,2026-09-13
88d1a93aa746f13a7c84f171765b1454,2026-09-13
c5f50f605312bdb46876395f60ae04b5,2026-09-13
4500801abb530b7ee2c8d5af78d5d423,2026-09-13
96a6e32d6dd4d4e5687e9f7f0e565862,2026-09-13
4b281afc037f4987944adbc55dc80ef8,2026-09-13
12b5d84e2e07cc6daa98a7811f3e89fd,2026-09-13
2852ae7380ad8a023498c2f55458c99e,2026-09-13
37e24180ee0941a95c0d6a736f7e7fb9,2026-09-13
1c9735f77a6eac7c84df0a25efe0cf97,2026-09-13
f8c4bdcdd013bcc55056b41ceca4ebf6,2026-09-13
6cc94c19b2cf6815cb1519fdfb690085,2026-09-13
c260eb5c9fc3cb87e7709d4754d5192f,2026-09-13
6f7eb3e9fd1c5de6a6b4545363b50910,2026-09-13
ff52e73b80798822301f976e44967094,2026-09-13
7485ed1e50e69a84d1c989bb46eb30fc,2026-09-13
46259057a480460ee94a63c3bb64a0fa,2026-09-13
0700d91e75292075f138f7a13f1874cd,2026-09-13
891e173fea39c52ef68d5cb746802ba8,2026-09-13
f777cf5feb4e96b24f39c9d25a7313b3,2026-09-13
3f45112fa9309c9231583994d8358e37,2026-09-13
9cb9424711d02c9adbd9c523761a05fd,2026-09-13
34de97ecc09ca79cee158e0e0f528928,2026-09-13
e65e756454f13cf0e3f1c19b67252477,2026-09-13
17b0f8233e1c176edbb5b480a2a4f523,2026-09-13
6116598c8c65d8d298307665eda33504,2026-09-13
73abdc60d303fd91b91ce2f92d33e41e,2026-09-13
fc1cf7fcac5242e62f36ea9c58c80d0a,2026-09-13
7df972421df58ec3a197e760a527099a,2026-09-13
d15c1bd71376ca147248a99ebd1de26d,2026-09-13
3eccc9807bbdb5e839102b562fcc14e8,2026-09-13
9701a55b9079b8c613fdbd22b71ff9ed,2026-09-13
850db10c3d653fae0c1a1cec4cec8a66,2026-09-13
46cb88055786fe3c4cd1fde7e54d5b6d,2026-09-13
0ae06a3f6f0b45b77fea95c84b4e0a34,2026-09-13
cac28ad9babccc6857a887a025cb0bfe,2026-09-13
150126b4250123f462b1021a6ac690ca,2026-09-13
e207c4991e88b277b097e9b0c360cadf,2026-09-13
30e7bfb98c7737e0c76db9aa1570ef50,2026-09-13
b5563ba44c1651a6b7df7816b28a37f8,2026-09-13
e96b9b5e2f848c576626a363fbf528c5,2026-09-13
1ca4e6a658260a9f4269e844eeae5e19,2026-09-13
0baf0c58b9f3ff897c5544a8992d177d,2026-09-13
07d20a6fc2a00db920a251b3339a3b82,2026-09-13
5f8d40e7a382027d94430e07ab457f4b,2026-09-13
14ed641ed861b7766b584cf22bc42d3d,2026-09-13
325708e52080dd506f23d51feccf5b57,2026-09-13
75df21437517793e9695dbef05194acf,2026-09-13
66bd6326c2ecb4684873f940b91c91de,2026-09-13
8e7d8310c7eb671e425c67cfa68f11f9,2026-09-13
8d17efef92906c7ad3d71cc7a895e1f2,2026-09-13
5c627b6e8714e342201369cc0c18e9cb,2026-09-13
ec40e80d32e9e0f123e8149e17756b84,2026-09-13
6a727a6126b2732a73e65956e44a310e,2026-09-13
4246c870fd556470817bff914f8a13a8,2026-09-13
985a598ca3d67f4f9445c78d2eb30947,2026-09-13
4bcdeaaf82e550693b5361dfc7c2c953,2026-09-13
19a9b63151a0700ed643c9f3aea6acd3,2026-09-13
741cecaa9b155bcf6d0bcb4bf4ca3d98,2026-09-13
7d89299145e041e34386a4af4f00a773,2026-09-13
cf26733e1cea992e25e3624ef0f089d1,2026-09-13
7df615386bdeaca270cf1dfa2bf33877,2026-09-13
a0ca760a415ee8c45e1c609e0afb823b,2026-09-13
dd8dcce53ca746a42057a584eb80c7de,2026-09-13
4d27ed9f5d449a8bb34ddb8b3c4eb8a0,2026-09-13
219752bf8baa2424bffe2b7cafb1bfdf,2026-09-13
8f7e4b2ca167819a932f3160de504914,2026-09-13
99b153928bafb5ac3a8f4f2fd72ef851,2026-09-13
29618ee99002932cfda456e9a055c470,2026-09-13
350e11551403cebb733ac3f2a85e508a,2026-09-13
f65ccdb851d36d9a1db7eda1ece25d49,2026-09-13
fd1898f88c84e7b3f1b3edc05170c3a8,2026-09-13
8e0f7300ef518b06edf8500d467dbf79,2026-09-13
24c6a78b4313882a8795031f5879cc3d,2026-09-13
ec490f411f9453e80ee197bd51178979,2026-09-13
8c5be2ca79e2bda2a49f7888a3e556f5,2026-09-13
e80b2179b9dedab3149930939b3a18ae,2026-09-13
c44efe3cbd8eef526190f1db02583629,2026-09-13
ef6f35a241569a249ffa24463a7d6586,2026-09-13
e8e017fe547ef408881c58ea7e408fe4,2026-09-13
c1ce5659a7a94dec24e33107eb2b3e85,2026-09-13
1689ea1396e73ac69bd02c93475d827f,2026-09-13
b5ee9b20c4dfc514e7dabc8d8c83aaba,2026-09-13
676eccb15d2eee7585988f2b5fc969f6,2026-09-13
3a799821ed32f2916288b00ad5f31cf9,2026-09-13
b675a95b0c7be5972b30e94e52bf7397,2026-09-13
cd47b36e6de017124e1d0424f61f0134,2026-09-13
521ea2661c637c004b6d88f80518bf96,2026-09-13
6deca49d26f222995ff5f0b2f5643fcc,2026-09-13
20abf4790821d2f0c127b2c5c89c7934,2026-09-13
ba92ad7694fdc35638f1244d0c9718cb,2026-09-13
a5a0d7e1fab5f18f30c6bd0e782c0230,2026-09-13
1cb786793041659c78000d3a234c3329,2026-09-13
5193ceb4eb053b980124e8f4aa841b0a,2026-09-13
2c67771a3a537cf9c28d3ef59e91dced,2026-09-13
f7a7af8d6b9bb7e27c2efd2ed6cbb550,2026-09-13
7f20ba7cc1ec2232194c4037e038a3a9,2026-09-13
8383ccf4876ecefbcdc7c45e8eaa8937,2026-09-13
ab69f7afecb0329fb90650b934bca01e,2026-09-13
0e9feb96f6babd746cfd0c1d651b5b3d,2026-09-13
b48b739828e34921cb5255c878b92680,2026-09-13
34ce7db93672e1257577d2ec3bb7d69b,2026-09-13
53d5fe7afa9e41f54bec7e1e340a1bd1,2026-09-13
30387fd96831caa1612ef9d0f07eef01,2026-09-13
6cc690bb2059c49c06b58b5ce630eeb0,2026-09-13
628f62b534507f2d417060c5d35f0429,2026-09-13
52131a822cd887bf6efb450e7320bede,2026-09-13
ef1ac9a65c84a2b7f1865877da767d83,2026-09-13
c8f788cd2e151718aee5d2fffd3de272,2026-09-13
858c8e79ceea7401dc50e9b29d3c69a7,2026-09-13
70dd1c0f2c94f07574426a69014c74f8,2026-09-13
84c32c5337f4082a6290af8aa08af743,2026-09-13
f5bca11989376b60a2417b3b900a7545,2026-09-13
2fd19d999237a4392f61dbf50c08e083,2026-09-13
5c02ec0cc83e671c44940ced880f0708,2026-09-13
bac865072a222c4f974dcc77ff0baf32,2026-09-13
8e1ea3d81828baae0d4525dcb18cd901,2026-09-13
bd6144fc4dcf2264ba017c9fbfe2c52c,2026-09-13
9215556735f51348f46cfa4f301453f6,2026-09-13
a93e5948488670fe33a05e7dd1a44770,2026-09-13
49ae963ed5954fd95d10f75eec56f617,2026-09-13
c7bec43dbad475e7dc5a9639d041f32d,2026-09-13
639b31685c9bc2a8ef340815f3869d3d,2026-09-13
51ee218a5ac70fb065cd894acd989251,2026-09-13
9c85d7a1a3142fd80d04d410cfb6a477,2026-09-13
7578ef5e4bb32e4461ebe328c95e63b8,2026-09-13
bea992f326901947fe9b0eb646de8222,2026-09-13
3160795ae77344cdccd9dd6e1947d634,2026-09-13
5790f89df14bd7b8ea698feebdc3960b,2026-09-13
66ac17be03974ff3d2ba5f441729384a,2026-09-13
760a6e859d58bd023e73e50ab43830fc,2026-09-13
394ae6fe8cf9d2f78b0021a5c63b4bc6,2026-09-13
22246b4e4a62725e36fd439a86d3b208,2026-09-13
6e0d7edf847f9832add4500362ee0170,2026-09-13
183fc9de0064838b62637bb120f218ee,2026-09-13
572a6b12b6d4cab21b271885306e0e9a,2026-09-13
138fc21f3bc848b46bfc06b851273a22,2026-09-13
58c4c729eb8e364901ccb1e65df33b29,2026-09-13
419c2fd833de974248b9a29653b2b6cf,2026-09-13
79ac0dd0b2ca0271e08b472fd0d2481c,2026-09-13
a1201e91c8aa442560c302b14a8be8dd,2026-09-13
aa388ac166fac4c068a4148b84b8d8cc,2026-09-13
7b889c97def09eb2d1bfc0f825959041,2026-09-13
3fd980772216cd0128ee2dfe0f042249,2026-09-13
e14219d3e21602f286dfb55e0b9aa4be,2026-09-13
cd1f6d3ffce9394bffe077589a266705,2026-09-13
9f60fce7bdf8b06257c58fb37fce2040,2026-09-13
4e4fbd83b77325b113e86a89f105f939,2026-09-13
fc71a111a94f3f8343c0eae4b365a0e2,2026-09-13
8547bab50ac742a545dbde49aebc3b4b,2026-09-13
ae4ffc9dd1c0741e17ba260e989206b3,2026-09-13
7419f1da2de4c1ed0e20471944618f33,2026-09-13
aa5cf5d400597a71701dc33824d01859,2026-09-13
69f0d43174ad1f63681edd4bd066a111,2026-09-13
49e462ef1b9b6c66e9b4c13a1b880f50,2026-09-13
96bcfb32dd567086b2de3ada61e21862,2026-09-13
1a4836723680383a9b51fbf74ae7e22c,2026-09-13
ac4bf83e43eef8fc84ea62276072b046,2026-09-13
b41f1655def413cd9dc0fa3bd92d7261,2026-09-13
de29b7c2bf6a29a37e173a7449631b8b,2026-09-13
44c77e0f2f2bbb1402b3180205d53ce6,2026-09-13
ca5b3d922520b8064c7f916ac3fa1866,2026-09-13
6ec76dc4baf78587b1d13a14deff0fc7,2026-09-13
d98be5b85694def1be91e03eda309e33,2026-09-13
d292925257b0f68719e2120788da027c,2026-09-13
efd0adae770e7fc4df604dcb80711580,2026-09-13
9050711b30b908b8ee2b80836a495e96,2026-09-13
60168e87fcf0dcc08c5fe04190189682,2026-09-13
9c5a35f43e33d5c575a267650e34db5a,2026-09-13
357a92b08be671189be27ab9155c196b,2026-09-13
bd382af726719b4f23ac25411b06f0eb,2026-09-13
4f065459c0ea8d7496a07d6f6cdebca9,2026-09-13
77df415cb6244771486303e6a6a2a5fc,2026-09-13
7af14bbc2b732c1f7d5bbe4b9d07de98,2026-09-13
803f739da78c3b7f081473e666f37ebe,2026-09-13
afa3a8986426b5f8ac17484c6de27594,2026-09-13
473c5979c366bab98bf1b331cfe6416d,2026-09-13
4c19802bc9e9a2b3103a4c044e017451,2026-09-13
f011096374682b7835773804ecc8edf6,2026-09-13
bff33f48e9d9ab16b6090efaad311c73,2026-09-13
117769c16fa6f52846890fb7be056c78,2026-09-13
9aa51d3705bb9ead8f6672f9d5232135,2026-09-13
f49f64d83a7c3e955b6e2047b157aed5,2026-09-13
c0e8467de1a90a87ee828249eb2bb7f1,2026-09-13
9bdd28dfcd0909b828a9114a5e07175e,2026-09-13
69eeabf0fad1577567dbb67b95b9cd21,2026-09-13
3e65a0dcfaf33ce1ed4b232089755dc9,2026-09-13
7a32a8dbd97e6ec60058e957d3229469,2026-09-13
6d78fa92d2c0bed26267b78a53aaf136,2026-09-13
196204c733b398b99d9953d26c7e4a79,2026-09-13
df91df96774f3afe76f11691411406a3,2026-09-13
5d6fb976cbd008e89e4e00eb80c49ff8,2026-09-13
f7649ea19983b0553d763a90be03e79f,2026-09-13
9ee052c4e41b73d847df6c323badb094,2026-09-13
621710c1a2f028ea6b614eee1c9cf7ec,2026-09-13
ca12c702fb850daf135e49913b1628cb,2026-09-13
b722d2b86b75a8867ed36bd2679d1cba,2026-09-13
5faca97f122dc705b353f6c8884b3e4f,2026-09-13
a177f695bde338b6a451a2a60bfd9cf2,2026-09-13
37bad1e12750c5308bd412fac5e274d1,2026-09-13
253aafee339ac1b9936554b7cbc67289,2026-09-13
7e4d9f6c7553a67bacb3052268e592fa,2026-09-13
27c65cb6f93b5632764645095306afbe,2026-09-13
cfdace86a907b6db29cc3f620ba82223,2026-09-13
2c433e4a4fdfb887c194ff88ff6af2fd,2026-09-13
e524e5c8740fdbbef9cbf3dbd25e65b5,2026-09-13
65dc308b621cf33e9e73115c91daa8e0,2026-09-13
4abbd0152c6c8f33191d70fd0ab0d436,2026-09-13
1de690f79fa05e94783f8c3a940d837e,2026-09-13
007311a826af35cda948deb87379bd75,2026-09-13
74c34fd5b0463431370ed5177c2a13d9,2026-09-13
3d0e24d9400360e178b15205773d8334,2026-09-13
4b99f7ac3ce84647de60f223815c4714,2026-09-13
08a32dec0e2aaf5fb8a17e42a20c80fc,2026-09-13
813a4aab9653b6371b622d96dd94aa70,2026-09-13
3287e6e0426385d62686df2032f63d43,2026-09-13
bba4d1fb9d16b35ba188ec563f24acd7,2026-09-13
eba55b31b6af2eee6e672f8beb1abcdd,2026-09-13
c2f81b6143ec3d0f918facd37d54dec8,2026-09-13
b0ba97a05e5393706e116f87f9a02a96,2026-09-13
09bd8d3c62493ddb07c10c9f487a1b96,2026-09-13
84ff51cc09556acbeda523a2b0c0a3ec,2026-09-13
159baa4d969d63a700bced039e5d7568,2026-09-13
8eb6fbb7c5903ef818d2f33a60ef824f,2026-09-13
81eef13f386faaec7231b882f0e96405,2026-09-13
7a0c37efe8691d9f5daa4808596c45f6,2026-09-13
f8f1d86e0c8b708dac73a92acdacce8f,2026-09-13
a5feb64656649f42cff194154360bdbb,2026-09-13
f7081e292c1dc22d6ddc4d982b2b8ae1,2026-09-13
c1c5181da8724ba908a8946806a7a70d,2026-09-13
ff70c2313a387a86fd0ea111d1f70c58,2026-09-13
14c052ee26304cd1d1f5fb2f035e3ebc,2026-09-13
adce4035cc25ce1f6da3d64be23f9083,2026-09-13
695bb9c2e3dd081a4ed2fa5c3ba2abb4,2026-09-13
9ed22037ac7bbe10852ce1dcdb71f6c7,2026-09-13
ead6c25f421b318706d5a1f7e6506415,2026-09-13
c988d2fe3c73c3f9e7ba623a2a5ba085,2026-09-13
7a95e39ca8fd0b0f3c2924955fdf891f,2026-09-13
77bae16e93a285ace745ea9150cae653,2026-09-13
80173cdcc10abccd6cff0e8351bf3e86,2026-09-13
77cfad27e911669b4ccc9a61c410c9fe,2026-09-13
6e555d8ec271aca5ca5f2088c12a473a,2026-09-13
ed196c003e8a09918816f238bc943187,2026-09-13
99b97569b1e49a15ef428ed6b1b7f978,2026-09-13
56fcfb2a659f3cbea295d2fb818cf3db,2026-09-13
79270752d6ffa1031553d2bb2545cd6d,2026-09-13
d81139ec7fed35fd4572dd7f04251c60,2026-09-13
bcb9820a6f150f00aa28c194197409c9,2026-09-13
aeb5d3e04e33c1c0e9a6db4cf15ab17c,2026-09-13
256c5012776a5834381879738e2166c1,2026-09-13
e9fe86e693b366855e040a7f75f4296a,2026-09-13
e61ded387a09603d5e7359099c099a58,2026-09-13
2f57049857d7e9afa49c705a596a261a,2026-09-13
a24c5e41e4b65d565ffb64871aa8bb14,2026-09-13
0228a91592ecb2635045006bb7daf2e2,2026-09-13
231b5be494475f2fa222483a096466c0,2026-09-13
f50be84e80d72213c000069b88c63174,2026-09-13
4defd1444976917269c2aad6d47a170a,2026-09-13
2b3cbcec22d5f7953e865e96a87cd287,2026-09-13
d01626bc09e465cea643787e869c9ba4,2026-09-13
d20dbac839d8e33c4dc1bc362e3735d2,2026-09-13
ee866d34ce60bb6da436310f32cab4a2,2026-09-13
80830055312c60c164e55765e0801c12,2026-09-13
385736f308c9a48c4dadc44968401e0c,2026-09-13
297099dd929aecb34ab11e1b494ed776,2026-09-13
5a52751ab7ecfd8bd0b95aed457e69f2,2026-09-13
3c502d0ae910c6de1e6b8a267930d2d3,2026-09-13
7c87991cba18985a709a4dec5067a296,2026-09-13
7a997d576457cbb13c36556cf78de0e5,2026-09-13
f928531b52db0173c5297fe19b2662be,2026-09-13
575ec49f8ab9fff5943d2edcc6f8185c,2026-09-13
8bfddcda330e28abb525cae8ce9ffa31,2026-09-13
0963c1aa142ae710e87baf368cb9350c,2026-09-13
499f8f015de7e7ba09ef25098229dd5d,2026-09-13
83a210a2ebf17bf2e726002352fcb6da,2026-09-13
435780d067f98121bc91d95ea4eae81e,2026-09-13
b37f9654e90b666687e61073a8d8efd7,2026-09-13
3899e858c9d0d550cb3c66f5787aeca4,2026-09-13
0cb75501450c8d64e9422c7d301d7c59,2026-09-13
1ac000edf737b0e727692b11962f5edd,2026-09-13
36d5061be2cf0ae4468f5a3e77ee5801,2026-09-13
a39a3b828388902f68b2fffd5e02bf8c,2026-09-13
1fbd0e12fee708a349590cfbf99522ee,2026-09-13
d83d651f3eb1250aa70bc5dea627a923,2026-09-13
b7cdb1b724796b2f1525020c221eaf98,2026-09-13
e2156341a443cd87edafd9a250997bca,2026-09-13
cd53c77716de97e6e9e815b3da2345d5,2026-09-13
ce298068ab77bcebf8f06934e50f6b47,2026-09-13
dfa9f8d6cd36b78f231b50860a85a1d3,2026-09-13
3efc2f512825c91f6f4bb599a2b91406,2026-09-13
9e3fc1487642b7832c67dcdce48eedab,2026-09-13
192d8c8072d3acca862f6b282281838e,2026-09-13
8a2cbd33500ffbde55b3e8451c7567f4,2026-09-13
76a2939091270ee9dc3167d708eb4306,2026-09-13
0fa9bcf523812817d62a43c1df8ddcb1,2026-09-13
bfae19ee200131ff6b9b2ea2479d06e4,2026-09-13
f624615dd6712bf51ba62a2f6d957fe8,2026-09-13
35af7a89389de0aba94d90bb5c03a022,2026-09-13
b1147894045c86457a47ab46e37162bc,2026-09-13
3a929c24fbf7d3db06070ac1049ac527,2026-09-13
fa10cda4a9ee9c242977c04054497de8,2026-09-13
63102d3370cbcd8aeb6b107ce84648c8,2026-09-13
df3fc9e563904502bcb2f6a3f52740fd,2026-09-13
06c7f3a6ace741d3f11b226105e890d9,2026-09-13
5f1baaa7f1287f27544226b0131d5c69,2026-09-13
e0586b65ea6a008b4862138eb37b3003,2026-09-13
378813362f0fb39728b0d867f0e5c8e0,2026-09-13
42384f0ca08bdc0b2a7ca029ef4c9a10,2026-09-13
a7faaf1b80a90614c5ec7e3a847d0e5a,2026-09-13
e309c5a778d2bc0a87560f0536a024c9,2026-09-13
93e834b5772e4687bc1ad8f5a34f54bb,2026-09-13
c82d27f8536f20df9a2212e517bcb6bf,2026-09-13
ea5ec1366aa3069963bcdd561036ac00,2026-09-13
25b1e00368881c91f76d3ec04015ae13,2026-09-13
0333ee55bd0156c1cdfeed163de21e91,2026-09-13
0d2bc4d1cc1260756d621182d4d7b39f,2026-09-13
ae1848de70e8bf74e5b40b3c90fb9c4d,2026-09-13
75722953da2e323b6d74adda4ded0de1,2026-09-13
908b8093f97db8c6a4a6b3f1e11ce0ec,2026-09-13
29729e1424ec75e98915927df0ebef31,2026-09-13
d92f2d90a57c35b782f66a8c5321a069,2026-09-13
a4921f5d2b129ecf64a58a0864b768d8,2026-09-13
ae44840d71b486d092352b7156586a30,2026-09-13
049aaf05ae5b68ff5f55a56b9db652ca,2026-09-13
4c217bb9b7cdd627be56a1341ad0e758,2026-09-13
54c359304bcff894b84ef1b7bd5cab3b,2026-09-13
8003268fc307711effa82fe062dd5a3d,2026-09-13
60f3b5dd7b9e7eeea08c27af4d0cc493,2026-09-13
31532b0d7e8b34c4222395f768138e10,2026-09-13
bb4ba13e9b98e88073a0ccc9e92ac703,2026-09-13
cd0bffd243cafe8819b571a8fc6adcd1,2026-09-13
858bafcf9bb66a82091c0f6a5c625b73,2026-09-13
0a98f61bd2d40e47fb42045fbb4dcb44,2026-09-13
2dc884da6f7b8011cbaf621d26c9a7b5,2026-09-13
c77c57e3da85f1456ee064df1b6e57ff,2026-09-13
64191fdae265c59b087a06019ad7d022,2026-09-13
56a19c9b5222c6dee8cafb5de0de5891,2026-09-13
d5293bbccb3ca6dc0d753c28ec42a533,2026-09-13
b02943d80b8bf277b72ddcb15e828a09,2026-09-13
8b2d9d0f1f7a019991d0e316d115f48e,2026-09-13
0fa0e1145b5adfc652b72b07505c8de0,2026-09-13
47e17f8e942084747ec4b02d96ebb0dd,2026-09-13
4aed598299409e99e33969f46f2a14a9,2026-09-13
d847b6284170fa68405529cb036de01e,2026-09-13
265414596c50a4a9b7705e02aff05edc,2026-09-13
d8078efe5a762db15f3693548523eebd,2026-09-13
09e51687ef9577be77610fb1712ada09,2026-09-13
87f5533a4520412098687307acda79e5,2026-09-13
2f5eeb32e4955b7e8977df1639b7beaf,2026-09-13
cdc9f7c2cbfe22ad30acbfa436e4d2e1,2026-09-13
a01f92a2ac34e604630210498d3e7167,2026-09-13
c3647de1b37dea5493f049744a12927b,2026-09-13
2b1f0c094a52b4d92bf525b038ba9a80,2026-09-13
91f38191827f23b7b3e4d87677dd3f6f,2026-09-13
46c5c679b5e14886bbd430b0eb34dd1b,2026-09-13
23b4bc1f25e180703e6fa8753ffedf87,2026-09-13
97df4b9d56385081140c5d9b0faa1842,2026-09-13
093b096249137e574efc3e786c04ce82,2026-09-13
cb087367e10093c6f0d55f00b643faf8,2026-09-13
dfb153c2e9261fc38d0ea99b677e0cd8,2026-09-13
453431bab9760ad47a52026fbdb15bf8,2026-09-13
437402402daa1cd23b53da8a6d6d7348,2026-09-13
49009757ad3202cd2ae89e5c22073a6b,2026-09-13
f8dd3f8208ffe3f08a5a3b3cb8253e55,2026-09-13
6704b12738a215b483d1c6995c75875f,2026-09-13
2f2f5e5c0739bffcb22442bbfe74ff5a,2026-09-13
ea4915f0bf409249f4cf6392a882fb2b,2026-09-13
7a8964062cbebe7f12d6c14e156d35a9,2026-09-13
e2b5b0d4397c453ede6f47705272b11c,2026-09-13
3c3c445cfe25bf891cb9075dbce7e6fd,2026-09-13
fc05ae55a42284a4964e14363324c027,2026-09-13
6b38f94e756517257714534331f376e3,2026-09-13
1ba26d1a9e4e2cbb347451c998efa474,2026-09-13
33961c032df443a2dd160b5476cded43,2026-09-13
d7db1db14d43fbc40c9580e7aadbe756,2026-09-13
293275804d5014b07a31514398e47858,2026-09-13
2a271f716c3baf47bf8aa5ae6b5ca9c3,2026-09-13
80787f9ee2fa954cbac1bfafaa189ffc,2026-09-13
24bea30bad794362ea78b33d3aedd77d,2026-09-13
aa75da926f86c32eef456bc58fe8a7a8,2026-09-13
00a798594d74e79205fe0a0e745167b1,2026-09-13
9c25997f560cca0dd231bf522eea628b,2026-09-13
48d472149ad86e9547fd71e2602e424d,2026-09-13
984f68a9ae52a6963f1bdfed8f6d2be7,2026-09-13
d0c18638b4a2644c0a96c5f684fa33fd,2026-09-13
327edc1847411c8b40d6383deddc11dd,2026-09-13
e4baff0b0d1e4eec1a588092e4e143ea,2026-09-13
340e673510925c2424928a318292ab2f,2026-09-13
a22183db08c58b05ef10800db0b99343,2026-09-13
6109f192e3eed744ad388b3cf6274c1b,2026-09-13
edce8123d74a0dbfe953083187f68aaf,2026-09-13
33bd3a262af2be1facb95f1533f81cba,2026-09-13
897d46bccad78ff77ead051622347e3e,2026-09-13
3be042c432a485c77f08193eedf28cc5,2026-09-13
b505a04524be07f626728bec285b8762,2026-09-13
08d7966d75a4600249df50f59ed8ab39,2026-09-13
6522b5a8d7b6d2538a02de84cc4c9690,2026-09-13
75d11ee971a1ee0401b85d58dde07a60,2026-09-13
9999a3985f112a0f2fccf514fb298d8d,2026-09-13
753c8a6e83639916e3b4f96b0839d696,2026-09-13
35ffad1a1c6cd1b1db4f2b5155e8c5b3,2026-09-13
4d365b615ee0cd24d72a8cdaf0d1157b,2026-09-13
3dd0423022751e82417c3e3e87d30148,2026-09-13
e63bdcca68e75e3f61673a6444ac8d19,2026-09-13
3d616dd0ee6868c0f512d1e3e238adae,2026-09-13
b3711f8d9748d81cad8f57dfef67a15b,2026-09-13
d2c4a481d9eeb78feb0837cb63184157,2026-09-13
4474d73c16c21de8793717d7b56013a6,2026-09-13
bfc2aaf049ea94e6f3882aed45f21f7b,2026-09-13
6c142c01a24083943360b5fa5168fbcd,2026-09-13
7789a681d556eeb800b90f973fad99f4,2026-09-13
4adb3d55ea614878ef35998381674a35,2026-09-13
25b85d856e256574edf2f576b58ebc15,2026-09-13
2bfa29d11212d31a948d25e6cbae98eb,2026-09-13
5e6114c0f63c2c6b849b54f48f77007a,2026-09-13
4a5e72d95257c2afec3e2ec4245523af,2026-09-13
0ae8309764fb02ccd0541246642e2351,2026-09-13
e9e52a83ecdce5b3f512c49cede8ca4f,2026-09-13
090c786e75c98541a5e4181f6542430f,2026-09-13
de7e47ed87432d997630958a4dd72e6a,2026-09-13
801918cfa2302832a05f1d95292cf367,2026-09-13
ce91cec201a69d64f6821c1e63c1fff0,2026-09-13
923e39b9fd5f636b312f9cb950536d8b,2026-09-13
3cd40f49a7ef71434ed840c6f02a5f6b,2026-09-13
6a2ac49bd27746a45957edb06c24bc6f,2026-09-13
7f143d8b46c19daa1374700c7124f72a,2026-09-13
271cb59129f49c7d56d71671f499e165,2026-09-13
2c0fdb881cd2741ec92dd8d4736182df,2026-09-13
b5ab12aacca9e306a038f4ad1e4cbb45,2026-09-13
ed16f26479a52986ef73a01c566589c6,2026-09-13
3f96754cc50f9137d0a952194ae2b10d,2026-09-13
2b581a961a8c911171d04eb9dea91397,2026-09-13
500943b80c371c4fbbdd0b2b4b2f6b38,2026-09-13
826d72a9d8f33b9f57f0af486b7e1b97,2026-09-13
8db842c68656efe08da21e524f01952f,2026-09-13
4d9a52d27d077798b8578ecb65658d12,2026-09-13
496ebc252b7387bdf7a2586c08477499,2026-09-13
64f6a029608a07a5c34f723c35322a54,2026-09-13
59a8ea7d6cb9a87e62176c68cfc0ac15,2026-09-13
15000e19c28d7cf3f8112fed9b7481b9,2026-09-13
d539386eec9e07d21d3f8aeb613594ba,2026-09-13
eb045fff64428dfa410f941c581c398b,2026-09-13
9bb56982b8942ea302aaf1a583d92da7,2026-09-13
4ad50aafcbd6c0907c5d0b3310a14c05,2026-09-13
633bcfa27a54abb3bb17757bc1135a72,2026-09-13
8d989fa028d55f36d71bac98cab6154b,2026-09-13
77c23f5c4bf3df1db9df2514caf19a62,2026-09-13
acd77964adaa9305628edac948e52c7b,2026-09-13
ac454a6ec52eeb59564e839f99adafd1,2026-09-13
23d8fb809bd1117451088f516ee8041a,2026-09-13
aff1d3940b51f819cbb3b70ec8811378,2026-09-13
93a40907128c56b5f19495bdf921523c,2026-09-13
c904be4bfcc4f159f5cdcc8735a7eab4,2026-09-13
741d6e0ddd85be55c2057e7c1d6f3dd0,2026-09-13
e5c75f2e5b14a1517fe7bcd457ab4e82,2026-09-13
93f4c3a3a6dfe0dac8d3e7a6a86ef997,2026-09-13
4e440352afa9d77954971eead101d194,2026-09-13
024d1ef476fbcd5869dac63fe4e9c67c,2026-09-13
f9084b726da54ed62a3b5ebe017ba156,2026-09-13
2260e5f40a1c4191a50e49ddf21b49b9,2026-09-13
2c6d8f83d8a3ec7b07d29c518ff30d57,2026-09-13
caa4d219d357fc653f3fd02ab6f2dfa7,2026-09-13
950bf81c8c94537d37ac8ae3b75ddf7e,2026-09-13
c22407377cda823993b391ba396247a5,2026-09-13
bebe09bafe26818ecba6595c0e35d17d,2026-09-13
fc2c80115844667477311fd1ce29511a,2026-09-13
976e0e3019b86c1b31ff8aa9215a5741,2026-09-13
03f4f9a3057c534be4169e63a9c00652,2026-09-13
b278e79983757296971ff7b943238223,2026-09-13
e7157c8eb0b440fdfdae0bdceb1e5cc9,2026-09-13
d92007ac8ae174daf6a3657e55055523,2026-09-13
87aad2b28c7e5c2af62b1cb42ba23548,2026-09-13
f88fc107ceb64971d46d4fafdc3bf3ad,2026-09-13
8f5db0e74761c5ad79514b67cfb6cc8c,2026-09-13
e5207fc4ca952663bb74ec86965cd381,2026-09-13
366f9a4c02fa23ffe8d206e328837d15,2026-09-13
417638200756adb6e2b285872affc896,2026-09-13
2e4d089063235f1782b2b443d9761690,2026-09-13
e5ff609b4739a716674654fd92438797,2026-09-13
83248a2a792a892e2628c3b26447ecc2,2026-09-13
750b16e2ef78f0f86105c60bc4ec6f0b,2026-09-13
ed986988d2b8dd97484c58be7041a02a,2026-09-13
99abb012380c76f4fcd8286f9eff491c,2026-09-13
1f184d288b0796359f03cc24633cfdcb,2026-09-13
0d99856155fb781448f10e56f8a936af,2026-09-13
4d508c0226816b75e00f985efdc7c0c1,2026-09-13
6f5b93fa5733916e6a9c5b152ed00b52,2026-09-13
4331d25b01b11c27e8a6233a5baa8c63,2026-09-13
c8f1080b51801edbccdabff7d733f6ee,2026-09-13
62c97d61a8ae7c839c003633928b411c,2026-09-13
0158743f2a9db33ff3cc8ad93145d68b,2026-09-13
51861991cf6ff07e058d19eaa3a50a71,2026-09-13
2ce15f19a81800a31cb5dee6d7a434e6,2026-09-13
799284553db8f9577dc0ef969fdf5334,2026-09-13
6c99489571520f094befa1b2f6f56208,2026-09-13
23c6edb3484589707576745ca0f3c706,2026-09-13
8bcf1c9d07055e94a822aba9b6426408,2026-09-13
c3d2921b5923a16e36629f3712ae4d6b,2026-09-13
b414307f53e36d9e78f527dfd4539074,2026-09-13
81e94040eb1f684f49f3b71961cc76f3,2026-09-13
6b6ab0ee3639e42ff2f66099c30a9f0c,2026-09-13
a5c7681f93f3a5e834c9669acf9f92c9,2026-09-13
f999b57efe539cd0fae243e4b9b26339,2026-09-13
19741d491dd0d7ece138526e149e77d3,2026-09-13
3ff836e34add7815377f780219aaea1f,2026-09-13
8a26bf667d8c4bee1596be3a4caf9797,2026-09-13
37f86bae34cdc8ebbb43187fe6da6461,2026-09-13
cf6d8f3cfcae4188845eb99958c0dcfb,2026-09-13
c4d69dc7ef21a0d3b0032525cbe939eb,2026-09-13
5cfac04facb8cd949c2e1a0da85fd9f9,2026-09-13
3338d8df9f88276ce13250cf8bb46111,2026-09-13
8f35f3dc2626f7e749cc5c73386de32f,2026-09-13
1b1d1d9a22a7c9a27a2def448ee62f08,2026-09-13
9401da8fec491912d3e92118a1f95fb6,2026-09-13
41aefe781b0977932040ec27fca520f0,2026-09-13
b2ef8d7b94ff692da8d9bd06804040b3,2026-09-13
8d4c0d8b7402f9ea448104ed50c3def9,2026-09-13
cfe4b3f8d8aa737f93a236ab06184b40,2026-09-13
94c60bbed37f26d93c6b192f64708ab1,2026-09-13
4bce9428b97971ef610a06773dc152e8,2026-09-13
c31b01ac573599140ca042786fe8f2b1,2026-09-13
7740ebb5ac662423911f59cd9350e9b0,2026-09-13
d68fe9f90ff012eb8573045249f4a75d,2026-09-13
954250ae3a3a4dd1bc8f280ee10f3479,2026-09-13
60f3d9066278b4abbc1c97a4631d89c1,2026-09-13
f7a5aa4c56edbd7f9152409640c38351,2026-09-13
fddd1feeb1ecb0be2dd3c3a56997a7d7,2026-09-13
e1135abeb2eefb27e6185e1fd821c5fc,2026-09-13
0dd5d860195da8b5fc3be90f6321313a,2026-09-13
2ca8d316e2180b46f53a5eb167c7b1c7,2026-09-13
25f97d29db53983bb6e0f2645c930511,2026-09-13
60e16ee64b88b8f7fbb7542fa486d728,2026-09-13
068dc3b7e025097b2159d84bacbcb6ad,2026-09-13
8ffa557f6b85241b03b78d1f04b8a18f,2026-09-13
493edf5b41974c19373c1f28c25bbeab,2026-09-13
c08f2f2b26f11e66403ae4320fe0d90c,2026-09-13
7a245bb21e06d176994f0aa3390433c6,2026-09-13
1f2907467bb6d265a24343e02f77b459,2026-09-13
fb1f75189cccb26ebc357490078518d1,2026-09-13
78093c4285fa99ca00fe9b34b2bd3b97,2026-09-13
5174421efa2c5180389937d2d66a8171,2026-09-13
e83a8798b675f6315a0bca95b4ca47be,2026-09-13
f4e6d8d7c520de6e51ac08598b7f6d67,2026-09-13
8100ef96bd8a1f5b133597ac3dab3f56,2026-09-13
2525aaa5923640af9f35de71a2b5d5e0,2026-09-13
b482bd3d30db27944087af1cb2dabbd4,2026-09-13
07a9c7afad32aab1d2a4566473168ab5,2026-09-13
27d336c991c28635112f082c544931a4,2026-09-13
26623e8b35198ff92998b2a07db2a5df,2026-09-13
ab3a896ee9b73a5085ae27a6855599ab,2026-09-13
328b79847d77cc7db2574a0bbf36137d,2026-09-13
94d55c6720be6b43eb1458fd233c0838,2026-09-13
f2f0acad14c63e9e3045b7d32eb78cd5,2026-09-13
6752b16cdeeba4b18d3f528af6b072b1,2026-09-13
a9ddb81cdd6f71bd90a86a1de70fd937,2026-09-13
de555b2c1cd7343e01d76913e895f95f,2026-09-13
01137538f9bbc590622468e715329b18,2026-09-13
5efeb0d64bdad48bc62472f5c97d4c87,2026-09-13
969d7f7eb84c181021c494fbbe19f2be,2026-09-13
9024620f30af9e0ad2ecbc7973e4e4e9,2026-09-13
5d64f3275cceb229b6bfc0e83e7e85b5,2026-09-13
217d75ae8551850e14c96d964d115d55,2026-09-13
e71acb3a19046866c5d24c5718e94c08,2026-09-13
8e8e8423cf3bc30b44ff4634efe6bd2f,2026-09-13
ba02347d688ebdaadf7400de1e68d2e6,2026-09-13
856f9877ad1590587742ae6069c45ad3,2026-09-13
a3de4c2122f799408b8a23437235a7f1,2026-09-13
ce112976ece703cf2f513825768eccb1,2026-09-13
c05629aacee34f6720af7b2f31031935,2026-09-13
a919b0be9e59016b45546b85aa84ca55,2026-09-13
e49b3778213467c0a59a434006f1d628,2026-09-13
02babf5cb3d1c9263aa95882dd06cbfc,2026-09-13
e8a6b2fb759a2f42dfd711ee4dc9c4f1,2026-09-13
6494ea7b3ae48db9d9f99bef15e9ccd9,2026-09-13
0396fd09ef18f4ab7ebcdf0b7c5c0b16,2026-09-13
aed51054430c36816875c90f3b886c7f,2026-09-13
3d0a267a0c815ec5b4f37dfbe47dd853,2026-09-13
44c797e8924643da352b68c9586607a2,2026-09-13
482258572fd128b93a60dad3ec7d9552,2026-09-13
7e0670c21a02bb970218552df9881f14,2026-09-13
0ad89f61a35c133e7993625513e51859,2026-09-13
0c984c0a4b1de73d3096baeda72acae2,2026-09-13
dd5f15674c472ae47c3964e3183590a9,2026-09-13
2e6be9f9be5cd1d995331cbc958bad24,2026-09-13
1273b6f558a2bf2d409f68a9563b43c4,2026-09-13
7f6c7b275c3475fa116d68dd9ba0fa06,2026-09-13
1658273b443dc6a6a6bfb03380d26320,2026-09-13
89165d5b83a9738230c964ac1cc2561b,2026-09-13
1bb0a0fabe8200651274b248d5b230c3,2026-09-13
51fe9ff75112281da9da321945846641,2026-09-13
0ab67157bbec8b12a009c7d896db62b9,2026-09-14
e83c1e0a2a1840bd118d2133e60f2675,2026-09-14
a69d9b6322a7e0ec6fa282a92b955065,2026-09-14
9b7aa245099acc93858ec26bca730e4f,2026-09-14
437c715612bb710128f2cbbece5cb638,2026-09-14
9aaf8219590bad1d3cac4a5e835525f2,2026-09-14
63d06a5397292a3b277b182db5580e8c,2026-09-14
6373ca00a5b874889524ac2570417386,2026-09-14
3a2c93beec4b1436b7a80da526d3d074,2026-09-14
110fb749c31ce156aa3e8c9d8ff9a9ec,2026-09-14
ce179306cc58b8bbe862d6e7c343c1df,2026-09-14
64f8b8f98d95a6bd333e73c15d099a22,2026-09-14
fa03880823e91a7f80c628548db0865a,2026-09-14
d128bd9e40724eff5c465b8017331c5b,2026-09-14
850bfd1230d363eada26662590e8be28,2026-09-14
bcf4fa6fe7cec7b33b2ee5cd5a76273f,2026-09-14
c8ca8ce8cf7766f7d9da4f2e0910d767,2026-09-14
c5a8a35419769f29b75a02f2a0640213,2026-09-14
d0bb75f84af4cf002f49340acc94148a,2026-09-14
f82b8fc78810d5bcdcd344600cc4cff3,2026-09-14
eb31a1700c45afcfc8efa407f554872a,2026-09-14
b358f1a051597cd289488abbb238c91a,2026-09-14
796ec07a2a2a4c1a82d4e00f38dec1d1,2026-09-14
91b5d63566b9ac9e640d3287741c81cf,2026-09-14
4fbb180f51c411f1221ca03f23740a8f,2026-09-14
db6275f7dc4ab9d3bb517727563e4dd3,2026-09-14
85b6b47b42e75936a59b5d2a8c96fe60,2026-09-14
9a59d6830162806cbd2264126f7bdf80,2026-09-14
be2cebca886120b084f661dd03456fd9,2026-09-14
ca4723dababf60fbc1766d9ae882479d,2026-09-14
fc6a99608d0f0200ba7eb2b5c052104f,2026-09-14
76103c7ebba12bfd16b4c3afb65883f2,2026-09-14
ee5606cd4603eba6405b9e252f8df77c,2026-09-14
880cd1e8b7bd8ac40302a7f2d1942f49,2026-09-14
e3cc3c3f7310fc49f33bb065a2852d39,2026-09-14
a4ffae331d1067dde27cfff352cb3389,2026-09-14
1075f81c23c8dd38ab7088a4733558b2,2026-09-14
fcfc4dcb6e79e05693d99b0964900159,2026-09-14
6366c175a27e7a49a6e64a6a5402a388,2026-09-14
6928700d7da8091a04b3c1485c6cffef,2026-09-14
2b38596a9d15d98b5be617f8ab36f5f9,2026-09-14
6a66ab600a332694924db74105644198,2026-09-14
1c27f8a3e418b9f2c2ffcf711a3158c3,2026-09-14
80f3db6350282b2d0e9113b1c9bdb3a0,2026-09-14
87ac9b86913282a4d50afc054ef32cb8,2026-09-14
7f80ef05553d9282e87a430dc6340e9d,2026-09-14
e08cbdc5916f5b6977b5b83ea5c5a5c4,2026-09-14
18ec2e4a032f3ad37135e9105b4fb47a,2026-09-14
94e751323098954245dde03f927a2c6f,2026-09-14
3ce97cea7eb8bb7fff39090f504f8e83,2026-09-14
1ce32f7732b2c6abaf39cbdcb14fa385,2026-09-14
4341db92f9050537001d86c68daebdf8,2026-09-14
e3e95c5f6e6694005022595da8812d15,2026-09-14
7023ec6c0bdd3b2c27f0e4f3cc70ea7d,2026-09-14
9c090fd639ca684dd6a6d17129f97ed3,2026-09-14
096cf8225487c00cdb2565deb34327b8,2026-09-14
968452059586b453819dc314af9fe882,2026-09-14
2ed94a08a45212c9e142a1f8eb830abc,2026-09-14
1fc305aea367c6e4a459bd1dc1851008,2026-09-14
70413f38ef6cae66056909099ed3e4ef,2026-09-14
23333f14861bab745152bf4df069b85f,2026-09-14
b2af7f6235ffc4bb1cf6608be43187b2,2026-09-14
c288d4d033bb4fe3b0751141261d3a66,2026-09-14
d6e0f576f972d46de5bace32e19fa592,2026-09-14
39bd995dcd29d87c80c9ab2e98a30333,2026-09-14
3e8b6986e5a6c5299287f99a9231d052,2026-09-14
756188516602d3f1c0cf735bba7dbe55,2026-09-14
721effe33e5ac75880ef9011bb953f45,2026-09-14
7ecf06930d321047e0a961d030d3c4c3,2026-09-14
bb6aa5de512f95b6e478508c2b431d2f,2026-09-14
c4e12a5e3d3b159733b9f4a44938a005,2026-09-14
d1b8561c578f0f619f75f01c0db8180d,2026-09-14
d284c9b7ada8c3366e87a3b29fb9ee0a,2026-09-14
c14dd946945d6ace815b902addeab6e4,2026-09-14
467f90f6ebcb23bb1c706f02dfaa8a7b,2026-09-14
3c653a1030c4976c2b01b0f3abf7322b,2026-09-14
8b5a61b42be22a9c71262c5003e4314a,2026-09-14
b7975ffff6e6dfb03f50490e66c7f815,2026-09-14
bd18ed2c4210488a5ca8d579d98132c5,2026-09-14
3e17524ef6a26d02fe941645a676ab8b,2026-09-14
1589306c3b2e11b70b851a07f9c104c6,2026-09-14
87e20524fe63cb982dd8c5ab1e89eec3,2026-09-14
ea2f7f258cd13d00d804e032b03a6ef0,2026-09-14
2f74a56a2cfb2a8fc76c76d370f77eba,2026-09-14
04e14619e670b395c19e5e7e724d4b4e,2026-09-14
5229b2ac00a726655e0e7d9eb011559c,2026-09-14
c379694ca935abe2f7072ef3691327b2,2026-09-14
ca2d9ac59986e0bab16b66801b9ad8a5,2026-09-14
9d49818979f45e6c01a71687c0a3fcae,2026-09-14
3139fbd102d7db0dc6d413ae3388b1fb,2026-09-14
d5172963cf75e8358c2e8ddb8f00363f,2026-09-14
553b5ad56d575241ace507b1026b77a2,2026-09-14
62276ee11d6c1ddfb68eea2bcc100ca7,2026-09-14
81a4a8e2d9d8d6470e9728963b00c401,2026-09-14
2c4b6edf3ffaeee38ca6a62119a8c11c,2026-09-14
4b6d321a4d89dc337a53d4e557637479,2026-09-14
9e0c3c394b1130bdfb39d5ae95f08653,2026-09-14
08112548965a6b15184fd5d6867f4014,2026-09-14
9bd52f283830a79cadfb3a2f0340bf56,2026-09-14
0297ae4810cd1fb2301d76e1a1c31e7c,2026-09-14
d84a3985cc77d43b2261c34ca1f7e971,2026-09-14
1de257fbbab3b4826d710819959111f6,2026-09-14
438f64f54e973f7716565eedab55ea65,2026-09-14
5fe9d98fdf61f4d93aebfc7dd7898ce1,2026-09-14
71a8a68f58610e057625b91864966b2c,2026-09-14
c8c28ad776568a9f89ff7d7bae201acc,2026-09-14
d5ec0db5d2a40f78ce66cd1fd219670b,2026-09-14
25629a6a8c05ba96f3fb55e229e13315,2026-09-14
e538bfcfa4c506bb2fcb71d614d4b13f,2026-09-14
88001cb845c0f8f91b3ca4abb0e1c818,2026-09-14
97713b96dbb3255f5c69ba77f3bbc118,2026-09-14
f2396b9039b9fc99c7690abd836dedb1,2026-09-14
d7a6c1d6696e5ca85259054fc98d4aef,2026-09-14
96e260c466c0b26210040a639d290ada,2026-09-14
9763906f77e31c2faf51616c6ed2aac6,2026-09-14
9f3c89876173cb6e8e3d76694c3733c9,2026-09-14
4af5e3e9d9b7d4133d3ef19c6943dd74,2026-09-14
684c951e3222d04484ad006f300461b7,2026-09-14
9a392eced451d059c3ce24618d39b98f,2026-09-14
b4a214fa776cfed01cfa874e087befa4,2026-09-14
09a3c649586ad8ce682464c4dd388f6c,2026-09-14
b6e1a83eefea471fd5daad894a32d7a4,2026-09-14
1ae950a3616acbdee64136a5eff98bfe,2026-09-14
4b73650542a514374361907c2f324152,2026-09-14
53810508cdafa19b938e5ec89510173d,2026-09-14
ea7d9b4ba788c397eed5b633cef8fe6f,2026-09-14
cd99ec18a0923a611d4b13ab7734c9db,2026-09-14
f83a45907811d61034c65a9e8cf9efa5,2026-09-14
368960a4296bb290ed688a9d56afa1ba,2026-09-14
7b8bb1d086ef679d404d5dd293a60dd6,2026-09-14
95ece936bf8c1a95b6b9b8fd48a70e37,2026-09-14
79b7152b9093cd3378edfc64d2075217,2026-09-14
c005a4c8a805659d0c8ca13f9480a7c1,2026-09-14
eda25037cbcf040195a3f2e5e563f55e,2026-09-14
ba33c9a0593f741e1b17d0bbfacd6ab3,2026-09-14
677154e1a060cd2cbd8fa3a6c475698d,2026-09-14
343114d264a6a267a1b1167d0e555413,2026-09-14
7bd92794094e2b2fc0bf077e620774ae,2026-09-14
fa044b7fffcec3c1b87c0303234c0df4,2026-09-14
3f250598a7fc70024e6611f9addc2198,2026-09-14
008926d1f74d725531b1d1f891f92835,2026-09-14
fb019fb870fef22507b3baa44c782e68,2026-09-14
d8a8049d5a8b35d29cbc1f37e62967ab,2026-09-14
2c761a46fcd66c89a967405dbf43f395,2026-09-14
117c3fdd086551f6b9bd6cad41855914,2026-09-14
465f34911a62b5b882d8350a21810b76,2026-09-14
d0b0ee2bd6608bcb994225353e98d885,2026-09-14
dfa97a096e893b59e9501dcdedb316b2,2026-09-14
69f1241efb3f7ad32512ed741eb360d7,2026-09-14
83227095b2a6274aa7cea4a81a16b65d,2026-09-14
a282b6316fe487b09c661b0b27e6ecd4,2026-09-14
9f27b617969263cbaa32ad9d06d0b1c6,2026-09-14
1c85b18429be299daa867e83229a2cb7,2026-09-14
2984b70a028aa5910290dc82bd918dd5,2026-09-14
50f40f61fa1851d95f18ac5165c4e051,2026-09-14
5217087d24e0e60a0708db965c9ce4c3,2026-09-14
4b9383fd50926de3546a22c381bd72ea,2026-09-14
fac2dcbc225c41858b6e8deadec39140,2026-09-14
ada90ba92b3a9865e3fea5de051d02e2,2026-09-14
71f37604ead083dbe5f75de948a1207d,2026-09-14
abae8a7b0b6a065d060fd4ed054293a3,2026-09-14
063a1b9b956b27bd3fdebe1070be5e92,2026-09-14
bcfebcd7f0196a285e3173c349380a66,2026-09-14
491eb002861f3977eddeb90565b07080,2026-09-14
89cb785c310ab7ffc27b4531b95f7ab2,2026-09-14
692ce6f8eff5af26edea9666f60b1ca7,2026-09-14
43aa8972e1c357d2126ea7312fcf1544,2026-09-14
f27e5054809db13b78206c8578b3a4f7,2026-09-14
e3b4f869da9116019d91b4bf235b3e32,2026-09-14
1b0e03f18f74cfe6ca5b7735d31a4eba,2026-09-14
aeca58c5f554dbb2d3342af9f628405f,2026-09-14
960581248cee7d475ef2b0a6cd2dbfab,2026-09-14
abc4933e1676edc226ec73ec27a29f41,2026-09-14
af9229effcb559aab9b29f379d75596a,2026-09-14
490c7a1ccb707b72eccc843ea212be3f,2026-09-14
f00f13dcdd5e2b18a3d4bb393f843bad,2026-09-14
8d12a7206ab822adba25dc9cfa0dc0a9,2026-09-14
1da023ebb4eee92ddbf0fbf1fbd88550,2026-09-14
ebe90107d797b039ec3e8ac36624bfe2,2026-09-14
03924063a061bcb87606b11dbe0f85d6,2026-09-14
bdfcbbc3fd9d4d40dcf4671ee3e2b90c,2026-09-14
58de527e1493d8c1b50e6942cae47046,2026-09-14
99d2492d13c0f9cafe2b662981c3babf,2026-09-14
58611ec2f1b125914bbe8d4bbad3b39a,2026-09-14
ed02878bea06bff3a4412de63e695612,2026-09-14
04087251afc2b5b0296127fdef8b2d88,2026-09-14
f435a4e0d2d639b9ad75afc95a580133,2026-09-14
87ddc1d389135536d7054ee7ce1a2611,2026-09-14
50cbf0e45fa9905a1406136157006bac,2026-09-14
3d0b36e5debe117393649830d76ac2b0,2026-09-14
f09cd2e5ffaf9d3e996c508e7965c4dc,2026-09-14
381d41adea3fad42dd340364c5fd8545,2026-09-14
5aef4eeffdbaed348be975a18a3f2ab4,2026-09-14
316da01287d6e9b56b16fee9b1fade3f,2026-09-14
4994190f4cc3f1b7e1aa5bb41508a89b,2026-09-14
8f269c9767fb50f078f874fd4d75f2ac,2026-09-14
b0c6ea084216f1e4fb6cae349c460e63,2026-09-14
448879f5f7ce856131704447b1c0626b,2026-09-14
47716e2f3f0d07913ad84fe32e6fe884,2026-09-14
e0e452b20f20121aa6736512f20bd5c0,2026-09-14
06c3c5551c3aa78dfacf06396e1db0eb,2026-09-14
c4be2b7b58220cd2795b7f88f8f7930b,2026-09-14
2c20b2627e51acbb62913f4d35b51a7c,2026-09-14
0cdbe3acf26ddfea1a30cea4f22ca9b0,2026-09-14
d591e40781153bb518cc166eeba07b84,2026-09-14
18fa204457133d7f059922796eedc666,2026-09-14
e6029b4dc2e5a8c017c61ebb57430b67,2026-09-14
1826f5913bc51895f483acbaea29cab8,2026-09-14
d2af0531dedf54a59136b0cdb5e2f264,2026-09-14
1134765be69d159c2d3c4c4871fcf12f,2026-09-14
8ae5a145da22bd5b0dd62d41d19f2ac8,2026-09-14
4709e688d561a2108ad0ac72745af31a,2026-09-14
ecd368aa79d5a2d7b89ec0b65549e5f9,2026-09-14
4ad91766c90e3fcd811ed16af66b56f3,2026-09-14
8cfea08af44514a24fb832350d9495bf,2026-09-14
cfc3d2042f67dc1045294336501fbd95,2026-09-14
96c35296e2b19a7639769d2c4c383e5d,2026-09-14
0abee91dcc34211953ff72280a5b4716,2026-09-14
8fb62db8346818d0a457c9af7e9d3cfd,2026-09-14
82b7efd5bc89df9f1b05dbeac0b43547,2026-09-14
497262d04c0c68c0a81857f745e54a13,2026-09-14
8497f995ed5ea42b23023823b8ceb35c,2026-09-14
2cfc9197150dcd2079cd04b1d385c2b0,2026-09-14
be5b8fe8bb80d596d9a5c71f45118bbb,2026-09-14
d145e0ec5e131e7ff482188ba05a0171,2026-09-14
b768bc3327a6cb92c72dd39d22c02d59,2026-09-14
6e89da6d040bc9c1ffbe7c16dd321b8d,2026-09-14
23dbfd58ceb10b7e977b78a17815ba82,2026-09-14
00f91c98c96398d7fb859a2f983c9c71,2026-09-14
3ad0642e87f069543186dfa1cc64ac4e,2026-09-14
490f034577b5220d7538266128af73e6,2026-09-14
9eb1b89a3328d5518ff6de2f18f0bd47,2026-09-14
fa332ee2dc08f677293719c8b9771a6c,2026-09-14
c25085986267b46102967d8d608cd7e5,2026-09-14
72068c49e966dc37532dd491cbbfb585,2026-09-14
692d9fb9248b86152c8b205ede7716aa,2026-09-14
9bce9b960c8a69e05a4e756cdfb116b8,2026-09-14
b6e55d4a5d845b9a1fda1d5475865220,2026-09-14
26aaa941dd69a48d4fbb90fd8b334f0b,2026-09-14
e275b7769a21fbc5385f476c54ce9517,2026-09-14
50e6e5360b70267876328bb9a79943e5,2026-09-14
7e6cbb2bdb28aa218073b64b66530623,2026-09-14
3afb11e11ec99b596bc64629feec1b1f,2026-09-14
e4c17904b91d17410fcf999423e5aeb2,2026-09-14
b0f9697acaba6ccc874841773811d7bf,2026-09-14
f5bb402003242d45d1c44b9d3170d6f2,2026-09-14
0c4178753f2bd3c3c0e0f5673a1db263,2026-09-14
5461350a2f47aacc93af69b45382d191,2026-09-14
d3c4c2dd86b0964aa08bf5811baa9207,2026-09-14
73eb8b2eadbdd9f385118cc2af4dbd2e,2026-09-14
52f71d8e7f9167a19bec67f2fdbd13e0,2026-09-14
d87f7c3ff766f63ddcae6969f2604c54,2026-09-14
406752264de9fbdb4c569856042ba5a0,2026-09-14
1a169bc3bd3455e4c9beaed11ed78e61,2026-09-14
b23110fd87b8c1996a61f4d821aa3ed3,2026-09-14
3555d86c2491b6af9e23287b08b4189b,2026-09-14
aed8f270d9094eec0532a5e03fcd0fb8,2026-09-14
77ac6985c378e172ba33dc8bfe346c12,2026-09-14
1f4f357c41df111bfb4230cf0b49505c,2026-09-14
e510582eb5bae6bb3a4fd7b663b21752,2026-09-14
d17c6e1024b1bd5351a8dab054d6d961,2026-09-14
6520da114cc4b3b45c18262379fab0e2,2026-09-14
4b0c3bb466743d902a5b61b0a82f67ba,2026-09-14
cad10900c9b4393d8d72931f548d946e,2026-09-14
a277dffb697dae9b1fae75d51503844c,2026-09-14
de3bea1e4baed17b7647cb07e5da9c03,2026-09-14
93b99931d185d9617d806841de741722,2026-09-14
18769e072c13d43ea182ccf552019832,2026-09-14
a381ed4d7df6a9d90dfb0933e9702fe6,2026-09-14
ed2be3bf1c6510150dca08b618a0d79f,2026-09-14
b243bb1eb381ffac88b15f6d150e66be,2026-09-14
a33ffbf628f1f65a2e2fc37777644e6c,2026-09-14
137765aee96b17fc0abb55ad2972f4a1,2026-09-14
f2dd3ae6b30ab4a97b0d455d10d7200a,2026-09-14
b1d3c9afadc3ae7db717b74139c41e9e,2026-09-14
b2abcf19961b22a42f280082f75eebd9,2026-09-14
3ee22bd15597b01552fe44429cf345c2,2026-09-14
15fef85dccf2ceb7bf0047f3681c5dba,2026-09-14
9f224074efb628af0c12595901e3d7c5,2026-09-14
4121fdee7a887df95786eee0b3ee88c3,2026-09-14
2804c0878c07aa126a4f6e39dcf3a39f,2026-09-14
ebce5e1cec8d5e2d78441b59ea1bba9d,2026-09-14
f47c587df20d3044b381b9f24897a857,2026-09-14
7de273d62f21fed4ee4ecb374a8ffe28,2026-09-14
fb1331e6863ff83120b26685019615be,2026-09-14
8213af48112609f7ea6390c778f110b4,2026-09-14
794a02571e8510851909fcaa17c88437,2026-09-14
927b64a2a02e36254f019ba19ebe1151,2026-09-14
9022d7696cfd07e6c5e47fed263183e9,2026-09-14
6d9336d4a05e7dbf675cc3fcd07b7617,2026-09-14
2c44626bc2f5deba5f0e60aa5c478dab,2026-09-14
6d20273617bba5d09520d9051b9fe919,2026-09-14
15f2a3eef61a76596b3eebe92a553839,2026-09-14
0fd655566659f96a713459c002c9f965,2026-09-14
acd4e17ed1c6b3402b0032d4b6f2cef5,2026-09-14
803e80ca24c70eea44e3b19f0cf36c35,2026-09-14
001a14106663f801ae183c26a2fced01,2026-09-14
d5914b917f0f075cf5dce5b81e1c6ad2,2026-09-14
b37de0ef96e16a87236825f5ef5eb644,2026-09-14
94fe35a79bec31dc58522b4f05394897,2026-09-14
277faeb110aef7ca6e83efaffe719cff,2026-09-14
c40218f2701e2fa75c215f978f20ffe6,2026-09-14
4033411acaf024bb7ebafb2411339f75,2026-09-14
68845735e74406c7ecda3601cf1b5782,2026-09-14
c739b82b575a3735ee1617113ce211a2,2026-09-14
24431da3954e36a0b6610b9c086df688,2026-09-14
24800861cb3bde9622dade2df9059397,2026-09-14
004c7705de33514fb5c36d20cecfdd1a,2026-09-14
41f1f71abe04b238d8dd8ec661b0126e,2026-09-14
bdbb2f66f595983eac96a7c2bca74d4b,2026-09-14
48d202506bafe787054df8519fa604ba,2026-09-14
3cd35a3e6531e119b930c342e00f3938,2026-09-14
a805ee8e3c4f653b2d9c4d1a9c8ed59e,2026-09-14
ce7a214d22dbb2bb65351fbdd00349fa,2026-09-14
04e9091074109b6b7fadd8afe9cc0c2a,2026-09-14
ba1c17673d97b7e14333e5ebbf175ad6,2026-09-14
24d3f2f84bda4fafe801bf2f0a168c0a,2026-09-14
572246cf5634ce492467ff4a27eddb2e,2026-09-14
48978686dea46c310948cc0414922e57,2026-09-14
4146da826df7f8fe98e5a8bf634ee7ee,2026-09-14
386b14632dd81355503499d43ce5d731,2026-09-14
5586c228db9394eadcf02d62b5c13c56,2026-09-14
e33b600bbde7549d4670c67961db641d,2026-09-14
71f5b592f8daa65d94475b6dea0f9c2e,2026-09-14
337c611090f73b7f1bde8e84911d60ec,2026-09-14
c32abf754c72736622c80e44b3bc4c80,2026-09-14
3568544a8f83f30759fe314470115cf6,2026-09-14
90896eb5f42c45a5d4dc97b8152d005c,2026-09-14
e418cd0399ecbec891196527f8646731,2026-09-14
1a904dafda1d81285a3429c264356549,2026-09-14
4b295f5655bedc881055afbd4b6ef1f1,2026-09-14
f48749effcfa25bd67a8ac651fd48cdb,2026-09-14
6dbec0c62437d798ba0886e3dac55f47,2026-09-14
536422dc053a6fcaf3a0f576188203ee,2026-09-14
76af3a886066d229c516a9f1e57786ad,2026-09-14
ab8bbf2903ff3c145018dc62683a6d03,2026-09-14
838279b61c8b740ea7213af81ce320ba,2026-09-14
ea66721c60d5055b39af540e842baded,2026-09-14
f9ea332a320ebbc3026c26654e6f2f8c,2026-09-14
f2c943b2729f834d898b38dce2f20eed,2026-09-14
309245d12eb53f8061e684d35106dcf1,2026-09-14
b09f70bf4e1c6120c82ee20d49bf72f3,2026-09-14
dd84308d33f6f0ad461421fadacc02ac,2026-09-14
8a127b7d85f138728e4d40a87b1df087,2026-09-14
f6768ca79688811e97c7befd2ae3de8a,2026-09-14
6ba5cb936821d83be6eb0a021de55a42,2026-09-14
4f5fc74e6d3dc89fe54988374e9ff208,2026-09-14
7c28e32f65d59e3fdddd8c63a5e419da,2026-09-14
dfec2d99ae28fca8ac8af235ea1e3361,2026-09-14
65cb23380f8946e6426e6d64b96be21d,2026-09-14
3a5df94f218f31d8290eed93947d6b38,2026-09-14
2467d6144b069d96dabecaf31c55bfc2,2026-09-14
7279ee1b6f1e098e9709c009db0e39bc,2026-09-14
9da7d9dc2038f00e3b1b1751d94c9b0f,2026-09-14
54ac57aadd2638053cdc4dbb8871395a,2026-09-14
3bed3985bb3d89cf6ad59d68c15c0198,2026-09-14
cccbb1a1c8015cc1684d960be77646c6,2026-09-14
16d942f7541bdc00f333ae823b139732,2026-09-14
b839fa4d0c000cea93ca103683e19545,2026-09-14
a274e6f7f8f21efa63af464b58e1c89c,2026-09-14
43eb8b18dd50b223698fd108fbf3fc80,2026-09-14
edf050e19be30be0c232ac4e8b4c72e9,2026-09-14
b84a6388da4a0d17f75399994f7ac005,2026-09-14
82e7e1656e34ceb784425604e897191d,2026-09-14
69d9370389a598048d8507ed8c6c481b,2026-09-14
7843f2ee25b5ce1251c24878804ce623,2026-09-14
2cb3e7f91ae38a58523fe6e068564f46,2026-09-14
d36fffdb5043ca25e2c6b91d380f393d,2026-09-14
9797a7d399e1d6be267523d58ef85c1b,2026-09-14
1b453ce5c702582659dd4e583b1b2843,2026-09-14
bc94d264d0df3cb8cddb1035d25942d0,2026-09-14
47ed83da0a1d568bf87a17ff529b1edf,2026-09-14
803aec3fbb1ab6e0e9832b9fa63b51f5,2026-09-14
1bb66871e0f3d54a484f8748991fcd20,2026-09-14
f597e8f54450fdb64633400fe39a58da,2026-09-14
8330e6898fb50d58d08de36bf5b147b5,2026-09-14
ea8aa2e876eec4121018ec05127df529,2026-09-14
62cde890342cb9db474242a6782fce9b,2026-09-14
5ac68c981f47b42757b225cf6f19d89c,2026-09-14
4d25913c71e39149b76f5280333c1eb0,2026-09-14
5967ff7e7aabab5b614b976254932e9a,2026-09-14
8a4ae8250e4bc4c06e5be05cd2a81025,2026-09-14
d9d7fcccd4937bdf28620ebbe3c453e4,2026-09-14
2fa86775888f20fd0629c26a6e2e0ed2,2026-09-14
3f5a1b0d4aab61da5beab9bf9dd25c9d,2026-09-14
7e168d83ee5144b40209ac059d474ac0,2026-09-14
cdf46814edc9c5bfcfadcbc09c787a99,2026-09-14
d34be4365e5c2ffac1ac2730c018f035,2026-09-14
8b73caaba859f8d87190cf9543b10286,2026-09-14
f4e18cfea2969ca4623085fd23a94b7f,2026-09-14
06773d920342c6df6564c11c64e33c8c,2026-09-14
b142b3d5ba5a4f3b0b54cc93b303347e,2026-09-14
f0623c5526ae284ae6a5ac00a4e68852,2026-09-14
23fcadbdda87129015e89a4595d39c04,2026-09-14
57ac36f1948b0438756b251aaa6155d7,2026-09-14
126c1857cd180a292beeacdbb0f1af8f,2026-09-14
1763ff4e4097a76dcd2e1ddfe9357e58,2026-09-14
f6de882cfd64e153ffbcedd7d71c00dc,2026-09-14
247f9fa4a691e9d712f944444b10ab42,2026-09-14
1f1760cc4b9854178983ef14586620f0,2026-09-14
24a56ebf4ea2c079710f9dcd4d7ae81a,2026-09-14
92f6c8350735c893a392b7443fb532cc,2026-09-14
1432768ff3fbc4aa4fa9672aad060f95,2026-09-14
792e84a80b3a3f834e85d2c3968fc64b,2026-09-14
5e1feb6256772de9b7a05483b30034bc,2026-09-14
ce4fa930f20026948824d7ea0e71a6ca,2026-09-14
f7d9455f690acbb18cc83e303e22bbf0,2026-09-14
be31fe415231f762f8c347e8602d8663,2026-09-14
4c9d9b7672d564cb434a162e59e10847,2026-09-14
1fbf043950122c58bcfd2abc43f089d8,2026-09-14
2c2cae78f4cb82c4615d54b7a68ce5f9,2026-09-14
22c229625c14bc9d0251078121ca895b,2026-09-14
805c72fad367b0b9ca3e24ccfe897b8c,2026-09-14
f310a3c91a63681afd29664994a93566,2026-09-14
fc22a0db1302df486607df77c6987418,2026-09-14
075208959f29e985dc29cb178de34f1f,2026-09-14
c3a6c0b036880ce3ef4e6c9c61a5dcea,2026-09-14
7b8826b0e7c12fb603358fece6196847,2026-09-14
fb527bb060ba6973134fe117eecef7e5,2026-09-14
f252172abceaa4fcc3ab40d68d97701a,2026-09-14
6f6f0bbc35c10397fd43adc3a1d66bc9,2026-09-14
fd30a881fc7e68eed0c0147e7358e5fb,2026-09-14
6cce5276d2c48b42e128f3b5e5de200f,2026-09-14
a260c436a1f2cd066f0ec4d65b53a602,2026-09-14
5d28b336a60abe5b2c64b3731a81c17f,2026-09-14
5c438123d10c34e1baf2408e0af3ebfc,2026-09-14
72e2de5ec273b1ba5a7949b6946a4656,2026-09-14
1cd196135ff2a4748854c29ec0377250,2026-09-14
21f67024ac0475113305609b4a0a03ec,2026-09-14
28377efa5b33ab6348a5e497f93e81d1,2026-09-14
6d822dacbd11f492ae13ed748f28f78d,2026-09-14
72db5a0fe62f58e8bebe5c1b9727c375,2026-09-14
7fd5c40d7728d6bbf286a03bcd32fa2b,2026-09-14
5f5e6a2742a9abddc4a17d004fc83113,2026-09-14
c9f1fa8102701bb4a9235fef7bcc81be,2026-09-14
7cc5aa62c90108200a5d8578661f292b,2026-09-14
a00a71dfdcddf5b06296709d9cb6f158,2026-09-14
8704dd6dad4a75ca3bfb68e8a173882c,2026-09-14
bf1753934c199aeb8edf911f5d38cc16,2026-09-14
948822f8936bd891996d409b12cf904d,2026-09-14
4fc433609bc9b063eaac8f3e3f3b164a,2026-09-14
bb271fb4f56d71b5a65858a546d54eac,2026-09-14
8bf6550e70dedaba20145bd0aa73eaaf,2026-09-14
67fd4596465406d71d2c90f413636e91,2026-09-14
388e701fa51c1b23b6ab9f7290a2b5f0,2026-09-14
b204edaf590238de27b5583419da0f93,2026-09-14
b5b7f0d4be502ad54308cc8de836c688,2026-09-14
c79b7f7933991cf3863f4512f4a34eab,2026-09-14
103b61235b3a5c1f1f76d827689ddc99,2026-09-14
015bf12b0bc75722cd2de459d23b6da3,2026-09-14
e354b62dddf565c0f0f83693de5eacb9,2026-09-14
0ee813f05e3be71dc80dca6f46df82a0,2026-09-14
7117a4d203be994d9a3829eb1fd41f94,2026-09-14
143e995768a5f1488297f80ad3486de5,2026-09-14
152e26a694782d4eebbc253eeacac506,2026-09-14
42342d094433f229e78eee4e461750b0,2026-09-14
62ef685b01edbdd0aafafd5f7d3646d7,2026-09-14
8b2526a138ce468302118a6a263f9dd0,2026-09-14
17190769d1fbc381d615f098dba195c1,2026-09-14
57ae269ee8429cf644cee19369772c28,2026-09-14
a029857ca70ea24b0a42197fd0748f69,2026-09-14
a4373f3a4d76fb95b6f9f2686f49fd72,2026-09-14
8e18206b37fd28b8fa65371433e1d748,2026-09-14
23df10757200a6197fe0bb0f53e4f677,2026-09-14
4c8abb4e980bc9fe8463954009dcf178,2026-09-14
96b5b0c313bfa50249f682e9a4871d44,2026-09-14
d55c0b1d858bfd94be440c2b1c40ddb2,2026-09-14
15b1d7e1224021e368e60fea7fff4e32,2026-09-14
fce804f4a2e396a9fbfc6e8b277708ad,2026-09-14
13fd17c7f35e1d2ba11499ab8f342dca,2026-09-14
a1792280b7bca4d1c8fffac5a8ce21fc,2026-09-14
9cb7063795ecc56e14d3c408017b3003,2026-09-14
9b6f22f889ec63812c133b8d00dddbcd,2026-09-14
8befaa022775a8d534a2a841c0dae353,2026-09-14
c5e1d801a8bd705f730b2d41995f923e,2026-09-14
189cc76799273ecfe2989ac7d0488f12,2026-09-14
9993ed02f273e70c55ca522fa92b94b8,2026-09-14
f9cf08f62ddc8b0fa2c4cb2b3dd25566,2026-09-14
b70620d30daa9b5df1ddbcdb9e93e8f6,2026-09-14
dff095431cd16f804f2fc3b9a09d0990,2026-09-14
2a2528ff0e1c721ee268a847871e34c2,2026-09-14
3178513466cc0bb7fbd97a31c300e6d6,2026-09-14
29c9d2c1740b9ba2782ef670cb937290,2026-09-14
de803e22f07fab917ebda5a6b3079e1e,2026-09-14
36028fb3b231a2b9485707d4c4186959,2026-09-14
e55c00a60a8a62e6be3ed31b18f8a01e,2026-09-14
52b269fc0b5442bc629fb4d62c3f4e11,2026-09-14
78e1d352a54768da72ede4d2282fd031,2026-09-14
c2d152b9b2f2d75272461a7dc1de7928,2026-09-14
d6bdfbfd3e27c75a7ae93e6f9d64a3ce,2026-09-14
47e1897e0ae094ec4b5a7202679202e9,2026-09-14
bcf1c81a8467bbe8b6f1a36f25912c49,2026-09-14
696ecd878d24d33b0a156b40ff6a2dd3,2026-09-14
1098961d5b7362592e72601a7b904a4a,2026-09-14
6ca1e119bddcc13d262873220e2e88ba,2026-09-14
27ba33573914a099ae1e26b177dd517f,2026-09-14
1a87927d6d0977a12ce6a5d34c45adf3,2026-09-14
4accd077028bcf41590c4e1980c5df92,2026-09-14
a476560c7ba70733c6439cd244f37c0d,2026-09-14
f416ee756d6d087b6ffa4f73e29f1180,2026-09-14
82c16cd27e9678dcdc5f7a9209211b81,2026-09-14
ba09fd8f62af3c8428bbe3bbe5438c29,2026-09-14
af4898c3f1d2f95a5a1b2340bff4cd56,2026-09-14
6c640d4f49c8ddbcb8fa0a4a535b80c1,2026-09-14
f0d0c693e2f0851ab714618e28a86d78,2026-09-14
2584c548f16708aa5436f100cdad8295,2026-09-14
20ef870bdc0e08e4de3514e3b4762fc9,2026-09-14
9cb6609b3ea28bc1ce6fcb8a5295807a,2026-09-14
ace223519e4097771552e6b5c4522c47,2026-09-14
7a6eb501d00ef0a2998f6ec3de78e8a4,2026-09-14
a46396acff905f5994f0b029eeeee9ff,2026-09-14
76c445f820f2b603ce3e5f98d847e3b3,2026-09-14
032eac95986c32735b6114d8448ba588,2026-09-14
9e2940f7d3dd08e0d31eceb0fe185900,2026-09-14
cccef47413f5085847f6714612cbfb87,2026-09-14
3b6ff6b446c748fc6e5571f652299553,2026-09-14
19e5212b26fdafad19e1d8630e6aff90,2026-09-14
1366fd4f68c03325c4a53c9fc52d0884,2026-09-14
2633c10388b3236050de74c581f6037c,2026-09-14
fd35436aadc9dd173f5c8c8c5853a930,2026-09-14
e12aca56208fa95f29686e193b943c41,2026-09-14
b9746f4dcba9f607f10fec040cd6d4bb,2026-09-14
fad9170ca7b6734ad10cb30b82dd058d,2026-09-14
960f772d759b0627669ee3d485dde486,2026-09-14
b2e7045b6a6885ef65e9c007a0952b57,2026-09-14
22eef5a48a2c9091dddc47e811278bbe,2026-09-15
377ec230a2659dcad125354c225a34a4,2026-09-15
7ba65ed9044e4a48f833fa4cbc0583a8,2026-09-15
f15b1f04b2c0825b5c7b568e69ba4c7e,2026-09-15
70d21a9286410254e15b50df8e0b3daf,2026-09-15
c79e2d079dcecaf838313994f7a46b7d,2026-09-17
8d3f6d2549af63a305b22d505482b8f6,2026-09-17
5a17385ad150bca76c00f950a8a94e75,2026-09-17
2af797c0b19e020426c88634fe9c8ff8,2026-09-17
d7345e4c28e2fa0d106e74f00b7dcf8e,2026-09-17
11359f179f9010fdf7b492cb36d7fd28,2026-09-17
442c6859588c8d2c5c9a3c2657a80f46,2026-09-17
bd09dbfd0f6a8acc062ea4ea18447bc8,2026-09-17
5625b85521182139e5169a905373e651,2026-09-17
57466646ca0616750eda57c43540308a,2026-09-17
44e4bcbcfbc1daa4f7be6f5be92fef15,2026-09-17
0530d4c3d06b07f7243674fd707164f3,2026-09-17
2532132b4a330cb0d70e155127af0ecb,2026-09-17
e5d23a2896a8c666230d56ff9a455232,2026-09-17
708bb98082a0c9827680c14873851442,2026-09-17
32614de7e2bef0be5ad12438a632694d,2026-09-17
f2c38379f76a247b218b0382399d3295,2026-09-17
2c24e20003cbbad57c0b25de8852bed9,2026-09-17
c05591ac90bd3014e679b25e8ea2ba60,2026-09-17
e614d6394abd04c9c97ded9c17bde48a,2026-09-17
a25225d5ee9013f21515ed11fbd696b8,2026-09-17
0f218bf9ecc8a3c2f0f771ebf3f3fa0d,2026-09-17
9aa03e4a9219fe3366b4315d6c5e31b8,2026-09-17
0a494e638c055153d65448309c65f0ae,2026-09-17
84753546d49e293cec73c5e4c75112e9,2026-09-17
0e0f904d8920ba6632da44a95180152a,2026-09-17
f30a103eb843cb6e1b50d5feefc1dc93,2026-09-17
a888154af6c98b604e0f473985a52ad7,2026-09-17
105ff7836702f6424f44bc21be084972,2026-09-17
fd5f2ad1ae22836215439fe41390b2db,2026-09-17
060d30c24e285587c740ea00125a5ef6,2026-09-17
4791c942d6b99182e79a1027d37ad179,2026-09-17
47db325cf150648516f0b602fdc7f185,2026-09-17
2528872e21a7259987f72f8f4a3fbd21,2026-09-17
82e7e35ecf900b8edddcfc3113866a62,2026-09-17
9e4d63cfc9ceabe9edf68210894d9d39,2026-09-17
90803b6da8fe5968a66c4abf8b504804,2026-09-17
409390bc7ff6244dd6060ce45ff5c263,2026-09-17
88b2af1539c5fa6cab8d19ff283cadfa,2026-09-17
a3e7c047bdfd360c1ff9863c52990a79,2026-09-17
f97abb26bbb3cd20bf14ca5dca137448,2026-09-17
29c9c89300041a2baa9648b73ddd5539,2026-09-17
ad1675f1e0e9481fcfe43d63de60975e,2026-09-17
79d82924da13acc03e6a6e939871349d,2026-09-17
0e443d927cd4c09ec7b0df25752a6469,2026-09-17
284e10343f43daef77a04a72c0824000,2026-09-17
f6ba265f43b2dba935ed74193fa07bdc,2026-09-17
296278896c54fd5526459f442fe09fb5,2026-09-17
fcd621a75fa08d0ae393e353c21ca2dd,2026-09-17
efc9c6e7c9c4ffdc7b0f33d9f77679b0,2026-09-17
442aca3d118355a7c5caaf703c8ff5e7,2026-09-17
c91a3313f0298f57b2efe07899535fdb,2026-09-17
ea0276c56b9434f5944c486d0eb47481,2026-09-17
988ebb019e4ced83fd2d78b4c403e939,2026-09-17
3dc88de8df9b52962a5ac99e2489bf30,2026-09-17
efe3606337d7ea9f0a53867fd4a02913,2026-09-17
954d5a99d087f981baad1aad82ccbe8e,2026-09-17
4c4272461308437e5b5a720919ae5f5f,2026-09-17
d29607f51ce9f75ba7cdc8443ff4c441,2026-09-17
f824bc8c5134170e7296b80d7ecdf46e,2026-09-17
134d2d558cfeb0bfe0d1cc12cd70e389,2026-09-17
02cc0a74082ce63522ec178756922848,2026-09-17
daf72e7c0de7c3bd0fb3fc084601fbb4,2026-09-17
cd848d0fc16ce76f30a4a5687a8f6e04,2026-09-17
54144ed4be630635c4c1b9614da86b97,2026-09-17
6859a72575cdc7adc578705603df9a07,2026-09-17
6cd2947a58da40adbcc21c87cf740170,2026-09-17
ebb85c00f342c7afb95226776999b01a,2026-09-17
9af21b236e317162a9360c4d3bea5a60,2026-09-17
3ef19aaddfd52385b5c8f4e8c1383134,2026-09-17
e2eef2ddd058493134af57a1cae239b3,2026-09-17
939f2ba161813887a1d9536670b8cbb1,2026-09-17
21d802f8abd3e1ec84c1d1d2244df682,2026-09-17
54e862155ddd3190871783a8be3fd80d,2026-09-17
5eaf9e2a13209c21c119b58ebf0f145f,2026-09-17
f1f2634a3e8252a87a932156e8e4c138,2026-09-17
8373e89197bb12605444a34baf0240d6,2026-09-17
b10a1b7ae410d748d498bb021fee6d7e,2026-09-17
4f017d320f4d75a2f7ee9d881a3e4275,2026-09-17
a565f6096d9630156644f94beaca867a,2026-09-17
f270b9986a539535c1a9bc953ab9344a,2026-09-17
9fa2c438f81eecc9e5c58a1543bf72f0,2026-09-17
2af72857b8220dae672fe6c1d3d2ab89,2026-09-17
b4e38571acf2d621310d87e70b84bc14,2026-09-17
dabe57975cdf3cd75016c861e6d93fa8,2026-09-17
b52d5ba666a4f6ceca797bd8d0b53b96,2026-09-17
a0eaf4b0d315ebeb7a564fde599de1f6,2026-09-17
1ce4bda59d0b60b9e3638c4e25ff2739,2026-09-17
4b233cefcfe893362ccb29d23a3bce9c,2026-09-17
3f5057edb8641e7b900dbd65b6329c5a,2026-09-17
766e7464667fe70157b2570e01ba2569,2026-09-17
b6798065efa8e1964aefe5162e084ed7,2026-09-17
ff81ddde3b79a0517f75119f28f5dac2,2026-09-17
1d94aac5006c0142d82cdc34fe892d9b,2026-09-17
e4c7bd8a6c08fc88127393be11aad135,2026-09-17
2aaf05dccc8f7d242e282b7d0b4999df,2026-09-17
b93ddedffe05f9bf5c6b1f94529fd38a,2026-09-17
ebee941487648d44b1262174f6246002,2026-09-17
1298bcaceaaa009e2dcd21c80201b2c3,2026-09-17
e2eb8ea27ba2c5bb16f64f0ef54b8b5d,2026-09-17
9c1dc36bc5432843377af882d8e8daee,2026-09-17
9803dc46e425342dc8d8afa4d7b55c49,2026-09-17
1cca047e7cc70f3a09d2113074f791c7,2026-09-17
2a02e3a4a8c76c1fa45a6b37b62ba1ce,2026-09-17
e5f066685e55c0e2f4efcbc4190bb63c,2026-09-17
cca8cb4f942bf9f6eab6310094321051,2026-09-17
ae6f12e2b176957b28e0fb27c0c9c006,2026-09-17
1ae216a4cad3c8e71575ab611a76f348,2026-09-17
016d8f8fec5a1d30745053b93df91979,2026-09-17
68bf5a96bd3d521810f9a05fbef7c986,2026-09-17
812f51b2bd8db6e4f7cca28b2bedfefa,2026-09-17
fd1ce4dc53ffd5d8efd1fd5a41e0ea1e,2026-09-17
4e028e01c2cc4f7fae613805fd0a30a6,2026-09-17
82578964fd18eec3c0eea304c22e20c6,2026-09-17
e9eacd2327b1c34c2cef9a0178aebfa9,2026-09-17
91aff748b94ab7ee6eee7fb435476b03,2026-09-17
ee7b04be1ea95a089adaf49c58b76b05,2026-09-17
d3cc37f2472a9f26d7d7444ac4c6cce3,2026-09-17
3e4e731ce7137d2fa29b4ba25621dcc7,2026-09-17
41eafd6fd1857ee0871d04bd656c9573,2026-09-17
e87b6308326839840cce0e7ac90627d0,2026-09-17
cbe34a334cc7d7aceb3901a83e88ef33,2026-09-17
501804a7310d45d0d48131e71e78c7cf,2026-09-17
c06a367ad6d06bf6c5b24d1ef5a6ea85,2026-09-17
d9e732b6017e0e7590719c4359badbf7,2026-09-17
396c81ad8fcf7f71affec74b33532a9a,2026-09-17
6f4ec4968ace8cceaa6bb520b21b3a0c,2026-09-17
9712b4578a6bafb97af874e4df067ad4,2026-09-17
ea8ce379ef78be6946ebe0b7f8b56a7f,2026-09-17
7408454ee8205e1599be0d45f50eff31,2026-09-17
741e37a7c7ed395b857bda24a9e6509e,2026-09-17
869c5247b14ab4af59311849a32d6230,2026-09-17
5a41531c513e55660d0bdf4ec3704332,2026-09-17
c3116a4020c5ffd5280f684a17dffe70,2026-09-17
7758dd3e82463be96c7cc00196dc97c3,2026-09-17
c7fd42e5aa7243114e18251a08146645,2026-09-17
b96f6e893871693c09ab494b83b55d61,2026-09-17
77bebf464a078b0fa18145f8e3eed1b0,2026-09-17
605a9477b8cac9f0bb0c8ae56cf6685f,2026-09-17
e3af799b976c4cc4a6e27eede82afff2,2026-09-17
6252bc28fa4a1f8165846e285bdec7dd,2026-09-17
3da551f402bc461b8101f9e41ee3ee9a,2026-09-17
3e905a0c328edca8ae0a01675f01a0e3,2026-09-17
be5ec664104fd1a6ec0164c2b4d0fc95,2026-09-17
70c693df16efd9a7451b4947eab39fc8,2026-09-17
0186c91fd08160d1a0d1b5849770fb77,2026-09-17
f7212d582886de47e996c8671ee5ede5,2026-09-17
748b72f5c35ea655bfc1e7b74427fc5e,2026-09-17
996a599907bc7000109e80a3ad80443f,2026-09-17
aaf964eef7530e08bbabe2d513dbb469,2026-09-17
a610b25550565cc8e28d31ca00231621,2026-09-17
1d573236dbf5aa0281db5184ec258657,2026-09-17
dd012bb639bd256dfb4a365dc1aee3e0,2026-09-17
9053c03d92498a321b982a51213c0706,2026-09-17
b7c67618f2c5f10db71c29ae04d7f1bc,2026-09-17
8dbb2173fcfbdeda3be34439c90d0a5b,2026-09-17
87346fefcca50689ab7610949e7373ab,2026-09-17
e469603ec11abed4fdf7ba88819af9d3,2026-09-17
634317d6c3bb1a82bc8831f104a0a795,2026-09-17
5ac88b5667e0dd36b78992d40a7fa11f,2026-09-17
348a19fe9d67d2bb6b0c6662e94d5cd4,2026-09-17
6c0ddc9af930e7bf7d67a91267d7322c,2026-09-17
ed956585e08dc69e99732c9db2c74cb7,2026-09-17
cbd300da41b93432ec5f58ad27d4380a,2026-09-17
023cb860be27a9cf0b4457086d0d8faf,2026-09-17
0eb17d259e08f0f116f053dfc711aaa2,2026-09-17
16ef14ca4a371f1564878de41789b350,2026-09-17
d31133e013d23c2c03619c3e40335940,2026-09-17
da562a07e84eec9c1619146b1e411239,2026-09-17
8aff1e3b30b80c29d27baeb315723b40,2026-09-17
9f2b18fccdf2dd8ca522a9346c0a13ed,2026-09-17
bc65fcbeda3c3fd1cfac908ce47a42f9,2026-09-17
e4a4e83121070085c55bb6c097f3a730,2026-09-17
ea74fc21e567bfc60acf226e4f328af6,2026-09-17
ae38b24ddb47896efcf1a8dee9abf1d3,2026-09-17
06140adff6c4c8e2651f6e5a5170ecec,2026-09-17
de3763f83c3491162bc5a614a95df6f3,2026-09-17
abf38dd68eda36db2c58cdc41c53a44d,2026-09-17
1aded14fd2e1cab0f7c23bdc88036f60,2026-09-17
0846bdd2973fd180809c1fb54b69ad59,2026-09-17
d83a2e2530e6d51b05c23237c806b200,2026-09-17
9c523a4a65518c4eb2ea8e90f5c66f39,2026-09-17
60269a864cb30c409c4f7ff58ad692af,2026-09-17
50124a91c3e46a79eb178f116d981c3f,2026-09-17
cc3db4db01ec3d5883d6a0fa5b59d700,2026-09-17
9c006640b85a6a8a51730c0d1d934801,2026-09-17
41f5851e889c31dc92811e47c106c4b1,2026-09-17
3e93e05f09f70c10e4a9da7246b98639,2026-09-17
7a3dd744de6e805960ef791720f62979,2026-09-17
38c5b57744a15e5d33bab2afa8277a85,2026-09-17
a8df7156eab3e16e6608ed3fabd6c809,2026-09-17
d8d4e86f7319fede8f94e072937ed5b4,2026-09-17
41dfa72ec02bb1338f579073a027d4e0,2026-09-17
e28a6dd5af7b31974679de78d18e689e,2026-09-17
fd640fdd90f48235791bb68829584417,2026-09-17
5c7a6e2a43a24b3568d5c6031f8ebdbd,2026-09-17
4b0dc3cc8a7a12dd5ffc7ee3a349686d,2026-09-17
501f80bed0c1c11a99e41c40fedeb710,2026-09-17
b63656ff126028179cf77603fa22f466,2026-09-17
0aeb5147a6a67f2d06574a16c9944e2a,2026-09-17
f295d1da57ab5e99fa91da0ed95438ab,2026-09-17
d0bf134fb3b5d913a46a07bb61bd1eb0,2026-09-17
48171ca42f3cf4699ac1e7796f1cb82f,2026-09-17
e980799898c7e59c72b8adfc049b4c4b,2026-09-17
505e18588cc177228047a2aaffb82a73,2026-09-17
87becabf914935efa694c896ab6a70a1,2026-09-17
49749430f97fa0ca824783a8e62a1965,2026-09-17
2887044cba5d5e169c6a876ea863c890,2026-09-17
09aff2abec774e572b7f0ed01b6ee0e9,2026-09-17
a930882a62cad51f4fd0fa36d997bc81,2026-09-17
5c36c1ebb3c8a472961629fbe59e0088,2026-09-17
9aeb60dee6ff6cc2a2bca9a90a691574,2026-09-17
383b7a894628823473d382f8486694f3,2026-09-17
24003d71be22b904580ab281b13d59ac,2026-09-17
5ea01002207dc8a11f1b7b28019d831b,2026-09-17
fe223984b187442cc3f7eb0bb3fa065e,2026-09-17
70303d4055f71245787dfb09654ff50e,2026-09-17
81f7df2c45521bbd5b1ae64b8d39b93a,2026-09-17
a7c9d2aa5de22e5eaa2f95d7ef5e68c9,2026-09-17
fb424e0db2da2da3dfee52ffae370316,2026-09-17
d2946e77bbd21bfb4eab675e6c698c19,2026-09-17
59c5830b838c14044f455e11ee8f2d1b,2026-09-17
f1e12a5c4ad49a28ef04a6819922357f,2026-09-17
96b98ac5bd2d622db74504fcbda8d622,2026-09-17
478870e58313b15d5faa30df2e3b1cfa,2026-09-17
d6a16e496279adf0997d6dafbc356080,2026-09-17
cbb5b56c6e3445bfadcaa8d7fe3f6e27,2026-09-17
b4072a02d84965e8d219d0c37d6d2195,2026-09-17
3b7fae4d0c0f78bf7200c9a6b9f6feeb,2026-09-17
c0fe93eac1d1edd4384e69c1a46b24c4,2026-09-17
cebb80c9a9ddbce96d50e4cd1c6c79a1,2026-09-17
856dd1264e8e265fc563e59fa4cf660c,2026-09-17
d74da81d1e0fa342c8c0c6a649ab1ed5,2026-09-17
19d60164c0e89812ddce12c3ae6b78b0,2026-09-17
976d89c9a2461c778f8e3c8265f03eda,2026-09-17
516c9dcdd0a6c160768ed608281b6f17,2026-09-17
a72a749bae7133a29286fa62e3899c07,2026-09-17
9f8ad3d64bc70f4d28ba6182e8fe2501,2026-09-17
c6a136a7cfe6522b2e8342cfa41c8e1f,2026-09-17
75713e75f8e20edcb0bad8c4645e47b0,2026-09-17
555a30f132a50b2455b75fed7b2498b7,2026-09-17
48b24742d561b5be8a46568fd9bb38cb,2026-09-17
bd2a44e61f3f5b525e8a44caba0bd227,2026-09-17
dd0d6f55470e7f34068889345503d7e5,2026-09-17
5ccc40cd777662ef0a2c4377d44b5c97,2026-09-17
2bfda79f117d6a69e4ac2f09942ec7a6,2026-09-17
3db6ea22ba98148ef5827adb315f4c25,2026-09-17
2271a4ab6e7184bf5dbd2860853f54fb,2026-09-17
1763d8fdfc483cc64683f9dcc07ae5b2,2026-09-17
2ba91a1c2aa7b84d64d4ddfa6e457a19,2026-09-17
56dce18de9567ddefcbe40eb56ab4408,2026-09-17
18ce37e9238e3dd917d94ca2fc3f4580,2026-09-17
c47654736417ef0aa2e31ee8144ae128,2026-09-17
0c7e49893761156e87ffcee75fad3dfd,2026-09-17
196bb557ed270689b5967584ed6898a6,2026-09-17
375d7a1e9d30711decbc51153f56a0ae,2026-09-17
9f19cbc90d5987d9d6cd950e9be90915,2026-09-17
b09bd71d77a3e9347a8dd1b96798da74,2026-09-17
5ac87d4b3d0429c7fe619c3054980e2b,2026-09-17
1a0f2be85371b9f46a527078748c8b91,2026-09-17
ae1953e0ec8c29eca0e285995069b1c6,2026-09-17
e793f02eab6aa95104d0bf7f9a9aa9bd,2026-09-17
f5eecda0f2d48a9ec20cfe1612e41b6b,2026-09-17
da90f52656ef60cf77de53b8312c5a67,2026-09-17
1290888d142da8c4189655371e3d1029,2026-09-17
fae5ce9301e706ad06773e7885a8148f,2026-09-17
ba2379e912c8c15ed35d466ea0b7d88a,2026-09-17
8a3ecd81940ed81d5d5b4c24d712a0c2,2026-09-17
c08ef6b6a61eed97c79c913db4940703,2026-09-17
6265c8e6c164e25293a2800f834d0b70,2026-09-17
09c48320955f76c802d81ebc7745068e,2026-09-17
5b39225714a9b5d7cb135f46c5226887,2026-09-17
d55d18af70ca72e7234d2c5caf0fa704,2026-09-17
aa53352a005f67103d2d45d6dfad9522,2026-09-17
592137c8ef14ea21ed093adeddb3e6a8,2026-09-17
1151770383e29fd21947026c5ea35b41,2026-09-17
255f8c9baeae5c0568a21e84d588141c,2026-09-17
a98cab36d721407a4fb3dcb128273fe0,2026-09-17
08826a0f940720cdb9b910145232498d,2026-09-17
8de13482f58162db293670e3955e817b,2026-09-17
dcb69dc99a43301f8503fea396e423bc,2026-09-17
80eb3a6b118b669633129006d21023ab,2026-09-17
1b1cde0aa45c49b7262c46d279a372e1,2026-09-17
e7794c684c77c892b7732f86fe66be78,2026-09-17
33dee44d77b03141d4e1972a52e0a5bc,2026-09-17
ac327dab2af12f34bac2c40f5287854b,2026-09-17
9a59d826512423124055576cce611cbe,2026-09-17
3242771647c94bcab114200f751223df,2026-09-17
f3e8d377dc50b218123c2bd612d64d15,2026-09-17
a72619c9fc2c909606d0a0ed4d88947b,2026-09-17
11a4b023d684720d3fd634e4a3f3904c,2026-09-17
edd81104ecca613b1b095bbe20691db5,2026-09-17
4da98116f8d1df9679103625c5ec4586,2026-09-17
7ec9494e6e17ea739c82b23c4043fb72,2026-09-17
348ef4ed56285f7e91f24be847d289d1,2026-09-17
7e0d87968e15f7e1b3d1a492aecd786a,2026-09-17
f9a212fcc81c0a632187ab65270fca9a,2026-09-17
8d1888e7799528f4079847cb61b55e01,2026-09-17
26b3c73e1eeb019bc537a26fb9a459ce,2026-09-17
2432b3ca25da77270e0a4df8374279cd,2026-09-17
38e4f30e5ca71f182159bb0c1888b74f,2026-09-17
12534f22876c2ae9839d0251715fd2b0,2026-09-17
964ff7962c25a7a1661b32122326d8d4,2026-09-17
7281a7c7c40854e21399dda0dbc7cc69,2026-09-17
49e800439a14962215a1fdae052174e5,2026-09-17
3f9ceeec57fd57129a5cfaf52b5f2e6a,2026-09-17
6ed59e92b9beb59c8e5c25ea0fef90ae,2026-09-17
2e22765f5041648721b2cd33841fdbc9,2026-09-17
9bd808ba380892398f75e04063f35504,2026-09-17
617687a043ca27c8dd77464153a81d41,2026-09-17
4db77c1024d708c3d16c5cadfdd2b657,2026-09-17
23c1e9790795e1cf24ef80a9eef00948,2026-09-17
c0b36e0dde15d24a5172775f01315d3f,2026-09-17
68e1ae4370d7d8ade4411ec8e2285413,2026-09-17
b41b2ae1ac68330e95d7e35257f00bd3,2026-09-17
eaabe6d1bd90afa2430a4627728681f8,2026-09-17
5526136803bd3b9fb1ac48af0e9b8ef4,2026-09-17
ba47de145b82a1bd170e3769aaf4ff51,2026-09-17
caed6594a3992d58279ccc17c7fefd15,2026-09-17
970eb2f83d350bbf094d44ea29c784dd,2026-09-17
5538db9a158ad8692a50878fa52388cd,2026-09-17
55ef20a3a286f785dfc87405710afe07,2026-09-17
9a88dc4fd8f520999fe0d99408652c3c,2026-09-17
e128f6022f1920159456f94681ab9e51,2026-09-17
0686061078389e1ff7ce0fea87ecf12d,2026-09-17
932c4986c9fc9fb01b5d538020bc0c96,2026-09-17
43e8ae514e796b66dceb54bcd8007217,2026-09-17
6ad0ffe34e8ec52ec6e47c2ecacf22f5,2026-09-17
cafda3827a707ed88437b4a23837106a,2026-09-17
301fb5f662f2d73e6123b1625e1050ef,2026-09-17
914f8c01901d3540e3f490e869063162,2026-09-17
01bbd60ec2546c5f7aa4f25d7b70d7ff,2026-09-17
9ee297e9a4148fe29cfa25ca8c7b7d51,2026-09-17
e91a981e0e9657f63f710f37da58275b,2026-09-17
1b11b9d142a111ffd40c735f22f97294,2026-09-17
2e11718cdf64e37a877f640662371471,2026-09-17
02c15d94b814c8afbd277a4b6fcd057b,2026-09-17
9cd2c242c9237abdd8b2599348c7bd89,2026-09-17
9489569db7efff9fd6c700c35864a237,2026-09-17
87075243c9ba4299eaa3aac9370236c7,2026-09-17
170e726643dcef2a4c866f8439483067,2026-09-17
ccd12f8b96a4b59e6d1df6a8bc99da79,2026-09-17
14f6f81620d114b190b9ca774497bfec,2026-09-17
b8ead33823c6ff43b3644fe4b6484f1b,2026-09-17
03601c406a21c4718511228f59981b51,2026-09-17
4896322868a321c48e8112ac5aa6736b,2026-09-17
6915481ed523639961cf38d4210c58b5,2026-09-17
1cf14e435f44133f729a012b1a532ddb,2026-09-17
70a0fd292ffa50e2f1a9f23a95e80366,2026-09-17
979ea8506b4ba4446acddc589f5d6b93,2026-09-17
78bdf236f8be96c01f002f50e003f6a4,2026-09-17
62b87d55602ee29e435ecac531e540cb,2026-09-17
4d9c6b7ec82caf37d82be2d43f5f7f23,2026-09-17
fbeb98103b14369ad968165cfcecbbdf,2026-09-17
7bc3923e3a290276b2789706a74dbdc4,2026-09-17
4d9307b41f525687aab0d6eda063d11d,2026-09-17
4847ea62ece616cb90c0b4eb2176008b,2026-09-17
cd806e79777504dcbed3577ae7b72a55,2026-09-17
8c8b591f682bb0f459aa16fff9d74718,2026-09-17
01451ca2857c252c8ed95014b1e54460,2026-09-17
8ebdc483350d08979552937ab1c03c06,2026-09-17
1fbb72f270b8f4e0e80caab1972daf41,2026-09-17
0d0c87e622d64da7f19b89be6dc8ddc5,2026-09-17
0d467cb2bfee155fdf7076c33545275e,2026-09-17
e0fdfaf707f0704ee485ee62504ca750,2026-09-17
566b3ee94a6b0bc7e798c252d696c773,2026-09-17
129686f968630dcf17b098985f2422d1,2026-09-17
b31dc394d25f74e6b6608032cfd05912,2026-09-17
9aa3dc3654787834fbdad301fd93f0d2,2026-09-17
e2fe054ee7db0aba15682d0654eec712,2026-09-17
81845d072cd443ea9ae9d78f7dbd6670,2026-09-17
5fdb586d2f438ddfbab4eb2f8fcada6d,2026-09-17
a95376d878ea1662b9012c664c95d15d,2026-09-17
65fc874c7265c4e90ddbc153eaf254bd,2026-09-17
7e59b7035e3a4fb7d45b904e2faf99da,2026-09-17
3690012c8dbaccc5c9d9528b1dec4578,2026-09-17
41b0849a7bbffd75d13344063fb04023,2026-09-17
564de29550b8e1f4a338edacedce437c,2026-09-17
2b61e59df40d488a0d4bdda9f018b4bb,2026-09-17
00b24f4bf91ca5457946d87e3664fb3b,2026-09-17
110da791d942f7c7a847be8f98bdf1ad,2026-09-17
e83fffa78bf69155f5c51ad321466a81,2026-09-17
c0b76d623947ffd1d806257d94f333e2,2026-09-17
cd62f63ee6e78e7503cce041e45fda7a,2026-09-17
071814919e2396ecefcf770a1176e358,2026-09-17
dcac05133202f9f6862546d039cf33f8,2026-09-17
899fad73621f0012446af003ac84d6b6,2026-09-17
32b17689769dea293f50e6be769a8a01,2026-09-17
3908ffe7d8551a65bffaa3498f879e1f,2026-09-17
fd5a0fa8598622e8139ae5c6a83e2958,2026-09-17
2f9891a90ab5bc84c83cd3f5f15de396,2026-09-17
39c99a3e6b71961d139c4c637be94d1e,2026-09-17
5fcea2e83ee28c97441bdfef0cd66f30,2026-09-17
134a0999b94d8d84d87cb76479f3dc1e,2026-09-17
46633659586f5dfa14b190c72f5e5001,2026-09-17
a8d7a814d851bfbfa6c1e358352fb6cc,2026-09-17
9b47f14f08843e297a28d6c081068115,2026-09-17
4564fcad6cb10b5b82206b2f10ec21bd,2026-09-17
4d2cb9d6f2b6960b154220dc2f720a56,2026-09-17
cc400cdc48344270e34b0f5a172b7864,2026-09-17
620314b4cfe80659dbe0430e358206ba,2026-09-17
f41221d771fa2e62f030fe49295fd5ca,2026-09-17
38fbd0845c94ef20d179d54c528eef1a,2026-09-17
ed8e7b8a8cc04d4ad790e65433208ec3,2026-09-17
2de945becbb9016f1731c667991dec28,2026-09-17
d18f7eb28b8a715ea67a84e6ceba7f36,2026-09-17
06823912c98efb807d596900efd49ad6,2026-09-17
41b7a664379c8dcd2ded9a963b34e76c,2026-09-17
739296318e9458e96d8556d4b0c8bd0f,2026-09-17
05441b20166629e6e602783a68825f88,2026-09-17
8077a6a86738abfe8aa20e981056f734,2026-09-17
2975a3370a6cfb7f9e22c46a8d8f5be3,2026-09-17
3fcde1ad933c5a66530f09d61e734e08,2026-09-17
e6ab8ec353474009c7e2602c0478b50c,2026-09-17
9af98419ebce4b6029b714fd647be85a,2026-09-17
212ed4ef447a18cbc39fc99956a24a8d,2026-09-17
2cfb0bcbb3d2753a0a309e493af28ce6,2026-09-17
f8e0976ce71f93c80e5f12a92170db85,2026-09-17
7ba99a4e9998d5a2a321533a4a01c345,2026-09-17
6e95a223d0ce5800734ad81d472a778c,2026-09-17
87f19a3703088f11fffdda3d3cfc2038,2026-09-17
54a6d82884d150f4391c59d6459715a4,2026-09-17
005e46e16fc8c9b657b227854c956a15,2026-09-17
d2c14852382cf7bf5ad090a2bdecda3c,2026-09-17
c75ce2f336009648d3df03c107b30fe6,2026-09-17
56efd521bd3e6455749c603cd2d50bf6,2026-09-17
91d3117b1c5ac08c04126d791c546365,2026-09-17
4744ec7448f77b10aab9b862ee8b2f37,2026-09-17
dc4354ab295e3de8b637a74b7521e4ae,2026-09-17
2339031df5baa3f746240128989ef2b6,2026-09-17
4a90cc6f12bfcf549e17a3fc33e3d6ab,2026-09-17
f134d803fbe406d6e53540dcde975987,2026-09-17
628fbe3cbc0d35bd4ec92e78a888dc5f,2026-09-17
6cb628f5bba5e9f663d496b812368d79,2026-09-17
3ed82d62cd1a50c19efa79f8f0142d3a,2026-09-17
29d5c56ddba479c782524beaadbdfafa,2026-09-17
04142e6d281f8a4ad78bb02dad686468,2026-09-17
3619b3b82ea7ede86229b3a8e69f1d2a,2026-09-17
e0fdd0b2e366f645e0dd1cd58bd12391,2026-09-17
5c80f3ca71018e39cba2d7cb9bd7ad64,2026-09-17
c7e6669271725bd8497497bcef975d7a,2026-09-17
db8c9c361357d9b4bc4253317eb51d56,2026-09-17
0caa39a13033fef66034191ab0272e1e,2026-09-17
d9e31609d77cade1df45eafaddf1123e,2026-09-17
aceb10bcfbc81378b4f7faab62198e42,2026-09-17
98b7fde52ae330f6a93f63cf043a62c7,2026-09-17
ae28e4a3033919cd7f7c6ce78fac263d,2026-09-17
20bbf7b0c413e7f07622f4ffbcd98067,2026-09-17
b6d137bb072e46ba8848f8dcbfd95857,2026-09-17
b61102410863a8bc9379aea334855c8d,2026-09-17
3feb2a411bfeaa402f83615b33fb1e76,2026-09-17
ba63b57fba88167dd55ac30fb184175f,2026-09-17
2ae23fac9c4629d184a3af236264ebb6,2026-09-17
016ba676d2710c21f550d6bad548c592,2026-09-17
9fe70b2a83a65569cf347ea23d038085,2026-09-17
57a979bbb229aff8094d1e78ab4d5ebb,2026-09-17
5c208e058fa1f4235ceb0e9db1fa97ad,2026-09-17
543cf80710a3409bc9516e5f8cd7487a,2026-09-17
771456b6aff77518a48e16936cbc5a4b,2026-09-17
7a9d7ba19df8afe634268cc4be9ddb37,2026-09-17
0c32485f668a33cb27c64da90f835eab,2026-09-17
7b4c65e609f93f44575f3e2febfa96be,2026-09-17
4b2a9f60e7ca1801e12e40d9d05defb0,2026-09-17
c9a0fcb9e06c1076e9365394ac7e9191,2026-09-17
1f52334905df8aced8ea58d5710ac152,2026-09-17
91b8486b019abffb28b55ea4bf75e761,2026-09-17
e8cec6df39ed94cdc88f4b8b09e51caa,2026-09-17
3eb0d06dca5c6488129e991b9536dc1c,2026-09-17
906fd9ecf4be7a79678bba334710e8cd,2026-09-17
f797ea54dcc8fa2852b1d1522c0cbaa4,2026-09-17
d7d6710700be93d38d42fee9dd6da28a,2026-09-17
f0550e761423e617b32702427bf76d5f,2026-09-17
c7662ad2f48058cb419bedb2689e1c22,2026-09-17
76cb5ce92e84635be6fc5107e8dd8fe9,2026-09-17
17dedda4ef6060a67128c6d683284303,2026-09-17
93b98b9f42b141964de5ad22cd5858d6,2026-09-17
922c6e6531711c590ffd42c6ceab1a5c,2026-09-17
09613c012bd1d121330e9e835668b88e,2026-09-17
2da3993f25cd19b3bf0dc1f806f7e581,2026-09-17
2c1971252e6a5643ab53613066d1b014,2026-09-17
5bf1460bac30c70bb498bec64a220150,2026-09-17
e76775b63ea7dbb08fb46ae7df59e455,2026-09-17
138a29c31bd7cb0de9880025c313cc02,2026-09-17
d34e5f21b113846989370e2d49505940,2026-09-17
d52964d757b0cc04aaeade723c1fb314,2026-09-17
17c2e4ca825b3daf83d5b2d2fbe8a37c,2026-09-17
d6dbd3e99de63b9e9be741ddf118c479,2026-09-17
a4777618e9ab2879b20c071cfde50bdd,2026-09-17
f8c5c22e1342872083a5857b5b1784ce,2026-09-17
fe246cfaf3b2c0d7db07a1442d5cd248,2026-09-17
e20b92fce39512a4c6c724fb341f56df,2026-09-17
ed3e8e3f938d95f23c884ed2ed154189,2026-09-17
a92495a95cdc94a87e3a0c31840f2328,2026-09-17
8046f475e750da91e4a0b7b872f6865b,2026-09-17
28ac2714d3d628727192f522a0e2a634,2026-09-17
5bc5504b618e7112e61c121ff3fa7e8d,2026-09-17
f0bd372dba713bc3d1fb3a1fdaf3f846,2026-09-17
c2a74a3ba34a9331a369bd3968219820,2026-09-17
7e97a6ac2beb74084fefb76742654e0f,2026-09-17
1dcd32a7c3d8c4927821dc345f2f6ad2,2026-09-17
886bfba279a3cd3062358f99561ed3ad,2026-09-17
2305a5e0d7b5bc70dc4682515054008d,2026-09-17
d2d534ffe5d1a04c44ce51f312f258e8,2026-09-17
d23cf2dff42f1c38f023287bff4ea687,2026-09-17
93643285015493f8ae7bde0959898a60,2026-09-17
1d97a0391e0f14ff85f18ae9ec95d8c3,2026-09-17
e803ca7b5b75139f505a4b064763b58a,2026-09-17
033fed540dbac8d5132befe109b95be9,2026-09-17
6980447edb0eca31bc9fbd405e8d7e02,2026-09-17
8880f9aaebfbf82ede5c2b7b0fd5dbca,2026-09-17
78ff14b60e44d2cbeac362bbcee30629,2026-09-17
3de04d27f7ab4637c83ec1ba9f792795,2026-09-17
a9168f4f84f91d57318eeed4131b2168,2026-09-17
2c51c57bbc7db74bb02c04728ee34309,2026-09-17
3bf2ee1c31f0ccb2545e55facb8f735b,2026-09-17
ad2e7cff0cb7aa58196dfd0966f4bc87,2026-09-17
d3f47684367b282dee42c03c1c752a0c,2026-09-17
73698a21b707d6a7ca89d2b157d9a978,2026-09-17
9d0f2a4e26e0d22af638c6eee97780d8,2026-09-17
65bf4044d32c9c73c9c7a14e307f8e31,2026-09-17
166de44f7cb5efd0624ecfb7707df7cf,2026-09-17
0027fb3f30274d640d4cc321d4c27071,2026-09-17
17eabe3c99b9c2f34ab7403813401c48,2026-09-17
e5d5d2d68f04649ad0144a5c187d59bb,2026-09-17
8cb807bc7292f0fb7e1904d3b9bf8cca,2026-09-17
de6748568cde42e96029cc9c8fc1e457,2026-09-17
76f4b305ff791589e2968d5780eb1416,2026-09-17
369dee8472ed0477131a2b2330de1f71,2026-09-17
ee8e09f922952d70bd505c92bc5823fd,2026-09-17
a7f5039b15ee928ca691b8a2f9b6740f,2026-09-17
98ba08ad59a922f0a38f53126aeb094b,2026-09-17
0456e47c640d3620450bfe42416dddc7,2026-09-17
551fcb27e5db1d4df006a291d28eb873,2026-09-17
be83a45faad59705ded563e790c4e2b0,2026-09-17
d8892312bd5e4326fc9b81df93849f2e,2026-09-17
86b16cb7a0eb06ef6b5259061e32eba2,2026-09-17
4cec93b55f9bdae1ebf607cf122b84e3,2026-09-17
122558774b136fa69e6e19495be940fa,2026-09-17
a36cf640ea7108ecefef2c55694172d2,2026-09-21
a0af267d8efce4fd572df647ac3f4814,2026-09-21
27e5f8d676403084738b1519d7bb48e2,2026-09-21
f982aead7846179b33d19084b5602ad5,2026-09-21
a4c3c31a59d8b77651d768f578cc0bfb,2026-09-21
c09e2da82aac02fdda2163483a12241d,2026-09-21
dc8aa8c582363f5b27d3508879e28e56,2026-09-21
fe3cd15c90e944b83d75560b7a93339f,2026-09-21
f30fa602aca5b4898fd0a0f157056f30,2026-09-21
450391058df65787aa62a28077d78411,2026-09-21
64b3bc9736d8d557e4e590eb7c437428,2026-09-21
be7856398c56e857b1353c1400e59cee,2026-09-21
6a955b306dcecab2cfb6725271ef7b55,2026-09-21
457b1cbcf8f7eb8199c32dec84a3b75a,2026-09-21
16015057fc52d4d03b74d1e12d0f7fab,2026-09-21
84bdb6919e4d6fbce7f2017fbdaa97b7,2026-09-21
1c71759d16bcc07674160ae03b440a3a,2026-09-21
ea30fc38df03e2e8e023de949f699654,2026-09-21
bbdf52b442b7b124b0186c72c1defbdd,2026-09-21
ba576068f04656fbf6847911145e88a1,2026-09-21
b288cc1cb5457d8a0dd371e81365b8ef,2026-09-21
218cf3ebcf68126519fd056acf6264cb,2026-09-21
740968c37dc73d6f71729d11441842ac,2026-09-21
4f6d7d135f3b1dbdc66b242097c75dd6,2026-09-21
bba6420ac81f2c997852683670a34d3c,2026-09-21
6e5ccce3b88d6aa9bcf855b25abdd3f5,2026-09-21
91ff805442038612021d7b37cd165cb6,2026-09-21
fe01af59e91e97e7046b90e029697f67,2026-09-21
2e1e5e7f73c9fc915a3a253ad186157a,2026-09-21
21d863c5d6cbd80638e938401432396a,2026-09-21
0eaa18bc70445e9670210c385d8d1c25,2026-09-21
8b95eb1e044d1355f99bd16af85678fa,2026-09-21
03258e838a06be8ff0049a8d2ca80856,2026-09-21
6a7d55f936e808cc05960a659654e98c,2026-09-21
d678580eac7ed4d96c5bd5f072ae3468,2026-09-21
31d3a3e0ea0c220a7cfe45fc0fec6cbe,2026-09-21
3d65714798e3c2279f59fe67e14b5709,2026-09-21
8b02116f9d35199cee0593a4bc1e9440,2026-09-21
1aeb471cfe664f1b061468d00398fa22,2026-09-21
77a62e29277339bb8bd51a585c235145,2026-09-21
b0ec6fc3c93d46e0baa096932dab6f8d,2026-09-21
d4a8d4d75219e5cbcfe31c6f4156bb4d,2026-09-21
c9b28f64dd699795da16b9a61941cbe0,2026-09-21
2a7e51dd35130b2ca21a74335135f919,2026-09-21
e46aa9c08dd8473177cd668552404184,2026-09-21
5448068b8f0f0d247daab778c57bd297,2026-09-21
af0b8f9d38caf3754459b62944bad447,2026-09-21
780d8d8b22b449eb9589ab39fbff4c04,2026-09-21
91c29b420ffcedf1a5ff7c33f6149b26,2026-09-21
3e8874da7ebb49e8fd97edcabb8512e6,2026-09-21
5e06f78a7da3a60d9840fbdbb513190f,2026-09-21
cd76a5e03075784c66b29a0a54f5cb4f,2026-09-21
01b290396beaafb54628d8e54ea07665,2026-09-21
229c9885dbe026ea4880b1a904eac258,2026-09-21
80048639d0fe19d759b02fe65a9d348b,2026-09-21
a1f063a90e21d0109261c4443daeef2e,2026-09-21
865d135c23a903d66ed48bb3c8a9adb4,2026-09-21
58c7c59ec067322b9cc64c75af2d5328,2026-09-21
4518ef88a76cf319fafee0a4f5cef20e,2026-09-21
798efdc075faff6972d16f3dd6f99d3d,2026-09-21
44cf9a93ec5cd62be402ca858ea2c5fc,2026-09-21
68de267bd080e948fba9473032740d84,2026-09-21
3d76187683fa38ff1e9639007848e693,2026-09-21
1727ae119c0cfb1355e87fe0442029ff,2026-09-21
0fda0bb69b4085287ce4e5c2f0546e52,2026-09-21
79b532efa050522a142653accd74ac07,2026-09-21
07cfb7468e633c15955baa441b9d8048,2026-09-21
ceedcfc34261cfc334985f877e04401e,2026-09-21
d56d4a6a5c7b99b95df8e6954ca4d18e,2026-09-21
a9226d7915cebfc9cff8c9dd5ddb05b1,2026-09-21
fec855551bdb403e940cf3d32b4a47e2,2026-09-21
153ef328e31aca9e2665acaaba99870c,2026-09-21
66fddc2518df12ad93966374d7e945ed,2026-09-21
ddccc7e31c3c5f2abbfeb3be8156d713,2026-09-21
460c39dcfd6ecce53ee5e8381290f0d7,2026-09-21
eedfbe43a6acf8f09531f6b1c8193c09,2026-09-21
6514c1b6a30b8c8a323c35807585d429,2026-09-21
2df311aa0999c5a1f6b81c3faf60220f,2026-09-21
42f941d3600fe69f5511f302f2b06bf4,2026-09-21
d4c5a0a90c3da8fc34d59c5fcf5811bb,2026-09-21
c08b4441e509900c93d60454809c83cc,2026-09-21
431439383b65a135b3dbdb3a1d2142d3,2026-09-21
fa6edd1ede1c85fa7c3ac2987fccbe6a,2026-09-21
6ef1ba63c1f3fd557157520c202d697b,2026-09-21
58bdc2cb92d0eba009578af417b33927,2026-09-21
8b295a087a1a4e8e3730625f7b4e086e,2026-09-21
7653302b30c991f805bcf621c8527512,2026-09-21
9606225f6c50ca4da27dc32f0c67b9ad,2026-09-21
80b0b308ff54a4d4676b8d35af0b5020,2026-09-21
034eb2cc59a2028731e0f3dc70d3beb6,2026-09-21
3dffbe9c1b89239d4cd65f1806d6c202,2026-09-21
63db9aab7501aa38e931b8ef491488d4,2026-09-21
812bde8e532cdb3f9dd84010438dbf79,2026-09-21
e441bb7a2f2c31d02356975eec05cfd8,2026-09-21
bf110b77e140e13ff68e3e93784ba299,2026-09-21
8b1a41029c7dd57c2e50b5cdde9a5157,2026-09-21
b714380eb392c256be5320d2fb457990,2026-09-21
4c9a409a5a7c61aeff73c16ed3e3d4fe,2026-09-21
5cada196eec5c1b0f51db0346e4602ab,2026-09-21
eb58afb4ec1a72ab47439d3177d7c7a9,2026-09-21
d410a554074aded05154f160eadafb44,2026-09-21
f70ac73dad384b23a0d1cedf5e7003e7,2026-09-21
31f5fdaa6e9d6d51da778ec39b455315,2026-09-21
ac5260ca59887311206b5767f2bdfefa,2026-09-21
2520cc3b1be0831df26b4e919a692910,2026-09-21
4a96ccf60147b0e58d67c15a5ffd5847,2026-09-21
b975f6a8164fc6fed3af1d84af2f56e3,2026-09-21
2128c747180bc475f67c5c1f29e94d18,2026-09-21
24aa078fc381bafd9e642d0a3ef6d5b3,2026-09-21
6fb8791cd0d4c9c3789be8e5c6dde2a3,2026-09-21
e1412457ee643aa1e0cee4680f492cd1,2026-09-21
5f44c23285fe362a9e3d7aba4433e1d4,2026-09-21
9d0c679cb4d046c22ff97b00f2825e4f,2026-09-21
8f09a782129402c5e82695a95e3c4904,2026-09-21
7d17a88728d459e2e2f5e8ea6e9f4caa,2026-09-21
489cfdb64f5557a83707ddce938e8b08,2026-09-21
961eb7f6d4870b95818c591a0ef58557,2026-09-21
e8ee4fb561bc0f8d46aa418fb9101d33,2026-09-21
7d0cd859b071374d401be7a6d0a908f1,2026-09-21
17c9163565c8456b918d15e5c55ee800,2026-09-21
15554972208f5509f7a661ce1cf865f1,2026-09-21
65569f9dfc0f1bab074c5bed0712e8c9,2026-09-21
acef058eb088cd8345fb529d61fac242,2026-09-21
4903d2e60167d5478dd803a197216a6b,2026-09-21
ec9d0fa3056737c923a1f9482a02781f,2026-09-21
b88ed2b3f23c8c3743934a7cb06977a9,2026-09-21
18ed7ee26f8f25cf82553011a7ee0702,2026-09-21
24256f40be79c9cb61991de62cdbe274,2026-09-21
7ee29da097b8015f080155c28326735a,2026-09-21
198b56991a6e21e233821ab6170f0683,2026-09-21
f7d35c0dd843c665fde28124bde039f1,2026-09-21
edff99ae7117863daa5950d710cda1fe,2026-09-21
f3403c4d9f21e52478fa956b064b52ee,2026-09-21
75455872c842a3ba77a25fbb2f0447fd,2026-09-21
aeddd9d77634ffb551802c80e4b369f9,2026-09-21
bb0e6203ba0e04a7d687abd32554dd9e,2026-09-21
8c2d003c88b789360693a17bbb785aa3,2026-09-21
64adadcea555eb6a1b022bc5aeb30069,2026-09-21
2b4b70918c1c038607ba00f3273f50d5,2026-09-21
61e04084211001c8c84c557bf1e56158,2026-09-21
9b3da7913fa1e7a88055fd98ec4d4e52,2026-09-21
6cc77cb741f18f94d145c050a2c1c145,2026-09-21
2297a1973a3cacac13e5e4ad650022d7,2026-09-21
73e80aa177ab02c32c4794bf379ad4b0,2026-09-21
f24ce65a0974e892b68d441ae08486d1,2026-09-21
788214a6d93f5acab94c828e6d7355a6,2026-09-21
d345b224e3751c38f5f9eb595384548e,2026-09-21
b782bb0414da83280640712357323837,2026-09-21
876596d76510a8674e104e6b37bfd24a,2026-09-21
196ab6ca9a251162549b19dee72755e5,2026-09-21
9d1573f23e63d3a3ec754ab9ef150bb4,2026-09-21
46f07bc83340f08cc3a51ea4d12e2e2c,2026-09-21
d0fdd62f542651e81c3fc4ae99f3ab03,2026-09-21
ff591a44336309814bedc5b952cbb64d,2026-09-21
2e26e8ac4934c0446ce4de43af675e33,2026-09-21
fc15c50f830983fa3f5fd6f2ba73b46f,2026-09-21
6b8d33200fed993303a03889ccf284ac,2026-09-21
a15feb3e07cc8ce1c75be79e45fee132,2026-09-21
9fa4fe288f96899fe350bfc7a20e5f5e,2026-09-21
83582b71f2933f569f3e4875f40d0d49,2026-09-21
0c535f6d1803b85510e8bef96534bb05,2026-09-21
b467a37bad19319b9c36ed30baacf246,2026-09-21
c576f7b7bcb19587455ac1cefa2fe302,2026-09-21
3bc93024492d599dcb69df8ce874272e,2026-09-21
0e1dcf744b4ec51efe6135918306ea01,2026-09-21
26662437469e432bc9793958fa7e69a4,2026-09-21
65234654064fa0c6a97c8dba6c7200e3,2026-09-21
297d858a296bb068f6443a7f7c6f9403,2026-09-21
d3b9fac4b07a45108e8ecd777d550078,2026-09-21
71ea478a3d2bbcbf7007618ceeb6b396,2026-09-21
91f12b383fd6f2a8e47c4b1ae7bdfdd3,2026-09-21
75d195359dd732cf37eebc624a73c61d,2026-09-21
dc5fb81589a577be4a57a64c576b5441,2026-09-21
329ff739f2472ce2140fd31cc8862226,2026-09-21
45c77f91848d3b0c0dd459de1fa9ffb0,2026-09-21
bfac0794381efb889399a8f56918a9b5,2026-09-21
41d98b38ed765c58fd38f0eb7f935807,2026-09-21
bb0049f00a5cbde16f2eb5e5f5943026,2026-09-21
73c471514cc771bb05b5ee2efcbd7cf3,2026-09-21
bd44cf06fb9485152b938cf5f8010992,2026-09-21
7dad5dfac1f3ccf6fd83edbda7bc6677,2026-09-21
2ecc9e652b9dd8aa5d9bd6cc1c1615ad,2026-09-21
8e8e1a8c2782cdbb03a89c8e610511ee,2026-09-21
6c173caedbf54e0fcf77e75d3fde7061,2026-09-21
478eaf74b12d0135973ed4052b018b66,2026-09-21
6a912cb85f3bdf83887f965eb415192c,2026-09-21
2534874dd05446aa1f43498d3c18533b,2026-09-21
c99e9be1708675145668ff709c71492d,2026-09-21
c050df6bce77179ac24cd4fd7e8d1ce0,2026-09-21
11fc57520e639ef5611012787c142f4c,2026-09-21
6f42ce2058b7fa2c03c338aab3be6537,2026-09-21
f73b519cac3c8ec0c2e8b60cecd8fa85,2026-09-21
5dedf6efd2568f1b873258dda374eaf3,2026-09-21
9a9fb5ce0be121c75205d8ad1b031df0,2026-09-21
7ec1a652d31f47c8749757d2d81f5dde,2026-09-21
25992b9182e1c30ba98bd26ceb328560,2026-09-21
7c60f3662e909cbd946515dd2b127a7e,2026-09-21
bb0512a45c3fbbfdd58358d5fa37c4a0,2026-09-21
a99686e7a3d6c5819fb99fe0ac545d14,2026-09-21
5f8534a0380348c3165b6cdaec1ef12e,2026-09-21
4eee130658fbe5952a31a211ffb66acc,2026-09-21
f76f2df0d24a644ba553d311c017f9e6,2026-09-21
63c4245b897f3758a97f9424f7e324b1,2026-09-21
49faf136f09f796de44f67d41bc17690,2026-09-21
df092321f9fb585d2da31211e7ca3823,2026-09-21
9ddfe521edd136e0a36ed2cc384a2e06,2026-09-21
9b6b98bd168bf5a7f6ca6e509b10fcf7,2026-09-21
2b16d8917d6c1a28a676e2911c2dea99,2026-09-21
d1fe9dbaf9ac8f5c0327e05facbab401,2026-09-21
41f07f0b2ad6e98aeb88d5bcca59f7a1,2026-09-21
82eec58814267ef3f40b7fdf21e9b998,2026-09-21
86b8b3dcf28ad5fa56a7c21f1f6b60ee,2026-09-21
f078cf47ad7db5f7ace996b2a6899007,2026-09-21
b62bff1627fb1c70e4da2cf350964081,2026-09-21
09ad552a3be46967b364f5a977ced975,2026-09-21
1d795f16ce108780cb54770e07a62846,2026-09-21
cbbb46be25ac4f49aaced4b669a86176,2026-09-21
01eba1635eebde4f9891c3ced50f1a2e,2026-09-21
9ecd930506e1fa1a329500e3a2175c59,2026-09-21
39a3bd44fbd04fbb5ef02364f2d2659a,2026-09-21
a3445b66dc5fa85b40a54a3745a1e8c2,2026-09-21
fd0647383d089068fe24d8b80ad072d9,2026-09-21
0f51d494476d3eb24c7232aa30fa4357,2026-09-21
55f4947154c235f5f02de6f985e20387,2026-09-21
47343fbcb99af020096f12c8da154d5a,2026-09-21
178ecac4cb4826e11ec3bc785838126e,2026-09-21
15121d716094c38ba3f0f7f4a80152c3,2026-09-21
8a61a33671afba4e72b838d28e18ba88,2026-09-21
a675e2c8c1e7c618bb261576c4bea247,2026-09-21
d6c28bb7d5b9644377e83dc91bad8721,2026-09-21
49d84f6a4bfa35c45bb119180e23870e,2026-09-21
5f7391eaa05591345996ec0151a96835,2026-09-21
1059255458892a03bfa117aea438add3,2026-09-21
8ebd7d9c793cb13d748a99d72f4a096a,2026-09-21
9e6af466be0a25a9bfe2a52159395079,2026-09-21
53f27b8942a1678f5c3e662ac006ec3f,2026-09-21
60ca15728317cb5e1a2951e9555161f6,2026-09-21
00e4ab6a298b2aaf0d28993cedb5f41f,2026-09-21
29bf12cba141e86a9c9a594c59515c18,2026-09-21
73c30b8c63af69782e3708c5b54a921c,2026-09-21
59af341dc7c08b13f26d63a6cb78f753,2026-09-21
87583bb4b5489842971063b49b0de6a2,2026-09-21
4ba636b65592dd4eb2207bec1946d54c,2026-09-21
d87cdf7cf20ab8ffa92bb469b506aa6a,2026-09-21
d17aa752b03920df08928b472c4da434,2026-09-21
f5d2e0f67631c9dc930a72b27273e78f,2026-09-21
781f4fdaab68fffe14e299d4126f00a7,2026-09-21
f835a024d17ea50f43b8ae397f7ac469,2026-09-21
5e308a4cce60404c4fd6e86dfb7c559f,2026-09-21
2991b95f0e546cde22ad0a360457cf45,2026-09-21
a4c6f58973353b679a4f14b30f6c4204,2026-09-21
9be8b0c5aa017d31b569425089e18852,2026-09-21
def0621f1c95890486cbd9354e5a1bc9,2026-09-21
4ee88e3a1bd9412bb71ea4da7df2a48b,2026-09-21
3aab069f43489e81f3fdf42aa9149e79,2026-09-21
da6be7fd7a90b96dc8b6209bc36f70d7,2026-09-21
eef278e12d3498f26eab303a2df251d7,2026-09-21
d865c279321e9da5581cda4415696103,2026-09-21
0eaecf861e7a29ff86834cb235bc74db,2026-09-21
00805b2dab1ef0ff3c184ed06163eda6,2026-09-21
a01d3cb470314b7e917a15746a8a5fb8,2026-09-21
b39662dd81b73e50d8f2a5ef4bd649d6,2026-09-21
f14ed5107382b05ed72729965b83dad5,2026-09-21
3dc91a84d10602d61cee000a72358d23,2026-09-21
08ee2bc10506ff7110cba63b08a7f16a,2026-09-21
2d2fcdb19119f4b7f689ccb25f525686,2026-09-21
a77ada2e79cb115a8310c0ab549ce543,2026-09-21
4bb53b3ca946c0e1a720072cb6f225bf,2026-09-21
6a27818eae665977b0d7f5919c3a34c0,2026-09-21
46702fb1733aa79db6b3e8cfc8aa2a83,2026-09-21
6fe205225907cbf05d3a0109d6ae410c,2026-09-21
821e26c92ba56de886e1e313fa85b62e,2026-09-21
78b29c7a7943e9c9b3775e8b09794c30,2026-09-21
d07dc5b1c4fb9aa80299d2e79dd0baa6,2026-09-21
7d02e0aa8671db1d3a1646d376a7cc35,2026-09-21
094b0d766bb594022139e1638fd86f75,2026-09-21
0ceac801b8e8ee63b4f3b173b6c3e8c2,2026-09-21
1946fbb4e0cfb036594ccb80c4fe8f2a,2026-09-21
a7e0b7b669bbd5054bb46645b593c730,2026-09-21
a6da3d7f26d943cbf84a65c9cc79eefd,2026-09-21
232ff860e282bd62fe19db9ffc55ce1e,2026-09-21
df049c379c619d79e38e0785e245b37d,2026-09-21
f1642ef643587d0b08e2f3d69eff5fa5,2026-09-21
ddfd78f7083954a85dfe9ec663f22caa,2026-09-21
b02ad722133eb621551f3d8d6dbbccaa,2026-09-21
baa49efa55092c7065923d86c41d6c6f,2026-09-21
99dc0df11e32184f05fc53e7a3113d79,2026-09-21
376e13deb99113fde23fb87881a003ae,2026-09-21
d9acaa487f16dc2498dcfcd7e4870232,2026-09-21
61617edc79f4110d15686d5098bd218c,2026-09-21
621fe0bf654ac11e7236bbfa63a086cf,2026-09-21
f8e070704394323b330f5b9a04cd4685,2026-09-21
d79480817b21246f46e84de705475b3d,2026-09-21
c9352aa9f8ea76ae78d67c07b550e1a0,2026-09-21
6b8cb9d654f4253d921d1b19192db640,2026-09-21
9e6141747afe956733f9361a8e5f2b3b,2026-09-21
41231b5a7a811f91aa30186548c6d351,2026-09-21
6ac82a4946315aea47ea91e8d446eae9,2026-09-21
da71f7dd4203e072f6d2fa17486d4a31,2026-09-21
a4180796984f823b543fed6c664b1ba6,2026-09-21
4aff79f8d1e34838f093f08ae0527e6b,2026-09-21
4a64663bfc75b6894fad92bc1daf2c29,2026-09-21
40e18b15984faea648bafb5f52eb8ea9,2026-09-21
47977becba228d58ece94b5b186f995e,2026-09-21
da5be32ab24fc69871e70d86d158470e,2026-09-21
ee863465d8980b6b46e0c1250662ffdc,2026-09-21
b4f4f3af23ddd1094e81ce9faeca0bf1,2026-09-21
9b1c4e2f4bce9faf23aa9e46575a765a,2026-09-21
3d2fd55fc040922f4717d438cc45793c,2026-09-21
d03d0d0364a07ba9eacf3adad6715c66,2026-09-21
863746604a966ab3e5e78251e84bd309,2026-09-21
cbcdd8aae6b359917590f10aa597dcf0,2026-09-21
45229145e521aab1e44b27d39ac05f6a,2026-09-21
419e50dbdf5aacd944ec91995edb1042,2026-09-21
78e64c0dd1afc97b39e94cd41edd1a9f,2026-09-21
de49b3493173519f1eb80a88fca29f10,2026-09-21
0fc3e6098542fdffebbc4b2001b3e8ab,2026-09-21
faa8a482a8ddf455a37de0c8541edb5b,2026-09-21
d0dff3b5a7d9c5f9fd1d9f43f376bf01,2026-09-21
912b889040ffe15bf7bbad21f2b5f3dd,2026-09-21
1cbea32062d559530d58e469fd842086,2026-09-21
bc0b27df1100e5d671a79e95e2c645b7,2026-09-21
4343e66b40e8b7cbf02c15a0542e13bb,2026-09-21
134cb060e44e052f3324f763f2c63434,2026-09-21
75565e1bcb358767808c22399ebb8b29,2026-09-21
4ed80377abdb64240f5549f1dc592dd7,2026-09-21
7515261ea97fa392385689da9918a864,2026-09-21
91061f26fcc3b3505d5dc2106d2243f1,2026-09-21
92f7c8d205622c41799503320def218b,2026-09-21
03e4c83f1c8ad47ce9ddc5d4f51441b0,2026-09-21
41b67c67b5fca0a00419a59bda7524dc,2026-09-21
f13afa4264c6673396c9368ca36da6b7,2026-09-21
7a74011c01fb588d784af1de9f1fbad6,2026-09-21
e303113d15069fcf08245dd385a95f64,2026-09-21
0293cde9faebcbf004a8188f3ac7cf15,2026-09-21
a58103d9c87d2493cc12fda6d927ba2d,2026-09-21
7b2b84cdd956c4cc34efaefaf4dc9559,2026-09-21
ea05f7c29201ee207b7e2872a44bbbd8,2026-09-21
ee71a48a2796f208c03165a9ba0e12da,2026-09-21
aad2548bd40bc9e3ffaba82764a867b6,2026-09-21
3971e417b04241728ccab25ef7ac4042,2026-09-21
6e0a5ee820feb29559a44bc9f4fb807d,2026-09-21
1c3fec1c57a430117b290752e25ecaa9,2026-09-21
dbe491f94780ecce618d1fa06e591230,2026-09-21
9d2f26aad3579968ff56f33d8d143ce7,2026-09-21
e37108e46876a287c3c0d75c5c65791b,2026-09-21
5a324293712856ec4d51a09899f396bf,2026-09-21
19acb51e59cae9af258997380ce97786,2026-09-21
9a72510c15ffc655c1a1a8f5c2a2622f,2026-09-21
31f772cf4fd386c2102fa9b9fc5e0c80,2026-09-21
21d8197df0b176984c74ce09a8a0cd45,2026-09-21
6ed2943f642fa025a8ac57b145cae939,2026-09-21
1fe57062953d6d5e791fdc3e133865c2,2026-09-21
c95a87d792be5967e77b8d262e3f350c,2026-09-21
5200eeb0612a69e9e341fff42085d3ab,2026-09-21
d78c5f16e7990be8d8c6da487708e84d,2026-09-21
5d50838b8b4d512658c359cde44bf05b,2026-09-21
07de30b9fb6073381a22f841b1b785a0,2026-09-21
c234a27afe6836ac6c2b940921bd92c9,2026-09-21
4db6b02beb3e1a289a3fcc1810078df1,2026-09-21
62771c0f38cbc853772bd3fc230b2d48,2026-09-21
20616b778559139aa743bb27420d5ccb,2026-09-21
cf049f35feee3c94757f3c83291b4ffc,2026-09-21
910090c9482f9e8aa33b1d890ab8ed93,2026-09-21
e9e71cb634c447b3b9a947a38fa95c3d,2026-09-21
5f752fb4d223500ca00ca3adb8c63e56,2026-09-21
79805a74e96eaec61869daeda6e96ce0,2026-09-21
bd7d0eea74f4311257be7848863f4f04,2026-09-21
07227316c8bf06aa6ecb2cea9fefa62b,2026-09-21
e9d5fdfa8b4d6c991ee1f25f38cbfd38,2026-09-21
9fdfedcfa7543dc41824f439a3837470,2026-09-21
354a5b540b651d4abfc69615f1cc61fb,2026-09-21
fcb4160bb4b947d27c6b1ba1f63fd3f6,2026-09-21
7042c17eae6522fa7a7b15ffc931fbbe,2026-09-21
acb5726291d77fe1357b25099bba79e3,2026-09-21
32d3b54847c029d4bfe014b10e904843,2026-09-21
784c83806c48ab1251c59bb43f749461,2026-09-21
6392bf43b8f7440341f118878859e8d7,2026-09-21
8d467448560f8cb079eeb1d15ebecbcb,2026-09-21
b86c493c30cddde021f806beb19a6141,2026-09-21
2276f78d8853eac861e50b6683db5231,2026-09-21
d4be85aa4a22046c2bde637d092ffe7c,2026-09-21
184c2b5bfd9e68ae71fdb252227c47e3,2026-09-21
6becf046bb8e0d9e05d32b9dfafcccd3,2026-09-21
ce88af7ad07c17badc8822d1747fbf2e,2026-09-21
60701da970a71240be7c849c3e646658,2026-09-21
634205a4646dc785f0a57aece956542f,2026-09-21
fa1c55f8717f731158f640aefeed8504,2026-09-21
c913f4c5b6cef231717ede3be7393a74,2026-09-21
219f411a03a4ca5ccf0df7465affc9db,2026-09-21
a4b1dfacb7d31c7a534abf8490db3953,2026-09-21
1bd693d0c1d228207b460ab22e3ad0d7,2026-09-21
10e67389105859f84a52572df74f4682,2026-09-21
8a788d5a1c1eb3b667a4bb2f0f594381,2026-09-21
86502cabed60385ce9500dc686b6abfd,2026-09-21
6c1f95617f98a59892fb3d70c524d108,2026-09-21
199fb68bbdd98af591298ae8b5e3aa80,2026-09-21
2165a5550ef6bb189597baf37c177c4f,2026-09-21
4a5bd60083b0d0fc945d71b6d0fbd023,2026-09-21
8c6c3339ce36693e1a605cd512149088,2026-09-21
d7a6c681b9e119d83dcb4d0c81405373,2026-09-21
2f46344e864fafe9ccf54bd1e3309ed5,2026-09-21
244124c0380f19fcd59dda0c9bf18a2c,2026-09-21
b0de9c6fc748ab1b48742cc4fd2a2e53,2026-09-21
a8386bcfc982170996bbd36b94dc7ad3,2026-09-21
726873d425d0cc484d197142c1d511aa,2026-09-21
4a6ae374f5ee17c670283e8a91c1f382,2026-09-21
49933df13129b3977775a4f97ba00d4e,2026-09-21
1dd2988682ed3dfede39ae4cbe38d28d,2026-09-21
c75905156c592fa57ed00d9041b2bda2,2026-09-21
4814a1e20759984d3f84bdbe33d61f7e,2026-09-21
a0b8a049ce2340ac638f0c4819c0bfff,2026-09-21
43ce6c8aa4021d263417efcb83599d53,2026-09-21
1b39f323e5f0ab1db1b8b937aa6ebb7a,2026-09-21
bf47bd632b118da90888ebb03fc41a2d,2026-09-21
02f5e9d41107ed62bd90e8b250892722,2026-09-21
4f576ebcc8e54418342a6fb46ad247d8,2026-09-21
11ad802661e9e7c44618fcb144cdecaf,2026-09-21
3db9f5c49c0784e163c769bcae7b185a,2026-09-21
e0140b576dd5062ce530981fe6c15737,2026-09-21
fd06808136be08d1668fa47bb17b0ca0,2026-09-21
fd41c11c27b4f43e65a747cab334dab8,2026-09-21
0cc22e3c620b428130f6ce94cba3bb93,2026-09-21
51b67d691f20b74523ca2e13dc34e517,2026-09-21
d08a91235d19a7c93e6d0eb17c021007,2026-09-21
3ac65ea5c187421b5926248961737c5b,2026-09-21
342b11c8013fdae98c8f0332ad5c67aa,2026-09-21
b8be8b5f66692c6db1df5f710aa8419e,2026-09-21
228f8b9c6c113219ed804b98d30aae59,2026-09-21
dd10ebe519fbb7be34453e4cc757c567,2026-09-21
3386b78160f3585619d3677455bc7cf9,2026-09-21
e4fcfcbf9ae7d16b97f00c3fd937052f,2026-09-21
7fbcc5f1af52b62836284f63ed6d1cc0,2026-09-21
c11003a73183b0695bda4c2390b52f34,2026-09-21
dd7667f2a1cdd42cf33eb1a8a3856423,2026-09-21
7edc1aaa258fce276a3ec29e0336e05d,2026-09-21
79c7930fb79ec369c47655ee54e0aab0,2026-09-21
56f400c8dd05a09eb869fff9cabeb99e,2026-09-21
0de097b6c833d918faa4473f4ad2b63c,2026-09-21
bc6ab0923deaf672b6edffb6641cba26,2026-09-21
b0780b7648e19a9a02d751bf6ddd7bfe,2026-09-21
f873e1f4a3ef9a9a392a0797799dcc0c,2026-09-21
213704db4f4c130ff8e71ea2381c46e5,2026-09-21
b30c7e98fba975942660b21c325ecf55,2026-09-21
749c9eb0d4f253d080f136cfac43b478,2026-09-21
9060b35382bb790795974be387210750,2026-09-21
84f1d95684edcef6d6a5ff4307a8d9d5,2026-09-21
1a64af583efc1085809073444867b4dc,2026-09-21
c02b28264e4f6349b9051ad16c7e98ec,2026-09-21
39ce2b7e416d5038c6271c6aa0cff69e,2026-09-21
103900f75b985d3062d0c00871d25774,2026-09-21
96a4224c7428a2686457259c9cbf535a,2026-09-21
b98efc438f8481850378ec50667c8a25,2026-09-21
ead35ebb6ec115d008743db77e723aee,2026-09-21
8bdb8cbcdd4224a26d22ef00ce67ab60,2026-09-21
8b9b495845ce3aa01ad0e6fcfa5ae224,2026-09-21
c9724e5392a575da8df475d73c39df91,2026-09-21
84678cbc4d6bd18395ed180efda79410,2026-09-21
46449fa44b217ece6da949d1f1eb90a7,2026-09-21
a8ccca35d0cd84dbd2cc3271f1e9f648,2026-09-21
5333b7daeaf0d6377c4f503dc38e6580,2026-09-21
89f1eb660af4e0ccda441f66624b2e45,2026-09-21
ad9a1494f0aaaa1e76d20ac6382a9ce9,2026-09-21
951c0dc32d51b6fda9771c12592bb19e,2026-09-21
c506ce8fbc5f178664acd70977c84c4d,2026-09-21
87a917368d089392169cd99b6bde9ebb,2026-09-21
29bf4b7d235bb402eb51e5094fb3e360,2026-09-21
1b432a84c3e39d6d9d73c14fa0bcc0aa,2026-09-21
64e4f249d61ff42cd90c821fcd6cb828,2026-09-21
5dc0e95cf63f5401fae48def5779e70d,2026-09-21
e99988f7f97d5484df9fede146b2a4a3,2026-09-21
fed36ae607b9e9f9b940077cb5e2ce48,2026-09-21
2ad9de3197f31ca33fc64bd5d572b44b,2026-09-21
1022c86d18d95f4f5b55e1cc38a2c994,2026-09-21
9b6c04024df8f69d81b9c288275a530e,2026-09-21
04b13b7a3c080004cda9690f3e5da5bb,2026-09-21
7e8b02e1491b779a5fb44378f01c891e,2026-09-21
3605726d1a91d7f2e8b075be302c9563,2026-09-21
daafa2ac6148f5896f5cfba44761bc83,2026-09-21
28626b7a79b25ce7cc447dd69bb0376d,2026-09-21
bfe45f4395d7764449575030de75c106,2026-09-21
9491ab91fb0bf9ba0621682a6a2d6cb4,2026-09-21
3ee80f1aef7cfbdb3b710c546d339862,2026-09-21
18a9f657f22d32ea48454a9c70aee71e,2026-09-21
272f316373bf452b463db127a137785a,2026-09-21
28b922428c813d269cb1a9e102da1e99,2026-09-21
6139828d77b186dd77a7552f24ff6eaf,2026-09-21
49ff506bcc043b66c5ccfdf95a976d7f,2026-09-21
84b619294b6d47ef41e473d534abc419,2026-09-21
31af5b58985c58d24fd1a3fb719bd055,2026-09-21
72ffe5fcaceab3a25273139c9a7d2bd8,2026-09-21
10d753f6c4ae2e9d51b073081c1335c2,2026-09-21
2ed091b862309b3a2f00d0b30993f672,2026-09-21
6d9d6141fd0c722d0a9e47edc194faf8,2026-09-21
f5a42effdc949cde67e68e43f93f5644,2026-09-21
bcfb299354d90753852e4e58739fd9db,2026-09-21
3dc0def932bb943206efbf78fb78093a,2026-09-21
c47895f106c4f871f8d2623c8282ccef,2026-09-21
9f0abd34ed8a574706ffe81f77f740b9,2026-09-21
8600efc5cc5ced3bf7e5c7c93b349754,2026-09-21
c56400d89585821d61bf33caa9399544,2026-09-21
8d9eec9e41f4ea33fb32d522adb5d792,2026-09-21
d3e7c689694c23101baa09701a235803,2026-09-21
fb089d466756b4c623ac1cbdfa744aba,2026-09-21
1c3130bc3970a63cf40a89ce9134002e,2026-09-21
39a77ab9ed434bcab48d1401b618e212,2026-09-21
d29f8f214df4f0906af62d45b2922d9b,2026-09-21
725d7060df7ee32cba9c76404933903e,2026-09-21
2d72da39b8f446f6bfc1d1d836e3f35f,2026-09-21
26ccdbb03d9eab809f29c60a405acd7e,2026-09-21
bb9a0b403fa2460a1ab07e560025a516,2026-09-21
18e4c3da75b78a703b90645921abb84f,2026-09-21
ea697010e906d164fbcc348d710e2626,2026-09-21
424bf56c08e457c33b08871acbe92419,2026-09-21
423eed9f07ee971ea7124ac62cd15cd6,2026-09-21
efc444cc4620f618438d84ffabf327a8,2026-09-21
4e45326a2fb8b891e80c2792e5b0c5b5,2026-09-21
549b1a532d045aa50c130cd5c7c507ea,2026-09-21
9b62f3f3f64da1ac3088d2deada5dfd3,2026-09-21
3bfde015f9cc9c40c5153098638089f7,2026-09-21
382d917b70a450ba6734b3d93a33c633,2026-09-21
a3398fdff8ae4a4bfc1337de3615bbf6,2026-09-21
1dc671f011432ea43694c98f6313730c,2026-09-21
6eec7f3aace4334909c1f666ce884542,2026-09-21
5dbf4765d9762298d4a3f63627dd60a4,2026-09-21
56746a2d609a77cf75d10f58efcf16d3,2026-09-21
686b5f044fca7eea2d78c70c8fc143c0,2026-09-21
804335bfed2312ed4f0dac182086799a,2026-09-21
b9d3764e53dcdb5082be27a05d2de265,2026-09-21
9d009720902d0ba1eb7d18b1880feaaf,2026-09-21
841270ced346aaa8794c5298591148b0,2026-09-21
831bdd24a9351a82abdddf429dabeeee,2026-09-21
192d44c8acb4d3de53672c210dc67cf4,2026-09-21
215b67b944071972dff7f9a4ee6ddf16,2026-09-21
869039faf407a21f3ab37eea1c0ae1e6,2026-09-21
7f5582c23a502643d8b568357bbb44b6,2026-09-21
65aa4aafbefd4e54b3f76956559d2b3e,2026-09-21
78a4ad968d31b6239a259290d83529a4,2026-09-21
5e5bce86afc9207addf0ca49813a2ed5,2026-09-21
dc3677e7ca0029569139b76bc288554c,2026-09-21
bf660ea2d5ae66acbbf9b09982e41abf,2026-09-21
9a97cdd5b1f87ff0ac6f016be0b559b9,2026-09-21
ad45d0334b9634b0918e650c7e572942,2026-09-21
016039247e4db50c1ed81f551c94cda3,2026-09-21
f7f953dd57af10f03122113a1dccbf93,2026-09-21
6524785777c3c37a43319533e94b9274,2026-09-21
4291605c09217ece6aa2b045c71b8b24,2026-09-21
57f047b1967673826d958d9edd4298c0,2026-09-21
9c5267a70d934f6c088a98d0a11122a6,2026-09-21
9e9fe8075795f5a42e5fc9e41a7be439,2026-09-21
b5cd9a53b2f177df4b17af21a3159ff6,2026-09-21
fcf3ebcb1701fe020537306d2a7b22e1,2026-09-21
7574b22429c900ad49f783a77f5a7cbc,2026-09-21
51f3e10f23bb8d4cf7ffaf6ef4c6ffd3,2026-09-21
33ed804b8fe128b608de86fdb8c42853,2026-09-21
0f25d4d1ccf51b6e55f6ab6df9b7eb64,2026-09-21
42da82f5197d2c98f40da420d5e39878,2026-09-21
65352f0a832c87d2b5ab820f35c404d9,2026-09-21
67d83fa7eaa775d5f9df918c2624f451,2026-09-21
a1ffc881786578de19001cc7329f0543,2026-09-21
7b7c1387e42270cb9e013f2c4f03e641,2026-09-21
3e74a54a1dc6419cc970037b9396ad4f,2026-09-21
ca80727738009e9d323c68e888ddefef,2026-09-21
7643acc163bb787a778bab5495a7a30b,2026-09-21
6bbdec550a7d724e7720d1002e5ca758,2026-09-21
b3d300d0b66521fcc9959bbc595917b1,2026-09-21
de422ee7cd1ab6a73b39526997545631,2026-09-21
f2e4215fffc9f94acd5f22c7d931eab9,2026-09-21
0eb7f0542eb89cea606d007ed276c2c0,2026-09-21
c6cd76d25bbd65d5da643b42723937c6,2026-09-21
2de7ddb054e45f3d773a8cb5f0966e3f,2026-09-21
f0b098d64f5334ceff9cd7e1be804b7e,2026-09-21
2d20cebf542fe87d1b782e0483bc0ce0,2026-09-21
b850ec5475b37b1cb445ccff8836d7b0,2026-09-21
758f70bd483e1c81a8f781d3a0c82b5d,2026-09-21
f0119d22e2597d20fe6e0f57e7745ba4,2026-09-21
15e646411cb2a90f97dc40ed1e44b810,2026-09-21
02f9bcd77dce9e1447847395b0a2633f,2026-09-21
14d3a3ec164d932c6df7edda1fda01d6,2026-09-21
e7ce904f63b80d5d1485139358146f2d,2026-09-21
6b0eb9310665dbbe6e79eb3d2c9e9295,2026-09-21
18053986769b08ebdaac1873f7b177de,2026-09-21
03baa21f9b7e1048d6b4705d08f9f9ca,2026-09-21
f333806ad37d2e16a2270eb375486c02,2026-09-21
f88f5a2f9651df7a3208107020885248,2026-09-21
6ed8ff0a69e36cd298e0650448016784,2026-09-21
517c9da24dc6d47ba5c0e51b2b43d401,2026-09-21
9898c7078c3d06b7d9e3e16d92905809,2026-09-21
7c8b9cf1651f7707ccdbb3369e184f79,2026-09-21
3c96ded47f81e6fdc62f09a294053ab8,2026-09-21
2e60b18b746cb6966a1bf9413e3414fb,2026-09-21
cc5cf9f372bd5a9931e9fb6d2aa92fc0,2026-09-21
0ecefd949b2d9259f9cf82cffdf827e1,2026-09-21
8dd1e9e684cb3291b73ce5b7fe11752d,2026-09-21
b53754355582ed16d8c2e5065987c8d3,2026-09-21
8f6efe5e65302fc4280688673c724cb7,2026-09-21
c7dc788f4640347f44a28788fde1342a,2026-09-21
eaa50c063b40c2d98c39db397e66c03f,2026-09-21
6415c4c2b381f8158c24e9555435d252,2026-09-21
dd2323ef5d5e9124ef35755818540b87,2026-09-21
1b59a3bab31d68aa6df01ad5b0d1dd69,2026-09-21
28590f0f7850999d9526f88a0b2f6fc1,2026-09-21
92586ee4354f2bb15ca130b790a39ae1,2026-09-21
f351fbc852b9e9b5fd15ead4999a9737,2026-09-21
504afc8164da787ae277b9bd95e1d9e0,2026-09-21
62e30637e850c2d46d8ac4d55586b122,2026-09-21
969e44e1feeef44ec31310f13c3a4d4d,2026-09-21
d34a4b09468cba6f320428e06ed26e17,2026-09-21
159dd20fabe476981edecad475280a81,2026-09-21
e28ad88183ff9a2b75289b1858aa98fb,2026-09-21
80829a5b2dab7afb892c168e63db6961,2026-09-21
dbc210465527fc42b5d79c6b529e9ead,2026-09-21
311195f940cae46b58149e4ce6ae71f4,2026-09-21
213918acab1ce2894767d39944a2ef4c,2026-09-21
f6928d56e45833e467d3ce746b7dff92,2026-09-21
acd1d3c4ed9a985e9138bfca41ba38b0,2026-09-21
a58ad9b09604c151ada143d4a7442344,2026-09-21
611016ab6049cf2b83ede7a7e8077438,2026-09-21
88bedf75a23b4be594a40fd1b143742c,2026-09-21
68e59dcb6140740f42e31db543c997b5,2026-09-21
c37735f1ebc10b668ab93b15b263647e,2026-09-21
79a00fceb31dc2c11101c6a719c42f5d,2026-09-21
e488c517747150e37c8b9fe00ecf017d,2026-09-21
217e60ff9b1a6677bc475776120143f1,2026-09-21
5a7a8f2b599545606384aeff6d63c882,2026-09-21
1ddd0859c23ba59d2138f3ec9cb67050,2026-09-21
c5e3082a3ee64bce65568fc4c047c999,2026-09-21
293702b4ee39286b44240127474fa1a5,2026-09-21
3164283bf5ada18751b0c2eceada9a38,2026-09-21
d1f04ef2682942ee94d6c836bb72beef,2026-09-21
e4a69dae89bbfaf0068f8e98ed690239,2026-09-21
b7250f17161a5ec970062a76a98f3949,2026-09-21
47ea14e3d94fc8b494edfe1b05335efc,2026-09-21
383fa64025352c655a6d6439dbf19c8d,2026-09-21
5ea64b70134fd8c5ac4266bed48e124a,2026-09-21
d7fb22e410756fabc211a5432c5513be,2026-09-21
17c177988fad45d3bcfe5f90aa629f51,2026-09-21
69fe959396f20c827cebbfccd567d564,2026-09-21
5324f44bd1a3c49446416733d40dc238,2026-09-21
d65aaf6d980b1fa92846b3e38f7f685d,2026-09-21
cd17ede7a8e05b3c43451ed67374e010,2026-09-21
d1d484cb9c0afb3e99a0eb1407bba4f0,2026-09-21
606037a53b62495b3e75b566cefcd1a5,2026-09-21
1c52d915e183a15cb61e4cf0bc0f9104,2026-09-21
4550232dcb868e6c5bf344fa3cc70773,2026-09-21
c7d918a3b1c385f42473926df399af1b,2026-09-21
ddff7db9387af01d07114a48925ff60c,2026-09-21
76579988ee0427174299b75e1f42fef5,2026-09-21
ce45de1ff8ef77cff3aeaaf8449eedd0,2026-09-21
33ccb994234a5e15523832306124475c,2026-09-21
ecd8187493cf2b2c1c01471b31545af8,2026-09-21
44392c751bca83a63a483c6b138e3c4e,2026-09-21
8f00de9074fa16226fa8fd0e35c0d3a7,2026-09-21
566c407003b95c5394a8b50aa0cfb651,2026-09-21
1d8745bacbdc38454dde99a32d618735,2026-09-21
e2a97000e8fbce1e058c0dab6cb9d382,2026-09-21
cfc10b075a3e02a1c5e7dd2ae475c46f,2026-09-21
0118abc25fc38342983af228d242c5c7,2026-09-21
077f80345a831c9dab785ac897b78744,2026-09-21
107507526fe02d86fc4ee4f14545878c,2026-09-21
c199e8f2d7ec9cc0ca3e2e66375d6082,2026-09-21
166b3f0b00be65fc1e6ed7e3eb94a9c0,2026-09-21
ac13c1bcb7f8d79faabe08c1fe044ba9,2026-09-21
01fb69b3d90da8d7739132a7dba3a83f,2026-09-21
05c74bb8dae51a8d47675d6cb80f678f,2026-09-21
2803e12e873eb92868e5ae4911b0c70a,2026-09-21
17a1f115ff5313d44bb255636a8fa540,2026-09-21
6912f22a0baaf1ccadfb7e03f21a0bc0,2026-09-21
cec5ba118a647da5118c955ab8edb033,2026-09-21
b217d9e283894a0e7828d87d4af98188,2026-09-21
fb00529fc1a02e9704e32b72e9808142,2026-09-21
e352c74720e0e46d8ade849731620f35,2026-09-21
a8aadf0f496d8c453b427e06eb9ba8ee,2026-09-21
2bf3f95ba7da8fb81d114a1ced3ae25d,2026-09-21
a9a17eb868a9fceb914f496350db181a,2026-09-21
177d33e161484f2cd912b173547f3bd9,2026-09-21
c0614b24dfe803ddd5a17296f0a94b86,2026-09-21
0e752cf7da3f4638f17dc1ddb266e785,2026-09-21
ed5180e990c10ce0dafe9072a8790c94,2026-09-21
93f0e82b718215c153177a57294f1867,2026-09-21
77064d78f32e8195502ea74d7e560d4c,2026-09-21
839ad01672ef37273626a4c1146261b2,2026-09-21
2932e7eb301c94fb51bdd8e50cbdc03f,2026-09-21
17709704e4b935177c86bc105ca02693,2026-09-21
a0cae05ba054454089f96ae2f311a4e4,2026-09-21
47e05f7c9aefb83839c35a633b9b0acd,2026-09-21
5629c8acebee8893f55484c285bd2850,2026-09-21
50f57ee7cfc2b7adcebb49c74dcd8ded,2026-09-21
8be6ee413ecf90e2d2bc8d821374f470,2026-09-21
ea58f78215c2cd86a7c60a0c9605abe6,2026-09-21
d5644a51a9d018f2fb784cf619aeaf03,2026-09-21
ef86c1e33644ffbc4a3408aad4f95d7e,2026-09-21
3eadfb2638e0875f4b12f55251e4ddbc,2026-09-21
bf17aa8bcebaf861ba28d4946c6dcbc9,2026-09-21
48afdf9be804b09dd0c06c80520d6a77,2026-09-21
99c812b2235a6a05359c69fcd435e8bf,2026-09-21
ce8b8195300f1a375d739c5d45a28c3f,2026-09-21
77abc439011a46e85396a13dc7b611a9,2026-09-21
1b3dadae88c0f928da660cb09bfc9f8e,2026-09-21
327db62a4492cb4b9f9cdc4b840ed375,2026-09-21
4d320eef46e82be8bdfd9a5b11e70f8d,2026-09-21
a570c29b70ee034e6f8ec2a2e8e3cf62,2026-09-21
47b7b1f08837f735126d17b5bb57a887,2026-09-21
e14165009470a847108397052006d55a,2026-09-21
dd73358db7ba22e8c3eafc1a4ac84332,2026-09-21
10768785ffd0fffab6a096c82bbf3e7a,2026-09-21
d35af8e3921ee63e7da020214c87ee04,2026-09-21
af1e02e1af396c0583eb3317405671c4,2026-09-21
7267cc281f135338297ad7b752522eaf,2026-09-21
2687b3a84d0fcbdcf4d3d71c07b67e9a,2026-09-21
d8073ae47c805767ea104d0df121b76f,2026-09-21
6474e66894a1768dc115ee63c55564fe,2026-09-21
566dc5d031a8cc408a787a3949f87d70,2026-09-21
3020ff241bbf286cbbbfb722ea94f789,2026-09-21
c2888d5921723ba01fa9409275f1b791,2026-09-21
bd8004b296bb240869237a4623be0486,2026-09-21
32ff2b3b7d89f4e1fe11b69e705f51e7,2026-09-21
8eaa5576632822f6b5b1318b83646cd8,2026-09-21
1c31ab2ba7802e47794edd2db3043c25,2026-09-21
8d681b4b8745e56c9837e26b92401c37,2026-09-21
6c5aad34713620c887480349406e6669,2026-10-05
2542da92eae00db0134889f7d1f69f1f,2026-10-05
85fb5f5c988e9d79094f77eb37781d41,2026-10-05
cb6f9436f7f64de9e6447b4aa4d56226,2026-10-05
5fe94b4468df61cf5211345c439791f2,2026-10-05
da3f4796adb1bb3bc048a88ff1b0a1d2,2026-10-05
087e26b5a3a8b9997c25ae697bb63dee,2026-10-05
2d4c5ea2a864a14eaf110afe08e1054d,2026-10-05
e099281e5f585239a604353d99cf68e9,2026-10-05
917bc919691ef9c9600426449d3ad056,2026-10-05
6f36fa3ee66a3dffb6836855fc5eb912,2026-10-05
0685b5c46b1cb880e99f302b08c782f4,2026-10-05
2872c9363a15a306b865e01cc9038cde,2026-10-05
c854a3e45dc918606b4eceeea33c19fc,2026-10-05
f5819d36201ea52badc637543fd8c57c,2026-10-05
ac9287d54c8f858ab09bca90a48c91f8,2026-10-05
e08e83092a5e72eb1980a0330939ef51,2026-10-05
a2b289b539a759b5c6575665989235b3,2026-10-05
c5134af50979cb12152d3d7aa31e081e,2026-10-05
708cc5c65c5b15f4bb8a73eefd494bb6,2026-10-05
94dd39209257210b03df147f93ffc0ed,2026-10-05
33d05d34270054a231120202d8be4ab0,2026-10-05
21adbc74cd6e20a06dd7012c385ce5ed,2026-10-05
51fefb959307c93f5edc81361ae62e5b,2026-10-05
511187916e6e81694bb8625d0acca414,2026-10-05
0973c7745569337906a5c51947293f01,2026-10-05
c6442aa933e615d9fe0efb510561ebef,2026-10-05
5df2cee5254764da963ab0a90ac2f996,2026-10-05
c833ba0d42811b58858fcbea4ddebcb9,2026-10-05
f7fc4a123c8ceb32234129b7a31c3713,2026-10-05
95934f2f7679fda0d0f453cc122fceb9,2026-10-05
56702838e7ab3a62d8e8da9456574a34,2026-10-05
ece8a4b257c5238733019eab09aa0816,2026-10-05
75a77ce6d9ca18457c1096699b4c6d4e,2026-10-05
31ff7495390ac46b5d85622b8d9c7126,2026-10-05
bf59ae2ceff4f74367507aea1f05af57,2026-10-05
6247fa6ed445ac44e91b6ec145649507,2026-10-05
fdc760253a0ceddf537e1f9ca2ecf956,2026-10-05
5ff3fe1d7a9cadc3a157dd35ddb1b6ea,2026-10-05
e98bc071237dba144bb18877d8372584,2026-10-05
5fed2735fb42e094b6022ee9eabfc885,2026-10-05
c277d03a1527f9c7ce11e04c0e27036b,2026-10-05
404a4348d2a88aed34ca1906f8cab47d,2026-10-05
eb8f199e55f94514d0bc9d2ecb74ea4a,2026-10-05
a22555cead3ffc4329054960044bdbb3,2026-10-05
afdd00139a0d1e96b2e35e0fbcab7bb5,2026-10-05
28c146aba418fe02f870be818075ab33,2026-10-05
6676a01cfc4f1b35f4a222893c627f2a,2026-10-05
a3f69fa0f8c5039a168ca5066df7ecf0,2026-10-05
851e67beea0bcb1ddccc7f156ec30876,2026-10-05
a6faaeec8122483afed0fdfad6dc3aeb,2026-10-05
f99c054a4aa7dfb19e973a824a29437a,2026-10-05
0c8351c5b61b23d9bf493d766ea6c233,2026-10-05
7b165fd2b6419caf21e98a888854ac32,2026-10-05
e785c0d7d19955c810a12e56c0e4eb1a,2026-10-05
ccfd6f577e7995b4753a3156f951b8ab,2026-10-05
e65b186ceec50fc21e2ea62b61a542a4,2026-10-05
eefd5bbbb63ba61b1441fe3d542cd3ca,2026-10-05
f8f5231cdb1f9fc91693808bc234b594,2026-10-05
d894d9ca28ac04b94696a54e48eb6bb9,2026-10-05
044350a4ed08f6c3940454dece5cd6a8,2026-10-05
5c62239648528576e841dd2889f37b67,2026-10-05
54dd84441c7cce716955ea10f6f2c51a,2026-10-05
dfe012b5a1e2b8d98d9bfdada1b2db93,2026-10-05
4cf6342f25b9f01c893030a1943525de,2026-10-05
b3828507d018281a04a4f9f6ff58d599,2026-10-05
e5391e69d76260e7d6d7315bbe5568f3,2026-10-05
e3afd132b37367e1071eef3949194619,2026-10-05
a7e29ac14761b748ca82a4420ab0167a,2026-10-05
3acff66c9574d2709f53e436c8d2dfa7,2026-10-05
547e6f0c0c2157bb379da1f640b68e60,2026-10-05
8daf13b80c350d0845fdecd6c2c06af5,2026-10-05
94652066a9e63372ce86c7fb5d501e33,2026-10-05
7eb97a9cf6754b7570139eb885607afa,2026-10-05
bd5af156490ce7255ea4dc2445b1a9f0,2026-10-05
730cafa328ce8d9bee121f01009c8e16,2026-10-05
9070a8a72b52ff15270bc9bbb97d8bb7,2026-10-05
d678eba16bd106fc774ba4cab840ba73,2026-10-05
0358814d75bade7691005f528495a6b4,2026-10-05
f7ed500d69f414d45906079b9861a9b4,2026-10-05
bdfb37452f755a8fded33d9f8f5cc5a3,2026-10-05
0eadc3be3cfbec66331ca7af7268db93,2026-10-05
25bd33b33dc4674d1917872c17c7309d,2026-10-05
0a2f7b99712ef93c1fa0ee6f36b203da,2026-10-05
413ff5851729353bc49286744cd98521,2026-10-05
9e876cf2e0df5470f1a66ee77d87212a,2026-10-05
741991965abb7fa48cb52beb1aab78f0,2026-10-05
7d691c6083b9ae7cfd41a090821c3c92,2026-10-05
038dbca7d311fb45aa22dd74a1233544,2026-10-05
a5a4ef68655a4b04c642fb2873f84844,2026-10-05
5ee748775c547eb1103de3c20a8a6d28,2026-10-05
7c1a020b8bea96481261781b883baf47,2026-10-05
25c18a55805c06cdd3d181d350be7f2e,2026-10-05
2a48008a1901d4610b3542315ebc6260,2026-10-05
c542f23177a1841f5d18dbcbdf9fb04c,2026-10-05
e29643f9064a0c36893ab3f79e57f095,2026-10-05
2487517da37fac9ba3bbea45fc2028f4,2026-10-05
ed68eb2ecf74f812cfec27e041395a1b,2026-10-05
8db9b7be95bd4a929cb5a9ebe4ac8582,2026-10-05
4607206d757bab697d35f3813e4dce85,2026-10-05
7131f35de5be4b7f4dd1cd1b831a3e49,2026-10-05
98e994dbe06efe48c6b4a0913481f8ca,2026-10-05
628bdbd7c0bd9ffcf1eec656eb7aa546,2026-10-05
03e476cfd2a03bab6b0a10f5fab685b4,2026-10-05
418abb2c0699cb77879252ddaa243c6e,2026-10-05
ada2be44ed74fb9beb62b2734902cc91,2026-10-05
c9868b2da3abcc2a1266b8923038cc8b,2026-10-05
bc5ecc0e5a07c60aa158a820d06faea8,2026-10-05
0c413314a14e02d6bc9d269d2babf876,2026-10-05
5482a5d88af39872fb77052867083503,2026-10-05
95c5d3a40a9feb9052e82186f7d94bdd,2026-10-05
e9cf668e50653892dee6a5ac0bcbf1e7,2026-10-05
36fcfce8d214d11cc211bbd4604bdb25,2026-10-05
86f0713da316568b023de0f18468517f,2026-10-05
57741e1267bb6da9b328d4a9281605f5,2026-10-05
cb2285266bdf8885d964f7d9a05227d1,2026-10-05
7ce797bdc38228ac166cd65b794018d2,2026-10-05
2b74c04ee38d9e7d482ddb6522251f86,2026-10-05
d5928f9ca3661d8164d9dfa4d9627bc8,2026-10-05
8671bf979ae18df73ce51ed2595ac91b,2026-10-05
0f8175e18bfa646a244fc59c3b3194eb,2026-10-05
ca00a6e45a1137a9dc7cd6e366714771,2026-10-05
d96f21694a47cbe64057942c6388dadd,2026-10-05
907bf5cd58d967760f293822c420994a,2026-10-05
ee4b996aff45988111f0c4fe6717d5aa,2026-10-05
1feeefd51bf2d37775294c3dbb921c8b,2026-10-05
6666bae6851954438a35154b7ef869fc,2026-10-05
d88f1f8742861d3376febf8909f0f5d8,2026-10-05
4c170656c4c0c0cf05ed53891d4a6508,2026-10-05
cc3576df6b09dc6687882199adfb0d7a,2026-10-05
c6f97610428348b13235a9d65b269093,2026-10-05
5d3cbcf2187cd01a8329f4e1585918ef,2026-10-05
083a2772b0ab7fdcc4929100d38ad146,2026-10-05
f6342df626cea90b4ab28df56ff13d78,2026-10-05
8ae2b66091bba42974b89d7e2d8a665c,2026-10-05
b4b1cf5bfb3ac930e9610489b71467ce,2026-10-05
33af572cdb3b154d6e26fbb0d48c5a22,2026-10-05
1b17d33af49a29c60c9729ca4d5b9234,2026-10-05
93e71c4114172da0c78568315b8385ef,2026-10-05
17881ac5c89cd66a958d67c701a0c5af,2026-10-05
3f92c85061fd38188e0ea70f96b11393,2026-10-05
f559938bf34aeee4e45afc6839dd44cf,2026-10-05
ce33d4c2da135b8649ae72c139981b84,2026-10-05
3c1bbbe2c94a62a5072706b69bb5f3ec,2026-10-05
6b43591dffc402a718a3d21d51c014a9,2026-10-05
1fe4e45fe6c97d3cf101f59d9ccb8da6,2026-10-05
e757826c6590b74e7fb9999c1e1bd846,2026-10-05
3a482b137ba3b8e79171c9f3109bcecf,2026-10-05
750e3a99af45c7d8750d9888c04c57ea,2026-10-05
92503342e7ece21062e00e284aeaf0dc,2026-10-05
c0305d5138af8933a2a1e50e1c6f5285,2026-10-05
5c2eeb27b22e4d67b186694eac74619c,2026-10-05
4ddebf903fee128fb49bd7321fcdd8a3,2026-10-05
93308063ca3d86e3bc6733cda4ba6d40,2026-10-05
16e67111bac9704837fdf651f0c0bf08,2026-10-05
612a1df126b802c8bb43bb911d6d29cb,2026-10-05
2c850cade8aa99adbfaf53bd5874448f,2026-10-05
bee598062db78d5b0f31cb605eafd93c,2026-10-05
9901e8b3816109ddb4fea0bf2b2540e5,2026-10-05
e4cdfc440f75a0e0d142c0e51c3ae226,2026-10-05
9dd6decd1a6c12d1074007fd824a563b,2026-10-05
c2857152159df1cffdb78a2e39874f32,2026-10-05
c87d0d6da93b8e6ac6a19f92872c3669,2026-10-05
ec2bbb92534ec46583744d6717b9c75a,2026-10-05
11c450e3e813101c42b781c111fa8e6d,2026-10-05
7345d121bdf09fc4da96ec4810d634f3,2026-10-05
a114705aea4e84e2d52c4ca772a44f8c,2026-10-05
b67323336977f55400ef59dff28f8ba4,2026-10-05
3ef57bd9084dac127c443e58dcd7a3de,2026-10-05
bd87d000ea90677edda3e730a428402e,2026-10-05
53a1d1029f687c5a1db1d0e8d022338a,2026-10-05
6e755b9afcc73c9505b1bda3257dd4da,2026-10-05
b26811b02df05cd880bf5a7d62ec6ea4,2026-10-05
b2737d86135eb15bd5513b2440691ff2,2026-10-05
92891e44e3c9cdfbb88d82471551abf0,2026-10-05
507be9a05c5301b4dac2f6df13c5f8e3,2026-10-05
a24d1d4b7a2fbf8876787f902bf44c88,2026-10-05
4fd55aeb4574632de2b22c484ddc7c91,2026-10-05
2afcd4c56b5fac2ee6d9ca414d300fb6,2026-10-05
604d104f516fc241ffe1c3cafc192700,2026-10-05
09dad7c7f0f2ffc6c5fb462c37507ec6,2026-10-05
b9d981f555151fdc489f0f7929d9f973,2026-10-05
673d0a8a414b2a791dffe523a326c4b8,2026-10-05
8be5c2148fc7b9851f08bc9bfea21577,2026-10-05
d94acc5f4161db774006f63059c6d041,2026-10-05
ebc0b8ae268ac2d79fe978583a083aff,2026-10-05
84732aedd86d5dd155ecb8492317ddbd,2026-10-05
1aec5a1ae13020705c6b18de25c86b1a,2026-10-05
f110b3701593c38abdd00ca498993109,2026-10-05
037feb90325eb6b2f01eb8dfcf5cfd5c,2026-10-05
a8c1020add86c7c9f5196a70c441b98d,2026-10-05
1a86e9c0d880d93c292eceab4a3b4866,2026-10-05
3282eed725aa5b3dd6ef425f9a9b9ac1,2026-10-05
6e7b6766185796fe45623d7e52720402,2026-10-05
40d7ce118f04230a23b0b7b25cafeb55,2026-10-05
5de22f379a36fe1230866b8f58fb0f34,2026-10-05
8390c0afd7602da550c49cf61958f519,2026-10-05
c869eb163a9ad8bb8ed59a6e46862d71,2026-10-05
f4efcd3b8e4aa04de762575371380884,2026-10-05
de9b0feca33c69ea12b6afaea877ae19,2026-10-05
33de444a4324d79f3f966f078bffdcee,2026-10-05
76a908f23e968c8ffcd6c8de6eca5342,2026-10-05
103f67429193e8156130889658732227,2026-10-05
ffc60862c05f17712dd8309d184961ca,2026-10-05
337fe27b9cf576bad0e56358eec9ae3b,2026-10-05
26802bd0b1f66bcb9c783c6341402d5f,2026-10-05
c09c24e4a3f1da32367b4231274a25e0,2026-10-05
b0c2ddb8da016cdcacf651db0fc01ba6,2026-10-05
72c9b3d01ab332790e23fc890003457c,2026-10-05
4a013a2774c2e0c15fdf891b419576c6,2026-10-05
eec59666de303a45cefcb328f0c58dd5,2026-10-05
ecf5992053ad1c7c398b7ac506a43259,2026-10-05
477d9db85069ba45357016eaa3385a94,2026-10-05
c65be9ffb61540657b55914b98613ae6,2026-10-05
843919204796b7770c0fb27a2e4914fa,2026-10-05
107fbccc8566ddf4fa861d4f19a84f47,2026-10-05
372a781c75013466d3e387a6890e82ec,2026-10-05
90a4e9ae7c4fee66561cef9bfb908121,2026-10-05
d25b2d0aadd3addbe1822f84dbe6add6,2026-10-05
9fb3e9ee85c14566d3a3b3e6fbec427f,2026-10-05
3b69b1affe91ae307e0886066412b0b9,2026-10-05
7b5060de27ba70e94b7b311cb1bc36cc,2026-10-05
27591297f30857166f9b52a5bde68a0b,2026-10-05
f64c6e8664d3327f99acb7109c4d1092,2026-10-05
d11c99dfd4ba3a483804829ffb45281a,2026-10-05
b65f8deea2a181963d9d7705042251b8,2026-10-05
1895a91ce94c8433af9a3bc2088074fe,2026-10-05
d2da96cba997e88fd710c5d8ec8263d6,2026-10-05
3b145ef325b4ad8ffc518eac4d733a69,2026-10-05
099de338d4193cd66d67a929872ad48b,2026-10-05
e39b2621da2aa42094e285133829c6ed,2026-10-05
27b4f3be9ed53c45f89da89e22edffe2,2026-10-05
13c9c4702e2469b125a4d703adf861c1,2026-10-05
7549db4006968b6d6c4e6e14e76cc6dd,2026-10-05
3db4aa8e1d731bc74a48d971abb27f73,2026-10-05
f1f62ac14f84501ce7df4c76164f5ee1,2026-10-05
ee096d7c746ab0165e2ccc40e7bd172b,2026-10-05
29856f51af8802c854ad37abd5c25b1e,2026-10-05
244148a9db1d4f2713d44c0b14ff2735,2026-10-05
62d9697b092776f0172cc3dc8d9749b9,2026-10-05
d3fc40181f0dbe0e73fdd97523f0be77,2026-10-05
2824790511312b2454e30746426df264,2026-10-05
08b95f0e87df4ee0cb8f2458ac6bbd6d,2026-10-05
ad511db6eb4ad5f0df3f18e0027340f4,2026-10-05
ee1171555c34b1d9b83553f160c17575,2026-10-05
ce15fc6377a13689dbec7caa6540fae8,2026-10-05
ae6f5c744571af8c296f352c1b304c2f,2026-10-05
d38ade749943aabe7dfe84da7bd1df0c,2026-10-05
f3459e80af822272f887cc1d16c9c68c,2026-10-05
ed69f75e634baa4f56a513ac1c12a817,2026-10-05
163ac071553e44ccd748c77eabc2b497,2026-10-05
b86ae63ebebe7744638ec425ad778d2f,2026-10-05
7cc985438391d4144669bb732c0ebec1,2026-10-05
74a6f54b91781bb097766bd07b054f1b,2026-10-05
40cf37dfd178fe1365c529ae3b8cff3c,2026-10-05
acf95a14f1b02c7a64eaf31799bdff16,2026-10-05
54302203e9eaac800d88a5f625da2a28,2026-10-05
5340bfc8400c4b415f4e9b94bbb34620,2026-10-05
9c510b102f4804b612efb194509d9fce,2026-10-05
e46ebdf9d3e4b1c68fec2cc69376459c,2026-10-05
9bb36f5addcdc8281d1266e388dfed86,2026-10-05
22c3f58eb874970006d1cb055183ab10,2026-10-05
b3dcc6650c57f8d618513c89dda2afcd,2026-10-05
b980693216bf742fe01fa3f329043a9d,2026-10-05
d8c249caa5b9caaffd62b33ecec65be9,2026-10-05
c1ff2214fd60b9d604eac6a1d01c742d,2026-10-05
671963dd143e5c5155fd338f2f67b207,2026-10-05
7b62df94b2115b05b6b42c474da5cbfa,2026-10-05
2a319dfcce52f56035b2ef116e922435,2026-10-05
f1d6c382d74aabb77eeedc54e9632b4e,2026-10-05
d2c44291f94348d49ae7720b524fdb86,2026-10-05
2fec06f330ce95aa689949f73a06c344,2026-10-05
ba72fc3c0f5b33e076dea7a2966dd144,2026-10-05
ba555f824ada9a0cccda50a6e8e842c3,2026-10-05
d8499ea75132e1ec4fa83add6395b2ef,2026-10-05
6d6ba06c483ca3bac4ed9d55b5330bef,2026-10-05
5a0c38f5ec68d416da71ab3c8d6861e8,2026-10-05
2824928ac868ba8e3d2caf001b10947d,2026-10-05
e6d65ebfb86d079bda903bcb3e8cfcf4,2026-10-05
9f3117d15f5687fa9fe781a4bbce87c2,2026-10-05
2498df3a3ae9980c476ba059bb440b10,2026-10-05
6bbef9ca1630db7ea024f2a3c609bacb,2026-10-05
fca7101b813f317ed52eae886e6f3bee,2026-10-05
3b2e0be36d797882d6500a167dcc5578,2026-10-05
0fe45bab24d84c3edbcf0feec49065bf,2026-10-05
a3806a16984b8a7df4f6ce7c44562587,2026-10-05
38b6107e52b7ba0ca0170e99f19b5e24,2026-10-05
f9d9eca36768c15d4d0da31dbc82f659,2026-10-05
31f871546c4d8d56d85006fedb31a0e8,2026-10-05
9faa0b3119d39a0c612ce6625896b4b4,2026-10-05
d0ece99c797d9ec38cc1dcb41e14ae88,2026-10-05
4fc14d3829d526027d994a2ca13f3262,2026-10-05
eaffaf6a2c5f58925ffbcfdb4ee07c11,2026-10-05
a4e480e6fa19085bbbf861306b4db33e,2026-10-05
a278b7c15a178a401719f626bb4cad99,2026-10-05
b28d4eee863c20959d9713d48bd6cd09,2026-10-05
2e4f6f801cfa09213368c1cfc86cdd8d,2026-10-05
2f59d13cca140df88da7f3d0762584e9,2026-10-05
209cd6c177b1b326a8acdb8f63f2e825,2026-10-05
f680b68a722a9ac41c18abec29e8fcef,2026-10-05
a71313ad367b90312dab40d79aa7c324,2026-10-05
1cf336b5effae29f73e7e65c896cc674,2026-10-05
309d2b3fce37c7cca01fe9182160dd77,2026-10-05
d4e48875c689520384baeb0f9b164599,2026-10-05
a155377b029c8af92c83266ff6d1ffdc,2026-10-05
2350fd0090084ac29d46d1eaee56e1ff,2026-10-05
91c415e9c2206ff126f0e6681ec0b313,2026-10-05
7d46168baf3ff080644806dbc144f9b0,2026-10-05
797387a94c5f5720e8e2f7d5ea33a958,2026-10-05
16cee1504f338395cf5bef10a0215842,2026-10-05
38932632c8437d440000d95fc601b665,2026-10-05
f855a2ab6b653d131e70324d940f7b0a,2026-10-05
2394365a568f8ca605692cb967a06724,2026-10-05
65af53a3881eba8b056b6de4df113b69,2026-10-05
692fb05b1ea2bc9cfb5d13e876f0356a,2026-10-05
dd59d3050705029c0eefed8c34811586,2026-10-05
44e8b6ac38e6c569c14481774339ea8f,2026-10-05
f034faab1377e71bfb59c51d52c282da,2026-10-05
c1cac5372d7766279b999c20ea2d995e,2026-10-05
624e4fe3304d8b4feeae9d0256fc489e,2026-10-05
355968c1550ed0cdf129fd17fef55db9,2026-10-05
0fb70bb55b16f0110d59c3a222f8cf12,2026-10-05
e5f2418a2af092cd1808492cd1d58d98,2026-10-05
ee5e47f4857eba17caea593249d7eb49,2026-10-05
998e6117541cdb38bf2ba69fefe33d92,2026-10-05
40341f6b92058f1bc711132b802f1ee0,2026-10-05
c3eacd8dd716a52929969bd28f461f57,2026-10-05
d42c03ca95fb68747caed3fd87274e02,2026-10-05
3fbb9547765fe3cb2eb3ffbc3cdc7c5f,2026-10-05
daf9b549a902b32755f235c129d2f316,2026-10-05
2c29a41a82885330e45073e92bbd3016,2026-10-05
d55872d42ba13757a0ed5b42adcaf506,2026-10-05
b413df3d2eb5895a8eb4dbedeb432b80,2026-10-05
57625df09b8e769d3fe5c99efb07738d,2026-10-05
110eaa3f737aaa683e25d5cbb67fbc0e,2026-10-05
27e58d53363213c5f6c9c5d7754b1512,2026-10-05
623380a15cae3aa5e0c069e6c3c16d17,2026-10-05
5616f12510aa846cac73459f920991e0,2026-10-05
8a420d25cf95194c9d27e9d3cf1ef10b,2026-10-05
36ba936a94a1e96fcd68d55cab2f7864,2026-10-05
891edd438fb0eb207c10e653eae77d11,2026-10-05
af25ed5446d516410cae8dc10079f627,2026-10-05
0bb1ff9b49d5575dec034fdd7a0d1b4f,2026-10-05
de37794f17af41660b955e95e031f67a,2026-10-05
1db010b25ab1735617a719db01d0d0ef,2026-10-05
dd34da213e90c866cba0150385e912c1,2026-10-05
999d6e5c761ae19babd3327bc7b69461,2026-10-05
88b4060185892fa69c76f217397c2b22,2026-10-05
f98642b4fba9fb68dadc584954a4b3f6,2026-10-05
bf12e31a44aafca489cb5ea9fd7223d6,2026-10-05
c1399d24713e19d9494f972ca62241ea,2026-10-05
ffd8cd04d2346d9e3bc2c386e692cf68,2026-10-05
7a910f8f71a141006f663711a7532fc8,2026-10-05
dcbb4b32c87b328781431676dc90daa8,2026-10-05
339950713ee81a7d33480801c1084ad9,2026-10-05
630f2171a106444519bc090983abdff3,2026-10-05
83412cd4f0442757fddb864179ba3c69,2026-10-05
ac602f08626a197e80097095d020347b,2026-10-05
f1983f27f64b526af07a84edc6421b11,2026-10-05
c4513ef90f25dd2584c75732571468a5,2026-10-05
721ef2ba0331db0443386fd0fa15c793,2026-10-05
bb6fec81a26084dc6dd65d18ff7c5f80,2026-10-05
9546a9e72365c6f3e1268494d0665283,2026-10-05
7009009076782b2e15dab8b906c11447,2026-10-05
ea9eaa454401feca583ccf625704d40a,2026-10-05
b8395a92a25fbcc086fc98390e647e27,2026-10-05
b93fa9c8af3f2706b409ec4fc79a524e,2026-10-05
3060b3fe595d74187f05b67f2e2c8847,2026-10-05
30f0faef3861bdf42dc047723ceda6de,2026-10-05
17f7d6abeb60d35ba0b73a6d508da42f,2026-10-05
43c3600f8155c09e7b0ea628daa0f50c,2026-10-05
ac7ab4b59fbf27f8eb5840880cbf84aa,2026-10-05
36d23684cc411d47aab1258b77e5fde3,2026-10-05
352734adc6d32cbbca143dceda665d2f,2026-10-05
a33b755bfb433bdabe5b8a81f1e34c63,2026-10-05
159b0814aecd49911ebeb81a5ee45f6d,2026-10-05
60d297b983998c827001ac1f41a94b41,2026-10-05
a78eac75a2479bb8790d1f2934228116,2026-10-05
13f147a852bd6344dc8b793e2173a37f,2026-10-05
aad69e25ec24490464f8cff46bf15b21,2026-10-05
69c24fccccdccdda761d39aeeeacc57d,2026-10-05
2f311404cee4c07c42e2c0c8e7898a9d,2026-10-05
5f5fe14915f020b6ce9104f9edc5b990,2026-10-05
133282b882ef4458c39ae3f55697ecff,2026-10-05
1b54223f609d147a10160c75a6e3d4ab,2026-10-05
b92352bc9c07abc9b8a59c2145b2e068,2026-10-05
a7e9b02726b83a7e07db8fb682de0d88,2026-10-05
5d7cc91cc7cf253e815198e372801b89,2026-10-05
0d11d76d89a7d621fe9c633cf6fb2523,2026-10-05
c3658781c0e4d21805bd5f64e60f84c1,2026-10-05
0e77ca775a3dff73db5bf47b92080891,2026-10-05
cbba3aa7fb362bf0fd94de51f1f10c58,2026-10-05
da4e5256c0dbe4ed1a4e08f1ae4f5085,2026-10-05
a8cffa21eeb68dad8c8ac04106f33f20,2026-10-05
778f8cacfc7db0073f1fd995b56932cc,2026-10-05
4398d10f1418e24e038a2618d79e1f51,2026-10-05
495a19c8db3a4fa71f1800aeadc15bb1,2026-10-05
66dd926b1deda5f920d17ec8b810f359,2026-10-05
78ca2d608bb11731b5924e3fe6a38534,2026-10-05
9c2c7a345fe93e0e6fd180c85bded39d,2026-10-05
95ed94f5c0a27d0aab7a1789de9e5bb9,2026-10-05
ddeb349c8a568f816e6484f00922a7ba,2026-10-05
d2a62bfd63f77cd989025d65d587bc68,2026-10-05
d34972ec691f9d671c997e7e26b42066,2026-10-05
d9096598b503049ac1968cad9d89f819,2026-10-05
e9beb0c20435d133dc875319842ff350,2026-10-05
be6f00255c9a2a16c76a417c572404eb,2026-10-05
988590f779f5036a2d023a0d519d6a1b,2026-10-05
66626820068fb14e55a5d45ba4d55663,2026-10-05
777cfb7ab6dc4d86cebc9f2b1d3c7210,2026-10-05
7f8c88b2c54934673c3662d83ba1408b,2026-10-05
d8063336be1509f8f59b7fdfa5f81111,2026-10-05
dddbc4ad6328e7258a96d10208f2bbfb,2026-10-05
d04dc7f37aec81a1762d7c7b19e42cd9,2026-10-05
e86f2b872a05f7867f67be6a3ad3cd57,2026-10-05
cefd0c5f12959fe99faf1939511afb69,2026-10-05
03ab4cc2a872c01cefe4e2b3e9d4f715,2026-10-05
14cbc9a0e3928e1d7ca0de45100a394f,2026-10-05
829344abbfe7a0f05abef3983c0dc7c9,2026-10-05
dee1fa81d9e36a5eb820fa5a582730fd,2026-10-05
4f6f476b9b1958693292be80ebb34530,2026-10-05
26f345b1f818c7918c30e010e40c8b01,2026-10-05
c8de8cc510a652904025e00540d64037,2026-10-05
fef01cb631998b5d503c9df659b2f0d1,2026-10-05
eb8ecfb01c7100656064c7ccc1ee43a9,2026-10-05
32893be4433ccfcf9eac0af7e611d438,2026-10-05
8b025222110a288dc51925d6c48aa84e,2026-10-05
a1cdc7015d9ddeb7dce692371abc9573,2026-10-05
979a24fe047dfe8c7f2e5410a7c3fc6d,2026-10-05
ebf37d5e7b918a560c0a038bff47af8c,2026-10-05
4b0148a9e3bd874967d1893385095e9c,2026-10-05
0b83794448405e7f4e3624ba78c02635,2026-10-05
a77524da56ffa13687dc73b81b6d7ebb,2026-10-05
0c9871148b69a4f4b23ad38233323ead,2026-10-05
990d32bb4a1fbd55e997c52f1fc8ca19,2026-10-05
38223ff5d7a0c65fa4c9770ec687e1da,2026-10-05
a63c45a7b6c58f025731e2f1deabce13,2026-10-05
457b994a6a6bc6f80a84c6195bac04d6,2026-10-05
245d0173b7c1bc8e7d597889a1e4fdcb,2026-10-05
c8d0ddb517a5cf465c5b6e053901eca8,2026-10-05
0cc9739a61472a2246d4e25285507b71,2026-10-05
52b76cb9c64cbd22dd5403091598f810,2026-10-05
81a6d7bb1259b98326cac92d3b6047ea,2026-10-05
aceda780d602c59e9ac554573e9df2af,2026-10-05
62071197230d2abfe01d607b94fa2405,2026-10-05
0327644cd97d77ad5a7d5f7b3df45eed,2026-10-05
6cb1a3f6dcdbe809e9ba01045aaf25df,2026-10-05
afabec265181b771d75952800fb7e8c7,2026-10-05
f977fba82d50677965e67455e974d951,2026-10-05
0e476de960f6406976ab06924d894f10,2026-10-05
80c8f728dc35b6cdc805edf3c4e23e16,2026-10-05
ab2aa472930bef176f83602f395e0321,2026-10-05
16f1f830f7274f4030553537c714e691,2026-10-05
c99f81c6c6249cc90dbcedf8f422ac4a,2026-10-05
6c3e41da4977c5cf459c31abb1e9e2cd,2026-10-05
57d68ad64ba44075d5199d531bcf783f,2026-10-05
f1a67755ae78a80ac6cb719b5791ff17,2026-10-05
54e298ae1004c418b028757ba97816e0,2026-10-05
7dfec40ff837ddccc23d5a6630c9ce20,2026-10-05
33038b857869b3a0c63f071a6ce65529,2026-10-05
4c5cd6ec376bbd1d3a8da5a245d658eb,2026-10-05
df8f8c5823d3f17cc39512d886cd7655,2026-10-05
5ff23fd2949e720b1df7ea0bfa775b3e,2026-10-05
b68f50393c08cce66080f7377116806c,2026-10-05
1335f2f9c0a016d1aa18c93c3dc6a327,2026-10-05
dd7cf64ceeacb9a2530970813ecd0b8d,2026-10-05
0f3406e9e12b19f6f354c9b40f1f1b7b,2026-10-05
ca7103948d52b9632f91c7ae025bba17,2026-10-05
2589b0322f430f097f80ef6d9e367622,2026-10-05
aba55f1deaaf3d7448b385f2ad09b114,2026-10-05
470a393a97ac7316b42a5c68ffffe959,2026-10-05
0af949765a93afb8b9a2b7412d1b7e8f,2026-10-05
ebb796f7fd505af98480de18bedf9bc2,2026-10-05
ff5c86fbd1868b72d188fcf6ee7c655e,2026-10-05
8becb15664b700d4b00f0abff86f2807,2026-10-05
bd60ad6b088e5f124c709330805e7452,2026-10-05
d623a190e8a22a7e8e1ae10d80413651,2026-10-05
85d0f338b66489f65a3b9686a721b192,2026-10-05
c3b59830bfc6798b130ef99994055fa8,2026-10-05
66fff79cbffa2b35bdfeadf186508085,2026-10-05
4082d307186cbf1a3b78acc0f7d6e000,2026-10-05
2867d612fc35317ddcabb650b3099850,2026-10-05
78832cde7a280ae39789ab4b92abe93d,2026-10-05
2069b14bc43fb3c52450f0def6250a43,2026-10-05
f4642d9bb52f895303c413242f4f65ac,2026-10-05
71f414614bcbd21d022c46d141cb8bb4,2026-10-05
e9c27dc4996faf2b20ce0160e2c92a46,2026-10-05
976a57265696d20611f6d1815fc35501,2026-10-05
719b554613c4fe9c1271b9cec6625eb0,2026-10-05
7348f9f3c25225ddde8970d7eab6b1fc,2026-10-05
114a2341963a6263da14fb56810c7c5f,2026-10-05
20e77b7de19ba3d80a349ee1ebe34087,2026-10-05
846d920184bc10a2ab77756806507b60,2026-10-05
db7858d2eeb294f98c6119beceb8ebf4,2026-10-05
a04062dc5273f7470a252d2191801927,2026-10-05
c5b26c252e02840b70534cb333798abe,2026-10-05
14d7ea6ed4d281cb3de611a16fc9b3fb,2026-10-05
b5d83233fc16a33cca3ff23110521d0a,2026-10-05
a022e8d61cd5c91de38dce9efdaa5c1d,2026-10-05
a0889e2e5b473826d3bbe1732560034b,2026-10-05
0445195841873d83abfe2c8b799a5150,2026-10-05
b19140c937afe0fb10bab4975973eb66,2026-10-05
17c3dbe628260171e4f0581daefff6bc,2026-10-05
e0c4a3598dbd23d37d5ffec6fee9a78b,2026-10-05
eb850fd8f8d9aa80c36c849212953ca0,2026-10-05
28ec4aacf5de5aac76b8fb0bfa46d5ea,2026-10-05
b2b008864b57c2cb6221497c5418dd90,2026-10-05
fa81a44289be6b5b38d7198db6fc2a1f,2026-10-05
527af4ce83125f7b4d14a1a5852b7802,2026-10-05
cc3067ba6071c95dd1676856e6b682d3,2026-10-05
e418f05f77ea2a42990ce280a479aad0,2026-10-05
2c1cf99491f89b28c4c123f8b797dacb,2026-10-05
82282912212655005c6ea30adb206911,2026-10-05
43553ec0ba06108fb09492e1b7d028be,2026-10-05
108c29c9acc5fd369471d1a3cff1717f,2026-10-05
39e7a19c0b0b22a6c519065058653b82,2026-10-05
84d66178b84ca65be3863816c944d5bb,2026-10-05
bc9bd44fe59c9ed20529d578361cac67,2026-10-05
973215c4164672ff3952a2137732b285,2026-10-05
f71454c36713d61ebe538c38900607de,2026-10-05
a0e27bf6710ac2a4c59cba37347a02ac,2026-10-05
e7b9cc260ef011ba929eb88d71aeec7d,2026-10-05
0e7d85226b46610cf49068329c1bd057,2026-10-05
77ea3e1127a7f0a5738c5f015da0ec0d,2026-10-05
35cd087e08d92298c602a4eb606503e9,2026-10-05
658b3be480b559981e142e865fcd63cf,2026-10-05
be4b644e371c96a2537454d89aec427d,2026-10-05
791e18ac3f69878e1563a99533967a52,2026-10-05
6fb3889592d9ff651848cf4c6ecd4d22,2026-10-05
d72836f0afb5b34fb66a3de4b9f9b6cf,2026-10-05
b53c4f3bd5b6c4e72b9219225dfb8eaa,2026-10-05
efb087d938db14c4e6e1ab1f075d8141,2026-10-05
1b6f70c707e8e5052f8924e235e8c000,2026-10-05
4cdd7e180870dc5e7a90fe0b09135449,2026-10-05
6c75d77e260c8b383acbcc8bc3153af8,2026-10-05
5b78c4e55972d88964a566dfa6ffc31f,2026-10-05
1de15d808eb5d297d90dd4880abbb49f,2026-10-05
380616d454a892490c1900d22c02666f,2026-10-05
a107215c880dcb00aabe1b91b902d922,2026-10-05
b0143fad121f700411ea3ff4c1a7b04f,2026-10-05
2dd8963260f234d56d7faf3b70ff2216,2026-10-05
06357b5d0e9d403ff5249c13b84777ce,2026-10-05
a8fb0bb405b79fc1a3feb63c04bedced,2026-10-05
c029368daf4cccc3d69a0f3f7c406e8c,2026-10-05
5731511b7576f5cb3120ad1a76e912cf,2026-10-05
bd11cbbbd35862ae524710528c3ede4f,2026-10-05
a4d6f235b15537ef716429f32ba8a7bb,2026-10-05
b34be03361d3f1beaa85e6dcfbaa3f6e,2026-10-05
e9940da04511f15b8546c960d8b55642,2026-10-05
8fcb15cb62bf37992ca9f96505116a25,2026-10-05
ffdd801fb08c0d912dcbfef19bf97d13,2026-10-05
73ccc297822d793f07d87f3f25cd8151,2026-10-05
e38de277bcb187658fba7cfa753026cb,2026-10-05
1a4932b273b2d4cb8a1c345014c57ff5,2026-10-05
59b92386075be4ca6b093bda3ff9e936,2026-10-05
cad893702c6f1775618b3608a272e423,2026-10-05
7e35538911d00b5506e0d26383045a0c,2026-10-05
22c5e4e74e5ac89f413c858450cd4dc4,2026-10-05
98b9dd1fea1addc7e64338612e9d6e22,2026-10-05
47e29447a4acd0ebc003dfb1751c5192,2026-10-05
84560a7a3ff208e601f39512d04fba4a,2026-10-05
4787bec9876b291f8e22e5e84d67abd6,2026-10-05
b4e9e927f8191bd70c3cd4f9bf356bf8,2026-10-05
1f333e9f922c3c8d70f40f502890d0ba,2026-10-05
329ae20c79fcf58ef3dd06b2afb96190,2026-10-05
fb84efeac0b159e7d6ae3cd0692eaec6,2026-10-05
1817af19cf2d77589b84c9eb950e9820,2026-10-05
9ffec892523355a0c0f99875e3cbddce,2026-10-05
b50bd34e902a471a633183e7a566d9ec,2026-10-05
239be808141babce383f710a3ee02efa,2026-10-05
d9ff613e033686daed4c1e09c6512427,2026-10-05
ad0a9dac5e1878fd850d4595fb101ab7,2026-10-05
78d694c811312c0313e20e5236e93e67,2026-10-05
cf8e7a7aecf80c8b9f4d159a108d8f8c,2026-10-05
a6b3ec5d22be3098f6ba339bca5c456d,2026-10-05
15a89f610657133486472aca6b883479,2026-10-05
cf409f5667efc9aefa89a84c29053b75,2026-10-05
7eff1b373a0b2421f028c42b06e0911d,2026-10-05
5f2a66d6628b758dda380d5ad756e14b,2026-10-05
868874f572103f5c92b843af807322a3,2026-10-05
c23ea0788af07347543bdafb05886327,2026-10-05
08ac448c9b9aa169a9835aac4df32fca,2026-10-05
ca15ad877f6cc11679de0e1be09815a5,2026-10-05
0d942c05da79bda6e373518bef9ec574,2026-10-05
9565462feb3dea31f571892d3bd93c23,2026-10-05
5e8acbb15b4a2dfe7450c809954462f5,2026-10-05
2d28676ce6c23329da67154520d9d8eb,2026-10-05
06ed002a90beb9062fb7a593fbc9650c,2026-10-05
357114db44b3135a1023ba36b45ef4a8,2026-10-05
dd56c601b225874f03b216d47a87e46a,2026-10-05
528be2dc55643dd897880b1f2949e8d8,2026-10-05
d2522e7308a1662f7699757a96be9ec5,2026-10-05
2f87ce2d12bec0b1b5d4c4aa2ac6fc82,2026-10-05
731b336e49f93a7c698e578c52259342,2026-10-05
e1872f7bded868076c57f27862f4a1c9,2026-10-05
3cabfb86d0a91ee74d264fb21f1585b7,2026-10-05
79ee407a2f1cd70378ddc332afa68943,2026-10-05
0833be77574ae0ed0eb5d1993a58ed61,2026-10-05
3fb4cced8acddfa4cf98dc8b5eb180b3,2026-10-05
d283d8d50b5875ca6a20d2649207dfd2,2026-10-05
1ed143d4184e72dfd5fe0e9052d3a8f2,2026-10-05
9c1d50069579a374da399e8543540a28,2026-10-05
e1ffa4518c1d64555f1f6eaf0af8b7cc,2026-10-05
d5167ddce860075ca6c4e300d9e0be67,2026-10-05
e113002bc2f5c9fa98e7943be75eea46,2026-10-05
12ccad5da00b67b3c97563c6d8284a73,2026-10-05
54d4fed90806c65d5ee4e865028a0728,2026-10-05
e457e3d75e2bdd57cc6a9b279a1f629e,2026-10-05
fae5d4f40fb71c9850c26543bd9a8bae,2026-10-05
9b33a56810c5403b0a491a1951d73f87,2026-10-05
234711314b39563f993637e091009741,2026-10-05
6695601c8ae16e17d4223e80636ebf58,2026-10-05
a0eab80cb2ce6b0872cce409a9bfd1aa,2026-10-05
f6daaea3373e539a11fcdbb6847c9da3,2026-10-05
1b88facc5c2b445558d974d95f951363,2026-10-05
bffed54cf5c2ca0fd10d4db74c923a93,2026-10-05
6122d58930846b658c93322ab5fa7b61,2026-10-05
c8630905051bad2537e0ea7dd745a77f,2026-10-05
c643c9db2216f4a1b1a2d5a3eeabff0e,2026-10-05
19ff6cd0dbb9b65d65fd4586305b4795,2026-10-05
921c57659178d724e91b25434aeb805d,2026-10-05
65033723147da8de4e5c9a7b0f0d13ca,2026-10-05
10ed98a94158841da709e65dde586023,2026-10-05
be37471677db47844a5e2da5592fac0f,2026-10-05
202a3efc37e3b57f6933db2a64d1503c,2026-10-05
2475d1bd6ef4d5acc06fe259f106bd3f,2026-10-05
9981da066c6b957d10c5a78fe481ac9b,2026-10-05
32f63b6acc920df242a6e82760e64c26,2026-10-05
a15a3d79996515398d5c218e4d3d7d23,2026-10-05
952072f4cf0cf10b2c23d97bf35feceb,2026-10-05
c9f712844d6230825ed1ad4cfe481eaa,2026-10-05
a9996a53b48bc472b17311ad933ed7e1,2026-10-05
726e7f784e87756159cf515359cc0f26,2026-10-05
cdbb41fc84aa6400a00fdd1ec04c17e1,2026-10-05
20d5a10a76920d5a3b0ac00f4d6a318b,2026-10-05
53a8a5dda6b83f56b48e6e98465c84e6,2026-10-05
eebe22be98c621d27b1aaa9118458160,2026-10-05
1a6f6aa2f258dc50a3b0df20364ce83a,2026-10-05
1540a770268e8e69bc9ed921ba162568,2026-10-05
e2fa8e290163f3111244de4259a8f2dd,2026-10-05
d6a6e9ca48717b6b863d9796b0a70df2,2026-10-05
62b0d3c30c74a1725543387dbae759c3,2026-10-05
23c2ff556b456436b07db6aeb493ed9f,2026-10-05
1280bd0e5122fa8b7ab9fe37ec7f4548,2026-10-05
44addf8c2945a097ca3971e346dc721a,2026-10-05
2d1db53e7146b32a4bff02c11cbe9d0a,2026-10-05
d8cad5589c16c8c7c1dbb7bc3f5dc6cf,2026-10-05
853a6e02a2776a30c0c91d49c6181b2c,2026-10-05
ab8632016b01f07cbd35af1968603486,2026-10-05
806df74591bc5fd447ed073e6dc26dbf,2026-10-05
a93c35027bc5c1e8d1197da466806421,2026-10-05
5fe664144dbbe6c977b23b929487a548,2026-10-05
1c367bf892b74f11213894910ed1b924,2026-10-05
c52835c7aca9ef277aba6a03a7abd5d8,2026-10-05
188c25ba536b85ad4038b8e7ddfc93e9,2026-10-05
6dc7fe0fc7633e6e4f7463ec9bd0bff8,2026-10-05
b5d8574c5119c6cceba3702b35a3e6d2,2026-10-05
5e850e7a4fb9ff8aff24082c5020b823,2026-10-05
40db6a3433a565c47307567b4be2a125,2026-10-05
2136d8a9744ba41d223ade208b4cdf0a,2026-10-05
6f101b605e4034d68259076fea787d5c,2026-10-05
1037bf410a9a3c46d6fec336ccd16468,2026-10-05
1f6f9c8f9df4081eef4e42440cbf70a4,2026-10-05
2e51268c6824af582f6576e17fb08a5c,2026-10-05
9eb41c1f3b94acfa66f18f0b3df154b9,2026-10-05
4e70f2d6714f7892cdf9f53a1dfbc419,2026-10-05
6ae2842b45e8731dd7e327b4d07c6296,2026-10-05
62012793e11ccccb0c2d1d0f0bb8cada,2026-10-05
658308859e3b54e360b2a2feb9ed2810,2026-10-05
fbc04965ec0a2b188dda8b219745542b,2026-10-05
3d08c124086bc690c785a683ccedce0c,2026-10-05
e7a32d11c6e499cbbc30e24c4b87bd06,2026-10-05
4858224b671112dcb48aa3982510367a,2026-10-05
e0724eb0a61d1d9614755c5d1d906332,2026-10-05
fe2ccc7ae23dd5de05f1452c2efe0677,2026-10-05
431121e6e29a365f615c263e7de2cb6d,2026-10-05
a147b389c42c74f156a0b232c5420a5e,2026-10-05
3ed96959caca8e7083ac0493b947d802,2026-10-05
00b7d25235b892432ff5185d1fc4f08e,2026-10-05
e5356b7fb76e23869193cc302f8f9610,2026-10-05
6f0dff853de9803782f786e50cccb749,2026-10-05
ab2f4cf0cbbad13836b952ef85ec5d80,2026-10-05
f8db4ab804ced9ce1783069bb3eb973d,2026-10-05
64a9a31ab89f9bf0346d0d5e7b3c28ec,2026-10-05
9516adc2061b37cc96c764b490f406f2,2026-10-05
8c309a77ac6ec19e9e580c9f937521ae,2026-10-05
8efff38f0249d19328b14beaa8d009db,2026-10-05
1540957588bcd7c9db23e52057b1e582,2026-10-05
204efd8ebf9c5a80c8d31cdaacaaea85,2026-10-05
144a9d9da242f5cdc8e6468ea7aa19a6,2026-10-05
cf30af10ee7650566a6bb5842c04a822,2026-10-05
08c3375fff3c5197fc744a05df0fb0a2,2026-10-05
f9f6d967327c26fc8d564d4f2bc6c05b,2026-10-05
bf6fc7227ce6a51c403aedcdf21858ff,2026-10-05
a00133638a53a2c75d2f645050d9618d,2026-10-05
222cf68a8729b4284dcd5998a34fcf47,2026-10-05
2da4ba072011f082b7d1790558b0dfa7,2026-10-05
9fd619287c3c75e5d0facbb5131a2e71,2026-10-05
fb95abfeb7459bd8cea9f21aef4f4542,2026-10-05
acc5df36d3ad33012a42347674a149ad,2026-10-05
c9b7e8c9231fdedc7d1365bb6d182d7f,2026-10-05
df0feef6cf06c02e505b4033fd2d3f8b,2026-10-05
f4050a34f9e163f711ad2a1e6bdba523,2026-10-05
a1994dfa8e320d9801222fc3ccc0da83,2026-10-05
57a7b52691737b68b99846f5f20be2c6,2026-10-05
685ba0f97e9804373d5950b9edfc88e3,2026-10-05
6d9b5c0d4303a8a333e32f4573708776,2026-10-05
053bcd276e240afcfffab9fdae4566c0,2026-10-05
b8202f3a655adf9a7cd71e7bccea0456,2026-10-05
ba014aee477fc617e3f5410b2aeb5c48,2026-10-05
2bc2c64112167483746d48427b6665ec,2026-10-05
d0ef92786ded69b83905ba9fd1e942cd,2026-10-05
e31c9ed134180bb6947d0302e2b1f18f,2026-10-05
15e9367ef6881b8e27b9f122379559ad,2026-10-05
4ac21694cb4d582d69c97c97c45b5fe8,2026-10-05
e9738a5a81a31ccb0942bdfb0050f19d,2026-10-05
b99beff14f2fee6269662f35d46d308c,2026-10-05
2f953262e626163b02e1169b3aeb2f72,2026-10-05
54a707287fe976be26f3f538678dc3fc,2026-10-05
f2773ca8cf4e9f2f5d4867778fbce81e,2026-10-05
ae85d7ddaac732f6ce0177b3ec04ca9c,2026-10-05
d5eef6ddca628dc17d7d7b3650e6ac64,2026-10-05
0eb1be6e6035fa0ac1d7b4550dd51a25,2026-10-05
315b140fe55285818fa22dc2ef94a96b,2026-10-05
ebb89d92d66d7a4ebeca414c3e5641f0,2026-10-05
6a1b86d13f8602f327c307cf820f40ac,2026-10-05
e04cb7b9d9d09fce16c4a800faaa7a91,2026-10-05
cfda60b6b38df4e35d1ea4c2fc514ccc,2026-10-05
dc026f8270452f9a8ceebd3edba052cc,2026-10-05
116f242c753b1370422c0aa748351cc8,2026-10-05
85202f78833358b9f4c2bde0a85cc930,2026-10-05
4ea20d7b45ae86c3477ad8e4a1c0f883,2026-10-05
7ba8700031ae5af9b8a4dc95315b39c2,2026-10-05
dec62c98607952723578c9ed892e00c0,2026-10-05
37898ef5f04364864880d59d0fec81bc,2026-10-05
ef9d8b5b512493747c31c46488db4041,2026-10-05
0e91eeed000384f077b858b9cff87efb,2026-10-05
8c1bddfea068120fa8b34cd716d0dbc9,2026-10-05
f072b9c8ee3475b88f5d3987ee58d4c2,2026-10-05
677569ab3c0bd3651d2a8d3c6c36b91d,2026-10-05
f506b5628350aee1a1569c009d308970,2026-10-05
11b343fa62dfa2bc0e382fa26a0a13c2,2026-10-05
94a27eb1d2ba2b608e5b1b9676cf75ef,2026-10-05
b824a334f0ec4839c70d1883f11b5fe9,2026-10-05
ff2175b1d4e9f5ec1511d0153551f43c,2026-10-05
4d559dc05ab68c243bec204746dd8ee5,2026-10-05
a78c5ab2a2d0a8a075da3f90698dff5c,2026-10-05
978ff3df7f1cc32ede1cc8bffc41488a,2026-10-05
0da749b446f56de5db74cde097c381dd,2026-10-05
4736b377425f65466698dc9b0ac43292,2026-10-05
650fec216af65a5d198510ce968ac53d,2026-10-05
d5e7e89ab27545e741ae9d2fefc461b5,2026-10-05
e2b3ce936d1ccb230c565de3be0bc675,2026-10-05
0b7934b8eb81f4db87408d1e2825a750,2026-10-05
fdfad7809effe70a7c36af8f27490189,2026-10-05
38eb783ccaacb4ed09307b0f80c51257,2026-10-05
3998a811b5938e7c5a74996208b48bf8,2026-10-05
f442818a5a12c4e79ac9bf9987d52023,2026-10-05
84a3672a8577348009ffa233ca3c71b5,2026-10-05
7ffb07a7dbaca558105c3fb329b1d0a0,2026-10-05
479e0bfcbd613000d584d0125cee85f8,2026-10-05
b335289fec8c82f3bac69dad75c86b93,2026-10-05
e963c94fc9c0f49d4c0e4134ff090379,2026-10-05
be5db381d4aa3ba2e397fcbcef4211ab,2026-10-05
ae29503e880bc6b8827d82e4d9839a5a,2026-10-05
dd812850240e7b6f72af55acb62eabc4,2026-10-05
ff8cc95600dbfecc88c51d7ceb8d2724,2026-10-05
5d6e5b4e4022f346139ef60538bd0247,2026-10-05
56360e776db06b76c6f9b51a45ec61fc,2026-10-05
44e44c87db1117b79f472efa9266dc82,2026-10-05
66dbb62866c7d65e332e35da4f11bebd,2026-10-05
be760b745cc405f6234676de3348d64f,2026-10-05
e449ec9c7ddbc316cdf9400579e7c888,2026-10-05
f0a0d5b3e4faf31be5868766a5da66f3,2026-10-05
678701f37daaa861b66a5290118b6c0f,2026-10-05
8e7cbcdac9cd6455bce0198e5c037599,2026-10-05
584c2f1d73083a85dfba5ecdad5749e7,2026-10-05
f946144e60142206dc09289c1da3f096,2026-10-05
1be02cc930ce4addaf6ba888409c1d07,2026-10-05
81d2c3c506552a6f1130a105ef120897,2026-10-05
79b7b3d3d1c0d22b52a008acf786c062,2026-10-05
cded3b016513047eb6792361555b8d33,2026-10-05
56a0e3eaaf2339ec342afeee90a0f0e7,2026-10-05
52f767a12960ffa7110a8b16d2f581b8,2026-10-05
1418c6429a7636457f57c4b19247c556,2026-10-05
eee7d1298b1dd58e9b352163f9c98672,2026-10-05
7b434df2ec806685e8a8b451f34bce38,2026-10-05
8d062228cf6aab4c195b34a5c1d04ca6,2026-10-05
e18a713c91334c466ad1b56bb30f5060,2026-10-05
34e4eef9657cb4cd80a6e603156b512d,2026-10-05
6ef590503b5d0f0d08d6e17ae26c83ce,2026-10-05
9d0e733732b8a59b7451228f50269d77,2026-10-05
a151f08761af68f34142073b3a68fb38,2026-10-05
3d8d5aad0bd8b93343e23e71aba47978,2026-10-05
95543da0215331ba8af34b7843d76867,2026-10-05
a022e0c5dcdc7ac4fdbac94b52979a5d,2026-10-05
0615bafadc91e7c4c6f7adab97c46465,2026-10-05
4db34042abcb8d9a2d68db138267b142,2026-10-05
508455ca61424fa7df414fa5d52c5616,2026-10-05
9f98872086f1b15a8002c767cbc28d98,2026-10-05
80f80772f17038a1f092e171a3464603,2026-10-05
63c8d97ef78ae6f19613c81a83f8cd4e,2026-10-05
71d2b2381885628dfe3574eee822d507,2026-10-05
f1dbce076ab6cb5886c3866c27d82071,2026-10-05
29021705277feb976fa31160c54b9bd2,2026-10-05
e245fcf2d6e409a19afa48640d499b19,2026-10-05
027d355575ed914d6e0d9d91e001e0af,2026-10-05
051e3e2e6b5920b263ffd3c17c7d8823,2026-10-05
a66d7b3594c8c9478435591e2cd2f73d,2026-10-05
53fae7ff6d0b5afd9e3a064ba30eb497,2026-10-05
7a59514719915186930d62424215cb60,2026-10-05
3618d9baf145057b612c80e85dbcd6ff,2026-10-05
2dd3db2682105dd79bcc62639cce9aa8,2026-10-05
abcc3cdfcef72aeebaee727e5a72a25d,2026-10-05
b52cc5d0cc8c78457dda94e363dcb8b5,2026-10-05
eadac355a2437a0fdb684fe2f6f3a02e,2026-10-05
d3fe1f0dfbf9083931a9fb0d3e9be7d0,2026-10-05
2ad713bf84be5e8f8f0fe3c031886470,2026-10-05
e7ade43c053903283453bf2c45a36740,2026-10-05
25ab1438c5c7558af51ade0c7211d153,2026-10-05
18f8e98ebc0391449bd3375059644acb,2026-10-05
010486678c6ed078f030c3ac18f2c766,2026-10-05
a109c303b7a3c466e6db4944c873e4cd,2026-10-05
b32a794b1cfdafce954d537344021412,2026-10-05
914d7401a64c46c967091890e80d285a,2026-10-05
eb820e6c6b1f938265946239c1a537c0,2026-10-05
dc25ca195ef5af72c0f93f80d73153b7,2026-10-05
4e4dfbcc527ab7ba0e9230030bb260f5,2026-10-05
35b018d392902a538ce5c8e3768dd907,2026-10-05
c2357dbc6bb6355466b77697fbb5dc09,2026-10-05
4e97463d1146cb9f0fd2f4e0e5a4035d,2026-10-05
e2f714fb3152b42aa41fea253500e8f8,2026-10-05
ecc6838a254ec617977e27f8574388d4,2026-10-05
c09609cf08989ab40b5370eb1ca80991,2026-10-05
f20978dc747c3e15cd008d8a911f55cc,2026-10-05
e4fe65587879cb1e5ee9949c8f100603,2026-10-05
7829a1fe0affd07f9f284ee52b0c92b0,2026-10-05
8daf5e5db52fb75b4d095ab3648e7b32,2026-10-05
0129617ae35a2a953f11f70702b96087,2026-10-05
ebf65dd12a7f1595807f0f20783e2282,2026-10-05
2f6f3b6d23441ffc99c571b01ac37582,2026-10-05
2f50206b570ba1c4158f3560f15ac56b,2026-10-05
ff773cdf1a055890066e8f6af0637466,2026-10-05
8358e6e7af10145bb93f7094b2c5d8d2,2026-10-05
c3ab5a67008a6c10c5729ad722c76941,2026-10-05
9ab2628b1eb5b3b99b3b39bf9166de28,2026-10-05
f06d76b565b2f9d5ac5392be7237f1b7,2026-10-05
029cda41861a827c7e1d552bc0b19597,2026-10-05
e7cf93ac3e6fc879be3090bbaad49d7c,2026-10-05
8100b7f5c86a552812c3762c112b4161,2026-10-05
6b52c945ec1521e04bd0b6641d518874,2026-10-05
52afda1d3ce489b46177eb7370e60f85,2026-10-05
cd26bce935fda5ff985d6e75ccf41248,2026-10-05
b62030a11c0917096089821ea12f7e8d,2026-10-05
f0c311fdc6f80f4c5eac7e0760f5d4e6,2026-10-05
97a0ee20f75c93e492c6be05106da6e5,2026-10-05
c5398c1c12c6aac4471f6dbceaa37a92,2026-10-05
8ad94732b1b04f4eef1200a36a924524,2026-10-05
eac0227f3f8ec37d081f8e35da388e79,2026-10-05
8156069d809512816015f068829c641c,2026-10-05
caac0f54f1118a3b09c7a6f710b55080,2026-10-05
4e4f736480fc63e4d3b16cef6c572e39,2026-10-05
e7839a565306d1d44cf80f6282a3233b,2026-10-05
554303c4c85538eeff41d99201bfd27f,2026-10-05
1dbacaf8d8bc9f40647a9ac6659475cc,2026-10-05
936ce20119728101478852d06b8c61f7,2026-10-05
70c3e4cf1068415703b3e34ca43c3c80,2026-10-05
5ba4e1b767c1cc56ae4f2f65e99ac836,2026-10-05
ba5759696ee2e80f1ec433e0ee10859d,2026-10-05
0a8bb56b5cc4b160a827cad6493de1cd,2026-10-05
8462c2c252313992e3d9a48a161eb637,2026-10-05
5a59daefa8ab714a6a476086cb89a5f6,2026-10-05
315b6c880ac66adfb2e927f3527e6fa0,2026-10-05
fe0c788eef82e61eaebcc2f4721ddb22,2026-10-05
7df32dc6735c887be2fc3262436bcee3,2026-10-05
35a475ad98391878e49ad21ab57ac9ce,2026-10-05
6e73274246e770cdd6db5d6115a5247c,2026-10-05
8b933809eb9850f9ae304485fef9b1e2,2026-10-05
6388b6b0a0954e6f4e3d86869fed82b8,2026-10-05
580eed19aefc6ac9e027c57516ad0801,2026-10-05
c2ae8a32f850874ba9388e779af3dd6d,2026-10-05
8c0784d24a9f742986dd00ce8e7d4ece,2026-10-05
4d2d7e65aafbac21e49dad6c81a42ba3,2026-10-05
0b718318aa1a43cbfd272555a87a18d2,2026-10-05
1a0da5a6cd8b834fe2c20d240eab55da,2026-10-05
6dec1d43a725f5f55241a994fec879f6,2026-10-05
23709ad61feec2ccc3d3269c69224b48,2026-10-05
d3f0296ec04a77fa6d9bb5bcb00631a1,2026-10-05
e289e94af94c332822d620825dffa3d8,2026-10-05
8a5ca70c686eb42dcc83ee6bca583f8b,2026-10-05
77705d62ecafd1b65a14df5eea628cab,2026-10-05
0198da16d50a038aa025fba6a2c38521,2026-10-05
5640148385efd8e6f927bb3eb535b878,2026-10-05
fa3c5f698a3bdf97ebca18f39a0f1d13,2026-10-05
22cc1328ece0b2c2894c495110b107b8,2026-10-05
2fdca74f57080d533f3d871d1805a4d7,2026-10-05
d7fbcefa4362f93869b3f0bd08dd0569,2026-10-05
ee4c007c2c1a9bb0aa41f7d7cac68047,2026-10-05
c84b0a81f945774d7123fc6417c27dab,2026-10-05
6c6d96da516a6ae6585d21ab7defc9f4,2026-10-05
cd7b874eef8f0e8906e20712fc1db2a9,2026-10-05
5fc1dbdd132c3ffc1d41d80668449ad1,2026-10-05
dee80865e7aa9ae53ad2b61d4f717cd5,2026-10-05
dde812a383e35935878d622969208fd0,2026-10-05
9f82011750f2aa1ec956e75ae1b2e098,2026-10-05
212a03dc54666caeb123914a7322b24f,2026-10-05
c927d6699617c47824168e6edb5a21ad,2026-10-05
4fa13d6c326068b9286a09d95d92b4d3,2026-10-05
9a164f970897c07b21958f9a3f868b4d,2026-10-05
3feeb21c20ec8d4dd9790e35cb8eedd0,2026-10-05
829dbb5307f68613d8c75b471fdb36e6,2026-10-05
94937fc127fcb3f31adb005a4376a061,2026-10-05
e850508507f872424bb7a713d2955808,2026-10-05
14e5ec30ea85a0d339d56df76ef11e63,2026-10-05
5663962cab872e1d2f05486955e4a9e2,2026-10-05
6389b25c2f77bfc2f85024f51d944151,2026-10-05
af90f67e2fca6d69b884e8c4731ac1d3,2026-10-05
abb2af32d76e1be2081b727bea801c57,2026-10-05
829437f5744cde89638e160caf048988,2026-10-05
bcc8ec00c08faf82afddc8cef8ea8933,2026-10-05
05d244e53732ce6d61b7a2c59390f37f,2026-10-05
4b052651615411927d06e48b8395f43a,2026-10-05
bc4c60b00b6f78a2ad57dc04b13a4ff6,2026-10-05
ccf7c667331ea7239cb63c2a9a89ead6,2026-10-05
581052b62bec89a48fbda2f43d87ac02,2026-10-05
302712c1169f8b2c8b76b055cac31c7d,2026-10-05
cc9de1a722196745a3df5e5b5c41698f,2026-10-05
f54404497291914d874ac8ebb092d659,2026-10-05
dfa4274401a3b2fab1c7c662a34cc2e5,2026-10-05
394a48d645865c1344c9bd5fd094caf4,2026-10-05
b1b15a3c1fafd3e90e7f1b389faff342,2026-10-05
1a4adea98b492bb7c321258774153fd5,2026-10-05
287346b4da0f4687fba225a6ea194ad6,2026-10-05
9bf0ca25eb41331d8fe3a45bbd8ac0cd,2026-10-05
bbc3e710b2190ddb41f966bd7b7dabcc,2026-10-05
0e7725ffd604cd47d39780f79707ab93,2026-10-05
8c98ecdf005929e861758a8012102656,2026-10-05
1024b3598a480d686f2a9b57f7835fd0,2026-10-05
645a2940a4da5327e80d3507dacf656f,2026-10-05
ed4b427ebe7934b3ebe0d73269705b61,2026-10-05
706fc14b20139c4e9e4df1a4787d64c8,2026-10-05
6f7fd9a994f381d130efb2ff68ad2ba8,2026-10-05
8541024b6f8741d1bb828a3d2bfbe5aa,2026-10-05
c266aebce21d079c142f1cb5b213cb31,2026-10-05
e2983e681a9d2bc5db1306bbee1e29c9,2026-10-05
39305d2576f212a7323f231c7b0fcb19,2026-10-05
dde30a9a5a0210235d51810979519c7a,2026-10-05
318e5c5b78cfcc16f79f26e5498131c4,2026-10-05
ad834ddf80f5529483a64ff9feafec7f,2026-10-05
8af976741e7b9f83d7227d76bca28c30,2026-10-05
4bca0e886aa11399481baf6c139dd478,2026-10-05
f73c8175a83101a4541c1ec40f8f6a45,2026-10-05
4bbf5af79a150018f56eb4bb42354302,2026-10-05
3be830289e72c22a1c9b0ba99b5188e7,2026-10-05
aab1292bdc72eafb8cc5b33ed9ea550b,2026-10-05
9317cfcfb3f1cf21a24072d660d842bd,2026-10-05
3fb014ea104985c195a887aa455226d9,2026-10-05
db63a669e87be36466adb7174163d972,2026-10-05
58cd6e50b504a75a4126cacdbc4c4af7,2026-10-05
6f4a1ac430bbeb1e2616c61be0980a49,2026-10-05
b5e0e9e4be20f8b9b4420acbb7d37816,2026-10-05
b5a616866ca01033c360cdd9d45ac399,2026-10-05
0014f34ecfceed452a4713f896fd2673,2026-10-05
5f69357eb2a87ffe0de131ba3ecbf2ff,2026-10-05
38d8006de627cff1146edcd1c336debc,2026-10-05
abe09c6cac4758239f251c3aa8731daa,2026-10-05
74f7872217c80444e7a860e5392ba1c8,2026-10-05
3039170107abc4312c8f23087ab58a60,2026-10-05
bb5f3ec0b4d31ff54c2f2626b17ece55,2026-10-05
52f29cf9f69a5ae0da946eae63828745,2026-10-05
33537548dfeb59764bebc4f8444a36fc,2026-10-05
1af9c15fe2a0769fdbcefc4926e18227,2026-10-05
492305fbfd0b8124ed50de89cf8277ff,2026-10-05
f95c6355c60a5b065a867d8de0741376,2026-10-05
6462d64bc24369264943a0af4ef9d3ce,2026-10-05
aa5be7c518f898ff85896745d6860300,2026-10-05
9cec475609c37591639d2bc87367d4d3,2026-10-05
f219ed1b491b49fe3291c7000dad0c99,2026-10-05
ff1605e3d717fe33c82e1a22e602c3ec,2026-10-05
a2c557daa6a5ecd03d22b2b56c2bbc67,2026-10-05
5283077fa96cb71a85f223836e89da13,2026-10-05
d4248f26ee8bcd2465a0d55ace8b9fb7,2026-10-05
a2e54c983b9e5c0e03c0ff669b6f4329,2026-10-05
79001895cc63c44907c78d37754af319,2026-10-05
4b029be8368fce1624bc3c802009c8aa,2026-10-05
488e09d171ca0da9d7f7ceeeec3548e3,2026-10-05
34802911c40b51e57cd5914bc36e282d,2026-10-05
bfe0c1620322d43d9b79d726e5daeb6d,2026-10-05
b4acfe4a74f8f919ddc66834d3ba2d91,2026-10-05
674073ba921a5956c47ae9360d0c561a,2026-10-05
7600ed4ca5da7017207f26f7cf2596b4,2026-10-05
20a32773a4b3671c5b00b981ff8e5453,2026-10-05
70d25d6348a769e7cb6bd38a882f27c0,2026-10-05
40938190f715a85ff1cbd1b5f0d42121,2026-10-05
5afd4d39af775319f978f8dba4714961,2026-10-05
52c8d95b6ba6f0ad88b474b5d8ea59b4,2026-10-05
5e7a06683001cf50ac1a47ff3da3aa48,2026-10-05
5a19d5dfa4bbf27f211c7adbce15b147,2026-10-05
027451e75d3d9e612d3a85813673122d,2026-10-05
4a27460b9158bea876b935ef3c3da8d2,2026-10-05
a9627b1a19fe7e0885db0b5da46a08d9,2026-10-05
1dda169f6ca722685e4f0629abbaf94c,2026-10-05
1916e3187201e68efea6ab573fcd2d75,2026-10-05
306d97b8c4d62b3d17c822b62a807395,2026-10-05
26eb3ae8c9f8b091a78a9ad674bc7c08,2026-10-05
bf3aabe95c3fbc09fb08763f72f5250a,2026-10-05
0e0d72228035fefcad435694c22248fe,2026-10-05
188ca8fd618e9f151d06bba6950f0657,2026-10-05
19b866f735d4e973a7b4f05643cc1907,2026-10-05
b8fbc0e2337adfa5eab4cb125ec08286,2026-10-05
b562bf717a7888210887176a4ab2f90f,2026-10-05
a39867586e171b35c83bd7b261a4283d,2026-10-05
4a4fa7bf378034cc3b4e95cb372c5a64,2026-10-05
55c6fd44af4eaffc0f6e4bb46f2a9983,2026-10-05
f2bf0db66fcfe095ec1a2fbcbf4b5656,2026-10-05
3c62ebff30ec22a5a85d0117894162f6,2026-10-05
a6f895d785db43363a2af0d5ab0452b9,2026-10-05
b08b5fc9ab7ec4fff3d77b959a58d841,2026-10-05
dc7cbfb89d0ca25a542fe3358281cc5b,2026-10-05
b70724d30abfdce94873e84837ae77f9,2026-10-05
482d59a95ec5041757a1afa3675d2987,2026-10-05
d03f82a5865bc5aa21837b26b99cafa8,2026-10-05
f0165428fd1454812b9b6897224b4022,2026-10-05
d757742acc700da54308cdbf0aa1aee6,2026-10-05
38cda49a654632d51f2086281da072fe,2026-10-05
55a7cd55f8ffd4580067c3756f8bd7b3,2026-10-05
dbf460300a0aab6db7d8f5c1920af844,2026-10-05
3d1f5a5a6b28e44a422e37b89b686613,2026-10-05
4e2dfffd35d4982bcb448770b852d160,2026-10-05
961d3ef0fd11c2aecd3e3d1b67352afe,2026-10-05
dbdd97ffa6484c418253d45247d0aede,2026-10-05
e6cc5a27ce9d933c4d586d0a7e5691c6,2026-10-05
3d6363ff31474692ab97dfd25cc360f2,2026-10-05
1293f52f132b864d46fea1523dd0ddb7,2026-10-05
86e7113aba3bc63689fd96efc3c5f67e,2026-10-05
4e8ee2704de915af848eeafd68d46123,2026-10-05
00b99a82881e189eabef1c96f818840a,2026-10-05
a9ecc2a654e675831d064cc8e4c72a45,2026-10-05
8084caf9190ac89d60a49d775f4de3c2,2026-10-05
c1c18b252408e8dc77dc82f2d7099d2a,2026-10-05
76da3b34e34006b88bbdfe74d9fb7148,2026-10-05
447dc24e0f7d7667c22bb6f4025151c1,2026-10-05
54edffbf9496c3ee863b1469069fc725,2026-10-05
602cb73495ef69639018db9f9229c8b1,2026-10-05
a985974407d1afa8ec8e4c09afc1202c,2026-10-05
3f91cabae1edc85812ebdf9a8b6c8625,2026-10-05
f8fe497571fb64b2fd3b97500e3f6a34,2026-10-05
6d52cf5bfc3ba9d7a4c6b011d6d7d678,2026-10-05
7260ecd04dd6a45e9c80cb910e52f359,2026-10-05
4c0bd2134fc2fdaefdb8ae1eb4f7c336,2026-10-05
30f55567c0e2531f1a30497e5f2a4cff,2026-10-05
792153ee69d1ab91ca2ffee23955249a,2026-10-05
359b28fb93cd9a2250ef6c04edad998b,2026-10-05
9775e33ab2af524d01404f53b2b27b41,2026-10-05
8de73b6036147f9e6813f86cbe5faffc,2026-10-05
92a648acfb957e37f7bc27e16afccb23,2026-10-05
ce20f9619b8cae02dcb1e4937e6cc12b,2026-10-05
82420bdfd88d4bf8c821db1ed78850bd,2026-10-05
9ef4aa94c5ca90449b8c7419183454b5,2026-10-05
199304149a9746608e259507af05fb57,2026-10-05
f1800533945336fb6d129f549947326f,2026-10-05
7dcaca497ad6658f5c518aeb3e9432d1,2026-10-05
3c110533ecbd1d2123deef0f110b7d43,2026-10-05
ed0e401c22acfca4633afcbd5a8d0d77,2026-10-05
906c4bf448e5e5f87d6acc3ddabfc4a8,2026-10-05
777d038304c7e3b114dc7d9ebf51551a,2026-10-05
d7243b1c8ffc9b3190be6ab796c4cbc7,2026-10-05
8585b0a12cfc5f67422aae38ab5d673b,2026-10-05
3ae5e6ee00ca658f14ef53e680c998c6,2026-10-05
bec1c4bd53261774d7e0ace47398e3b6,2026-10-05
57c0119fb354613fd059d49b0990de5d,2026-10-05
01e94a350ab4210685ab26341a185af6,2026-10-05
40fa28b84a9c57ee520da946c2d681cc,2026-10-05
9f56f142ee39ab10b4e6e8d0da7e339e,2026-10-05
3b05a7d4de025fa58260f0e2c8c1b0c3,2026-10-05
edccca5f8b9311d21869a632cb97b84b,2026-10-05
8776550d2182d856d9336c0a79bf8438,2026-10-05
04bc164edf5a4d6384dbd3838e48d184,2026-10-05
ff6668712baf666d46ba2e139660d5c7,2026-10-05
ac4b870d4312312233a432d66a4adee9,2026-10-05
7487f2f5c9afc20a8d34129b7e21f90e,2026-10-05
d425e021d45b7d02ed892e0f8534a42f,2026-10-05
92d6b4cf3f8acfcd389a85ab82196198,2026-10-05
f9d22ec23ef7a6ac02cd664486837bd1,2026-10-05
5f446d008815c42c12fc73279c3936d4,2026-10-05
bf431d3ae12d0e48963e3b68a9d186ef,2026-10-05
17f7a5e7bad9df11a50dbd50cf1a2e89,2026-10-05
b4e69537ffb40ee9ed066433692a413c,2026-10-05
0582ed594ac99af97e864b6490f40832,2026-10-05
eed82820a87b368d6d266d3480e9c541,2026-10-05
993d7a12c2ab7d4881da4dd14adecc43,2026-10-05
4aa2d3021994656a91187484b0aea71c,2026-10-05
965c1cd35c796b0599f563f552014b92,2026-10-05
4777d661aec78a72e136a0d43ccbe533,2026-10-05
341880c66313e5cca0cac6e7dd505c51,2026-10-05
b9b7f973cb3f309f50baf7e73a3785dd,2026-10-05
4d83974453cdc03851e61ea64a223c21,2026-10-05
c082686a910e01c5ef47d9ee1cf5115f,2026-10-05
3657ec4ff88e0f973f2b813085321317,2026-10-05
0c9f80d32a3f36413ca97ae90f91991b,2026-10-05
4e3c37e42d28b1bbff12b63a50cf8c28,2026-10-05
c4d89c05bfe66f57fdcd755a8fc37a7a,2026-10-07
e802359897b47a3e165b487678141526,2026-10-07
01320d2598fd847b285123dc0243a90e,2026-10-07
c95698c732943d1675713dd35c931bd2,2026-10-07
6e93c31e9e6878231b42fe8c9584adbd,2026-10-07
4a1a00e21df1518923fd5c791124a114,2026-10-07
894f4c988bd6360282a33cbd1694fc79,2026-10-07
23f3524e9f1d5de675a598883dbaaee6,2026-10-07
9dee81f0f97a6b0626f667dbd259a1ee,2026-10-07
d48edfb2d251a5cc3b8824a498f51f48,2026-10-07
8c15bde29332f4dc4a14963288ba7cb9,2026-10-07
07abd4c1a697ddb2cee09c6b616d9da4,2026-10-07
1bf2474040fba51cd50515e70434969a,2026-10-07
c873fb8ea4c92432662d629223cac9d3,2026-10-07
c60f002c0f11c8df3b7b2a9d036df805,2026-10-07
a918c36c088be7b9b03e71b7ceb1c490,2026-10-07
ddc6cef9d4ecc31063770a6189ab425e,2026-10-07
67f150c995a592107b082a82b392a714,2026-10-07
f97ca3c261f2b9ea2b59d2c2ce564226,2026-10-07
1e7b3ef7d892f51be88cc6af64f923df,2026-10-07
7d147dfc6f5fc2b0b60a6a8b70c8f3f1,2026-10-07
4cd311aaf4d35774401a7566c681d39a,2026-10-07
fe875f55613f0be7936d4556cd0077b3,2026-10-07
44fb621d7b3a4ce8ac2846793cdfbf77,2026-10-07
d58489b46129f8084f49f60214e90d41,2026-10-07
6ad58e9da2829e2ac2d5716cab2d3175,2026-10-07
56d53f4c127820e5e133e6cc1fbb226f,2026-10-07
b5339cfc306f8762c02649ad32bf0351,2026-10-07
b262dc27754a2165f405e89290066f90,2026-10-07
179e7d30a0421f9943bd7f72d2080d98,2026-10-07
dbac40bed3a66ed6ead344c3411138b4,2026-10-07
480ac079a3f8076dd8f07579ef42feb8,2026-10-07
98cba258a14661189749a59e85c0ffbd,2026-10-07
834308011e3c66d7a5e0a63f2874c7f3,2026-10-07
804181d301cff55d205aca3c7613c207,2026-10-07
3888fc7509ef979a7110b84b6700e21f,2026-10-07
5c1b1873d7257078dd585b72bbe63244,2026-10-07
01db44d5a92dcd2aa35da43fbae1058c,2026-10-07
7bc22c1818da73a33ffe64e7985aa6f6,2026-10-07
344cfc448f9582192116866a5724171f,2026-10-07
1aed0513f8c230588d4625174176d9bf,2026-10-07
5273bf5c4165c44d7c82419e3dbd4989,2026-10-07
a88f6747009805503c383bb9411477e4,2026-10-07
5f1d0c1ae4199747fe7da6c0ee115861,2026-10-07
a6ba843ce9f1a4190c8fbe15ebd865c9,2026-10-07
787785cc7ef4a53e9bc94176b51d92fc,2026-10-07
0f4bbd1de62b2deeef8f0a058a51d46a,2026-10-07
fe2efcb208f3fe99204334f586183390,2026-10-07
52b65c55fbd97c5ddc7802fd64726c40,2026-10-07
773bc177f5e39b30c3f2eb96ec53685d,2026-10-07
3e1caa9f227d0f6331b356b2de764d3f,2026-10-07
e48bcdf58799b0b145460a69a7e8c709,2026-10-07
15a58802b5dac9eb83b2a7a9586fb3f5,2026-10-07
aabba11015e12d96b4daec635c371f0d,2026-10-07
31f67f7e8bc65595b9debbd84c17f6e4,2026-10-07
bda6503b5fa325d8b3e25685c761d59c,2026-10-07
b1e5048a001d5df87979bf6252329d8c,2026-10-07
3293b4150e66b85101c75d32344e48a3,2026-10-07
401234c23001ddaa1775d06fa0354944,2026-10-07
fe36413184a7d002f4165bfe05b65e37,2026-10-07
2bfb7a7a21b56395bff1bba136fdeef5,2026-10-07
997eae472ffe28ca43b8215863de4b21,2026-10-07
4aa3e4ee2bc7c1723f101c10dc6bbd68,2026-10-07
f520ae4495f8b3fc3a2a617425b32ac9,2026-10-07
2a7f7ff22eae0353d77ac172967e214d,2026-10-07
dd01325d45099f992e5b2a0e69a272a4,2026-10-07
13ccf9dfb0beee1cb91cf16a6e4158be,2026-10-07
435e859f16a7fa88830d7b40cb9d7b8c,2026-10-07
908441f6ba63fbbd53ded533a922ee3a,2026-10-07
287e74db16653240a4dcea18bf04261c,2026-10-07
1ecb2d5885d4b64ba05d13347aa71fb8,2026-10-07
4443e6019d4f189d732d071febe7fa7a,2026-10-07
3f29fc8f6c9cc980448b8ba0e5d1a25e,2026-10-07
c3ffd35cb1f30046806b7a88f71d5339,2026-10-07
1bac84843b541eff78d763ce2f96a345,2026-10-07
21e343cc6ecbf23107af30f893bc81cf,2026-10-07
2a0876d1a5961ea930d91d2650b2aa5a,2026-10-07
39a32eb9fa85a3c1e2a20da22737364f,2026-10-07
fc1af0a4b25ab1cf988c7aa6651c24aa,2026-10-07
29ff7327f7d01c46c65c5f5c666d8f11,2026-10-07
83fcad3c49e141cb479d9fd6e2b3bfda,2026-10-07
36d33b0a62c9b25df60e4e6399f0fb78,2026-10-07
4498cb135499dce48e2ee00d057634a0,2026-10-07
ec94d3215168a7fcbd73dbcb14de2904,2026-10-07
e87846d0b217685cd3bdee6d2c58dded,2026-10-07
4f54abb9f012f8d4584ed7bde5a42500,2026-10-07
bb48cd8abc3984ba771c10d645f62993,2026-10-07
4fd66580e973ca2bdeec9cb821da0ef0,2026-10-07
070e82c84e4a065716dbb41628d0c4e7,2026-10-07
2f7483d4c4dfb97d633287485be227ca,2026-10-07
5aa22ace1d4f082ddc61efd552884e16,2026-10-07
5b8f00893e39e4ace92b3451d34ae8a3,2026-10-07
aca576669b931286a440009cd5950c59,2026-10-07
2a445da879a21df26be0e15e78720b2b,2026-10-07
91fad2f93051f2f551e52fcd58578dc8,2026-10-07
97a1613d9579338e6f3ccf20576e7d75,2026-10-07
22d26e373ae3f970fc53eccc193c34d0,2026-10-07
a35a093c8ff45c7ae803d9ac20b81aa1,2026-10-07
997bc7f5b11006114cd1e68c0bb0e6b0,2026-10-07
aa35ad7f775afbdf50b0b85f3076def3,2026-10-07
49f95708da0e29f68c63aa1fe5b030fe,2026-10-07
08e183e0fcd3a90a7c8edeefe029ad75,2026-10-07
50b28641ec5328c74356d143266536ba,2026-10-07
577925eb639dbfd43c6caf825cdd8d08,2026-10-07
b2e3d9a1bd3fae9bfa203e70d8d16139,2026-10-07
5ea1628169c724037ca1ce7aa5d6c291,2026-10-07
06966ee9a1b6acb184ee35a1b86eb854,2026-10-07
c47cb725fc29124ee2ee046fd23c6a08,2026-10-07
7313b1bc087297b6d90a0245d2857f99,2026-10-07
db96754118aab6b54ac87993569d7a6a,2026-10-07
e7ed8c0a975b200b3d295009651da8e5,2026-10-07
e2cfd4662c945fed1cebd2e565d4125c,2026-10-07
a4e2b665916424f745311e0289f59759,2026-10-07
de01384166ad2624302f070f30def043,2026-10-07
da6b5f32fe4030f38d5fedf586d18458,2026-10-07
159b0520ed0114e3436c756ca632e18e,2026-10-07
e0d7e72dfa702027cbbf29618971e715,2026-10-07
dbf52bdcbfda146b609a1db788971345,2026-10-07
248c6342ec88dad2db9798bf1cb333dd,2026-10-07
7c07e9f155ef37e9a2bfc0545bfb26bb,2026-10-07
b57881469802677de21bdcbd04ff1f98,2026-10-07
2a903e9c42f79a3bdc03bb781acda9af,2026-10-07
5a54e4c2f796fe1ea0a2a68bb3cb1161,2026-10-07
d0824f6ba45a13052195b6f57c0a9858,2026-10-07
63091d3bdaac18422166f328ac808915,2026-10-07
8a52adc792a0c4f55afa5383a20736c3,2026-10-07
ba49adf793dcfcc8e2fd753e19d3db6d,2026-10-07
4e449db0930178b5641231b35b517cac,2026-10-07
6edebbd8ce8b1568c7d42aa394653a0e,2026-10-07
82ef7908c9b3850f7e85146c37a828c6,2026-10-07
1f6780ddb13cd6b78bbfd7f411dc4c99,2026-10-07
0e8a30eccbf64d001fe7c326fe22d3f7,2026-10-07
5df300e46bfa53fe77a07b1d8763b9d5,2026-10-07
6285a480e7826343f161f51b2a9c3de8,2026-10-07
611851bb823902cfc33d4ceb338f55b8,2026-10-07
da8a2dfac943567ccd9d7e571654c9d3,2026-10-07
d149d88f84a5543a0f6bdc0620049db7,2026-10-07
e36f12691ac08bc02c72fe58716b02fa,2026-10-07
4ec6d3da7c72041d761a0941e4d37897,2026-10-07
7a24cc46cab6471e1d94839ed1adcefe,2026-10-07
4f9da1f4fb35231ce917cface92d6549,2026-10-07
96f3dff4c69e20c09a79fe4debb8613d,2026-10-07
e9ef01d2a7c8f90f647cebf901e9900b,2026-10-07
ac47d83ee5dc80c818be643f8cfdaad8,2026-10-07
7b4e815d642981d96f81771714824143,2026-10-07
71c0163d906c5e279e468362f9c19e81,2026-10-07
7484513af447d4fca9e7d0e46cfc780f,2026-10-07
fc341d1e8ce934d33bf69051f002e4d6,2026-10-07
61e62a3878853bc1ff4e0774cf115a89,2026-10-07
e4c02badb519d4b612b17fb5dabebf16,2026-10-07
fe36f26d7b52c23a3a7b5f68c81ce437,2026-10-07
b94047a306f42b4f789b7059da416a5f,2026-10-07
53016a21170cd0dec5a86bf71d261e71,2026-10-07
65eebaaa4d2d1faed92967d9a606531d,2026-10-07
efed1de376c27573efb2f2ab8906569c,2026-10-07
29c746c26eac3bd47cc00c1c27b4c83f,2026-10-07
910f300d2e28da28b565e6850cc97b93,2026-10-07
c95eb370a0302008015287a9083e709d,2026-10-07
c9898f5d9c5ef3f604198e13d20fb8bf,2026-10-07
6c822cef318ae6b0e77d9a348d41e32c,2026-10-07
acbdb16df987b82fe608c806c88d8083,2026-10-07
08f1795848fc40d800dc7ef96e0875ec,2026-10-07
6e5bdb56a4d092b4b21903b3c8bb175e,2026-10-07
014a353263d054b217c2b72c83ab14a5,2026-10-07
4c5d4198b8ddb679fe380d701717c7ea,2026-10-07
743e7c368157190d420a46c67b96351b,2026-10-07
c97ae4cae226069793403df5283cc647,2026-10-07
7817d11075e6c18d9e38f4daf4da629d,2026-10-07
5fe8e6e18d948ebdf695bec84d835968,2026-10-07
a73186740d5435f4b6754f8dd9c7e2db,2026-10-07
2739e9ec9137a0704da9dda9cc708461,2026-10-07
dc505cb3cd2b9f8aaac083b9e9fa7ae8,2026-10-07
9a2d51f26c22b6473b04a44707c6d51f,2026-10-07
d8e044a342a9d29f2b703ff911ca9987,2026-10-07
98cb659e40b0419994d325ea71bd5c52,2026-10-07
b457cea5d9682c693168162e8d5995a1,2026-10-07
bcab649acfb59001848ec3d437c801b6,2026-10-07
f35b1640efbab7e6f6943dda143db240,2026-10-07
83a9042b763e8d1c3756e194b372e0b5,2026-10-07
a493cbe852a31857e749548dce59e916,2026-10-07
d8dde01079c1288df40ed54e6b953354,2026-10-07
539c03f1aa1f9e18342531ba5695a422,2026-10-07
db8895420211daac0a32ad1f18a20fec,2026-10-07
8e7225a99a53aaeec0aa44db986bde67,2026-10-07
2369d57b04fe606230b323e483b0f0f1,2026-10-07
801ac2b9e9aa5c8bf84cc9ff57d4e36e,2026-10-07
36c3df189e3bdce1ffad581b0e7e182a,2026-10-07
da1ae9061f73efd2d5e2df96c21b776b,2026-10-07
5b2e5aa1d800e8c1eb0ddc42a62d1240,2026-10-07
03f73ecd7cdfda04a20406412d00f9e9,2026-10-07
27c4b390f05e7d6ee23d80a9f08ccb82,2026-10-07
ed8f80c2adc1a5f29d3808e9d5b54ba6,2026-10-07
65e6eefbf4033b991b119d9b75db8d1e,2026-10-07
a485864712a59e07b7bf940d18de3f8f,2026-10-07
0da9fccd9449d9bc7c66983509a5ac18,2026-10-07
230ef9f019170fefa1f07c3c26d253b6,2026-10-07
5cb7d0d5851f25afb7525a2b69073151,2026-10-07
dc0cd69e668e3a2df17b125725dbdb44,2026-10-07
d5f79aefceecc0fa834f775e9d6c04ee,2026-10-07
c0b39086ed94e55e4f0176c94bdfabac,2026-10-07
a1812e6d81ae3f7c1a7865313cf389d0,2026-10-07
ea2afd1dd6897aa921bc47de7c6c8c36,2026-10-07
439041ff87d03c80516b28fa6051a65f,2026-10-07
9e7d452171537f5a34c0d900c022415d,2026-10-07
5a628d0ca65a5b9444142930dad4f8a5,2026-10-07
1789615139db16f12f3a89e14f9e206d,2026-10-07
080d3cb1945308fe2a3f24a891b7b65e,2026-10-07
76d5232c7a66c3d7f645ca6d13acac84,2026-10-07
810e2a29a0ab7ff4c48d00c46240e814,2026-10-07
619cc70e2c55f5e9f718b80b72b93cca,2026-10-07
fde68009c7532cd5bbcbd83c43644214,2026-10-07
3ca88ef617e90e7b452a467ab552c27d,2026-10-07
332df01cb8234368839be267021d5abb,2026-10-07
25e84d570c089305347bd839c78037a1,2026-10-07
28db7729c7f93a4b17d39419929608c3,2026-10-07
3db0e36302e57fbfa1405ba277e59b88,2026-10-07
dbe43d1baf083e0b22dc9382abeb003a,2026-10-07
a2866bf4e2eec5c4a6e6a671c830f622,2026-10-07
ad18eab991433b33057fbcb6fc534a91,2026-10-07
2244474886cfb2a75e2cbfd9f477119f,2026-10-07
c13f6adfa084beba08a57391288a419f,2026-10-07
ba9711f0321b46ab6c9d09f2aba56f68,2026-10-07
872775e327aa6c405ea143e263b0b4cb,2026-10-07
24fa9015afa8041026d5d1a8fe4a040e,2026-10-07
f25ef4186c2428abf80bbcb3d8c38435,2026-10-07
add0c4beb92830f4d10e2cea9efe67b4,2026-10-07
966940715e0a4f63c424c13365997558,2026-10-07
e6ed1ef061dc6ad80463bb23994bf053,2026-10-07
eccdebbe0266bae5062170c49220a63c,2026-10-07
ae2854249165b26790da5fed68235da7,2026-10-07
ad77a674201fe34fb7f0779c4c15a32f,2026-10-07
46f1b64fc5ef980921507a092a682a7d,2026-10-07
0cdcfa3e6ab61a5ea1d0ca00749a9897,2026-10-07
0cc90ec626179a83052926584134d9d1,2026-10-07
90186263e8026ad03520432a79ac5e44,2026-10-07
5b855b1b2d9b16ee54f39985f41b1ef9,2026-10-07
789a63a0d6aa1a593f5b089f9a0cf1b4,2026-10-07
a1b4bb1a0c0c4999166342fd7c9e1de8,2026-10-07
70964396051daccc2ad300c2498c8061,2026-10-07
d2169900700cbbc6a0c7182b19e78619,2026-10-07
45540327398086dff121ca3c5ff9d628,2026-10-07
523d7d789c1fd4870ed1d515ff15be80,2026-10-07
392e174e52e1c8495727e9e0dbfdb738,2026-10-07
c80df1b396aadd0b2bd8d474a6988b3b,2026-10-07
45b522ba76046c000c6ab5d0ac97bd63,2026-10-07
b0dd2a5c9a7f50d0dbb45d1df97d4f20,2026-10-07
42ab191f470f130a3c51c520ce8acb35,2026-10-07
d9e28ad7928ebe0b0ce1e2312e9394a9,2026-10-07
9be07866716fb6d8a4eff7b23db922d1,2026-10-07
ff3faa516f3c7429b2992800843217e1,2026-10-07
6625b6f0af2d15b3dbcb5c0fec225222,2026-10-07
c6eb98b4eb7820f4c6aa7f9e5ad7c1c8,2026-10-07
749b34d6dacbc0049afb547c890efcd6,2026-10-07
a37a8c4df95dea4fc0841b3889ab879b,2026-10-07
8b2afa6c18219a10a62439f34213ef50,2026-10-07
b0c9bf5a0585678bf2f7609845f9e9ce,2026-10-07
30d5a5b1f41abfe88c8b2d8ca921a381,2026-10-07
b0f8fd6ac72b5fb7d977383465ab99b3,2026-10-07
1de302fdc8c3d4b4e948b24c20ceb928,2026-10-07
2aaac2d6dc9540ec8cf173f8b1c60790,2026-10-07
7622a4fd0a30ecad59a5846bdfc95dd3,2026-10-07
d4ac8ad97c4255234216cf4ed0cd95a0,2026-10-07
f57eabea61352ecb459570615dc98555,2026-10-07
3e199b2f730bb6e7cc30c7a0a90bc1d7,2026-10-07
4eb5507fb2ef959d35d1cb43cf68363e,2026-10-07
fba6bd4c790b75959d9307a107376ceb,2026-10-07
0d601b1e82cc50a04901197025c38026,2026-10-07
3f5143a4f90d293b0f3291b046558efd,2026-10-07
11e7e3b52afef8d42d9c4b93a7a5a561,2026-10-07
2ab8b94ef59ca1cb7912af62de23adac,2026-10-07
3885a02ce810fb0ee8543f81b4bcb8f8,2026-10-07
73207ad063250afdf06ed8ef463a7c3a,2026-10-07
a4d20f83682827550c6528aa1bb5b58e,2026-10-07
a65940633eefe0b90a9939b4a7a953d9,2026-10-07
5c18ecf7b6e4e6e4aeb3f0780b263575,2026-10-07
7bf754f257dd46fd172490d0b0af5ec5,2026-10-07
34aadefbf1548f332c95ef92a0d1361b,2026-10-07
a05056e7d04a98a6a2bf77dbb9a6d81f,2026-10-07
26e3f946a5788e3718a73f3149d7c6f9,2026-10-07
bc44f1fbbe1d74a7e9efcdccf661a0e3,2026-10-07
46d64f96b8714c179147c588115f2ad9,2026-10-07
64880d8ae6785c3c0064b6908af981ad,2026-10-07
619ad76bde048ce3ccd0f905aa682279,2026-10-07
619015d068c5cee4318de3a07b793c92,2026-10-07
ef5a69157d92417a09d2a511a0fe0a66,2026-10-07
650d44a8178d9d72fd00c497992b2d8c,2026-10-07
738cadf709ba236c6ab9c1248482f054,2026-10-07
40f322cfe5d5dbce0c3a5c01ffaf460b,2026-10-07
ca3d1e29de0899d17601a9187be43c9c,2026-10-07
d68ac1f8b0caf14761aaa916d3a2bac2,2026-10-07
cd22cbaab01f1bd9f5a924bd5d5b09b9,2026-10-07
762ef1d97ef21f1494dbff965f41d89b,2026-10-07
7f1645f6171c6786249658c3dd089201,2026-10-07
3c16597688e7cc52620cb136521e3df0,2026-10-07
87b82694d798acd0f5db6d73d6261c13,2026-10-07
f0ae81cc468f9a99b8d9debb7e837b5a,2026-10-07
415e956d57153a3c36530fd16533bf19,2026-10-07
b0e5a732fabe2815531ef7e5aad47cda,2026-10-07
91f1bc3caf9ec414d8b5be7d030f8b2c,2026-10-07
e1c653fafc83e4c22531db91b1cd21c9,2026-10-07
9818b07b62d79cb15e9bf90975aaae5f,2026-10-07
fff2d82e9ae43c5dd1a949329e7c5316,2026-10-07
00d036c44017ea5af828d543c605d7af,2026-10-07
97cbe82d7916f96343c21b4b458b4127,2026-10-07
d377cc7ed551b875cf66d0e1e22b1350,2026-10-07
702cd8b7de4f133e1b1b9ec768f334cf,2026-10-07
94b6d3d7cd507f9bccb1ee789fac9e35,2026-10-07
591fe05e782adb9e4636d438dc38fa34,2026-10-07
d96720ca3bf5049e0d15454a1d931c4c,2026-10-07
225b2199f0389c8ca9ec32013a49a563,2026-10-07
ddb1d187dbc64c4a69283b492d0cafd8,2026-10-07
08f0420c5897a69298c8380338e43362,2026-10-07
c1c786c4249719bb981a234bdb2d7024,2026-10-07
8818712dbd73c3ecd0d9ecb2473c23fd,2026-10-07
bcd0fc20f837f859de6d56b8a25203eb,2026-10-07
fd112e76ff83a62fac985f19920158d5,2026-10-07
a22c2f0617d260fd5dcfb86a2865fbae,2026-10-07
b56bb4e547ac0fbca01cddd3c72cadb9,2026-10-07
e31bbbcab61c862a83895b161dae7aa8,2026-10-07
a4b139812baac8f63252401644491ac3,2026-10-07
fa393d3e46612fa97c9ad3272a8da1ee,2026-10-07
41b1d763fb37db4b31912e8e58a02749,2026-10-07
a8f2a0c0357f12a5734f0f90496507ce,2026-10-07
21215ab3b297504025aa4659dfc3d882,2026-10-07
4e4dbfee55f27734389ee582c194a48b,2026-10-07
870e148f9bd0029ea6be8159d52f3b3d,2026-10-07
57e249a53f873e3e9dce1748be01ad45,2026-10-07
42e483ff89de7f868a6dba61bf9edb10,2026-10-07
398241f28a39dbb9cbc51f8eb1eee8f5,2026-10-07
1a370daa7989b9f81c04940e1f5e6af6,2026-10-07
469bef9f59c9bbf5b90ef36890be579b,2026-10-07
cf949d927de0d3a9658ea1b39ed340cd,2026-10-07
4ab92f4bb5fdf88ca94dc16f4b039d2a,2026-10-07
950a25d20d4995fb9ea64e5dd1a57374,2026-10-07
7c4cad8754ac8291eca7c3b50f9fe7fc,2026-10-07
ff373065e8a2553dfb6c0b44b2cafc44,2026-10-07
4c6f2ef78b23eaec61f2b5a4e956f81c,2026-10-07
90af8cdf6fd953c985e9947904b0cc4a,2026-10-07
ce10c944c9d5e68aec03654b7a9787ed,2026-10-07
0765567c6e3a039416591bfd3a6376cb,2026-10-07
df2cadb51ff2ba55176d4ae0c7455c5f,2026-10-07
2561e7b7a015d496a7397a2cdc0c9eaf,2026-10-07
3361919cc1a5eae4cbf9c334b35e03f3,2026-10-07
60c30e0c67df05ca099ac5c510169d81,2026-10-07
6b8c45383ca835f7f5300096a4d8e0b0,2026-10-07
cf4fed4064e4efb5840980e57b39fb12,2026-10-07
0db8ea9f76333c96cef516a98367094d,2026-10-07
d7a19d4bead3db23736cae47ba6196b4,2026-10-07
5134690988f1cec2d8b56697fc22402e,2026-10-07
f2bc3ea995faf4caaefc19327bf1040e,2026-10-07
0f33890b38983688de517161bfb9f3e3,2026-10-07
59611a8b58730a0f8fea8154f523d9ab,2026-10-07
f371e263ff75f2e611d850ae1b0daa78,2026-10-07
9ebe7bb6d112342c222af17392677370,2026-10-07
d01f2c251e3315eaf32ea66f0486d984,2026-10-07
187cd95881aec3cb56fb6cbcbc04a280,2026-10-07
ad9f199d296470115a5f58e782a079d1,2026-10-07
f22987a33086971d5c76da96b00187ab,2026-10-07
8ce2bc74b2f77318b32dfc140eb3b269,2026-10-07
4f6834a6a661e86e2aace248c5a2a144,2026-10-07
2c11fbe1219cff5295e4c855103e9439,2026-10-07
0fb2cd31b38fb4a41f42cd8d5876755a,2026-10-07
1c57d1ee6a89e46f747b74039c8ab85a,2026-10-07
822a3c9b76a57b67e1cfc322aa071f02,2026-10-07
06257480282e6260fb336004e89d95f1,2026-10-07
e517c01e9bc8cc686fdb81a3351fa77a,2026-10-07
9a0bb48a425d929cc2aa2b31cffaeb59,2026-10-07
6ef483e03c9ff33efbc23b791e6fcdf2,2026-10-07
74e381e659ec0aad3592778b0aa40b59,2026-10-07
bc83a3b8a07c001e5c6231358479f5fd,2026-10-07
48b6d10f4ebb32229b821fc1df71d171,2026-10-07
77e43d7406ff6b43b4eac296131cb105,2026-10-07
9f82b8f9d65eb0fc88d195418c66dba2,2026-10-07
bc5ef8291a176cbfa8bc574d488edf9a,2026-10-07
f3682ff4903702b0bfb1ce824a45fd92,2026-10-07
a32ac25b2cb782fd41ad928839dfba12,2026-10-07
9455208b56566395cc50dccb5301255f,2026-10-07
c219f98da6b3badc5d26c5abcfc88c4b,2026-10-07
0c75af1f4b99812136ed68ff2224e965,2026-10-07
c29e5e787c6c8d21b3fab7d4b389899d,2026-10-07
aed036a79556bc5c48d39d2e9c266909,2026-10-07
f1adeeaf62beecfef18295aef6fa7b0a,2026-10-07
08723ac46f778587c6350ed85ff7c48c,2026-10-07
c665eee62c66911dc189a4c2952f79ad,2026-10-07
3aae0ff21e7bb71e24fa3e9ae7da9a53,2026-10-07
310b19f047a277106e368476d3090395,2026-10-07
752761aa602e4d1707b2d3702ee0d8b2,2026-10-07
b1f070e8e6836d61240c9162bc48b3ff,2026-10-07
d4039f185cbb11ff6f640be12a97ffe7,2026-10-07
625489a14b0fd3642252fdbb73c291eb,2026-10-07
bc84bc1706e65b622b9d8a12561c1bd1,2026-10-07
6b6dcbf2a55a70734fd463b74cadf4dc,2026-10-07
6ea2f9961cabc11b8bc9bd539d972e9c,2026-10-07
79ee3ed69adb69edc830b0f5e866bbfd,2026-10-07
1d2ae614386697860ab96a07f69a7ad1,2026-10-07
5c6af44141d9be8bc7abec0174dce5d8,2026-10-07
9e50c5775aef4b4a90ee1fd0408e0685,2026-10-07
19c2957c77e915295a90d2ab6c9574c9,2026-10-07
477b65588dd78a0e0bcfe151dc9c99ce,2026-10-07
620bef5c33816bdafcda3da156539ab0,2026-10-07
d274c24465a5c124deec60164f1edfa8,2026-10-07
b5ac8797b8ae85201048fe6f76a36afa,2026-10-07
19c7fcb43456bff1f25d8e6f035d191b,2026-10-07
4fbdaca48e55abf047b1da8023db9a24,2026-10-07
69219fa714b1cc48a5dca906f4f0cd10,2026-10-07
4793907829fcf136474e407b6c1023a5,2026-10-07
33fc64ecc59fe5c40cd5e3b4c2e0f4fb,2026-10-07
adde999360b9d73f404e36f5d54e1f40,2026-10-07
b48f9dd1e786754c3a7fb0df87dbd205,2026-10-07
ca0371448ece5cbdbfdf71c4cf144581,2026-10-07
fcd09875bbb1d76cb12c3003a49e089f,2026-10-07
e67f7f3858549027d3e97911e195eeef,2026-10-07
eba6dbf96ccee8e34521705f4a6f1e73,2026-10-07
f74840238c1561d2f0928c99d477a49f,2026-10-07
9d76d7899f1dec56faf4efde0520c07c,2026-10-07
3c8157ba3207e79e565a51e8ba37081c,2026-10-07
4161190982b96bb5da5123f21e6e61cd,2026-10-07
76d0050943a22fb6aa94a106a7b8e943,2026-10-07
9fb34ffc3d3ab733d160146572e1c046,2026-10-07
3ee3ce72b8dd40aee6838b8ec7d616ac,2026-10-07
5543fb0262e743404575dab208a6178a,2026-10-07
c7dd61e63cb4facdf9deb67bcc6cdca0,2026-10-07
29fd4943b5e5ef12a9c6d701c1713cc1,2026-10-07
02f249af2a78d47ecdc3c8eeb9ee0138,2026-10-07
8e3776f6288b4266ebfef93d7d91714f,2026-10-07
547810a311637acbf2abac78fcbee70d,2026-10-07
d4d7d840e32bc256b2fd4d3fb7950c3d,2026-10-07
cdeb2cecb0212179a88262223e457193,2026-10-07
2a8dbc5e100f822ae7e952f0a561f546,2026-10-07
0b129ec9320d8e3f7325a26d181a47f0,2026-10-07
d19652b0da54359b474fafd5c2ce97a2,2026-10-07
5529f0fd6f58107e628e8bd643abd6c8,2026-10-07
2fa152e37e31b2eec6ab4bf3cb6d520f,2026-10-07
d4d7880d0284cf80d4f0947f49fd95d5,2026-10-07
2dbafe0a568530844d929898aa8b8c6d,2026-10-07
4db07cf9cdf9f0fab4453b5cf12b21b0,2026-10-07
d761deda53ee8f6942b8cd3881e9445f,2026-10-07
4511d05a76e8cf5be43f3c0d8c723304,2026-10-07
753a869581fc71482e4231eb20f9d419,2026-10-07
5e301371e7244a81c9f33208144856e7,2026-10-07
826d4de73029e7b2a83e4b88bcd8b7f3,2026-10-07
19ad294bdfa8d2efc781d738ca1bf816,2026-10-07
74e30d7c67b1316661ba1afbb9aea40a,2026-10-07
bdf2e70c550fc8e02aa014021b4fa688,2026-10-07
90192c9e92d5d1fa660788da1467e59c,2026-10-07
3682f4d800a33939930bf6d4bc17f97c,2026-10-07
70e20f560e8140d48cd97720c9983ad8,2026-10-07
2286db4e141af61c420a46735defe513,2026-10-07
3414fad6cc2ceb54a09e4cea9d4e0339,2026-10-07
6eeb69cb9706e99c6b0d5ac91d0c7bc1,2026-10-07
97b9d21811985335448d37959e8ee012,2026-10-07
ce49f0e5cf34111a7cfe37b4f93ceded,2026-10-07
ad2d6c898f2fa99310846f88a3d5fd19,2026-10-07
5138e69986c87ba4e7794be2112bb927,2026-10-07
82ffec53a089feb9572f5f0f732b7206,2026-10-07
8669295c3f8b0475495d5d1847577b86,2026-10-07
45cf39002797a91db83cd620586a57cb,2026-10-07
08098ca9f9bc1399d944f1eab3564519,2026-10-07
c23b9d4db7cebf709ea34530ce307d17,2026-10-07
4635fb110a843f065071540ac74f2168,2026-10-07
442e6f8215b1c4c574ef7ee4be387f07,2026-10-07
d07a918f5ed474cd53e61c4d1778990a,2026-10-07
ec80da7fe3abb694ba8f21c28c10aa70,2026-10-07
c8e19a812bb69c01dab1e7295d1625f2,2026-10-07
0522bff0c8d3d8ad38a2c61bd300a0c1,2026-10-07
31525cae452ffeb755f1e50daf995ba7,2026-10-07
ac4aa7d19e7b41f96520f3824b37a68b,2026-10-07
47d90b2e1214e08569c0c6f900edbfc6,2026-10-07
923f4c17a669cbdfaf56feab84c6f63b,2026-10-07
ec2b7ff9842c90beda68c2c69f535552,2026-10-07
a8c4e39b48c5e3ec125278c963f35d47,2026-10-07
bd0c152b4dc7db22c995ec117e9c4f52,2026-10-07
9bee0192fdf9945bec74e41e14335576,2026-10-07
fa49f2af9352c94db95c70162d673b76,2026-10-07
6c1d1e680fe91be02d6d19bfb870fc81,2026-10-07
32bde53284be529241d17d4c6000a521,2026-10-07
0ce2c327f15cb88a3b16aa9def2a87b1,2026-10-07
4b9c7f181f4f320534a0b4d656d2810d,2026-10-07
9d726333b8d9eb4596f241b0ef7424c9,2026-10-07
fc8612b82ab49673a995d02725f951d5,2026-10-07
2353e675f457d7a9c6c17f7e73b554c1,2026-10-07
4c106d0f6d7910131480208f2e1a93c9,2026-10-07
f2b4e525c2c23e91223f0f49fb606a49,2026-10-07
d1e70e67910b3b20d38e0539eb5b2a4b,2026-10-07
8a029597a12940f793fa00b1b98ab93d,2026-10-07
4982778239e17aec3e11f6adf101e1ad,2026-10-07
44c4ecbb58d023a3894c9c28de62f788,2026-10-07
2672d501f268bdfce89578e3d355ff1b,2026-10-07
342e88991f950f9f3a2f552082f1b75f,2026-10-07
99624e3502e71b9e15ce8fde2a111ccb,2026-10-07
9510bd3f30f10997afbfd9ad85ce6748,2026-10-07
4f535f8fe3d93678980961d46c46c3cb,2026-10-07
193b7704a4a65fc5c5979750378bf4ea,2026-10-07
5ec4ef35403e8a6434d0ad23a5da85ad,2026-10-07
6dfd277ce93e7b012c05573e351ad5a1,2026-10-07
445a8cd9c9c5dc0ee9da743dc2d00d86,2026-10-07
1d40464baf072685583081c7c2a8adf6,2026-10-07
c78943ee83b3e35057ef683295761b53,2026-10-07
94d2abdb8e4ce578b561eb84b618ea00,2026-10-07
a32f4e43a48acf7a63177b64dfa6f374,2026-10-07
4b7c6c7a90f2872e9fdb44c50de0cde3,2026-10-07
43d6255d5c5cd53b9b2f64aed0857427,2026-10-07
07f5b2c1357002b7cee608e079b8ddd1,2026-10-07
463a7922e15a49fe52393457f3a5a3ce,2026-10-07
6152ef7b2b278101b6b787d8a0bdf958,2026-10-07
6c03e04069baef2d01e2b16298fbf478,2026-10-07
31d20d5b5b15571564a03ac3bb5043ae,2026-10-07
7d77dd830bcad355376faa5f1d9845c3,2026-10-07
f137acd58ab074d7087d6c30366853c4,2026-10-07
7ea5de40cdee1fd7d973c9e3b757dbec,2026-10-07
d2a10646d38b13893cbde8e251ab8941,2026-10-07
2ad004f9c270365a0428ce34df005555,2026-10-07
3b631b97573f5fe38933698a460ec732,2026-10-07
48bce480906ec23eee0e74422bbe6111,2026-10-07
13c53acb209d500e38c6f010cc24683c,2026-10-07
11be092bc83c45b9be8e69b0686a318a,2026-10-07
ff383beec9c03a100b40250810b8246b,2026-10-07
101c35f100450ae5fc5103cc92ef1d7c,2026-10-07
c0617d27b9f3deb56804a797941edd02,2026-10-07
79ba0c9521ee00bfd44c5bc2958d783b,2026-10-07
987ce03028d6eec716ae055c899f23ad,2026-10-07
d344f95d29e8f208362dec9e03b8d53a,2026-10-07
a59c5175dd0b46b7eee3c51df9a25aa2,2026-10-07
eb8f3820f7cc7fd2269f9d99e5469eb3,2026-10-07
f70cd0171bd167d1e66083986bff1a54,2026-10-07
9eb03ee42625f84951c34662956355a6,2026-10-07
69e99b87926c4c97bc937dabc7f64c97,2026-10-07
eafb481a6e9b91ab3375fd47ca1cf0df,2026-10-07
df341e1c1beb72aa0fd3b6d98e66412d,2026-10-07
80ddc128d9c487ed427b998162f5dc74,2026-10-07
38ba277d7508726ca03666461e9f3dc3,2026-10-07
3f33f77a920e53d9e624cedeb0e8d25c,2026-10-07
50cc80f596863700f676652d7e49452e,2026-10-07
b6776cf9e191f2b9d719c05356698ec5,2026-10-07
36159f41981778a394f7375a7559b9e8,2026-10-07
623429dc448437418129327c818eacc8,2026-10-07
e5db5c0e8dd958f9cc4c9843d12cd819,2026-10-07
025763f1665902b85cdb1eb8011ebf76,2026-10-07
40e67ed29b9e3f3298b10bd156040f3c,2026-10-07
91b993ecee30704cce06dcca740e9bd5,2026-10-07
441feb8e277b8bf3e2b08bd19034cbaf,2026-10-07
d717ed21bc58ba2c1c424950d105e088,2026-10-07
45dcd3cb333d525dab1df5f7716519b5,2026-10-07
018dffa9ec31e0a70628425b8ca08f43,2026-10-07
dc38ae4e1eb7abd693678bf31f6106f7,2026-10-07
b446980f81feeb5288e8a08a6a5dc857,2026-10-07
042bf39b4397104e2a800d832b3a89f6,2026-10-07
bb874d491451bfa6afa482d4e80f27d7,2026-10-07
ab8bdc443f6740871be0d2eab103627c,2026-10-07
8821adca9fd816a04cbd173aed4b2265,2026-10-07
8733295120320a2b184aea9a2533312c,2026-10-07
5befe52e287a8e8dcea451eae63181ed,2026-10-07
34918b438bfaf8a58e3c3af53eb91b06,2026-10-07
c0b12a7f062580edebd3104e954c62b6,2026-10-07
d184953ab40ee93c39af8d54e24baffb,2026-10-07
99eebd5cfb10dac1ab39ab988a672069,2026-10-07
50aaec1e76579f1e5be491840438ea6e,2026-10-07
acba508c99c36733f65091022e522d5d,2026-10-07
bd2948082a03d708e785f93b2749db4a,2026-10-07
1e24a219f415bbb29964f7605f6b1f6e,2026-10-07
c16399ad63e8b6500b5352976e65ee59,2026-10-07
407f44a579b35fece3b829e6b0e3dac5,2026-10-07
5aaf197976568cde6ce3c854a8cd7f6b,2026-10-07
5b45ea817d741297bcd8facf6266cb71,2026-10-07
91bc14a38c4cef3957476b0c9f504212,2026-10-07
43b8f987b5bb5bc76627944d5a715304,2026-10-07
fafc55527c2c2475253778345a441e9c,2026-10-07
d5d308e59ba394fcc98657f606761ef4,2026-10-07
05e31bc052c3ae88a5ebc39291cc1747,2026-10-07
ca02faa3580b426739dc4800046b215b,2026-10-07
1bddbd1a5fc8ac69281e3a4bec98a1ad,2026-10-07
4e5db8e6e8364c865ee23c916eb78cac,2026-10-07
8028897974256009d1cefa6382946eb9,2026-10-07
9e7bf45907472a8739b09c01b1d77232,2026-10-07
3c7710351041d12af17593ac2932fe86,2026-10-07
6389df866c3307e91a0382f7a6ce8490,2026-10-07
3dbffdefa923fe90f4077eec6bd44503,2026-10-07
84b1df0e3335940d59a18a399bfe6d8d,2026-10-07
dc7a115a413c8224d0dabe3f6e009218,2026-10-07
cfc3ffbbab81803842523f8b1a4f4b97,2026-10-07
2a72aa26438933ab054f89b582fdfd77,2026-10-07
5f36c7ff3164d854ec97a4c1ee42a681,2026-10-07
25e0c75e3ef7ce88dd9549e97a61e294,2026-10-07
6ef813022e54c10ce558e4179f4ecbd3,2026-10-07
cec36206a00c2c2174f2cea29fabe87f,2026-10-07
6ef4ca80ace2f12ba177936fb5ffb414,2026-10-07
d01c21e8dc8a341d029a3cb6a4a53b2a,2026-10-07
28aaf6f6610b3f063553de248579d39a,2026-10-07
b8e28a6e835188bc9e1f93dc54dba456,2026-10-07
36b33f99214c1593002fb9471bdf5226,2026-10-07
e1df246cf572a8604d6567752668c1d5,2026-10-07
633f21c363a05880385a20996b5ce363,2026-10-07
a50d9a7a5504a77be5304c95007a299a,2026-10-07
128a979e2eccfe808413937d1978ea64,2026-10-07
0c7e619c586cb6745910658538f4e0c3,2026-10-07
69502485ce130d1d2bde69c266004809,2026-10-07
ec8eef452323751fbb1e7625e42646ac,2026-10-07
2947c1c6c1c1a0761dca27500fb32753,2026-10-07
9f5df0ea7dbdb4acca1123a30382fce1,2026-10-07
22654da0246506b14b697497ae9f31f3,2026-10-07
435c23dce533ff05f4532c3433a6fd33,2026-10-07
d519bf0f2650b77267140ef3ac6d8e97,2026-10-07
c4d85e4a9f96c6125ba49b88467b4c6e,2026-10-07
7e41ea09573ff9ea0686ded06166eff4,2026-10-07
7b1c547441c834bc94151db1f03d5048,2026-10-07
8f8545c05fb595525933af9f74e4ab28,2026-10-07
d351cf22f068fce3dadec3947c526cd9,2026-10-07
6b85bb9d6c29e56700f2819d9c2c6608,2026-10-07
ede182f118212153d1ee38c1ae515981,2026-10-07
09d846fbf7cf4de9cd4bec01590cb573,2026-10-07
49ebe454655f23755914bf87e09cd6f6,2026-10-07
6458e5262e2928abb687ce4c37e273a4,2026-10-07
734fd2c8314a4d7e9aa088162fe8ae96,2026-10-07
a6326918fa1a3cf3ee8473aee1b9d416,2026-10-07
5fa862facdf92dc4ea172dc85b458947,2026-10-07
886e212f592cc508f3ed642f9d33d1ba,2026-10-07
2c62ff083c26307ed7fa6cc434812b1e,2026-10-07
941561be58c559365d570ade96efa413,2026-10-07
910770acc5911406bf1e8a8bc3d6279a,2026-10-07
04b6ea8603695187febdda49891d4f3a,2026-10-07
5bfb6ab98e2748eaa2cc909ea162e214,2026-10-07
f099fb4f4b3dbc90296c539828adf0dc,2026-10-07
a25a2c81216f386f7f3c4f8b71cfff14,2026-10-07
bd4e46d9a2a2286c275a16ef86d7ab16,2026-10-07
4cf67bcec462db638f2da4f981d760d6,2026-10-07
6bc7fd6e1521beb4123fb8da3ab929aa,2026-10-07
34d9269a278c8c075115f20cbe1ce3b7,2026-10-07
c8aa72d0429811a47a2aefb6cb858dc7,2026-10-07
b185d549b9e45d08767284edf09525d3,2026-10-07
e610b9e268f43fdc583ba9731fcbc834,2026-10-07
646e025939ea2251322064c9e70ffeb8,2026-10-07
cec3e68341fffc9e855485ba6e449930,2026-10-07
b4007b304508777170c0c0e320ab8568,2026-10-07
02b95131fedc139bb4f4aadb8f06a4c2,2026-10-07
699cb3db9435cf39a1897018d88e3fee,2026-10-07
3dd456026040bc9bfba3f6369d6728cc,2026-10-07
c6755e2c316dd1916026656488d5fbc5,2026-10-07
5ebecd4ac790306c59f2c656e8041881,2026-10-07
6bb6319e8e397ae7ff3fe46c07044b12,2026-10-07
f40e149583be7f84e83901160de636fc,2026-10-07
e2b9e66d98d1cd2996e7e664a9ac69e1,2026-10-07
39cecd3febceaf911995ff9df9e9a23e,2026-10-07
ad3ace7feea549b2b6a9f85206708d03,2026-10-07
beb623be78c8020ff828bfa97f5296b8,2026-10-07
af124be3288cd91805979218c69fcedb,2026-10-07
cc9d75e04d54bbf2c4b83060efcad053,2026-10-07
568aec5ca855ea5bed309b68ba6012b8,2026-10-07
c5a5eb30392e04aed6b31a8cd025edfb,2026-10-07
4dad119f2ef50537aac1cb3948e05633,2026-10-07
f51832c18ca4cbcc56bb2b911ff039f0,2026-10-07
28e2ab28a4319c83717a8bb8a33143ab,2026-10-07
8c09c6f72b630a417a5ee1b760f2061e,2026-10-07
017cbc5e5320bef22b3602037b9eb859,2026-10-07
bd9d8c63c8a3c3bac5bb9f38f1667d45,2026-10-07
9eabeb10c402490526aba052b35cc319,2026-10-07
31190c2106e7041fcee121db79c7b3e0,2026-10-07
981537eafa2a87d1eeb3214758f0b9da,2026-10-07
fafaf2e76d95f8f5e48e32e1fcdc277f,2026-10-07
0a32f0bdeaee4a373368b4fe4ca67c78,2026-10-07
c4e655c8a3f910bb53bd3cb75cff8096,2026-10-07
84e38cdc0608e02c353c54616b62650e,2026-10-07
269e5d54a3fca2fe763ebc84e2dbcf6d,2026-10-07
ca93262c0b6ae0d483ffe3e8df3dc66c,2026-10-07
cbc6244c6c2eae088dea9a504eef372c,2026-10-07
cc4e85b8dd0dd6291442b41817a8372a,2026-10-07
e53fd928a9cc75236594d8c99910e9a2,2026-10-07
48d82c67f4576da730f433de6b4fb103,2026-10-07
aa47e3d57d07adf83e8675225f8c99ee,2026-10-07
66a269ab11524ce58a9bf8a2d39d9e4e,2026-10-07
37e74bcfd7d342f3c06b312be0e6dd5f,2026-10-07
ebbd7e54d1f13a689329104d4f06fef2,2026-10-07
dab1e7938939ce5858d712083903a761,2026-10-07
fe6f1d9d364d6d6272797e8ddc984e73,2026-10-07
269e8447b8e2915dca250f586b1de2be,2026-10-07
b47cc7a72111d55c4c285569f160764a,2026-10-07
63fb51a180c538081151c899c1adc512,2026-10-07
b50d5630168fb743950a8dcc3fe75e39,2026-10-07
86decae9ae67d6d277400bce57c31fa7,2026-10-07
d059f062217b888064775f08ed0759f5,2026-10-07
b8425a70a565ddc313c76835d7bfca4b,2026-10-07
9f653acac5bb3f0bfb9781f12c09805c,2026-10-07
adf5d892969d9f3eabda26e8ae3c14c5,2026-10-07
aa49c7efa1c24e60ddf834a5f64b6ce0,2026-10-07
a1514e3fd4c24c8825291284618a3a08,2026-10-07
7b78f41249258e82fa48e85b8a684728,2026-10-07
06e5ff66cc7d561ccd5282a1fb545f20,2026-10-07
0c714c4037688c4960f71ec57c09ccf0,2026-10-07
9908cf18fddb77c26a837872cef6cd7e,2026-10-07
c83c734cae77d081254130bc9dbd894c,2026-10-07
8fe90a472f12e563f6a741b7bc320121,2026-10-07
1e88c35b5d981e6db3072bae269e8451,2026-10-07
9b2eee5a3a784cb194ff487aad13f691,2026-10-07
bd9943b474d1b24b55ac18291471f478,2026-10-07
8d0b2a8a081a59af62f2095ba643b0d9,2026-10-07
e1c30822df8a8769ecf0df42d069c969,2026-10-07
a8b16e81241c7173ee8484b167b82a2b,2026-10-07
4c80d882da6ee55521caf8e5651d2718,2026-10-07
ec2650413616f748995b6e754c634515,2026-10-07
0530a1487804093b0573ec543bac7bbd,2026-10-07
cd9865a9405c27b1773cab4aa0229bfd,2026-10-07
0ee5b0da29580e098fc4ba1ceab929bd,2026-10-07
40169ca5baf337d05033830095a39060,2026-10-07
2bad5b826ed01eb4dff082d43b31366e,2026-10-07
daa6b9d09f2f8f97f20c5d5e2c88154d,2026-10-07
efba9158539bd8b9758b89cdcca0a374,2026-10-07
3b75d2924f7d9dfe171a765ddec6e7af,2026-10-07
3756799c02d96d80fb8bc8ca43214550,2026-10-07
3ba64a6eadee36c821383e0692d777fe,2026-10-07
59b775c454d9ac552173bf717e3377a1,2026-10-07
c4e97bf61c2f00d25a53b1718db47d71,2026-10-07
a093ef34564dbcc1e7773c83113ea340,2026-10-07
74c0cbc1b3c98a654e84e615a4161acc,2026-10-07
16f9655e6807ccd27ab8d8bcce7f32e7,2026-10-07
63f2929beb55156db360badfe15c19c9,2026-10-07
0da1c3f0a3a3a91dec40e82af699960a,2026-10-07
88f0d051e2eab06aeb44acf8a6a7d9c6,2026-10-07
ccab95980c749ab934d69602d537cc23,2026-10-07
ece21ee961d21ddabd8bb4c565e6f65c,2026-10-07
f83c3526ce85b8063c0d1b67c1c153c2,2026-10-07
49806411504ce53cc2f87e3cda5ebde2,2026-10-07
6a00457872a3e3890f7f4d3588e81305,2026-10-07
0cdd9d7a33fe4397518c427888e89e0a,2026-10-07
b449e76dd739a1a3becde2a73cc3002f,2026-10-07
4be98f8ab6dd75804f449a657dd0ab2b,2026-10-07
cdba235df6f91ae2894b6afa1af5511c,2026-10-07
20d4f9dd6ab5c6bd751fedfb19a0b42d,2026-10-07
599879e5a769c54a586d14ac837ca40e,2026-10-07
09ee1626a59a3dd472c77864281d9c27,2026-10-07
a260f923d5ebe9c5c77c445874c6bf7d,2026-10-07
dc7ce71dc5aa1f6e42cba43a356f48b1,2026-10-07
4855db891cc975103d4b20f64f726a92,2026-10-07
dfda76c00e857c27a650e1b48d1d39e6,2026-10-07
a706a536a2c267b1e890cb71ece7a8aa,2026-10-07
8c093e3efede079b995a1b334d20df94,2026-10-07
ed6c68f5bccf8ce6456cb9a3678ca314,2026-10-07
8ff0c0331f66dc9a2210ceec6467bba7,2026-10-07
fd62cae1342de4f955ae770f10e0d577,2026-10-07
c11e06a9e5c587cea1a9ae7ae77e9b1e,2026-10-07
e463346ecbb4788ac213f2be0d79a3ed,2026-10-07
b8a3338b403f66dc8c08e75cfe0180ee,2026-10-07
24d5580b93535ae6df1c2b21814aa414,2026-10-07
b2d805370f931be6bd01d1e6a062b5e9,2026-10-07
e9b109812750c05ff1ccb153161a1278,2026-10-07
d6f473e5ac9b7f23e3a943dc92ba7054,2026-10-07
8ef568c318fe3c660b79334b308d2340,2026-10-07
6abc609652a93489f01e6dd8a1eea212,2026-10-07
2690bfafa0686c67beb9df641934cf81,2026-10-07
423c1932500f984d31e1d924bcf9797d,2026-10-07
9d88fdd638dd941a415a65ef0fe38365,2026-10-07
59fbd4b8888a413074ae44cd991f130d,2026-10-07
0356f9bf3ddb68fcf348ccbbb7b3ac1d,2026-10-07
092e71a6208b488f64e396bd5b43a04c,2026-10-07
830426857b0d9e210c38f2923d5f3b95,2026-10-07
cc4ed7e015aebeb0924277eaa3e13a2e,2026-10-07
b6c432667b32fe10fde0e01e5677360e,2026-10-07
f4b4858d60fb5b147942c1d6a2c91a13,2026-10-07
7f824628d3e1451b892a486c7f080527,2026-10-07
fb3e9cc4b6f3b43d90e1d23aa3e9574a,2026-10-07
ebe80f78b73304d82152e26408318cd4,2026-10-07
ddc50c515301fc2c3a66417e58fc372c,2026-10-07
661a02759c6cee137a6c7d284f67e453,2026-10-07
8ec3c8ec6614dffe2d83607da37f6149,2026-10-07
b8a0a44498ad3f5874559fbe18a40670,2026-10-07
697f553b0a4736a057f7155335a7dc33,2026-10-07
afc2d10b17aa75ca25707ce665038166,2026-10-07
d6c49f8923186e5a40a38e11eb3ac403,2026-10-07
e906d96ae37660648b66e7b95da95b0b,2026-10-07
e7e8c3cb2a0efb79b5a0b001e9419c87,2026-10-07
e1d8218dbaef55f1dbf9e692df137466,2026-10-07
bf0e9dd2117287d6ae7198d899f1e9e3,2026-10-07
c7f30043341817171c02c1f7c9299d33,2026-10-07
e68caa02bc795f37d2ab78855a3cc046,2026-10-07
8d104fde26c80b92571786923d395d3a,2026-10-07
b07d32e3113aa2fdca7495716bde6844,2026-10-07
fcb05e1d4f1fa428943f2e347d5664de,2026-10-07
4daccbe29f8bbe6d3443f6b94c514a42,2026-10-07
9b111d4875f9038d4f9225c7fc33d242,2026-10-07
0e3f80029d5c53fd3a5d7a4943f35557,2026-10-07
cbce3af38d65ab22f0873768c010664f,2026-10-07
782d227e2d30d157dffb1d902264b805,2026-10-07
d6ddea1ab0e75aa7c7caa8ef3bd93e4e,2026-10-07
d683d218b2e2d277d0677920c3dbe025,2026-10-07
d0d9af93dec0d95286d73992349fcf99,2026-10-07
5a510777b4bc141a6fde4606d8d53d7d,2026-10-07
d6e407ddc44e0e979227ee24faf1cad7,2026-10-07
e03f5ceea2a8abe081928caed5cf3370,2026-10-07
57fe461651dbe7abbaeb36563714ee48,2026-10-07
c51b4852c3fbdccbf655dbadb132879d,2026-10-07
7a1b7f628d2c76a416bda8d18b9c913f,2026-10-07
a8753d0f5b948c034d26890d3364a450,2026-10-07
b91a712246b72cffff34b4d20aff839d,2026-10-07
29ceedb32ff945e5c0f470e7da3f0f3c,2026-10-07
616ebbb3961f43fc8c17df089104d0af,2026-10-07
dd1fca8f0cf1384a4a493809fb887dd8,2026-10-07
49ab36e7acd5156224983f5e9971e89b,2026-10-07
1d45f00af3028f63828c721a1bb5b42b,2026-10-07
a6a96d2b4cf0b399421f6e7402ac2849,2026-10-07
3f62e3ea3107fb6bed2214280d1bec5e,2026-10-07
244fb6a2bef3466292bca1429c39b4bb,2026-10-07
9f29b1b5a33183cd8c547d44687c7a80,2026-10-07
0adcfa7315b803a59ebf229486edcede,2026-10-07
2a6d77b250ed29a382a8a10ff02bd422,2026-10-07
b8b382474053edf0174ec719f6b8bab3,2026-10-07
c725515b775513f6cab27566c2535b62,2026-10-07
ee19973fb2ffde80435f45f85ebda643,2026-10-07
baf866fc19d74be90ca2667f73efb508,2026-10-07
f647e1717c94ed8cb79f84077a0b9b3e,2026-10-07
db5faba30cd5cabbc65c11aeb474bb6d,2026-10-07
5b5e105112e9b1602edf2b45f675969e,2026-10-07
736e08db9ddea64e9c44fcad7f651832,2026-10-07
1d0bfdbea5193d631f0481449999d1f5,2026-10-07
e14cab1bdae401cff79ef5bfa5034e5c,2026-10-07
aee2cf0b8d2c8a9065e9fba1dc6be3ec,2026-10-07
5c5d866586e062fa38bf45d83e0de4cc,2026-10-07
4ff3d6be1d4a49bbcf06047df83d5658,2026-10-07
88e4655e57099707cf071333d4c810ae,2026-10-07
acbf1e9f0dbf66f687ede4c190c79779,2026-10-07
e2f0d9ee86e62153d0cace3146800733,2026-10-07
939c16394906077484022a02667234a1,2026-10-07
7e365fe2d1afaf0faf16af300be24745,2026-10-07
b3c17c5f51477638cb0f2e59d5845e5c,2026-10-07
023720789931746ccad007f3a4508011,2026-10-07
1c927409e26753ae5a10653912c8e14f,2026-10-07
0092bfa7e9938ea4ad27e2dcca688d05,2026-10-07
c43ec5278d53ff556fe1541b784dbb0e,2026-10-07
f249c7297844658ee7cdc74d05a2f59b,2026-10-07
03656b05687f0d4dc14a7ab9e66d2d2d,2026-10-07
f81a6d2b7ef310ed1fb4422c2859a929,2026-10-07
fd86aed84099bea36b1b9aa9c03115dc,2026-10-07
01d76958f03f8ac0b255c23d419bdc53,2026-10-07
f85506ac31b15666fe21fb6ec345dd98,2026-10-07
1cc0790a3243cacd7f7a65176f30fffd,2026-10-07
99974a42e7e624d0c066cbd919c18395,2026-10-07
2006622e6e5d3f6ab81b2ec0da9bde17,2026-10-07
c0635dfdf776bc5a69e75e7a3d37cead,2026-10-07
5f33750cde7536cb290ae002465dad09,2026-10-07
3a2e0565ba1c33b3856af13ba4d282c9,2026-10-07
316b1335fb61d9a654c7d304e96b2db3,2026-10-07
3040536569979b5e742b6510490f3020,2026-10-07
6ab2d1de87852875a51f8b07cafdae95,2026-10-07
2a688dc22e2065d0bfb3f5f82ae6e51c,2026-10-07
c1e3b33805ee078775ba894b1c02d43b,2026-10-07
d1b91d38c0a22ea595a9cbd2801aa5a5,2026-10-07
4cfe1ad2608309959502bd2785091474,2026-10-07
8b842b7090c68f9c2bbf375d0f9c9f61,2026-10-07
f38d4861e2e7d7acee38d0afbd94029b,2026-10-07
8de0796323dc24dbb20ce6d583ac0fc2,2026-10-07
3b7a4db4d702c0be1fb239d034e966e7,2026-10-07
a1c660b48f7b392932ea6bf2ab07fcf3,2026-10-07
71d5518baeaf1ca731f748ae410623aa,2026-10-07
304d545477e992a5b3d92fb48367744a,2026-10-07
b069ea0062e557433f214d3746782fb6,2026-10-07
a4d42d92bd5983538a878111273347d5,2026-10-07
d3dacb35097789133767234a81a61e34,2026-10-07
2cbf78c889665d46a9f9747688d85d7a,2026-10-07
897d512d1180342c492c5375ab89e3b8,2026-10-07
2290459524bd4781c6373299bdebf35f,2026-10-07
ab71ad2720b82fb5fe369f17b0b6f93b,2026-10-07
6d8e80b25eb2c59ffdbc1f3121940f03,2026-10-07
6e4a5be9ed57d3689f59d1d5a27e38af,2026-10-07
e3263aa2c0e4842f4aa1a0592efa530e,2026-10-07
57b694f4e9b844dea896ad0f58870fa3,2026-10-07
0c8d314c0c5ba5b719a773d2e99f999e,2026-10-07
acb36ec5262a3dc785d832904d0bfa56,2026-10-07
47469a1479248e3cffab639c1014bd89,2026-10-07
0f5619790619068fb1f3941cd14fc76b,2026-10-07
1f8dc62d3946029692c63c0689539b23,2026-10-07
65b706798b85bf7b6a33f3475b72fa98,2026-10-07
2f218305af077776c035dc51efccbcb2,2026-10-07
779978e4a8da8b5cadd00a3ef257df45,2026-10-07
5682b5810ae43fb182095cc120112c20,2026-10-07
4cb16e10128f63708d6f052264c6fa7e,2026-10-07
709e39f780278532e2a8a683aec7bb59,2026-10-07
f2710d53f3bd3baef69426c7d26d80e1,2026-10-07
0107268cc2cce843c7b31bdf93ff1a88,2026-10-07
b447b18783b275a6afcb3d9b49814395,2026-10-07
4c32471db82da6898a43ff3ef8c3102f,2026-10-07
743dc64e73d06694afce77ba7c34ad4f,2026-10-07
e4efaac0e09f8ab2d4aef26c86fbecbd,2026-10-07
e7fab79a0809a45fea07b2a2b4a5cf26,2026-10-07
7a4896696ae00cbbbfac78d5554e0651,2026-10-07
eac85ce8c76e4929a6f9401e19b2b86a,2026-10-07
e9f997362dd49c2803f4ae739704ab45,2026-10-07
1bc9c504ee272e0ae6d27d0ccab374c7,2026-10-07
9800dc91b1b5252a57fa26541e9d7e70,2026-10-07
c4d1c74d3dfa2a2104d1192e9f05bf0d,2026-10-07
2c1dc31e7d8a2dbdcdf8bf227641d16b,2026-10-07
55428779f829f39664acc9c3bc59a34f,2026-10-07
c09550fecdcf1a038bbd1a7a35169418,2026-10-07
9b0c51d61867ef1770a2b97ab20ecf13,2026-10-07
ea22de2345263f4647df4eb45958e9f2,2026-10-07
4d4165b5942fb8ab20c3740b58154122,2026-10-07
ba09c39686e86de7d8b34f1e178b9dde,2026-10-07
95145cee52107d9324cf7f58313fcbde,2026-10-07
d6efdf5b99b2c734e8bd02ae46696aec,2026-10-07
d152924a93690732276dd56341823885,2026-10-07
beeb649f85399a5c44603f8307d4a802,2026-10-07
30ddcc316d5fab6bfce7f65771c3a86e,2026-10-07
9235e41e77341208e9818eab30b51ad2,2026-10-07
e15419e337172c3777984fa5357341b0,2026-10-07
dd9106af118aee561df4f8a64a69b5c1,2026-10-07
994ae2794d60d8b07c8c71580510f892,2026-10-07
bc3aaa36e902d4249e8ff1bf1d605e77,2026-10-07
0c2343a2acabc4865c830e5aee35a466,2026-10-07
c90eaa4e78186181c223a1f2d1ae8932,2026-10-07
3cc1f41407cbd0060a383f84a97f92b4,2026-10-07
5ae496547a5dc8ff86893913ec01eab9,2026-10-07
f2e09408e29b61e589aa1a8fa987e031,2026-10-07
287b6ac02a3e217cc477ab60c4ac7416,2026-10-07
c38840f6ae109b276588b01a7b197e60,2026-10-07
104be4f57b759dbbc8653a3901546c15,2026-10-07
36082016d56c6b19a7f11a3184ceca35,2026-10-07
a3edaa8120f6f56aaf137e687a46fef7,2026-10-07
67f27c7dc96ef761f116f85297860f40,2026-10-07
b4e11ede925f1387dc7d7f57df705100,2026-10-07
67b75d8f7a713a0d4971d955e78121ff,2026-10-07
ccedbb4b04258e5c36a38e305be5facb,2026-10-07
b03f6665f3df8147b93d60bf2a5c35a8,2026-10-07
cd489b354ea587104f63b78458e44424,2026-10-07
64c3370f6bf1f792d121ea7387d9c4d9,2026-10-07
cb0d26fd794a5ed2069c56e97fa36e05,2026-10-07
71fe89d5c7c3fa177f7dd13ff0da6d63,2026-10-07
315f92d4b8757b6dde47747827020850,2026-10-07
929b6ac72943e5338356902dbef1b2ec,2026-10-07
77c123f526d9f502de3eb58d6a20ddd9,2026-10-07
c621b35311cc34fb041cadeabda6b904,2026-10-07
ac9b47ad774ebba9edbd1e26086e81ef,2026-10-07
52071acd85f46e291dc8609c4995c316,2026-10-07
1c856330087d3ab14104c741e633e996,2026-10-07
19e7b59094f078c988c7761705110378,2026-10-07
b26d235475943c56be27282f2d8bdde3,2026-10-07
1fd8ed48a6af90b8893aed99b5858a8a,2026-10-07
9fa3bcc7763f8f0a9862953182211832,2026-10-07
72ffe95e283aaf38945049e36a014844,2026-10-07
4fedd3a96037b0d733d6174f7230b9c0,2026-10-07
8cbee9ea3c30cbe6fa8e773cc559f7ed,2026-10-07
a26a865ab99758d6d02506369ecef955,2026-10-07
45f531893c5613de50546d1f7cd49be4,2026-10-07
28f04ef4c2c6d905fee120b1089bf5d2,2026-10-07
87e4a977ac746d4db617ed6daeeb4cf2,2026-10-07
78e3eddb2fb7d3cac253c3fee16ded79,2026-10-07
51981c3127d44f98a83896f40d57d425,2026-10-07
b5fb8ad98a1c5fc83afa61545202f3de,2026-10-07
2691be78b660af895c88147fae0098cd,2026-10-07
a1bc513e0182202d9fdcb81280ce94ce,2026-10-07
f1b33c46c61c7daafd4aa36e87c65db9,2026-10-07
29d0860de4958f595297c2eb19d438b8,2026-10-07
647c723924fad9947cc86a0df9dfcd36,2026-10-07
4a2997f223978293dd5c1a7abc9c4b88,2026-10-07
2198c6d9afbf803d2b083af1d002ace0,2026-10-07
ed9784d89a6c05b28658631865d8079b,2026-10-07
688748564bce6dcc42e062977c8769c1,2026-10-07
0560b8aad43a92a9084b8b3551df3bb8,2026-10-07
8dde8fcc53e55ce2f9f3d6cfc783f3a0,2026-10-07
70bac58753483d620af2a6d89f532b1a,2026-10-07
1af5feaf1acf225df09028ae886ac0c4,2026-10-07
0ce5882b16a47b7ed1680b638730a8fc,2026-10-07
bb496b54660e535d15b529fc8fe5044c,2026-10-07
a8e1b9e6be649c91a97b0165e17e829f,2026-10-07
242ff62771d6b07b8bcbcfa8fdb61d86,2026-10-07
58d999842283ccfd1b254b1573c5589d,2026-10-07
6cf530f16c30e9c904d50079f82eb4f0,2026-10-07
ccbfa55d0d95584d11ef806dc9ec72d1,2026-10-07
27b8785bfec759111c0a27dc5f64b685,2026-10-07
3b92e4546d585567220e57e2a530ab63,2026-10-07
b1b15746750ba6fdfc6ce81b1fa4bc89,2026-10-07
d1b2921a72a569bb4c64098fc12691bc,2026-10-07
a4ca175260b6a02966f36a2a839e35e2,2026-10-07
1d6b657a6ad0e1fe41bdad4f918e31c8,2026-10-07
b90fb300ba6753ce729e079391ec1d7c,2026-10-07
13d1e699364fe4b89123b32f21fcfff3,2026-10-07
8e1e68db7f2b2f4fcfc9b6d0b91633a4,2026-10-07
a1a37b68600e2f80f637254885d20312,2026-10-07
0cb8415fd4fb2509fd7ef5ad438b3ff8,2026-10-07
103a9b96378a2c1f9521d6f6f6a66698,2026-10-07
6fe91440171f4c3a33be3ce24402f2c9,2026-10-07
c55cf8a3a9207b574af3d4baa59c8813,2026-10-07
dfd702d58dda915f8999c9a335b6ea8b,2026-10-07
a7c9899adaca7ec6669ae7af34508e9a,2026-10-07
1aeda768933e8b9eed66cb9c492b199e,2026-10-07
9f2fd771481241d5ce95a39032236bc7,2026-10-07
cd15890f6ef81a2596604299717a1058,2026-10-07
87e8411b843e62153e69c0254d9be604,2026-10-07
53c7faa72927b205e5de35a06072e673,2026-10-07
0eaaafaf05fae06574a3f8252ddd4850,2026-10-07
6d3c04d635b2ddb059a5ec7367f92faf,2026-10-07
a29e1b2aceef4e0c4479ec44fb055655,2026-10-07
d11cb59e1200afed0a9213e05f774b51,2026-10-07
c330f22d8ddcb8a928b50b7baf9f0fb8,2026-10-07
14bcfbbfb87f503f20a7cd6bf0c60a4c,2026-10-07
45ab9efd0e3cbd7a162e52037b0742ee,2026-10-07
454ae5f34bfbbedc816bb39accceabe4,2026-10-07
0702690ebc704a1d8c80d649020b02e8,2026-10-07
5db6de8d988b689c57e234f3e2c6d918,2026-10-07
8d47e36f64148b82d4f439396ec31b4d,2026-10-07
7f102dd3e9feae46cf56bcb547a1410a,2026-10-07
874ea3878ef7f43241e959ca3ae037b2,2026-10-07
bd635f66be57e970c857374978d60b8a,2026-10-07
b69eb0c03dd7b839f3ae4a744b32a81e,2026-10-07
a85907b6d53b09e3b9f5610c504061c2,2026-10-07
15eeb1ae763cf8c31911f5f7f028641f,2026-10-07
d78658ae26c69b9aa6fc03f947358e75,2026-10-07
7ae58cdba565b1acab5c5453c482e48d,2026-10-07
15026e642e74ced62b3b0b72f3266c87,2026-10-07
e8b69b7a8fa096248dc27f1dded4d3a6,2026-10-07
47e550390f5cc0311b21bfaa887563df,2026-10-07
2e5863153d996a70f8acc882e12ac0f6,2026-10-07
810546a5666604869181654984d9f2fa,2026-10-07
d88f0ab5c55384fbcf599060c37c475a,2026-10-07
b2630e1417f677acac70426130ead2b8,2026-10-07
17de52000fc5e3aa53cea8c9fe111ab2,2026-10-07
cb685ef00e70cc040e32c938f6a11086,2026-10-07
cb771c913b2aa770e97c538c315d7b9e,2026-10-07
d5c9e1f8ba4da12d7ba88ad3ebe8c278,2026-10-07
1144c60a7f72b7dd6dd1b8ae82510f7b,2026-10-07
3bb32e9f59e2b9dacbc093020a417c99,2026-10-07
184447a16f15abc142fb5d98d768b6ed,2026-10-07
c2493e205abb6e86790eb458b3070f8f,2026-10-07
45ff5b498858ee87d599131f15530a56,2026-10-07
467219331c47a8a321b094c0ff66b7d6,2026-10-07
cdea20fdb3c0a41a618382aa1ffcd80a,2026-10-07
6f33af05d1174f82dfb5be5ea8fcffe7,2026-10-07
5613bc134bb70bff03be4c5f706d3fb5,2026-10-07
2f9c1c94257b78620c0eb617484e6d41,2026-10-07
c602e69dc190ee097e2eac366ca389b6,2026-10-07
e521613ba4e1e8887db21e699a0f919d,2026-10-07
8df8bd88b046b4e5d6702e919e1a39c1,2026-10-07
0bb8c0ec121cc2ca30b67b09327f0c4a,2026-10-07
840d3e796dddbf1b2b2943b270c45dde,2026-10-07
23a9f40d7cb84cfa60497429535cab57,2026-10-07
ccb2bfbb71312c196f209479e35af432,2026-10-07
5a85ce89627ace4895b6bad5798a9032,2026-10-07
bc4ed4a5a536cd0c7e490e6e3d29b1c1,2026-10-07
cfb4b7d5ee4d848f93c9f84d42b10644,2026-10-07
ccd01d4892b8450e78159505752ded11,2026-10-07
ec1c48884addcc3dd2c7487a943d31b5,2026-10-07
42752f439ce6a64c723d465a69f0de60,2026-10-07
0c20d83ad541086fa060327890cee3c8,2026-10-07
e133b476b589dd70c75b2a665b40042d,2026-10-07
ed0b22ddd63cf5c18126a7508dbb0421,2026-10-07
7feb86e822733a35f4a072ecba4bc2df,2026-10-07
5830a56a181f67ccf8bb53f97856e538,2026-10-07
2f183ed78a3df46144b327c7dffc4b1b,2026-10-07
fe246f25a3a3fc116e5d0d3d202db15f,2026-10-07
b53a1abc75f646a3952971b5ff4ed4f1,2026-10-07
0093c61e1be15a01d812227ac95132f4,2026-10-07
7bfc6328eb777ade8245d65e237b0fe6,2026-10-07
fc709324e8dcc6b6672480822ac7a559,2026-10-07
fc6a0a50504d5ca9aeec74bce9956df4,2026-10-07
dbfc005e70ecf3a92ccbe880655a078e,2026-10-07
1ffbcedd3df8556f83e14d6a681fafd6,2026-10-07
d25aa3783c79caee6553b821d556a5ec,2026-10-07
bf7bf01f861e1e5ca8257a4fa37f0608,2026-10-07
6a4e645da9841e0599d32989b7e31d5c,2026-10-07
aeefd2fc67b2f3de4716524045a62fee,2026-10-07
2c61466b3e09e84d3ad6377be89111cb,2026-10-07
c238a468bd42611a8ae8a3308db95076,2026-10-07
b35e4f2e949a7ad19facf9d19e291264,2026-10-07
102b5c9a882d37cf5ba529abf9adecf9,2026-10-07
50dcd8346b26d2f8774b899fb6e284c1,2026-10-07
a45c7ddd613d4d818d5415372705b0c5,2026-10-07
33ee3473cc39d703d67207d42796e9d8,2026-10-07
84fc605711e7a7a4dd85fcbcb033a305,2026-10-07
a3b2e868e1fd87e801709fea835dd578,2026-10-07
ee7de7f463a3136f2aa863ef0bb60774,2026-10-07
4f7678e976f7b87461fba8faf7088b16,2026-10-07
b764fcfc24d5bece26801a74b9b00782,2026-10-07
f170f5274d78a3b3ac6af34699303ac4,2026-10-07
80b45e5062708e1c47c293b961a31db4,2026-10-07
525d01617799317ecd8705b905a781e9,2026-10-07
7c9a6ac21fa3f2fdcb2f92f0ff4c7280,2026-10-07
a86f221b839ec933d91f601cbc10aa02,2026-10-07
6055ed78f310144896d5a2ecc75bc713,2026-10-07
604dcff9acdb1e6605e91776fb0ba034,2026-10-07
6f5957729bdd4a0d69e35748edf12763,2026-10-07
45a32f6cc1e528be7146722089125399,2026-10-07
231486095bfc25650d564789b78f3018,2026-10-07
d120fcb42fefef4256c2666c825f5dbb,2026-10-07
8f50cf8e98b0acf0e37dee011593dfa4,2026-10-07
b1c39488c572ee07416f1db66c903ace,2026-10-07
dfc3ed5f4d071c53d36c7d90a33d943e,2026-10-07
76b93bad665e997ba87544504cbf3f3c,2026-10-07
d027362c8a3d640cb213d976c90a58d7,2026-10-07
638c0174595f0a0e4522e33146fe7aeb,2026-10-07
ae2bdd4d117e8a0296648f6a4b6bad88,2026-10-07
4a03d090c7a799dcc41134fbd477debd,2026-10-07
7fc003a5e2cd90235f0c6b41ffbe263f,2026-10-07
c03be7a0de549ad978b6b29f7e5137c8,2026-10-07
6fada9ea1438818e382a0de969f95a3a,2026-10-07
b3ff99bdbceb73d39425d36ef2372fee,2026-10-07
62b59b9c98a72ef72a83169eee43d7a9,2026-10-07
23a8e5dbfefc52c0959891ce13ae134f,2026-10-07
fa640a38d29e2c649cbbfecc5dc81a75,2026-10-07
46ae024d6b0e3619d7d8af6643892120,2026-10-07
49ca8ac44790faaf1fdc5e608cf4b61d,2026-10-07
94adf367719f7bc4618f3d621a0995c0,2026-10-07
70354b7767ceb705237bbe25fed2c1b6,2026-10-07
fd4beaf4ef762a87e12bbce3dfb567f3,2026-10-07
c02fdcfbd7c5c56ea31501202438444a,2026-10-07
c61d9203ad48591dc6a876ab602da5cd,2026-10-07
a32814f454a369f3a95431c54bf09d39,2026-10-07
c7ff57dd39e9c67a51192f26fdb603f6,2026-10-07
7ac3749ae8480ef06ed28c99a34f368b,2026-10-07
ce6e9fa7c11878b0b4d9c827e6935100,2026-10-07
d97b86d3916d31b4f66bb39013aed6a0,2026-10-07
eccab3788b8a2cb2c1e2f405824adf1f,2026-10-07
9fd24e0d50423304fdeaec672ca726d2,2026-10-07
0032688f1633d71e5435262d09b2d85e,2026-10-07
43ca8a75f0d1cb8efe25e88382f5dc22,2026-10-07
c29dce35b7643b3c85f42ed092e8c375,2026-10-07
b4f4d58665a8b8aff937b8d4f47a31c9,2026-10-07
87de0be9be52214b837320b967503e31,2026-10-07
1e3355a07a85b48b3dac144461482367,2026-10-07
a651a6a11baa25806f9cb18fbbfc2745,2026-10-07
745415496c427d09594eddc29c5abfd3,2026-10-07
10e83a1f80a7aea738ed2bcfec3042e3,2026-10-07
5608f5246e625746fd32c0f4acab9b50,2026-10-07
b134e39e11f0d4c09c09dfbc62d3ab0d,2026-10-07
5b89ff8f29c24d8295542d2201a7c365,2026-10-07
0be9a0a40b2f4ab24b11605695d1e9a0,2026-10-07
b0990463491f706ecbdc11f483f4e646,2026-10-07
6e6284f0e99ed651fd1c6f7f3c727565,2026-10-07
116019d5eb8246430c7f9da8854d1844,2026-10-07
dc2d5b6a6cf4c64e88fdd66a5be8ee1f,2026-10-07
26e9bba462f1e4562500e0bebff6d0f5,2026-10-07
9e7e19abd4af08c95833eca3d7504e90,2026-10-07
22bc57d8e3c8f7277147b7706facd400,2026-10-07
823a68a29771a3a80c9173cdf274aa51,2026-10-07
58bb27db907760109bc7205952a9db81,2026-10-07
667e89bfa6766f4346b276e44b5942c5,2026-10-07
4b7460f27a91ae9f34ac9440cb451e64,2026-10-07
0081560ce6a8a4b8cb8c4530adc8f933,2026-10-07
3574c539c3af8e800ce1074c35537685,2026-10-07
94a787bfb0a76939a14e07c23e345080,2026-10-07
f0b51082cb4909e26efb8f37c383e922,2026-10-07
53a03f88617c823e5dd96e26aa49b17b,2026-10-07
07782290ed7c3f3cf8dcef7b173647fb,2026-10-07
c49605c616ed536392057fc2a16c71a5,2026-10-07
f8067fc35ec12ddf189301cd0dd7fb57,2026-10-07
8b7346efb3822a8e2dbdf3f3394a7d3d,2026-10-07
b0f64ba9e5cef89a61af7dfed117e2a0,2026-10-07
00803a29f9aaf8bbe636eb326edba81e,2026-10-07
dff5eacb8b94532e2d5774925e8e58a1,2026-10-07
91d4f273f2b9e370330fb241964338c6,2026-10-07
77b438813ccd9b6658eddad030aaf75e,2026-10-07
c27b096a9be7eb4ec8960dae025efdc9,2026-10-07
42f8326e6ae1a1b08547129e14ad5fc9,2026-10-07
c655cb83bc296146ae3571375dc643df,2026-10-07
b09a3f0a1f047aee453996cd77e8054b,2026-10-07
c5a0816bc9295a45eba55b1b7bc2eaf0,2026-10-07
c4a702cdb20e8ced6882f0a51398960f,2026-10-07
689eacc7e8d2dad08b6c5c2170f774b7,2026-10-07
9e52fa406b227b04a91c8773c7d30577,2026-10-07
62fec171d1e8dc8397d1cb50e461e45a,2026-10-07
f9c2bf9401291dccfa3a163eb79f98e6,2026-10-07
ff2de1b9b5451315e5304f8918fb9aa4,2026-10-07
d137b8d7f927b4d879f2e0a599b497d4,2026-10-07
18274a895397d6f716e72bdf1317a5a2,2026-10-07
7a4e911b9a83715cead3bad562e09408,2026-10-07
d1f73edad9cd87b28b7a59631924b492,2026-10-07
a941ac9547eace7d61213cbf0dc21331,2026-10-07
654e9957e80f5d047c94177392ec10f6,2026-10-07
4900a0015222265122f39d728a1856a4,2026-10-07
046b5959ad403d8273425b1cfc4c215c,2026-10-07
f6a3d373414dddc66f94ae51de404f17,2026-10-07
a833d40adcff97f395b3f7a2d9ddcfcb,2026-10-07
db6177c710ef3173e47b92f5ada68bab,2026-10-07
15df51ecc12a1ed01e43050429a8d382,2026-10-07
5f89835259fd8307eeb834dda9eb4ed9,2026-10-07
99b3c190c709f8edd9cc4353659a6bbf,2026-10-07
04f39b295cd92231a68d52f370e095d2,2026-10-07
733410ddcca029c5e0dc8d8f3600e817,2026-10-07
7df7218d78634063ea05f7ed2df4a596,2026-10-07
c78455c1ccf0eb5415877c8350101b8c,2026-10-07
21b6bd9841a6c7c1481760c7534c8342,2026-10-07
a12563a9c8c6e8c23f4527706ebb5dfe,2026-10-07
23694fedab18fafc21a515451dac69fe,2026-10-07
5b89d19021335317145880b94c5118b1,2026-10-07
ef0e6688cf0f38e7eb5afdc204da8b71,2026-10-07
a4f88c08f7f219a8b2b42530b01cbd38,2026-10-07
20fd611ea2454c118c8b9d3fba1014e5,2026-10-07
24fcd81de91e74e2a65ddd5d8ff81d81,2026-10-07
ebf0b00246f1288d121cc1c859b4cfc7,2026-10-07
2e07a4a77bf5730af6b0756bf718ba2a,2026-10-07
88341a6783f5da75dedcd043549ff9a8,2026-10-07
ea716bc4b2cfeb371319339ea741e0f1,2026-10-07
004af54bc8d03cc6893fe8a22c041287,2026-10-07
a8490a985aa30723bdef117d67efac0a,2026-10-07
d4bc2a275d907c95947f58d27d7449b7,2026-10-07
1747f7306e2c5f3903911c2161688313,2026-10-07
eeb93c0a6dc49980258e6234c28b6513,2026-10-07
a18be7a040d87b82d3f14981fa384b66,2026-10-07
146199b10ae9eff4d8b24563112a1f0c,2026-10-07
0d824215db9c5231dc411f8de37f1d6f,2026-10-07
a9f798e3df835127d400595a42057646,2026-10-07
8ee62b464fbabb5c257161987a56b815,2026-10-07
410ec0a188d92def373a1f01f2f7f21f,2026-10-07
05bd189b00673a82f63efbb297261c31,2026-10-07
8d42296cf4b55ecdd21555ce66b21f0f,2026-10-07
c97f07f65bf0576572e805989596016e,2026-10-07
1b02bf8ce3f8cb07d60d5f0cb7d0168e,2026-10-07
340e2411686396c633e6c87171f73132,2026-10-07
506be850deae53abfd7eab53cbb462d7,2026-10-07
80d8669dbff78b4dd46028dd7f254d59,2026-10-07
d84d2be0a7f3b83a07860c3d83cc34e4,2026-10-07
c16d090fa827efc4dabe26eead405f12,2026-10-07
1b24c84641e9f129f96b25309b3cf734,2026-10-07
8812b87bbc5857e348711cfeba3dd737,2026-10-07
59d4830432ef69b63edd5e5a39890027,2026-10-07
f94a249a9e78c80179f12b5a60727377,2026-10-07
828a342cc6b30af122d837a739c20c98,2026-10-07
02d99b740fa2d6d27a18b1e73ad0091b,2026-10-07
4665b8e3d8d44ad37d11f680162047dd,2026-10-07
3c51c957066c940a2b544307c4533148,2026-10-07
ab876ba7cfea36ddb5083c51581b62aa,2026-10-07
5dd68149bf4f895f84be0684f6515b43,2026-10-07
ba48c18d02ec08a264fa92608e49e236,2026-10-07
21731654c32cfc67a18640b7aa90ffd1,2026-10-07
2fdcf213087c9fd99f99b5032764bef3,2026-10-07
50059f8d42f14c902635f427bc68a090,2026-10-07
71d05c3a1ea04345447723f8a4b5d2d8,2026-10-07
b963decc52cd5bdd3720241b2ca503b8,2026-10-07
8e8112efcb0aa79088cff2781f1ad01f,2026-10-07
d759a99764aa7a7b53c4aa3459e2abe2,2026-10-07
3165568836bbe9c907bd1deffc7b343f,2026-10-07
f23199a007cc90dd9c69f97756f84ba4,2026-10-07
324b7a235327954f520c0bfaf1713a70,2026-10-07
a2e85af1392f9b09d912f41f782740c8,2026-10-07
a5d33502326bfb7daf0f026f4d0138e3,2026-10-07
f33691a64d83dd699cfc1740c2e53382,2026-10-07
52d399c8942fe3f4d4a1c7f22e1bd706,2026-10-07
17108941e9f9a9c8daa90bf22d1be8f9,2026-10-07
40a9e50be3c906f7dbf503609a0278cb,2026-10-07
53f5f88664bcc426fa136330123949a0,2026-10-07
8c562511b2991bfe4bf5c07fda2690d7,2026-10-07
571605b7d333de9dfa5dca002fa11ec6,2026-10-07
af852b077eaa2f8d33a92f7fb029667f,2026-10-07
748a14612b4579245799af6474def9b9,2026-10-07
6365403fadab727de591df5ef9171459,2026-10-07
7e63a90ab7efe2c93d1b05a4fed2d932,2026-10-07
ff61a5d0a851f4efdc25fe5e0c68ec24,2026-10-07
d73f7e7213bb4caf394b5ae9dac0996b,2026-10-07
7301005b294205e1db926afb126547a1,2026-10-07
7c052165119f1fb8dce9a12239370be0,2026-10-07
0dc8a034076246e6be9bdc92bd99e101,2026-10-07
ef15a631913839413354a1adca05ec76,2026-10-07
0d370ef28db115d4a200fa28c36adcf5,2026-10-07
62bd7e9f6aae1917cfb81c39695f398c,2026-10-07
0121de7208d2516ec7c195067dc7ef3c,2026-10-07
5fb846edf535b416739909cb43db3c4f,2026-10-07
d0aa8967ba1f0a063f9d28ae51f4a10b,2026-10-07
b781e3c84cff5f611c36f67c26c8342a,2026-10-07
61c3c17d5b7d8941b7e71f0d28100d43,2026-10-07
e7f55035670b0751c86f6ebf1f8af6aa,2026-10-07
8870dfd5f4de00c5ee1eb4427da25fe4,2026-10-07
33b7397f465d40fc77f8f66efca7fcc6,2026-10-07
f648af4936654cd4eb2017e0dacbded5,2026-10-07
25c0cccbba3dc07f2484d6cf7991997e,2026-10-07
024be4ea805bb2a2c5c55306667e1895,2026-10-07
0b7938a442a19d2a2dda610e57fdf9bf,2026-10-07
a7a24c6a36185a2abd266149b31f0f7a,2026-10-07
7f5b923366ad5833e713026ee114aa46,2026-10-07
95bb8c36ed41d353e6f6aae9ce88b14c,2026-10-07
b386afe60e7907f6918979954c6e68dc,2026-10-07
27281bca843d478b6e7e5dcd2d460685,2026-10-07
75113a4bddc9cce57585c7f691ccf8fb,2026-10-07
503423f8ff270ca136e42a1035d506ad,2026-10-07
6f1257808ac6abc05973727741c3f972,2026-10-07
ce00af51456233bd7ea439320145d9a5,2026-10-07
b4e5c343e6e17e6b0bac9396e8289f83,2026-10-07
03320c180193a416b891a07772d2eaf0,2026-10-07
812818485dd663a5e3ff61185cfbd74b,2026-10-07
e46d39e2b0f903b4785ea41306e59255,2026-10-07
aa6eba28f557d6fd992d9518fb97c22a,2026-10-07
cdb6c0b7517e791e82b994d0c25e168f,2026-10-07
2c8f04fe222ac0f98a7bdda61e5cb052,2026-10-07
eec92c6487fe5216f03fb2ea834e1487,2026-10-07
2576c6335571a73d4ffa638d8953c2a3,2026-10-07
13ec662fbcbde73bb67abe1514ec9b44,2026-10-07
a31298de95bd8d8df329360e12bdfd62,2026-10-07
5971525b83be0075544150c1f3c37a2e,2026-10-07
7ab51680d94023a1bde188fda5d32b8a,2026-10-07
e79c6b318ba3e141bd7e73b38001966d,2026-10-07
534406c83d33e28aacf6880a83c07027,2026-10-07
b937a4688f1e88fd01d8677546d0b870,2026-10-07
96c78bf3bc9fc87e52d21dae7d8b4eb6,2026-10-07
79e07a4240ef461404a63d694b610996,2026-10-07
f32d1f6c89e34f331096b150a538992a,2026-10-07
84a2bd577d8c4ef226ef62879e83ab7d,2026-10-07
b8d89267020552362245c0624152c35c,2026-10-07
137db3ee5d0c5ac71a8aec4dd6d9c7ed,2026-10-07
03c5b2fb4bab1ae66747ccb6be0f14d8,2026-10-07
7c13a35b6a07298417bef2ad28500ad9,2026-10-07
7b1c655a6699c209e22c1ddbf4a4b376,2026-10-07
06433168c6395578394d0c8721d46fc3,2026-10-07
3425f463b2dccc44667652d7cd0a1739,2026-10-07
c20e7ef8b1ac2e97aedfb3b8d4e67dd2,2026-10-07
7cc6376a1783d19ec467bca119334a86,2026-10-07
0a5f0a191c8faa2177e6084975a22320,2026-10-07
92601e14927272859e30b11cd43b6947,2026-10-07
041cb03c471268e8718758e3df650663,2026-10-07
318b601996f576c0670381043071610d,2026-10-07
f676fbfcebfc378a1e15e9f49dd89834,2026-10-07
6713d36e4cc345aa3cdde731bf16bc8f,2026-10-07
d4a3afc7eb3057f2e50dcbc7f20dc424,2026-10-07
25da4838c5f4880e084d406f1298f304,2026-10-07
2db11ab8cf39dd8ac04cfc6947023637,2026-10-07
66fb4fa8350ae14e014f8163c8187633,2026-10-07
21a7f6f9b57a7248db350280573f6735,2026-10-07
deb84fca3cd876c952e9f2154a3d1e68,2026-10-07
f8a284626a14abddf45e438284fc3249,2026-10-07
d919ed84447b5d111153c452e2b4ac01,2026-10-07
dc1cc6f78ab1bc89a44d8c6ba4117d67,2026-10-07
6e73a94a429ab00c42a1afd9ad88af92,2026-10-07
3aaa47917960aaa6e811175e9deb5056,2026-10-07
028c1923de9dfa6950647dff11518453,2026-10-07
af6ecea2a8c2b2b8b537ebace4557103,2026-10-07
3ccab812d144e89e7d06614b4555a7d9,2026-10-07
e93ceb0b6ac2ae9407ee7ae31312a23b,2026-10-07
1cd769b3484ec47092b8e47d42125cc3,2026-10-07
46e1cd3b676a9ee3f2fca542b47eda0d,2026-10-07
32ff9a4317208791e8b61071659f09e2,2026-10-07
83899ab2ab93e3d3e81e677e945fe0b4,2026-10-07
f36407f3348fa21da63907d7d26e09ff,2026-10-07
b02a7da1f57e31ac883b9b66364e05b6,2026-10-07
26d6210f5a328b38cdcc16272f1e86aa,2026-10-07
34af678d77415903bf5c6aedf3044cb3,2026-10-07
26e6ba1b24e0b422bf7b3f65710eabd9,2026-10-07
e32b2417257032dd567666b9fdbd58b4,2026-10-07
e39e2a5a4c6a7999efbf89e8fb3cae6c,2026-10-07
dfdfc999e5d75688a74ea45353146faa,2026-10-07
a83c2866562943307a270605f8b40732,2026-10-07
38eb13e669a1d461cc373bdc7343c63d,2026-10-07
17d192117efe84b7a08390a0aecef6d1,2026-10-07
d253f3403e2097c8f852329260d735ad,2026-10-07
011f6558e822606270c93d36e244f1f2,2026-10-07
20fe645c2e8d2f9fab0bc06d146353a2,2026-10-07
25eb427fd7fbd4471c25f9ccaba8c077,2026-10-07
a49c545083e0e95ad49fd434f68a8748,2026-10-07
93a336bed56627038d39a578dff35cd8,2026-10-07
ca4cabfe75f7dd523fcaa4b854a76d19,2026-10-07
1fade0a50d8a78243271331376024677,2026-10-07
0d83eacef1d61b24b47c114717da6c53,2026-10-07
d5e96bcbb64c26284600aca11ba1bbe5,2026-10-07
e7d08a713bfb7858c00b10496eb6774f,2026-10-07
29ec202d3f64a5f9171d1fb6974d0200,2026-10-07
fcde9f7150fa7bcdf9fa2c508c679b69,2026-10-07
283ff64c244932b3303b566d300ba503,2026-10-07
1ea5da53ced295740cce4dfcf3ccf95b,2026-10-07
f6e116f9dd3651b0dbd35971fe6bcb0b,2026-10-07
0ea24fa5332b20efbc7d56af521875bc,2026-10-07
9a71a235c88e606021609b9d10f4a51b,2026-10-07
7cb835ace341c8a64f621c0655755a9f,2026-10-07
1c62176c89ac910a5c455199a1bc3a6c,2026-10-07
f8b475abd54f777880261646b77d5a6d,2026-10-07
da75c23ed59aabfbbb34e5230d3fcab0,2026-10-07
05e41f355730184217cb760e86b0ff5b,2026-10-07
27257c4f47d90322962ae2361512477f,2026-10-07
3d835b517c8babf87650a6a6ecf2870a,2026-10-07
0794801f64f20c3c9bf13561a1902db4,2026-10-07
d97ca198a221e7410b383943bdb69eff,2026-10-07
eedad8da16ae6e6ee79ba9e3a6d688c9,2026-10-07
3cb6ff1c8c5a9fd958e57a64543119e8,2026-10-07
c8ca85ad66d102f90f7d884ebc9ce81e,2026-10-07
a016b6ff547fff97c24bc1968e0d6df3,2026-10-07
a7633a8fc87ca74bba036e32cd6e7600,2026-10-07
b4899ed06fa0406f51bb16557d0c8ae2,2026-10-07
cc0c4119c69d80d21856e547aff3111f,2026-10-07
436f9c4308074f367fe9761494b09850,2026-10-07
a5169704714584578587f01c57b506a8,2026-10-07
4cbab90f05ab4bfdef2ce1226d4ce005,2026-10-07
c0c73466ad1ce3433e596b1052c8219f,2026-10-07
d5b76a29331f3b206a06868f77d9b1cf,2026-10-07
1cc4c7af81e6e74d71fb9171c91a5586,2026-10-07
9b975eb6e8803549090bd75d88abafff,2026-10-07
26f67444836119a7621ccf18db60bb00,2026-10-07
833c87d93253d206fcabb02a7d1964a3,2026-10-07
182d65c4258ee9ad1b80a1a3d7572429,2026-10-07
893fcf100bc46aeb60892461b8fb4df2,2026-10-07
8e2a86091e571b6fe041952700971a11,2026-10-07
12b049e4e2b6f55cc906791719d03855,2026-10-07
8ccdc7e9de4ec9a2f3080d2d5755ee9d,2026-10-07
3c7c2d5174450fe43a02c9eeef787242,2026-10-07
ded26ed6e531f5390f67903b51f65779,2026-10-07
0f6e0bff24d668f6acd96261fb67e3a7,2026-10-07
134af63f0924b9b5665a72a7d0cbe37f,2026-10-07
a0f4b2eccb9a946d41352d63e45d013b,2026-10-07
7171959098c10c4b94a076052958db8e,2026-10-07
d3d0c4a463e7db405e60b3819f60b4dd,2026-10-07
33e51b3f4850192cc172a02c6a7b43f8,2026-10-07
7a5a94efda9f1332418afbb797a07bcc,2026-10-07
06f0efd44421b06d42db4294d1552dfa,2026-10-07
30d78f6dfbdf29c7293dd687646df634,2026-10-07
f8768a23f92ce64cd5271d43ad908156,2026-10-07
3c75ab9ce0c4395b37815b2e13ab79f7,2026-10-07
2961ca677e4c0661d629a42a29146266,2026-10-07
001d3f557431963ceb2151b6d01ca775,2026-10-07
650e07fd43f91ae346bb7a2d38952b8e,2026-10-07
b5e59bdfc1b66dfa73beba66fd12e486,2026-10-07
975e53d6ecf4cdd02459784f029ad55e,2026-10-07
73a5e1ca4d3163874604a1764621aed9,2026-10-07
062c7a72d41416cc188fa0b5f8974037,2026-10-07
05fdde35209577da1578179c77b70578,2026-10-07
a907ef0dfc3db909488831d839dc7177,2026-10-07
490cdbbfce733b7671c16d71f51c83d3,2026-10-07
a95a051d3c75a0ecebc6e63cbe0fe9ab,2026-10-07
d33e106573bd78f5756835aea97cc16e,2026-10-07
0c58bce11e4e27d3753ed859fd3be7c5,2026-10-07
396d2cf64f878e2a5961933ebbdd0b68,2026-10-07
146fad4de967a0fdcac37bd200a5c08a,2026-10-07
338840096895663d69904ca0f76b5a1f,2026-10-07
a21e22800de052d6192903ceaae0fa9f,2026-10-07
a9f329cb9127d01bea0d349e3a7b3b42,2026-10-07
b9d2b554368f244bcd0bda1f17d53b45,2026-10-07
4d193d8015b2371b987cfab109b3745b,2026-10-07
ba50f7cd4165a52872e2bc70d8843459,2026-10-07
230fd18bba2db160fd3901f5e5a3893a,2026-10-07
6f5ecf54956f9152968630f3314bd36e,2026-10-07
3ec61e076d882336b996110adb16c061,2026-10-07
89029ef55effc35c4614a6ed96db7f97,2026-10-07
8d383aeb7dd0566042d4df78bc5685ad,2026-10-07
346bb4ef8427ff7a6403c285bdd46779,2026-10-07
59b921784d998d367a6544959590f279,2026-10-07
a312cf6394f74f7108423c60cf3528eb,2026-10-07
699b4a3b2dcb36f397391dc8def266a2,2026-10-07
a8bcd8dbc1ca9ac503022a98db5ad8d4,2026-10-07
8b507b5e97fce5bbaa69e98fb748724c,2026-10-07
3f20682fe10e930ce6e6fafb1ead4f5d,2026-10-07
2ea1af546d413d43dd7114970f0efccc,2026-10-07
c93bf5d5f42a4e4a7657dc8b89897205,2026-10-07
5123aa4e2846e776bb2b565190b7b55b,2026-10-07
a9de1238dcf60e0e15a8c73121f930de,2026-10-07
ed578c4b94a2c371c2dc07ba0abefdce,2026-10-07
25b86bfa0375be895b3632beda3e9afd,2026-10-07
88f0fabb434983dba429c0e46884d629,2026-10-07
2b5f7964b039c913281c602acf0b5212,2026-10-07
ed4b8a122b0aada3b03a71cfa99ce19e,2026-10-07
296a5171249866212158d78e4bfda0d7,2026-10-07
dd6ee4a5d264ae9ff70f2dce0f86d69f,2026-10-07
143891622c03d118c9f4bd04d95b8110,2026-10-07
2daa1d33d10709dbe3c1634c3deddf77,2026-10-07
65ace69e7342689b9b6d630371ed2fda,2026-10-07
e9fe38fbed0acf18fc031480b1f55bb7,2026-10-07
e011bf890cb3bcc0f775adb18b33344c,2026-10-07
569b47c909fb5fa52c0cc42b9f528c3c,2026-10-07
412a5e46534d10816e0c9de9225431be,2026-10-07
aa1a88f3bacb40363236c6f702719138,2026-10-07
0ac5b8dcb3240d980443e48d9a2bb381,2026-10-07
a01290868de399e5de5f4e1970b5c61e,2026-10-07
8876c4ebe13a08c10fbbe1665385a19b,2026-10-07
74d0c8b487d15100052179b2d71c21ed,2026-10-07
0c0e87501996c63c8ff3cdad89688374,2026-10-07
e7c6bf9f41bd2a3ce65f47c6e69f0223,2026-10-07
355fb1fad356990e188d26c023ed53ee,2026-10-07
e541f5cd6cb12ddb616c84bbe9ace961,2026-10-07
b74d183727d98b3505c78db5c3a263f9,2026-10-07
42c82372c09dc5b5f5dbc3e559e9d19e,2026-10-07
512473ca191ff0a56678f7b078b15b83,2026-10-07
d98864da0fd27fab53a662506b98a171,2026-10-07
759a24184710294d432340d3c8aea9c8,2026-10-07
626a4ef6742c7ebb62c9291674da5820,2026-10-07
a83b9d63ac86bd69f1cdc95398c575ed,2026-10-07
d1df27ee4ce34b6b70b7a9226c2292fe,2026-10-07
21008dce9fafe8165b33524b7dd852ea,2026-10-07
5b445a540c166d20f7563690356b7070,2026-10-07
16bae2b329234287636e74a0f6f447d0,2026-10-07
3643c998128713fb6ca5b3d6d11a910f,2026-10-07
dfe072c5e2d2cf7286c05631a213605a,2026-10-07
a5d57c133efb627cdf51ec40169e41cd,2026-10-07
e42c1cae3803cc64aced6bbbcd0e0663,2026-10-07
c585dc0b11ac4ed00822775d7591eb37,2026-10-07
c1814b209bc8aac6fbf3223514faeab2,2026-10-07
9e9da8c28969ce552e674497c581bf6c,2026-10-07
e5cc3f37db2ea1c21d88464dd922b5f6,2026-10-07
471367361d5d087f8db536431f86750d,2026-10-07
e3bac9709c412730771d973b57623e16,2026-10-07
a2775596fc7501259868dab0b7af4726,2026-10-07
12d4e0bcf030d934520d661379d6cb22,2026-10-07
8349846a0df5a629f7f48dace98cb2f4,2026-10-07
3e8c0753393bce2b39f7343c5ef2b7b5,2026-10-07
3119e7b2946b96746a8b95f328c967a6,2026-10-07
84d1cecf610d98230b0b0a580ea05b59,2026-10-07
daba0552cce91ae87cd40217ded112e7,2026-10-07
1538599cbcf8e65cc3146d12c02ab5e6,2026-10-07
d36eed726b9bd0e8d7c9ded2e5741393,2026-10-07
fa6d68207e98906aa7ea410dfc256bcb,2026-10-07
fe00c77d4b1b47977bfa1f92c91c0aee,2026-10-07
6a7deb83f676769aef8b650f2fd660ee,2026-10-07
5ac70209bbf497a664583cc5c600a26f,2026-10-07
d72a01ad96af601ede72ce6e0b3e507c,2026-10-07
2818d842686b8b2547437137258a5526,2026-10-07
095db03a1df393617114ac510afc5a23,2026-10-07
5ddb913daea61a5b705a5988856891ad,2026-10-07
3d4d6c5025b8d0145831a324e02f4b43,2026-10-07
9f0ed964697f330f114243bd79adb647,2026-10-07
3104009470d1ab65f8bbddc756ab922d,2026-10-07
03ddad7bc4aadb1f6098940eb6ab91e3,2026-10-07
18cfc5f7ad45ee68a324ef68835ae048,2026-10-07
720b49a3815166796565329aafd420ce,2026-10-07
fe40966aa9b7240da07ac5d1223ddf3a,2026-10-07
b5eec7eeece1e77d27ce4ec83dd48deb,2026-10-07
d758ba5ccb483a2537a7a9ab5df3ff3b,2026-10-07
0d42b102c3baa7225a10ced655a3441d,2026-10-07
f5702d102c499780ce3a957abd8181be,2026-10-07
b09275ff6bbe5e2811f646f330af3eff,2026-10-07
da2d15ee2d056a4847f42fa8d950b005,2026-10-07
cf85f01a924adc89e4d84d9ed2895095,2026-10-07
2ef593ea3e1afec4469a4dbf2599f475,2026-10-07
8142e1220a4c188e8efad7e26dc481df,2026-10-07
a8d2ba6aa2d3cedf112fbbfb5b9806c5,2026-10-07
5add7c44434fcf05479acb7532d044d8,2026-10-07
9f0ad94c7e227064c05a6e1690bd7d8b,2026-10-07
60e0840ac216470f30569e819e8a40a5,2026-10-07
df786514b0adc8ced3645cadf9a68c35,2026-10-07
a7be853525319449aefc1c219c7738df,2026-10-07
cba8678a31daf9a3b20b5a6ba9ce7924,2026-10-07
3c2c627e1bfadbfce12f01281a81ddad,2026-10-07
dab94385dc86b1b7c87ab2945bc73be0,2026-10-07
aa5c28891b950b335a8e52f30ec32608,2026-10-07
2c0a5a5141d37c5bb815d88914ee7c33,2026-10-07
6cadfc302d7027ea20259d7f2552420d,2026-10-07
54ab458583d91e311a32df472462788d,2026-10-07
37360a2d17df174010ccb65bfcbcbc5e,2026-10-07
1f92afd34d2889d6bcb7e36ea7ca8316,2026-10-07
48ef5f4996bf6cf2c269bd614c071a5b,2026-10-07
7b587d4c6dace1a8f5a0d06fbf01e409,2026-10-07
b10fa33fae33d46028442d0d802dd26e,2026-10-07
a092cb76bfd14d1ee5eac076738434d4,2026-10-07
1733e7454fecd1b0f61c1a95c174706a,2026-10-07
8743376ef359f09245433cf2fb1a953b,2026-10-07
23fbb00ba0edc5475174e27605a67d50,2026-10-07
225c23c4320fc021c80914c140d52363,2026-10-07
08ce970d473b17ba3a5bc2640cfd2a0c,2026-10-07
232b8ada04d13be0e67196c6dd04b924,2026-10-07
082b2bfbb00d4e37b71efd228972b464,2026-10-07
3b0765b9ff5503b3c205e2d98a3ebd57,2026-10-07
9903228e305d77d8f714857672b07db5,2026-10-07
7a38bd49f624f148b61cc6b67a741365,2026-10-07
c9e4f1f99215dc830a4e1fe9aa562a60,2026-10-07
11e86b12e3c09b29095c101990720544,2026-10-07
f1ea9479770ae52caa0e4f9037082390,2026-10-07
8c5e949e87d7d618d347642f44a98b3c,2026-10-07
749142afa721999d44006f4bde1a8c00,2026-10-07
246e3cc796ae96eccdf33f42fd74cd0f,2026-10-07
6de7802a272c6e31e41adba913ff3db2,2026-10-07
7208d49bd9ca47b060e5ddf414e02cc2,2026-10-07
da986baa4736ac031158c2beadf9fc31,2026-10-07
64a8ac1284b9accb81b38f88e6fcd213,2026-10-07
2a91d87cf7a6d22b97beecc7a5b098dc,2026-10-07
8ab0026014358f7f1bd5e39cef0dcd66,2026-10-07
33317e13b01761ba54506856a88a1581,2026-10-07
eaf494982b23f05652ec16f465fa451b,2026-10-07
5986c9fd05f723b21eef907ff7246f6b,2026-10-07
3b5434553194e4c6a711f097feecffc2,2026-10-07
b6f5b0e3bfa96e64cf9e738546897765,2026-10-07
d6dadaf0b8aaa4eeca4639fee1374c5e,2026-10-07
c1cecee2c5c64692d12389de836c7839,2026-10-07
fa382679791ed98f3b946d4ef0526b81,2026-10-07
6453cf6efc3ddc69a01e12bf829ed5e7,2026-10-07
c85f9363f2ce02420f9feeb6c394523a,2026-10-07
6de5435c5e690a1ce52b65bb03e81381,2026-10-07
0a8f4c498fb8e1060bf052ffab8290e7,2026-10-07
c6efb97e83c12e26ea8cc3f1cdf6e2b5,2026-10-07
33a8565e53f1fbed3745efb7ff390458,2026-10-07
3bdc24780ce25a2e9ebdde75fac6ae93,2026-10-07
7aca6572e7d39abc21efb7d29d35aa05,2026-10-07
9765c736538fb9dbef487232023c506d,2026-10-07
8a08e8f8a24ac422eb972540bf461700,2026-10-07
ee467151f1817f3afdefe4969a33690b,2026-10-07
c9945561ff244d2b7d68268222dd00a0,2026-10-07
9c7eaa31242e7497cd3317740cf018dd,2026-10-07
7f719b49eea219c5f6f14eaa3b31a020,2026-10-07
57fcfbf94f4dd50c7d78507153208404,2026-10-07
1da0f69ad8ba240d955856638fa13fdb,2026-10-07
69896c492c3ce93275bc827cc3bd05bb,2026-10-07
f9583cb7ff35a7a2b384043233d449ac,2026-10-07
989d104c8c0aa12928d425ac5a901002,2026-10-07
e3dabcdd7d507961ebbcac017f98a3e8,2026-10-07
9caf9b6e16d7e7904472ad3c460dfedc,2026-10-07
93a12872a014360e93b836276ba7563f,2026-10-07
d91c89c5558454fe8b5f1e39caaa685d,2026-10-07
0d2bb256e76626df6f532f719360e18f,2026-10-07
4cc9fbe7503c910e46591ca5f7549a90,2026-10-07
9134a3f0a3bc1be8fc43259ca80f8d8a,2026-10-07
890f46c65455f1202ef58fed6db587fa,2026-10-07
24dfee504fadbd9a76b590fcb73ef21e,2026-10-07
776acdb01c8072d3ef35b71a13797d94,2026-10-07
0a8d1d82941cc178636db0f9d627807f,2026-10-07
6b94f25a4eb066a6af605279d069d025,2026-10-07
befc9efcaf0fdde7868df92712e753af,2026-10-07
d358b8bbd11f8ce4d1ce84205a8abe0d,2026-10-07
dbab145a551e309b247d51e8fb548cac,2026-10-07
8c329ed1aa2defc80e9fc00d93ebb8a2,2026-10-07
7af79ab74ecca45b120ff44708efb51d,2026-10-07
488b5e47aa03e379a020ab4bc3a9f51f,2026-10-07
f44d46a41de030164e990e0b09469c9e,2026-10-07
41ec0a0e8e72f6aa9364ba801dd2e241,2026-10-07
9a976a3a805c2916a692cf7da87dea9c,2026-10-07
e213993a139db0407cd418becf81f87a,2026-10-07
2948d40275af324982f24750f5836d96,2026-10-07
3d54157f4107e4fd0c05f4bfb7d25cbd,2026-10-07
fbf23090adfe1f55dc366c4bc7350e88,2026-10-07
d92793250ea3848457845262ca2a51ff,2026-10-07
a40faf4b7b217275d5572daae4547ff3,2026-10-07
41f135b4a1de341648b62acdcaee581a,2026-10-07
26ca5f28029c6fe0ccf704e2ba94fbe0,2026-10-07
858bd977eeedf1801d4d69163fdff401,2026-10-07
91f3598147e20d93e7648162b14bbb68,2026-10-07
4f7d1cc783351cca7671687612ccd0f9,2026-10-07
9e69df9a6b91a5c1da1e20e7e171e216,2026-10-07
f18506418e5f4c447a0cb031aded2767,2026-10-07
5c0c6ba1ca7744e4a868c4a4af5fab98,2026-10-07
c31b149825695bb2348b56f518c71702,2026-10-07
18dd4f6b6809be4675e73b2ef5ec18f8,2026-10-07
60a3bf306fd5730cac8ec55352eb390b,2026-10-07
d8a7a42a8707380cc408b7ad3556af1e,2026-10-07
5bba6b361e06171a189a719ebe0429e2,2026-10-07
f3a126c697b10cdc0752b8d1253f3328,2026-10-07
a41402c52df0fc241776b9a4b54b99a5,2026-10-07
26b8049a8511aed6332b66e1ce89b5ae,2026-10-07
cbd896eb4261e84a26faedcf65e08430,2026-10-07
6d20daafc23aea42d060de94053e0a77,2026-10-07
0f81c8906f188dc11a4c445e1a6fbd9e,2026-10-07
c03440ed4eb794f52c8a3c01777f2024,2026-10-07
a3ea53ca306b27da350706d611c87832,2026-10-07
b19ae5d94752c23d93da91cd4f800ec4,2026-10-07
a00f43cf4014bf9f0b7165535b2af845,2026-10-07
eebbf102beb863cc5b14897a8bfd274f,2026-10-07
4e59f75b409799176e54bcc058fdc71b,2026-10-07
2937bff915351a923375ee12244c27f9,2026-10-07
9df1d725213b9d0d693e0649a66bc4d9,2026-10-07
6c2239984e7da44c35ad4a399bac1448,2026-10-07
d5329c173867fea13045d6491b3e5f82,2026-10-07
e8685e344de025e0f3e138733220aecd,2026-10-07
a07125743aba0c7ba147f1b810cc6279,2026-10-07
1090f5c45b34407c15d10ea2dcee8e38,2026-10-07
3ef09d9f12e3230754c0df278d39ec0e,2026-10-07
ae20127fc00abb15e0c44f0a28dc10ef,2026-10-07
fb570d6857cfd5f58fee86b5eaa57a2a,2026-10-07
c7930195beda5bbac9520865787ca35b,2026-10-07
079fa75a8628048a3323d58264b10163,2026-10-07
fd2d767442e9447fcdbea0630ea5df3c,2026-10-07
1a5cf176eecec2465bca47caec7a5d3a,2026-10-07
2598f767d9e9f6fd31b4c1267b56e79c,2026-10-07
5b35bb4740d8b20e3525f9ee86020e33,2026-10-07
7d6b079424146b8f80b9cd5e382f471a,2026-10-07
d98403c60375e857865234228d83c4c7,2026-10-07
5a787f32618c28ae1490a86f2a184de1,2026-10-07
8ed2cceb1f4ebdbb21aa8ac4d1aacc8c,2026-10-07
e9607063e7c617b214df3eeb11ae2dda,2026-10-07
2b813e00174a6a90738e17445908d4b1,2026-10-07
3f3fd26b861f972c37f4c92da512fbe4,2026-10-07
27dddceb41d4086d988687d02a2efb55,2026-10-07
f6cd00247cdc600d5234302ff04460a1,2026-10-07
378c57c91ec74f268917273567f4a35d,2026-10-07
f9928168462832cdbbf7aacced6d0312,2026-10-07
93705c3b966580d4012c98831256294b,2026-10-07
8a5ea8a4981feffafd08dbde92823f95,2026-10-07
dc4ca047c008e4708f534da8e3d97047,2026-10-07
50640ff84d984f9d4a32a9648c6c3966,2026-10-07
9b300de38a320f3e84115d1a04cdfbb3,2026-10-07
930afa3a2a5006d0747bd8d596716443,2026-10-07
31fb6bc2f542e4e5276c15960d6f9547,2026-10-07
1c462f83a88659acd43146ace8714047,2026-10-07
dc81fb1232e21140df2cbc7846d714f4,2026-10-07
758a40171259ea23b306a7ec13b90ec5,2026-10-07
2661be69175a89c7e874368d9bcb171e,2026-10-07
4554a67f32cb37b16d46304c08d5f765,2026-10-07
b538f178001c6d63a4a422e45eea6968,2026-10-07
ffa5b4ea91a0a7cd3078720a9c830153,2026-10-07
66e15e579baa47cf5afeaeac19ceae58,2026-10-07
8843e4c213e70424e296e93937b92e1d,2026-10-07
f73a222267dcb864e2a67fd3d1f52b8a,2026-10-07
c66c68b5a93c083a38ff852a13ab5710,2026-10-07
32f52ac090eb0a49093c99f5082d255e,2026-10-07
4be24c47178baf4baff6afbd80310392,2026-10-07
5b9b0fa481b72f6b103a3e3c87a8ed2c,2026-10-07
409dd2ef7a667ad3b7223c63abe77249,2026-10-07
2b77e869c035ba5d4c48051902a1b031,2026-10-07
4bae63b1cecb4995de06058fd1f152fc,2026-10-07
47f271fdfa92b2015ce384ed9d4100c3,2026-10-07
9506447348c4e560df9ee8524d7767a2,2026-10-07
02192468ad08056963a365954db621aa,2026-10-07
ce4313421df9d0771ee49ba118f9295b,2026-10-07
82bb7932369754f3fbfa40bd074e1fb8,2026-10-07
17d327621f8baae04beddeab3bb65894,2026-10-07
e337518140870ee5709223ab1792d8ae,2026-10-07
75e1b8761465183a16679b6136638a6d,2026-10-07
2d25d1c12d6756ac7df3c37cde40a56c,2026-10-07
5fb9088fe51d6ef9e7c11101bff49406,2026-10-07
41d09d2828bbe0e567e7cea9d215b2e2,2026-10-07
09d8f508dcb725a0177dba02f86bb8e6,2026-10-07
1a5dd96eb724424db37481f60d36b7d0,2026-10-07
fb17520026ee43d1f2aceb35c71b6e3d,2026-10-07
e55949e2c3891b8c4ecb042c4b753cd8,2026-10-07
365e4c6b96dfeed2f57f4c5fc7080d28,2026-10-07
ce5be8bbab84858773b5cefafca27a05,2026-10-07
eec638f1f4449ee4c3b7f6448ca82f63,2026-10-07
7f24a3a41e5acd7b2ca01433c63f9f22,2026-10-07
013423e4948a54e442276565ca63bde9,2026-10-07
997aa807d6bdf7bb1d2a56e2cb99eb39,2026-10-07
3eb7b4f49e0b7d75fff778ce17799abd,2026-10-07
f4cb07ba390883823e1adc7c51fba487,2026-10-07
62671aed3038c76b764bbf57a99dfe8f,2026-10-07
1c44d154a82079a821afed72ccbc60eb,2026-10-07
26c8cc147260872432deb672b118231a,2026-10-07
24bd8e42b10c85500bd9f8c2239ecbc9,2026-10-07
0d88d3f44cd72ea8c8b8e7ef22f31b7a,2026-10-07
d83b5d4d5e2813dfde46c066b35a9101,2026-10-07
d6c0e9ffc654bb1a198cc259e6cdae48,2026-10-07
d1da9d2f616ba918b7243f4547c7d42b,2026-10-07
b862440875a0523d58bf34204f792f93,2026-10-07
5c89a47ba478b9868370821109a57522,2026-10-07
514893fdefa39ef8e6f5794abe248c26,2026-10-07
40ef214750c595a4adc52f695b8b652d,2026-10-07
25830d3df9038a86a0ce37ff51d0e222,2026-10-07
2b00b0ca0678ebeb309f188151d84e5c,2026-10-07
083c96dffe5680946cbbca498f1da6e5,2026-10-07
3371f3a9d686ca588733a4e0a04b42dd,2026-10-07
c777c84fbf6ff80c1b6183de87cd9ad2,2026-10-07
bff6fcb44906c283a867787c71cba1fd,2026-10-07
10d9a875b12a921431445011d5565cfb,2026-10-07
9304e4c369298fa04876edf0c88a5d60,2026-10-07
c5b9b79a1edfe3e78b5304e711f35f42,2026-10-07
4438244bc2f9326f12abba7f27387e24,2026-10-07
e2f9ae55a1464c3e0db6ef9decd6eb31,2026-10-07
33e7eceb761de575d506278d40b8e4c0,2026-10-07
d3311b9a288b158e74603c00eb0003c4,2026-10-07
320a2b1dcc0e41bd6c21936eecfc1801,2026-10-07
34e2cb10bf93374c3555843f1ce4c2f6,2026-10-07
3681bed0d251ce32a8d2e38f6b0ed880,2026-10-07
9808b3cfb8154c2f6701520692a78f29,2026-10-07
2d3703dfa465007abbfac6042d0dff11,2026-10-07
8037d2a11da692be08ee46fae1545919,2026-10-07
a9ac2f82d59b1c71e63e88de62db6843,2026-10-07
486ad34c031abe347f6096b1727604dc,2026-10-07
e01f649ff5fe7e1734950dd9af137523,2026-10-07
1cb741b2f0dc7d8cb1901d6450f0211e,2026-10-07
abf9ebdc1ef9200d9b76dbd76effc09b,2026-10-07
608bbed8516c1b6a17aa469d4a226e8a,2026-10-07
b7edcc8818fd348ea2d30340d57005b3,2026-10-07
ba4245d9a2d2339981cf30717149dfbb,2026-10-07
ffd73937ac789d83889d8e989d074239,2026-10-07
beb29403766cbbf41908b2240ed74435,2026-10-07
6015242f89e7af134fc0827e524a8846,2026-10-07
babe8a18c46ed6beddc4015bbf98284a,2026-10-07
8a918dbb6ed56300e611aa7db45c297f,2026-10-07
9910888cc235ae4e3ab1774272f1ec27,2026-10-07
62847248371ca888c64aac16d6b897b1,2026-10-07
865c40537c09303f46ccd9e2009c72dd,2026-10-07
6b1f54677bd674ef4ca9eaadf0d9452c,2026-10-07
a26e1c60aa14311456bae661dc07cde3,2026-10-07
c67f5968c09cf7d3d16e364e11350c5b,2026-10-07
e5282d9b4024f9b62186e5e14dc2ad80,2026-10-07
585e514bef3ade18186d99755aef27ad,2026-10-07
aeeabef4f176f1353fc9fd80d6cf9194,2026-10-07
afd40c7e7777a7476baab987ba5f1dcd,2026-10-07
8269518a1ee4cb07b85c677330c51672,2026-10-07
690106b407331b9786d3c02b0e36e0b0,2026-10-07
332928cd737c09443bddcc756c43a409,2026-10-07
2551b9ad419784b21a73f5ef121c1383,2026-10-07
f8d87bf3752a3aae93b7440dcc51ff6f,2026-10-07
59977b1a6ca11d0e300587502fd3227c,2026-10-07
5757cfc955fe5c5e5c12ee77b4f7a264,2026-10-07
deee1a2a637a672385d7f13e8b0ece3c,2026-10-07
5441e88f94f4a8d0ea6506060de48a1e,2026-10-07
15c6c1ca29ead039e9fca9e6ce201a39,2026-10-07
43abfc9147d003a0ce43bb7db2c3e776,2026-10-07
10e906763b87860b87eaa2d9fa16b889,2026-10-07
2392f16f02a31b0b00c5d224346d8e9d,2026-10-07
ac0179c1297a4a6fe3cabacdb822632c,2026-10-07
301bdf1b991181bf4811c302081bf199,2026-10-07
b75a13512393d73a26c28c5018d44102,2026-10-07
af3a8593716eef7c38e6548b60fbdadd,2026-10-07
7f657adc610ab3440a8624fe93ecbe03,2026-10-07
caa6e431ab201db81a1ba223ed0de0d7,2026-10-07
394912df72e5581783a0cd54c1203555,2026-10-07
35968aafa20283b68d43306132507ab3,2026-10-07
bdf3fdecb42c0507038adbb4646e442e,2026-10-07
3f6588791564d45bf19389868f26d526,2026-10-07
fa2680e6e358b2a700a3df8c8cabb4bb,2026-10-07
8df5fa6d5d4b2c85fc89861ddeabe577,2026-10-07
d2e34baeefbf4de105f1d3c097516217,2026-10-07
ea17c55c52cd9f79538f18ffebd721c8,2026-10-07
48720a5d43f6d83b2996ee9bbbd11814,2026-10-07
2ff79f0abbd282c5533447eb733e80f6,2026-10-07
9e002eb6a8508950d794e2dabf66f474,2026-10-07
38ad4050dd721f20ca40f6f614970058,2026-10-07
5ab421e4a363c41ba1dfaa7b53003661,2026-10-07
8aace6e0a0c194672866dba75a0a610d,2026-10-07
a572855c8a19760fb0fef7b300f38a91,2026-10-07
d4060a16d8ab4b6de18c1508ac3c0514,2026-10-07
f7b9d89948d4942f00d7f8c9bb4245e2,2026-10-07
597c69c6af4d6beb9922df8291e1355a,2026-10-07
2cae7abc8e9829352b6804d2c648790e,2026-10-07
292e16ff61e1b32432faf754cca3ba23,2026-10-07
c644d6beec77af59fdf7a33d6728b702,2026-10-07
cab54cbfd68341abf78317682cd09d50,2026-10-07
bed009f53ca623228d456e0cb671d554,2026-10-07
23e81fa5072ba9813c3c0c3f58cf1a79,2026-10-07
41d660e2f34dbc152e0b86dd2e3db800,2026-10-07
83fd2d7a821060049dc471e580f18bf1,2026-10-07
d881df976b0409a836a459a5afb78538,2026-10-07
668fbbbb8db5f8312e200116f7b3b325,2026-10-07
9f20ca9117d488cf281f18390b199252,2026-10-07
13701eda544804a4aa23dc9359db4fbf,2026-10-07
1db2fddb1e1cff0e19e323d50d36fe15,2026-10-07
c33ae9b6331f2975c4f626bbcb68d343,2026-10-07
fc145a080b3171bde5d8abe7fbb38f42,2026-10-07
0b8dcd6790076e9eb5fb0507a397d6fc,2026-10-07
f1d32f815b35c0f0663e57d35989f877,2026-10-07
ac4c25d60e35226be1c2ddfb9180ccab,2026-10-07
bc3e24732828cb86b07059e882d1e5e2,2026-10-07
b48557ad877c23aea6a63a92c07bf255,2026-10-07
a9f382cfa21d59a070f430a86ccd04f8,2026-10-07
aad06ede161aac9836441d19eb248fc0,2026-10-07
221bda46cec90ffc607c5ef2028bdd3f,2026-10-07
69c25250bcf4bed96e7afb78f717f9e9,2026-10-07
8454e3a828acabcc86c6f3d51ad7a3a5,2026-10-07
32cedc3bfad3c6ca1c386cff7e52d413,2026-10-07
07627a430cbba7a412396697f0e068a1,2026-10-07
160b7d05c20f7ab108ab96dea5408e41,2026-10-07
bfa6c018975635f4682fece6fe70c944,2026-10-07
626faf13a6d2ca717e1dbb570babeff6,2026-10-07
a63dc2fe15d295c83e861d02560d0040,2026-10-07
0432393668af19e1b34bf3913d8548b2,2026-10-07
4545fb5d3314f23d0a7e8a00891beb7e,2026-10-07
1e47feb6f4113eae242ab698c80760e0,2026-10-07
af27938a252c838f6ba81795a212bd57,2026-10-07
47de7f7d1e46195446dc577213b5306e,2026-10-07
49124f10419401d1efa2fb1ce6d24fac,2026-10-07
bdab714fe979d4f59d3b3e61b2223faa,2026-10-07
2339b5f09497eb832c5cb5ccf0568569,2026-10-07
40c31853ca61c6031cf240f7e80bc5ea,2026-10-07
f713eb6062ab56b344fe28c33bfbfcfc,2026-10-07
2ad6e7f98d61804166fb55396c0fa5d5,2026-10-07
bff268aa56d09254b7f0a82da6516313,2026-10-07
97eca9881e2eb2b86e877bd6c58ed5d6,2026-10-07
527eedad0ff53a9735ae402094a5f803,2026-10-07
ad08e6d065d509dfd5974b381a762c44,2026-10-07
c26819236ea0d4548825a9ece53ece5f,2026-10-07
092312fb6fa8d734db8482997911a73d,2026-10-07
bd8ef71268bc321f764a32db47743e6a,2026-10-07
2e680779007d8a8c8679e3e2c73cdfaa,2026-10-07
a8a45dc79ec6a869075ec7eee5a07365,2026-10-07
316eafc7cd63537d2a01102846f2b7ff,2026-10-07
c5c1d6a09d7c21cf303e732371cd9b12,2026-10-07
87aea49ea13f4412771379feda92c091,2026-10-07
c00507264a36a34050ae9fa9aa56b69a,2026-10-07
528745d2715fbea580bd4627bfabe2b2,2026-10-07
cfc0a21a230c4534a0cd487a70a5737a,2026-10-07
d78c1cc8fe748a0f823ad73d5bb4163f,2026-10-07
cab2403528a3ce350094379520bc9c90,2026-10-07
141ffe7e0cbf5d3844a04036cf823e6b,2026-10-07
5b3640d32a6bf01beaf998d8d2add1ef,2026-10-07
1d96f7b363cff9f5c985bdb1f8c2867a,2026-10-07
904f1b55948f426f849eb528f0b180bc,2026-10-07
aa0e7f16e03c4de540189677b57f0ba3,2026-10-07
1140b5bda61bb2251566e967b4abb7b9,2026-10-07
6a1a633bb3bfca4d52a4fb4687b51ffa,2026-10-07
288c1ec293a2934a93c8a5a793e25859,2026-10-07
3d0402791abe34c7b6a37dda07e42260,2026-10-07
ee506382a6670d082c43b0278b251336,2026-10-07
dd36d4a65fac54c84d82d3f6eaf0b277,2026-10-07
3ef187683fe8c8978a7d2c9d42c991e2,2026-10-07
b9e900e1ae2a9000f7966501f9911784,2026-10-07
6313c50f0fb3eef8cfc84d5e32b11395,2026-10-07
40e88505c70758ec97120357589d2ab7,2026-10-07
ac43a4fa9a6f25170580e0c0830e799d,2026-10-07
6b339724a57930e4b99d85bfbd863ee9,2026-10-07
df07de68d561400de988548772836ac2,2026-10-07
4f08600db2afdc81a8f8a5aa90f403ff,2026-10-07
1720a228bf622291699cccb617d094f4,2026-10-07
60bb07fb8929b5865cd596c94a6ce5b6,2026-10-07
260af0e6c717e0b7e154eb700c00c5f0,2026-10-07
00c80c727ced4dd161db90e15b5df8bc,2026-10-07
d1ec5431147d0790842aa29ae00e4b37,2026-10-07
31baee651b50e02e932f1281366bd08b,2026-10-07
c45fdaf2c0e10cddc5e24020c602e9cd,2026-10-07
db6a81f3d2327048d4d1ffdc06d2e584,2026-10-07
c9fe46b37c2935d3156f3bf9aea941ed,2026-10-07
f86c8f8a5dac6f87037d8258748a38b6,2026-10-07
d2e0d052e6f31e5a3ff98d1b961438cf,2026-10-07
59762b2388020b8b6ddacf31dc1e5133,2026-10-07
a87c7a01449881f6333146ef2e910d65,2026-10-07
f647a4ea557fd109a47f4d7c33c047c2,2026-10-07
3fb3eb5585df532b8544a80a0e15aaec,2026-10-07
d67dc8f4f25aa887eedca07fc5d3328a,2026-10-07
6eedf188eb9b0bee3e2e5981000945d0,2026-10-07
1b34ceb8e2b8d4b1cc6b4e4beb8672a5,2026-10-07
7dafb8097f59ba074434bc2823cdda9d,2026-10-07
b1d4784b844f90f74c6ea63fb1890ffe,2026-10-07
1f7dd1818ff2c9882291b765cbc8ae49,2026-10-07
10631c294043dd02598068635d122e73,2026-10-07
f5205162c2c54bd0d218307a3462f9d5,2026-10-07
4eb892885407409935a4b762f963bf43,2026-10-07
5051c50f37c6b464f4ae8279a87538f9,2026-10-07
7f6dee893847b6daf3470b156588d9e8,2026-10-07
8c9e0cf7ab7b9dc51ff31ad496fbc3e4,2026-10-07
88eace81795316db5293370c7e32ac45,2026-10-07
a0f3f9d1bffeeaa33331521b80e9c8cb,2026-10-07
b921b992cdff52233ab0743ab83ffc2e,2026-10-07
b94790fa3f5bfec71cae9b7ca934800b,2026-10-07
6d814f8f2533481b8298581ffb723358,2026-10-07
9de57145133a8f47db17d534318c097a,2026-10-07
d7ab4c20789945af3a15328334bcb9aa,2026-10-07
0924c4041f1211ec9e7ba3e5a38f5e05,2026-10-07
82bff0de7f8b657b02a668cbbeec0c96,2026-10-07
234b9653251ab5c9cc02b8c92d9da311,2026-10-07
fec3ff6044c28ba6c08dbca1d4d52de2,2026-10-07
a270fa9e8a8ddd6079efedb46a1b4d5c,2026-10-07
c93b964a3076c391ffc66a51d937eb3b,2026-10-07
b04977f50eebf302f70bd8832caf91fa,2026-10-07
ec89f513bb949f0d24cc371cc5eb0df3,2026-10-07
37fefd19cf07cdfa606422dcf0b8bf05,2026-10-07
1641f5a166143b89ed5e73a8f0216c3c,2026-10-07
a1217a453487385ea66de9e8327de6e9,2026-10-07
3479dc6c4616e0865a5f397dfbb6ca60,2026-10-07
1f822d9c82f9e032e92dbdd242b40ef9,2026-10-07
5dcb9181a63a026ecaa9cead3ee9aa33,2026-10-07
428035cab2f8e9b1f984dc9b3b623d67,2026-10-07
1a422fde3da3b1c243ae4eded4dacd3e,2026-10-07
0763d18048e4a483c32a181643ed2b15,2026-10-07
c0095079622e6a31ff1e00751ed8f118,2026-10-07
42666987da7bf342420e7ae0d5dad431,2026-10-07
7f597d67d12512e8e25bc0c7dc1c9607,2026-10-07
311065940546e7a7c46a212005fb8dc7,2026-10-07
af09fb4f4dceaa18fc81b0fc12ae98e1,2026-10-07
31bfc83360ec40a304a5058013f164dc,2026-10-07
17e4ad62e5239da8928954028bd3d234,2026-10-07
cba69de4137aab880b1e1cf4babc9671,2026-10-07
e5747aa190d8bf1ed796d6646d173078,2026-10-07
cd3e59914bad0214cf14facf2ca3a30e,2026-10-07
ee4f35d916b28a8bb34eba9498306bd2,2026-10-07
741db1dbd2807955d12da1b802e7f614,2026-10-07
707e7c23da0ebc2ace05350876868c05,2026-10-07
285b95bc30f81bc92246a240543ac564,2026-10-07
098d395c8d02e6978f9650d2aa1f8cf3,2026-10-07
4148090c51ce3ef0e0d248a48b8c6691,2026-10-07
beaf3c3ba29adef1945e9e9cb5b3aa01,2026-10-07
63009ded8a5f86a8488290640580dac9,2026-10-07
a8f8fb344983d909036f2b49e4decb64,2026-10-07
2302cfb7c31ce271236d9973fa0315e0,2026-10-07
25156b710eb17196fc183a4c70d8298e,2026-10-07
f6b1b6e9af12c7d8ebb3ded14723f522,2026-10-07
5dd09c94add55a27cca35f8b95299b5b,2026-10-07
a202b65b918f0953c40e23a1b6a35427,2026-10-07
70cdac5dce463d5d425ebdd10c006b5c,2026-10-07
896bfb82a64dc3dcd491fd945b862189,2026-10-07
909f39a346b5cce1bbc19d939c3c1983,2026-10-07
30b0b22de7fdf54cc126f69690216aa8,2026-10-07
1ae3be0f350e38ce7e06b4382c1669f6,2026-10-07
3da6daa3d26de1918206658e03dc42b9,2026-10-07
66af1efafc93b8dab237ffd01f638be3,2026-10-07
0684eba4b2715a1c7213361f48530413,2026-10-07
4b308948cf23f3faf85210feb4701e3d,2026-10-07
ad74476505af0387e3bfbdeead2f11c6,2026-10-07
f9572622aa16b75f5fcecf901442d7e1,2026-10-07
3e4f215b8eab787fe512c26666c6842d,2026-10-07
5c04edcf5482a5f7b87d8987f98e2c3b,2026-10-07
7593463a4507ab5e7e27af1b6ce04cfb,2026-10-07
6460cb7dfd72a50d36a0c528b151de38,2026-10-07
abbe07837a35d455004fcdf847bfea7c,2026-10-07
dd5f0ff5f5b3c59c014f849f251baba8,2026-10-07
d0438534a2e119086b3d7ec591a92cc5,2026-10-07
2ab4f80c172e9e25ac9832cbf515b8c9,2026-10-07
54c21f0bf36df3db9f7faa38646da620,2026-10-07
c93abbb137249f75db0aec7c31262d89,2026-10-07
40c345a7f1996d00fbd52effc16b4736,2026-10-07
baa6df5ea0fb4abbe1f34f18fa095589,2026-10-07
935729be93916dada58bcbd7590fdd15,2026-10-07
2bd86769381745deb7e0622aca6ea7cc,2026-10-07
5d535397156b714c5caf19a3f55ac29e,2026-10-07
38ba8f1e7032c5de30c33d0f53d29e8e,2026-10-07
5b202f0fffd403abca0b24b5ab8381b9,2026-10-07
bb0cac5334049d09427cbd5a8dccdcb5,2026-10-07
6817b5cb6be4108707ae5ef9cc67ca09,2026-10-07
f35decd8fb27ce7ca98d45c4ad588186,2026-10-07
74700a966d2841a19630881cf47945fd,2026-10-07
2e8f4849af5d8ff42094a54c24226637,2026-10-07
7f7531100f2e5cddf20ac5985bacfcea,2026-10-07
3ca7ff89f0348253b23cd99bf3a1eb73,2026-10-07
2d6b4a1c59ecc5d375f038e6712ab24e,2026-10-07
30c8574bb7414d713c95762bc3d7296b,2026-10-07
3c70ad6d62e2276ae991e5ad37911ac1,2026-10-07
f436da3bd469c320bef08cc0ed15e289,2026-10-07
7d60539168d5739fe999e25cafb3d0a8,2026-10-07
86942aa6796e15ac08ad81ab1c721cf7,2026-10-07
852f45bf86d9174a625f7f0e3a6f22ac,2026-10-07
f90414298e404a50d9917c55589b24ce,2026-10-07
0fdbf4af84f40e97db132e457c2edf9a,2026-10-07
5e085d006dcb2182ceb820b64606b30a,2026-10-07
7ed982b5456e9d702fdefcde28e0895d,2026-10-07
bc8617a3435a1177e98d9fc8cafe25f6,2026-10-07
77c1db61d1aca7135ac691ed15ba7dad,2026-10-07
ca2d5cf1c7266bb8a67e9eb1082a57e9,2026-10-07
e9379e4d08d50422f82a7c079a655056,2026-10-07
2084652cd11daa5887a80fcbf991f910,2026-10-07
7f8ed031b5e7d5ae131269861ad4d640,2026-10-07
c8c713410ded34e2d9799bb5e32a5bf6,2026-10-07
51d4a00fca63149ce0496e433d670f28,2026-10-07
91112d8326e3752cf295779a18ed6b77,2026-10-07
12b1abd9e659d234337207e7e68d8647,2026-10-07
128bb726bf1263eb4076780a5b45ece2,2026-10-07
ea5c43e59fecc00cc6d99e8daa609b90,2026-10-07
ca1d1ce795106e88e7a25214957f076f,2026-10-07
04ba09378d1b04a872b5cb191c5e3e85,2026-10-07
2477035e0008f9cc01ce37e9eaffdecf,2026-10-07
cb19c614e8aa1b4bbc2ad05ba7200212,2026-10-07
be0e509951adaa9429ddf827d95637b1,2026-10-07
5c6da9c7f5139a3a909d3ac465784a59,2026-10-07
323cd2b4159b4bd4f9130a6770ebeefa,2026-10-07
eaa0b99df219652b1140d006e77d25ef,2026-10-07
5f9f068ad0ef14f4322980ce320a7124,2026-10-07
d72430ad4bf3ef3e5eb2da7168e93e58,2026-10-07
21eafa09574e6be2975a8931a35f739f,2026-10-07
8c18c02d4149d8a4a0f32a6149293de3,2026-10-07
46b066575cb30273ebfc21074181cd6e,2026-10-07
c72294dec4f9aa99940d791524e480c8,2026-10-07
1c95731104371c68403d1cb944aa6228,2026-10-07
101f33ddb4422cef5473b7d3ee4dcf31,2026-10-07
fd7ea28a5a91764bcd15cc5ff7c2154d,2026-10-07
ac0357220b124e7bb82accbbb1805970,2026-10-07
1e03176e945c6f622fc6e5fcd6ffc94a,2026-10-07
20c8a33deddb97ee08ecfa2dd8bf45c0,2026-10-07
e097a36a6e78bef4e367621fcf39ea18,2026-10-07
0c56228292eba6ec84f0977c5bdc77e3,2026-10-07
ae72da75e899a31985bc755d8ca223c7,2026-10-07
55e131a721ae68f0a80afac66050f16a,2026-10-07
e6ecda1b0422654bca9698b39f2456cb,2026-10-07
e07a0e9df644312bf18e44c430da0366,2026-10-07
62a91f262bd894dfe7d583ad95662912,2026-10-07
701305b3bd595beb315dd4274aa235fc,2026-10-07
ccbf01c64ebe18919a2b55aaec86cd4d,2026-10-07
ef51689efba23c1ea9917b733555fde1,2026-10-07
1e12e4075bed499228f9a470c3cb3603,2026-10-07
d058a2f8bcb579251d74df894a452bfb,2026-10-07
85dc3bce9cf05997e5243b45edd24417,2026-10-07
7006047c222101e8fe155ebefd660ced,2026-10-07
93aa0e329db0d16a76df7afe0692c0dd,2026-10-07
7a1de2b35a13c28731693690042b21b3,2026-10-07
097cd45ae08ed517cadc189b9645a632,2026-10-07
8e764a1bf3242e0da924c0dca74d3dba,2026-10-07
0c642516230efbc03a9c8190e57190f6,2026-10-07
5dc4942af8e048678c486c6c36587e4a,2026-10-07
0535e945b6058f21799c71559dc4bbb0,2026-10-07
788c6816df39f07065cab0bb5a815fd6,2026-10-07
15d1910c45187b7c29398870db0f1ded,2026-10-07
e63baccbdf5b8f5b9719cbcf8e22deb7,2026-10-07
fd65dc50bbef387a634f0f80127867cc,2026-10-07
52cdd678255b30dd903ca322f9b7cbfe,2026-10-07
f1a1d348939e80e1cbe0296470e83225,2026-10-07
1d310101e7a58796438c322a514749d9,2026-10-07
fced59e68f4de8cd65130a5650e0b3f8,2026-10-07
5a0affaed6a5e7da59fa18ed54189ef3,2026-10-07
a35df9e48b31e2f3205d6a561b863eae,2026-10-07
f6d93a43a8098aaaa156169e13b6e219,2026-10-07
2a04c3775b0b1975169e3f8e41d0ab74,2026-10-07
96d2a3a6ddb7febbe1c8bc4d6f95b594,2026-10-07
d7b819bd981c3f78878835b2cc2d55d2,2026-10-07
1c43f642a23751933341cc98cb1ce996,2026-10-07
e2ce770f0353de372e7a9c459db0a558,2026-10-07
e1cfb59e0afe4358b8461aee623db950,2026-10-07
0558901dce8332b6583392f31a84e69b,2026-10-07
7476d15e5c38bbf235ca1471c2fc9a15,2026-10-07
753016526faeadcd791697adabf8d7dd,2026-10-07
b3c62f2a49097923b06de29ec388802c,2026-10-07
95903a77c039b3901193cc9b28251e88,2026-10-07
843a0b0412bb38e83b5bacc451e273a6,2026-10-07
f8ad3a4cac2efaed3ea16f6cd5a49367,2026-10-07
373046ee82fb7e681262fcec0d77b41b,2026-10-07
8520716299b570806c23838162574f92,2026-10-07
4adcd0b410f507e3783af0fc41f0b504,2026-10-07
0eb5b696a58b44af06217906deea4424,2026-10-07
cd956a54b8631f51546eb384cba1d837,2026-10-07
22bec58e7a1ce3e4773e2aee389c9a3a,2026-10-07
f6128fc69554a91f830054f84cd7b329,2026-10-07
847227e588f4a5e854eea543a2c62cc7,2026-10-07
6f1eb37c46ea1e2b035bd70d0c57b056,2026-10-07
18482ecbf885991345ae692396c818e9,2026-10-07
48f36fe1f8c51dd0f0df451beaa51103,2026-10-07
2303e9fba12e0f01434cd067b0051f7e,2026-10-07
7a4f46dbe2a78987bc2c9c432dc5c659,2026-10-07
00df8e293a5863f1389f9b546898feeb,2026-10-07
0372ef91f5ce9134d2fc58fd84520e4e,2026-10-07
6835eb4282028c7c3e61cad8c17648fd,2026-10-07
29d1029927a8cbbf0df44e0f4c881f58,2026-10-07
fff3c198721a59b21a2ee2245f9a1e2d,2026-10-07
f4f46c7fa1e45b804af3b865b4e81d5a,2026-10-07
bddc5386eebbb82caa8ed3ea7ec55637,2026-10-07
0b9a3d5727ef4c93555a57b810111002,2026-10-07
209f1adae2f43f1d6ac512baad806eba,2026-10-07
57766fd6d62731736381a4d955edfde1,2026-10-07
dc939bd6be6ac9f65aa5bfe7aff51fbc,2026-10-07
9f6959f84c9317d2a589ec8b26e17663,2026-10-07
92df17fb9d47e4112082b8dbea4aeb66,2026-10-07
796a717d55384fcebfdd554d32b87c21,2026-10-07
a3ce3989b39551d472f40cd83e511aa2,2026-10-07
a633d2ef7ce780e42ee2a423b5458c4f,2026-10-07
1a508a86e11b0fbfcf508db2564d875b,2026-10-07
cbffb531478d80a65ae87bc8070622b9,2026-10-07
17e0a048fb1e9247f3993ee82b54556e,2026-10-07
959b2ecd742ea4190d4b3bc14c7f8baa,2026-10-07
c4f635296c2cab4088b341edb8d197bc,2026-10-07
04a51770560f1b655dd3fee7e177fbdc,2026-10-07
9b710b86e74d5f98c21f772744e111f8,2026-10-07
ffb5b84ac586dd60ad0443872e3b9374,2026-10-07
38868941f6c2e4c6604f0060a97a2d38,2026-10-07
3874544903b0bb666184e13e78b82f8d,2026-10-07
d1f5919ef72dfcd5e379f217e87581b8,2026-10-07
210af85edbfb006f6363e3117229511d,2026-10-07
d8a63d1399d077a4d41f236406feb80c,2026-10-07
1197632df9615d6e61cbb1da4e8a428b,2026-10-07
1f1027a8bd673dbd9db53e10be86b9b5,2026-10-07
02ffb0cf63ebefb27b263c5aeadef1d5,2026-10-07
f80666a564cbdf85c39faa8855210cc3,2026-10-07
9364b4418a32c3bf65ed73b671d77b84,2026-10-07
22165d987341adde6ec11719291482ef,2026-10-07
a1dea1bf256ba52a5859d53800b30836,2026-10-07
9d2ec7205942d15c8138adf083a9cb00,2026-10-07
bac75f8b9ff6a4889c0ccb946b9dc410,2026-10-07
1638b29ef9e0eb6ae6f464703f1871b1,2026-10-07
849f261bfe47938e7ffb7fa3b7a3e76c,2026-10-07
5c59e18b29fb4b15ae960f3a7412b34f,2026-10-07
d4c094e94e84983d581256bc30cbeb57,2026-10-07
a08c9f52354c2e5d3ae16a45cac3237d,2026-10-07
3aba6765784fd12359b3e39de99ec5ae,2026-10-07
2c9a1d1d99d24217b01b237ef409b99b,2026-10-07
74fdafbbf8ba625b321a600fc1db08a6,2026-10-07
227a3af1ec23725fe8d51d129cc97aee,2026-10-07
c2c605a67a5e750ebb1c2d747e225324,2026-10-07
cf7541b7a9fd51da75bbfe9f0ad7582a,2026-10-07
80b1e7aa30cd2b5f58363d9ce75eb3d2,2026-10-07
70f41fe14f8ac4902e4f82d01234718a,2026-10-07
cca66373be306a4cd7c5b6af16812500,2026-10-07
86aa96e56b43b91cba3a03a605e1270f,2026-10-07
ff769cadf9e2bb2fdf6b71ec50429885,2026-10-07
9dc16a9d08cbf5e10c86a3a83590b1ac,2026-10-07
3e6e95ab6d186515371398af07bf63ce,2026-10-07
e097a81a43c603e3ddcad0b6650e4525,2026-10-07
cf602d093b9d9e4b8a1d478687448e22,2026-10-07
66975dac4717e51b4106ff3cc025abf6,2026-10-07
c1105f9d4b247d56bcb214fa8e796a27,2026-10-07
edfaa787e7a5f4af50f08f73efb7c82a,2026-10-07
cc16ff5c64f43f7fd0579ad17d4449ce,2026-10-07
8adf58a6ae3f5a4c28860ecdc5915403,2026-10-07
8063e7206eb954103c5f2b6b68dab586,2026-10-07
3f8a3ab72f3f599db9e610ff8b9eef5a,2026-10-07
b20f367d7fcd3916248b7e4034373f0e,2026-10-07
df6381931c21cb7fb7f597b7ca2268e2,2026-10-07
d216a2ff36743c4cb08e3de559f66593,2026-10-07
ad0b1bf66db4f5b3ba3c0cc6a66bcfde,2026-10-07
6a7f3a71512ca5240b0a5d89ddf1b717,2026-10-07
ce12f2327ca08bf567ef7ee5a852477e,2026-10-07
71bcc631084214a6c67ff1c5151e3c5e,2026-10-07
6e97dc3747953dc5155a01e497cba1ec,2026-10-07
dc1ac3e51e65e28159d5a0bb3fdf66f2,2026-10-07
fa2bfd17b8aaec88ee082381c803c648,2026-10-07
4aee9b17b64b5432b79949622a9633b2,2026-10-07
827fef95691a2030f5cb17c9a06b5c29,2026-10-07
d5677be3e65f5d04f0a9c78bdc9168a6,2026-10-07
ec0dbc80f9db04155a1f31c5d57ead51,2026-10-07
8d5f5ec4f5a98896ed3b376960760d13,2026-10-07
98584eccd150ad6b92028606bc14fc64,2026-10-07
0193c429dd5405db816d5453af15b8c5,2026-10-07
0a001bee39a31e705015949a7c9edae9,2026-10-07
60ceb0c29bbacc99e600483e24d9ccb3,2026-10-07
bd329945c831622b709c93ad9980725e,2026-10-07
72c089a1a14949cf06c55b85d86f5e56,2026-10-07
9e3d37463499868d64be4e4e3a5c6fba,2026-10-07
ace3fb0bb0beaccfa28ecfd4326c9eb9,2026-10-07
8dbb219caa7f81226a89b16ec03945bc,2026-10-07
46138643d699aa1d89017c3b34244065,2026-10-07
a15922bb74bba21b3d3f557d59f6376f,2026-10-07
3c32b8f652c3fa1e8e8394698daff792,2026-10-07
b76d3c657d038895b44e43ff2900d83c,2026-10-07
6b3f9db04ff56ae5a8fa5cac305bfdfe,2026-10-07
07cdf38f415b13dc82d6c99524e88312,2026-10-07
fc40b42703fb85075d99707e74c77786,2026-10-07
d1b0ca7b03eb5653606d50525de0f3cb,2026-10-07
5a195a34b8b6810846fddbdc07da190b,2026-10-07
79ef2aaebb48017ae00fa7c5d2bb9f65,2026-10-07
94589cdd9527df888598d68cf75dadde,2026-10-07
09f3bf4ea47db2e33dba5532e61a63e2,2026-10-07
4afe3cbb7e595c0547f1aff3df93f692,2026-10-07
2200087812e8010fa1b4fd149b84fa50,2026-10-07
98ac048334e5e81d25d416d6eff04186,2026-10-07
30aaf7bfbca9e67664c82bb4829a38e0,2026-10-07
27396dd0f302711282304b1a04671c4d,2026-10-07
52a1ce709e5ce657bd1422972c040fec,2026-10-07
ac60ee36330443a28b9395a0e486cc5e,2026-10-07
f650eb3ffa64cc52a215d9e81055bc35,2026-10-07
1e59abbffdce63530508d5145dc7aca2,2026-10-07
292a8616b35070e1b2371a84e5a9bd7c,2026-10-07
3449b42c89a879b9999a127cbee2fd45,2026-10-07
f4b2c950934c4b80beba291157e03302,2026-10-07
37966174d17234f6b445fc5e3b284837,2026-10-07
da8fbc7ffde1be3f4729bc575556893e,2026-10-07
893150053881b5f9a46bd12a01c96a42,2026-10-07
9d8bb03f281fc51f5810d4fcadb240ca,2026-10-07
aba6845b4a3bd2033cff198f2ebf397c,2026-10-07
5aab9512e94b1d3c3a6aed52a3b696b0,2026-10-07
2d0a82c16d77f2771b49326d87c72feb,2026-10-07
7ded6d4463aec8aa2ac450b27cdadf00,2026-10-07
f18e50304e1bb574894b3faa0a222ee8,2026-10-07
48887b5faec66de30009d6f832adc10d,2026-10-07
bd876f197f846cbdd7a0118eb643b8bb,2026-10-07
456909c264c278ef674d301c2e5e6789,2026-10-07
ee6247861c7f096af80ac57d0448a678,2026-10-07
de03ec6aa5c713ca539ba6d447513c18,2026-10-07
bddfd9eac3190fd100bc5108560ebb52,2026-10-07
ffd2c211e9a52fa4077a47d91200cbaa,2026-10-07
afc35b496be1637ef9a5b24b7907b641,2026-10-07
ea74feaa2a788d080760611bbdd26b8a,2026-10-07
05f41596f91a605715ff6d0c9d27cf27,2026-10-07
5962baf27342c96a85ff41d7638c7f08,2026-10-07
3105aaa4c3a2aa722f19139ca1a6fff3,2026-10-07
ebf42625518acab109138ad27771a5ba,2026-10-07
3a23eac2664946be794ba8d2f7296baf,2026-10-07
679743e1286ced5e9b6022e24b7396ac,2026-10-07
ceca72821242aed4e67af82ea1e868b7,2026-10-07
9ba2d085c8dafe22a5aaf31401f21209,2026-10-07
7e4146c186679e38219befb8e72c948e,2026-10-07
caa626acb11ae005280a478b9ba6e883,2026-10-07
a4afc5c55cc4089ce5cca7095ff4f786,2026-10-07
b17340fae25d1297d8844dad7e9f98d3,2026-10-07
29b1005fce7faa56c8bf4b030c4392b7,2026-10-07
1293a17a189a2a9e570df21099d7f81b,2026-10-07
a70914e0443c6ec15786d4d2a593cb88,2026-10-07
66cf586b9f666d8bbfd0a156668effd2,2026-10-07
0c6a94829ea71b2b346eff2b07c37b41,2026-10-07
51e63f6cb96b6358c327f91135915c4a,2026-10-07
bed63c3d2ec6a3c253566596553a2469,2026-10-07
b67e2c242990cc631481268294487871,2026-10-07
9190808940e3da74f475ba7916fb06b6,2026-10-07
36e320347c87eac980f33dc3cae56124,2026-10-07
6cefd8d700e2fe36ee8f585ac214c253,2026-10-07
dff2cc1b67b2d0db1976293572c11b7f,2026-10-07
91b3813ba40d7854ec11ad5b5e5171e9,2026-10-07
f000e9999a0961fc7ff40468c659fa11,2026-10-07
1fb5b4fe100115be5861a55c8ab79abc,2026-10-07
d7808e3b425b8f6f4fc21f015ba49043,2026-10-07
9708743daef218874010244e93d068d8,2026-10-07
41cb76abb77ed3ac50a1e475c740cc1b,2026-10-07
5efa346ec0c7a55061117e106ebbe2ed,2026-10-07
436e5968b125531251f21856c10b6d75,2026-10-07
8770375b22ce6406b826708e46a8d82e,2026-10-07
1874f6ef0ae7b85e814b8954271f95c1,2026-10-07
624230cf98597294fac0c9909276f772,2026-10-07
008d1f5f1b7a72c481a93626a95e0063,2026-10-07
d3b50947e79fdaeb39f7f488267d1f29,2026-10-07
095817a94aa4c70245be20cb597a94fd,2026-10-07
9075053a9fc0e7c61507ce7cf354c544,2026-10-07
0cddc5b02ead8d8a2ff506f7159b9c23,2026-10-07
d6d0e4d6268624a85add795858157f4f,2026-10-07
ff3fa62575eff358278969362ec435b2,2026-10-07
7ac9a1598ab999cf7577b4cd4d18af84,2026-10-07
5c6806b149a023cac49d93caa1086f99,2026-10-07
24c1437ff12b0a3f293cc0317ba090db,2026-10-07
21a9a4948187b9b874c49c5e1e6cd94e,2026-10-07
34480d7d2dcdcdc3baf3695be349b625,2026-10-07
d8a7088db887efaa84b4983b7afe5641,2026-10-07
5d066dbd23536f5c70d7a30717ffee7c,2026-10-07
fc989eee130aeae244fd4c5bf6a27d93,2026-10-07
46a5759c1d95907b0dee7e161979197e,2026-10-07
26d75aa983da71a5e358f0c85f0aa93f,2026-10-07
49d8213fc588faa52c728fa9c8068c22,2026-10-07
793c84191beb47f3e26c89332ce1383b,2026-10-07
9c10d25d9a4babfc8c7f2fc35cc66631,2026-10-07
423b7beead731ba25dad46867796b09d,2026-10-07
06d7a1993c12ef901f474ea280051cab,2026-10-07
ed1e05f4fa2a6bbd1c48322152c7fce4,2026-10-07
0f4e6f8b9bfc7522e099a59fe8cabee8,2026-10-07
e9700c01f64fad564f7ffe9d0c3e00e6,2026-10-07
6a28ca85ab71226f9071f1113f73fb62,2026-10-07
255791a72a06ebc2059c2e631055bda4,2026-10-07
2abf525d5534fbdc01320de05c94dd24,2026-10-07
a9f5654f748079867e0760aa649163cc,2026-10-07
9d7532034d47584720281bcab1f0f8ac,2026-10-07
ae3a22fba042b053ac7771e45abe5751,2026-10-07
8cae38428b9756fc570baf3d6c09667d,2026-10-07
cd767d85ceb9a31dd19f266f336a8c48,2026-10-07
cd8d5f3f285cc12188051febd856f602,2026-10-07
c157141d234556922c91768fc736a0a1,2026-10-07
82e19b652a5de1531c477fd8b6003baf,2026-10-07
44167ea4b7b9683231892eb2056a7505,2026-10-07
b94c6c330c17aa254981721b14d8750d,2026-10-07
05f841ed2b7421cec8149ecff18b4ce5,2026-10-07
ab5088750ebc4440c5863c4febb7131a,2026-10-07
1abcb8422e0694cb19dabd3b4433b44a,2026-10-07
b47652781eef6f5b9113092231b4faad,2026-10-07
00571f0cc6cca4b91e34c3f7dcdb9abf,2026-10-07
26e651ca17019c304d119b1b6b2de448,2026-10-07
a7d75801ba29ea1ed6644bfbfac4a56d,2026-10-07
b8686e589f54e5afa74d347630e96f68,2026-10-07
72d70af037876f7131016b8208740431,2026-10-07
2931bbede5d97ac90929b65c56432d52,2026-10-07
3919923d352fda3853abc8cc9b2e7aa7,2026-10-07
9e986ddc24109e23d17ee9ee8b2b9809,2026-10-07
0f6358b6c75d786c69aa06bd3bce61a7,2026-10-07
6e28d34b419548dccc396eca8d9dad27,2026-10-07
b17754c9e4d738d375ef086878164edd,2026-10-07
781eff97eaf6149e3fdcd19ca523a616,2026-10-07
970d4b1f8476911f7baebe68476a8455,2026-10-07
abadf6580f0f6b531eaffc375febb76d,2026-10-07
376597c01add54205e2554c32d5c21ab,2026-10-07
c60b10bc6677238731c1fd9c4c9d830b,2026-10-07
3ff62b6298cba61656158b0b10064fcc,2026-10-07
acdc2b51794d49bd8954f2e7ff493c62,2026-10-07
e72a7b7ab0b30d5ccb4f23dfeb48c9a2,2026-10-07
87c61f2cea0b73420b01ca4179c0d083,2026-10-07
f2c39c41cd0469f96cbbdfb5c76f7392,2026-10-07
16fdd2b51d7692354e8174025a7ff7b9,2026-10-07
0ef4282d27f81d5e007f1ef887ae520c,2026-10-07
1daf09b4bc0120873168ccf2d8cb6413,2026-10-07
9d1ca22f488b1befe01dd977604b98c8,2026-10-07
ed252c52bf196a3943cd55bc4b9cd449,2026-10-07
31d2c1f40b22d907a9865c19eb1b162d,2026-10-07
48bd9c19a2b79f15ac4555dd03dbed0a,2026-10-07
bdb644447421e930e647a3826fe8a9d0,2026-10-07
f787721c61dc2996e537cf49c67d5566,2026-10-07
4e1b4d9e6c3301fed4c855a5584fb77b,2026-10-07
6e9f4704b724c26fc9945060aa59080c,2026-10-07
26fd1678d01fa0a65ebaad233c4a292b,2026-10-07
66afea8ca572d301798522063e98746a,2026-10-07
10b9fe7aaf9c9d9bd7db382bba585ae7,2026-10-07
7afe40960340c1ddca7a465f43607a00,2026-10-07
e3a5c82c5754ba79a0eaaf364e8a5b60,2026-10-07
f385653447309313c00c6bf7911b21ae,2026-10-07
1459c70f2f98226d20996e0f8f757e4e,2026-10-07
2a673bf8cb897e0be83d41c40950db4a,2026-10-07
26580d7741dbaa1481f478566ef56aec,2026-10-07
0d3591251d5c8f23dd8054acb4ec2fb1,2026-10-07
0dfbb03ca25a25187ebe26df23cc53c3,2026-10-07
4153f491996a09ca282f9f80e44ef0a7,2026-10-07
f5fab4e93f45dda4dd074a02ec3b659b,2026-10-07
06f3a6b7253927b32ef942faca92441a,2026-10-07
c6fd49519bd5d4f3c63b0cb12bcac479,2026-10-07
752ee4a8f77fb268dd78ddf6395c5c29,2026-10-07
d06f0e04a4e7bb128976c8fab15fd0b4,2026-10-07
06d21341eab86550321d6a39187cc1ab,2026-10-07
0c2ed84b06fde23928b20d3b0663c54c,2026-10-07
9c1de68addd76488bea5e96d10360deb,2026-10-07
8b306f26dc28729fb7d254c127568abd,2026-10-07
a48e92d4a216b7a7db17f6848102f084,2026-10-07
1b6f0f1586db7595684104911abe3872,2026-10-07
a32c42892231a28bee5946c7769063b3,2026-10-07
bfbb7517f80d0a7885f5339714c17971,2026-10-07
90831826d9e9c5afa51635797e281188,2026-10-07
b8c47d32517dc7ad8bc5c50030b157a3,2026-10-07
31e956b1671f4242cf4e53f40871e986,2026-10-07
c6bf88181ce718fa52b7fa7ebfa12fb3,2026-10-07
c1907c660020f48a343064cb77453a19,2026-10-07
133c3ae97db693b5353c415df412c013,2026-10-07
94df5e8b571ef4034d8ccdc21d9cacb8,2026-10-07
da7449fa00ca00ab623abd1b0d1e5a9a,2026-10-07
98d8276f7ed3d487e1bff42b56a7b300,2026-10-07
71f8f422b09be9cdb0585d971619de19,2026-10-07
a2bc946b74096ac85e25557f72489f4b,2026-10-07
2568d95e90019a833445941eef8d85e4,2026-10-07
225d41bced5bfa12298a7d168fdb1252,2026-10-07
27c9cb7f4ab9ba90520c0ba0b5caa8df,2026-10-07
7bf097d35d25003ad282342a6d57ab59,2026-10-07
0c41aabf0426d2fc51663049aad5aeba,2026-10-07
c20830a905f8fdd030db05a5b0993a1b,2026-10-07
e3849bacb223edc87fd9ad700a956656,2026-10-07
ede47d247c9f656110a28d4bab0fcec2,2026-10-07
9a2bf59682061adaae7184d4bd16e2ce,2026-10-07
33c71cff17837e31a8f28357502e108f,2026-10-07
c3e97235ccf4b0a0276683fd1743de68,2026-10-07
dc2c74a65bc1a5cd2df21947a1843e15,2026-10-07
61cd6468e704a54235cc5b3ccf1a3fff,2026-10-07
e9062916ba7a63bef0640b567b83099a,2026-10-07
abad0f3fe14bd3995cbc0d1efdad9592,2026-10-07
87573ef4ba7e15a3b509415a2f16366d,2026-10-07
31426f2fd10b534f62c3184c8c6ed71f,2026-10-07
6cd564dcfdb69aa8bfea1b57263d4415,2026-10-07
9b8cc7e1a7b259a4915e9be3dc2ca141,2026-10-07
409cb4ec34a6f1e4cb7a2dfd9ed494bc,2026-10-07
283ef69686c8759d0a88771f4c20d72d,2026-10-07
02796e1b3e7a409fa0b84a742f5f7176,2026-10-07
f96caf9ef7d6b7ff6124a51689c30acb,2026-10-07
478e3e59c9a805c6fca87944447d110e,2026-10-07
6e38a63931d2245c7a52f6d3cdd7277c,2026-10-07
6e1effbaced1266b9db4c347e29c78bc,2026-10-07
ffb49246b42207c42389d26e7d14268b,2026-10-07
916fdb4b1f4010103ba9a47827357c38,2026-10-07
bd84c085f79f2a8227cd8f62e3a2d6f2,2026-10-07
d16413a27c582dc7fd628f1022bb12f3,2026-10-07
6943ddf6fbabcab5f5be0b3f2f363500,2026-10-07
b1b9215548ffeb729e5b19e7c7ad7ea2,2026-10-07
1036f8761845a7b16fc0f0c0fac48b77,2026-10-07
d67588c600ab5b0f041b92da2e635b6b,2026-10-07
ed296f2e13204def1038906b88f0279e,2026-10-07
7d3eb6c9ca50ac67e5202ba8d7556787,2026-10-07
7329ec4995bb45f1f065c05565ea0b15,2026-10-07
1df8a72c983cefc82ee37e48c57e6159,2026-10-07
549def72528da4ab1712d3b58f39210e,2026-10-07
a9cadfc96c815e0721e59f5020c4624f,2026-10-07
c1940a9a86d10f2d9aa2939546939240,2026-10-07
dff58a935a5d51a497a6ed6364463d98,2026-10-07
fe615980bdfe3ced0ffcd33606866e43,2026-10-07
6879d2c8856a52d7ff2aaa4037a18ceb,2026-10-07
57559b2fe06df44076182f75ae011551,2026-10-07
79d091425f78e3a09f5da8ed40ac5f0c,2026-10-07
48e165acd889130d14d4b3039654da6b,2026-10-07
a5ca696258ecdf1eaec042344c385211,2026-10-07
f81ceb92f3df6a48072975d7f6e8cf11,2026-10-07
453aaaedbe9cd67e91dcd8ab87639fbf,2026-10-07
d4ed9678726c9d220d77c539207ed718,2026-10-07
407d891bb1f4ddb9dd62e2691a00dcbb,2026-10-07
6da935a3eaa5af71ecdb6173d5536f7d,2026-10-07
054fd07891234b3fba57c6d61e215fa2,2026-10-07
ecc3b3b7cb127eb6bb33a47bb0cbe499,2026-10-07
c508153607e88618c6c4d817a86992fc,2026-10-07
8baeeb91e9c6504bca5e28258a98bdf0,2026-10-07
3c017a2a79b219d7687f4b47d4d1861d,2026-10-07
7052a4be78f96e9ef2d93d9bc5836d91,2026-10-07
eb2611cab44d60e06aded5c4a7eb671d,2026-10-07
4775695fba10a302982b672b1e728972,2026-10-07
f63ad82b1020fbd027ad7daa10510c23,2026-10-07
28b7115606c5489ec4e1a7d0bc19ad51,2026-10-07
a95f037bf2679de5dc2b2538c1ab37e7,2026-10-07
8d8bebb02b7842a2137257737aabf4ad,2026-10-07
9d520877f0b43d2c0463e6cc8faad873,2026-10-07
a5fb4ef9edc8c2b3bcd3a9e0dcbed992,2026-10-07
6e04f23c52856efdd1afb3f87ca0347a,2026-10-07
fd13601893f1c4737330c03f6e24865e,2026-10-07
3e9180f20086be7dbae937330bfdfb9d,2026-10-07
cab5829c296bd026dc174e4ca2e364e4,2026-10-07
04694cc5c46ed83a6d84bec0ef2d3959,2026-10-07
a317e27e82d7d4b6110bd1520589a392,2026-10-07
677e00d560ee131983b0b05368fa827d,2026-10-07
52ed3fb2abaaa2c286643eda65ac1906,2026-10-07
f4a75f7f1ec9ba6b9b42c0beb1f96bcc,2026-10-07
fe2167b0857e2a5d0b66f7dbb73e51ed,2026-10-07
36ac0857717ba61ace76b10b770f7d18,2026-10-07
9e62a5d40cca9f07bb5ed4f30192d775,2026-10-07
568f507782c88cf0cdb30a7aba42581b,2026-10-07
92d4f0206c49654c4f000402ffe42714,2026-10-07
1b69f76fcde320a4a14293dfe8a8f785,2026-10-07
752f6135ecdb3fa2fb3199d37d853675,2026-10-07
5ce2d6b21765b2bfe957fbcd6eb07274,2026-10-07
718ddf9a5e599e51980419a3297842a5,2026-10-07
e691e5373e0743c3dc076bfcd052cc6a,2026-10-07
1833ce37477bcfc64b064637ba51e201,2026-10-07
37b87c58604d8b67ffdff037f1b34a51,2026-10-07
a478d26f380978ee5091f11122324207,2026-10-07
63cb0f0526e2c6eac309fc9216316292,2026-10-07
755372c45fe9d02566da139b2ccdc973,2026-10-07
12c3fb3e13f6361ea777bdbcdd614b68,2026-10-07
27c5d1067b93d33625c59ae27b2e5c89,2026-10-07
5a66dc066b02591ddb72c64f2176b56a,2026-10-07
510ec61857dd6577031bd7eaee0ec9f6,2026-10-07
738d76716e8b068762863879288dcd15,2026-10-07
9263bdf924e25ba73db8c7ad1c929707,2026-10-07
8dc9923affcc4444a525345be6943eea,2026-10-07
ea01beb122270905f87b17d6e4e4a3f9,2026-10-07
81d5661bc9ccd869e87f91f58bb169c7,2026-10-07
ca54587a7c49d1fcd8c29c55f5de259d,2026-10-07
6fe3b33eed48c0c97e76148c5ba4973f,2026-10-07
f72114a773e466f7f9ec38ce97d0b8e4,2026-10-07
bf002d09e78f76edb6c931e03b4176e3,2026-10-07
c02e3e68ba50fa5428f348dbf7aa0fef,2026-10-07
4e6bacbb35ced9310cf2e33c91931bfb,2026-10-07
a41423ad659e1e3249f34e811f235d2b,2026-10-07
e34b03c99702645664e1acfc7feaa47c,2026-10-07
969e34ec5320fb61239ce3a0ff0c840c,2026-10-07
85f0d0eb2eb4e343fb440e6560f251a8,2026-10-07
98435b36b875fb3fbda05570074e633e,2026-10-07
0e29c8deefa6866c14b3c82c6711c413,2026-10-07
423fd46beb909e826309c51c7a2ee5b7,2026-10-07
38944f06d4c4379901567f5c5be8474d,2026-10-07
a40c5d973c7d956a3277a6ec5088e129,2026-10-07
9af06faf79f690439af73e6e4259b650,2026-10-07
e0d645875c355d4f5b01eaf4f568d4eb,2026-10-07
1f6c3e724c23b0e44b7c32500eb18837,2026-10-07
e6304694680f4bd92425b1ff4bd8333f,2026-10-07
d77b2e1075f72f09874bb29fb5a7b07f,2026-10-07
028abe39c149e6421a81ce3dacb7b045,2026-10-07
8dd97715dd47b1edb2c2f56ce0d88971,2026-10-07
3cd7eadae1ef9ab557d0858ab55be346,2026-10-07
f0098ed429e606a842ea3964c66462c4,2026-10-07
076b25e831b5a5b4ab1e8f1465a91576,2026-10-07
39de8962518d28ae30fcf8a32dc95e57,2026-10-07
b39e2c8663a2fe0beca211372cc00d30,2026-10-07
baf0d2bc9d1a51f2d71a0d6ca5e4b74b,2026-10-07
a22652c5fd4a4da367c420550af80a1d,2026-10-07
b5b51d226e7417d9fa7dee55993073fa,2026-10-07
a8f8745f4cb00b92b794717dd860bf79,2026-10-07
f9f14a2ba725830887431a91e4b2ae4e,2026-10-07
d8a7df79deece73438bf6a9ccacbf027,2026-10-07
86495d5382c0214efcd63712297af55c,2026-10-07
0d8ef4194b93991d22cfeedf5f406b6a,2026-10-07
0f5aee5284ebe2e7ed69b0a5a4a82cf8,2026-10-07
32229f1bd24292c1160ab549794f46f6,2026-10-07
d3240d9ccab81d21a0b390d203db460e,2026-10-07
ba9779a582ecd19996ca972e361b3870,2026-10-07
4be2c357e917b0c6a0f58fee633e48ac,2026-10-07
8ac2727fee71ba4450ee9b5d166ee4f8,2026-10-07
988222bd3f283a442fb6c6e56333c400,2026-10-07
c98d36fa24e5d86233441876261781ae,2026-10-07
e0370a9015cdf6dbd6f24295be9acecb,2026-10-07
7bac8c992449d6bfe3372a037e3129a0,2026-10-07
49d485682c65090b82c38c59d8b0260e,2026-10-07
15217904b132890b3854c216f46b9f08,2026-10-07
9790ea871e65b8a7a8a36607c9e26307,2026-10-07
eed18c68ef9b603e2ef454452c9ced31,2026-10-07
8905a4d3b6536402994ad81cb72d8593,2026-10-07
5db258135667a31647f04e82c3808281,2026-10-07
51f8bd3fff000e338a3b1648b1cbb297,2026-10-07
a8170bd03600acf310144af35e3c14a4,2026-10-07
201d8c365872464fc7ab222617e7306d,2026-10-07
a736cd48c384b256acac9a7c90ab79a8,2026-10-07
bf2f3118b4bec4d4cd82b3e3daf28469,2026-10-07
db46f22aba82799a9c35faaa9b0751a7,2026-10-07
58ecb1ecc13295b4ebd7a60f9310ebe9,2026-10-07
331eac2a29813f79af7af53de4eaa368,2026-10-07
94906a2d96c5ac50f26cc16d628dfc69,2026-10-07
0e81743cc8b9cfa111a0a823e032584d,2026-10-07
98afe7122c8b67e36a934d11cefb3112,2026-10-07
aa32c827973c16ccb3b7f68c316bb03b,2026-10-07
769ddb5f7fdc5a06f336ebe0b0d26430,2026-10-07
f5300200d33afcd62dbd584b54cd8db9,2026-10-07
dc9d507e21b708f700f05ff4edeebed9,2026-10-07
b11b5ca549cb0aa9abf1d2cf293cf36e,2026-10-07
5ce70edd23e0dd108e756bb7136ef470,2026-10-07
ecb8785c3744c1ebe51c2e0b562b0393,2026-10-07
5ca23513dd462bc2c38643c40823e307,2026-10-07
7d0522849488ddf050cb9c745c514149,2026-10-07
fdb282969130a80437bc268b688cf715,2026-10-07
fdcff51b97c7e5f2b797feff8dfa5e88,2026-10-07
7aee1c43aa257108fa5058b0387783c9,2026-10-07
c8758f7e85015291cf0151ae7848b75f,2026-10-07
7dc64382cc974ceacc984af4fdee9a11,2026-10-07
57ffae581194de803829a7d151f9a6f8,2026-10-07
dc40d37c22b6c5e59eb6aa77adbeded7,2026-10-07
848b523804ca8882cc739e1d2eade87f,2026-10-07
698812411a297e2a0ca1983926046e4f,2026-10-07
ffc05e6392f9717aa0515776fa07d5b0,2026-10-07
d66696a59bbf48385accb10c950b9351,2026-10-07
f0013cc99c2a834765f8016d384fc387,2026-10-07
11352c365d1fc25299facc3012e42139,2026-10-07
20a2f8e05fedc28a90543b153a111b15,2026-10-07
2e5010e348a85538899c80c7920021bc,2026-10-07
98d6550e65e9a79214b835c6834854b6,2026-10-07
1f6270a3a40884efe6a64b548750f92a,2026-10-07
e4a5696788daa5bb505397f57aba3efa,2026-10-07
e17cd61bef2cb0b1e7e1000126be2d7c,2026-10-07
0c4c28127918d74535f1612727daf7d6,2026-10-07
348f865477fd64eeab6d827f2b1bd255,2026-10-07
5f6f8fdb1311c6ddd06b01e93e343076,2026-10-07
569c1ee0aab96759b25e518ae3ec6764,2026-10-07
d138d1bca05ddf0c8e0400b2ce0b615a,2026-10-07
9d397013f0535c4536cd01ca3e99564c,2026-10-07
d3af57777bdf65de3dec8e64269de749,2026-10-07
e912ac6276e63853ee6e9f497debf3be,2026-10-07
2b4840111ab2b8fc54b8e3776596cdac,2026-10-07
8a39d66d76e1cebcfc106ec724c6f790,2026-10-07
7fca4fe4dbe70c525bd4d7f70f69065c,2026-10-07
56a15556b4853f7e4d7fae828b0e0945,2026-10-07
8d5d67fc0a0bb8e485e4d2ab0fa04fe2,2026-10-07
8f241bb6def27db780ed9f0c1d371d69,2026-10-07
771bcb4b9092c8e0cc66538ad29d57ad,2026-10-07
9c8fcb298b699c9c5cbcfac1646c8c34,2026-10-07
fc87f73cdd8228b558d54fbff70f3f0e,2026-10-07
255afd257671587e8fa2151da4eb22a2,2026-10-07
93f234c7fb1c6f85c2119681d315fe81,2026-10-07
f7685710ad7197c4d618c42c45a1074d,2026-10-07
59485cb6df2cc8786082162ca07296d0,2026-10-07
1b1415fa438fd7cf6be5e0d19d2c4199,2026-10-07
3ac1b15c210057076ccc3e9be20c86f5,2026-10-07
373dac4c23be6c7d11a2e4ebc5f3ed08,2026-10-07
aa1582262976451f60374cdb67fb7217,2026-10-07
fafcd639b9f522f897c9a17a4944f05a,2026-10-07
b9a34b947b29d9789f17336af5dacbba,2026-10-07
24f3597e1ffbffb72fc3f039919d3ea7,2026-10-07
9fadac38afede9c1797a7f51d91b5d7d,2026-10-07
fd46328d70f73024998eeeee620e7739,2026-10-07
9f5c7ee21c1f0fdbb979585fd5c49a92,2026-10-07
0fc1c9582c157457c722f570dbfd97b3,2026-10-07
8d6fe37a8ded2ea4769947c4cf977af8,2026-10-07
373a7377dd85549cc0ecbb13c1f14045,2026-10-07
6035b248d7b7442a3d1080a1f124cae7,2026-10-07
f8330dcdd52cf7fff349d6c72f59581f,2026-10-07
816b7940cb86f4a1eae57d8bf86a393c,2026-10-07
b7ab39218c82435d76eb3d11a561284a,2026-10-07
e78b51ea44bdf19c60edb597eaa5f438,2026-10-07
6fa56da2c77568edee23705d3d868fd8,2026-10-07
c75ec16fa600fd96d3f2b24a92651ae8,2026-10-07
1bd4515a7ed8ddd028172b777698a431,2026-10-07
e4f7d862bbee2e11215b22de458a5705,2026-10-07
c4a6f9d9947eab7a8a6a0d463d666f57,2026-10-07
50975e6ffd09131ea22e9ee728f80143,2026-10-07
bd65dff286824bba25c3f223d7ab874d,2026-10-07
c98d11b1e6674151cbdce99c8a23a34e,2026-10-07
ff6d979a4264b4b4877c9d2aa8055184,2026-10-07
e5196fb5a2ea0bc766986d50acb8e3bb,2026-10-07
b8330007b935812180c31e682c9f6900,2026-10-07
bc71aca23fd66122d787acfaf5b168c5,2026-10-07
f63f987c7382f79ee9dc724d75b3b667,2026-10-07
68690c0f870bb713ea99d047a4ec8bde,2026-10-07
530edbb8d1390a5d0dbed8906df4d083,2026-10-07
a187019c12a18ab536996b2cb675f276,2026-10-07
1cb2e0c50bc9320acf7ddceff787628c,2026-10-07
05a69629ec62fa6e5850bb36bc5d270f,2026-10-07
21ddf5ea84096f3656efaa4122cb5e55,2026-10-07
e45bbaa552b8d4533f0b71f003bbcf59,2026-10-07
fb86f3783cb0275ebcedb5285438ae7c,2026-10-07
b2aa089e16bd9a98ffd7eb72e1235f13,2026-10-07
d0c4e0a8ed29383af1b74d26f5dad757,2026-10-07
88a7fd0373093e51bcfc053c72d77f0c,2026-10-07
b8a0f99227893178420fbba68ec32ed0,2026-10-07
1645395f5f5a67a4dcb5fdcc2bd1b3e1,2026-10-07
097af1c77043070168522ff77a46986b,2026-10-07
9050f3f002cf1090e40b62e250acae27,2026-10-07
36ae9174469ec36f35e55c1a449ec498,2026-10-07
dfaed5c5caa706cf5d90dc89d6998600,2026-10-07
f2b748ca78c9915ed3651ba425f0e67e,2026-10-07
0732fc02f6a671b2c65e1406ab3e52d6,2026-10-07
1606cbe316d3cc7e3440eca0b381b9c1,2026-10-07
3735d1d3c5eb84d071a4b3f5c64a9be8,2026-10-07
1e15d23e82246701fb9134f1e9fb23ed,2026-10-07
4f6aa65bd2925e25045c558e1eb1653d,2026-10-07
6f176e1dff2e615d9a54fe3cd5293e93,2026-10-07
c8f9d36f712eaf27a31579d4b57ddef8,2026-10-07
2734f77e93b2e74c9581ad6a3833ff1b,2026-10-07
74b6069c535263ed17978561a54228a9,2026-10-07
f78d0848f7356ce9a92b2c7bd02768e7,2026-10-07
524d1610d7895781442b33564dca1fca,2026-10-07
c6e3d0db7f1f5effce33e7442a605bf9,2026-10-07
ccbd69b66b9dab613c40c97f599e9a07,2026-10-07
f1e540ac08b587cf3ce9aafa5188b764,2026-10-07
fb55b7ffe0cc94ff40e0eec498c230b7,2026-10-07
b7ce27ec50a594012edfd257a628368f,2026-10-07
cde28f14b0a101f922560d82d9ff647a,2026-10-07
6a8e4f9f91742ac33baeac57d4659cee,2026-10-07
ff350555f6bbb80563c33cde67aa2799,2026-10-07
7395565f5658de6ce0f8ece4ff7a8ca3,2026-10-07
e8b8abd5f58d64733531f9f2dc8a46e3,2026-10-07
95ae82e3899a42876b89a2f6c3cd00a9,2026-10-07
03b11b38afd134e24ab905fc898af296,2026-10-07
92619b976d02493d49160ce56e1d54b6,2026-10-07
e4ecf80abda41a9ed910d454a0ac16f7,2026-10-07
4e6594ec5d682fff24d8c3672d8811b0,2026-10-07
c488d509ee4880960685d083ba1ab8b3,2026-10-07
daed9fb3d7a2fba04b6b1ee0458023c3,2026-10-07
cfc05302562344ca586b47531a796811,2026-10-07
0b407c647bf2eae061ec802ced269eff,2026-10-07
5507154b09314679258b9585d6a93855,2026-10-07
067f7e0e17b4eb2d57ee8fc91cb041da,2026-10-07
cf8d3a28ba5009e6b2b778097b72147e,2026-10-07
0b2333405b8288a3e745a5b5fae0ca06,2026-10-07
a1244ad1d4581bc6897012d436e03f19,2026-10-07
31c58972325408db8241244cba713aa3,2026-10-07
7685f5f8fcb5aa68aa2d6cb45cdfdfe3,2026-10-07
3a84322f92aeca79e67eaf64a9463f19,2026-10-07
2ceefc81826dd6b361aece5a0d893b1c,2026-10-07
835733794a85ad0c06c5fb392ebe960d,2026-10-07
722b9d20ed6f15f812dc44de1b25ba39,2026-10-07
0d815ec56ddd214359d51fe5295de7fa,2026-10-07
4ee1f52b6c861661c3cdae2084432beb,2026-10-07
d791156c2311263e302d36236c57d660,2026-10-07
86c14a2125181fe9cace199508c106b2,2026-10-07
f44491e68789f1d8c35f9484db4660c3,2026-10-07
54fa06580bedc284f55bb0a849ff1ed3,2026-10-07
d72a0d9ee046281f98f29385ff69e812,2026-10-07
496d2b5fa56b145c4639b5305fc1c10d,2026-10-07
ff5984ee92cb7cb904ac3414cf718a99,2026-10-07
7560f5af77269f4a12c56d9dfc90a76f,2026-10-07
444003c608d2bbddb2057049953916bc,2026-10-07
d182ba6a4c05ec96a3221076ff5f926d,2026-10-07
c6e2902f9c1a262596e78931f9409409,2026-10-07
1c39df42e8fc4b1b410f2ef1033a0d3d,2026-10-07
035e36b2cb27dd3178e10623f330e51c,2026-10-07
3aa70779055fdecd07f149dc58a520b2,2026-10-07
507af97dd0973ce7bab215e9f46f7841,2026-10-07
bf196c04393d8d5db260b5a3854b0e0d,2026-10-07
d935dce74df6bdb5046cb85ae4b9136e,2026-10-07
adfbe1681d27c696ad7389fb8ff39614,2026-10-07
73e8c1918536bb9a299aca48651279ff,2026-10-07
54a965b23f9d19096ec61e87910dad55,2026-10-07
fb98054f1da4960f3a7b92d4cc075759,2026-10-07
bed394c4301c314b4f0c983e369627ec,2026-10-07
61338c2b2b737c387df5a824651c7c21,2026-10-07
08c26c4094effdbf2542bf9ddfddcd42,2026-10-07
2df365bf00cc7d2d39def0ff6f7247ac,2026-10-07
bcd73bdb5ad4947070b1a8709dc2d310,2026-10-07
b3080d2ba00505ae220867914502099d,2026-10-07
4e65a32b0d0cbea4465ed2ccd3a7c3f2,2026-10-07
a2012c5cd053265bef8470721d0afe7c,2026-10-07
8fe9f153cb66e5b2b52d6f6fb23f7aec,2026-10-07
f1254841969c882dd84aa2bc3f836022,2026-10-07
7cddc2291e456960df3d0624df7a6648,2026-10-07
1471bba32cde49685428a71bea391c68,2026-10-07
079c2fb0b925da84f3b09eb8b52fe313,2026-10-07
30765e685647b012c53863613707ed60,2026-10-07
3cc8e93e79182f6853b8dfcd030400a8,2026-10-07
8c5cb23bddc74cde0e45b2d61c8e3557,2026-10-07
a64bde152de7fcd1611087cc2a6d7681,2026-10-07
124c1b9f3ac6a40262633cb0fe27c199,2026-10-07
130bff5ff8b8814ecaea7e965bc0052f,2026-10-07
6ad228574f54c89863619955af8a03f3,2026-10-07
bfedd168a42583887662db7238465735,2026-10-07
4f74a95a5f2ec04de5fa80234bae7546,2026-10-07
6b81502ccc1cf7103b8670559eac7903,2026-10-07
77c3f27ea418b44dc3a2fdc891c37622,2026-10-07
9e63f6808de1f2a87ff63d7b0f3f6e1b,2026-10-07
3fe3e2b00dfda9d772948360a097c36f,2026-10-07
d3663e57a565227bb62dc008a395d50e,2026-10-07
1779c41a1abeae4f9ea924e31f9835cb,2026-10-07
a5de00fae35ccbdc3a29ac45fc352892,2026-10-07
e9ac8df8635ccb4fcaf0ec5d2941d866,2026-10-07
3a66a0c24dc51d3d92260ea641d7a0c2,2026-10-07
efa355cd0c54aa77a25f4a4a0b848207,2026-10-07
ff08e7b8fe18e3e5569e7cb53f4806bc,2026-10-07
638ffd79fc820b76379228ab46296eff,2026-10-07
a3460cb03228de7608974c73c8eb9ae8,2026-10-07
3af0ac326a4bd9e40766d86911ea5f01,2026-10-07
2ccef203c73746c3fda6cf170f86da05,2026-10-07
c5d9728e8de1032e35e35463a6479461,2026-10-07
6eab663accd0c22f8342c2b3819b541f,2026-10-07
04b502ca145205d9b332bc59b28c03d6,2026-10-07
1203b924e9ad1f3b7971ed8ebb6c3307,2026-10-07
4413c57bdc185ce64c03e570e6d131d0,2026-10-07
829bd232c142436cca7fe9f5faab1b89,2026-10-07
08f678e6832d2649fad5f38819f8b207,2026-10-07
fdd613bbd19595255ebd698612f4a3e3,2026-10-07
68f4d7e87c9b13cac692a7b2bfb4dabe,2026-10-07
b72e3aed3943cd4d64b0363f0336f919,2026-10-07
bfcb0ce5404e7b49938b03e8239ba739,2026-10-07
9072c383569fd4d0a572cc33938d852e,2026-10-07
ef3e3028b357a1e973d903951d263c24,2026-10-07
e3bb80c786cbc495fa0cbddae2575c5e,2026-10-07
001ecd9310a8bfe6bb5740eb6c2cfc28,2026-10-07
ae712381530b95d54f0d62703eb46c7e,2026-10-07
44a109e85e13dc3b3172dd6889f5d7b1,2026-10-07
f0be47732714da1c43b1dddad6ae85c9,2026-10-07
6509c79ceec1e5907dec31ad8f537421,2026-10-07
9db3905279212795f8adb6be76b3cb3c,2026-10-07
29c6b9c349e61c8b384055d9a5196191,2026-10-07
ce8bab2db1e5b6a3ea233f548466aac7,2026-10-07
42fb2a2ca492f6d5000eb81ed406e4fe,2026-10-07
85cebd25528f0270c4079d83217a94bd,2026-10-07
65a9cae8f7d33823b070d270abaa6c9a,2026-10-07
eba6118fb0f9061f483f9d3911741132,2026-10-07
e003f975c230c51989cd25f77dd2c50a,2026-10-07
27f95ba239837355e780aabfc268dae5,2026-10-07
069414c338f402197fc113a84b70ee1c,2026-10-07
5a075d40a464f8ff226a10e2cf962bd2,2026-10-07
fa6114f13f5b1fcceab5ca121a5f4078,2026-10-07
f3e38cb5e66f558d62c3a3a7acc81f79,2026-10-07
157bf7420c8b82b539b8fd051a78e5ea,2026-10-07
e34a7c57fa9e0cc7c6166621261d38c6,2026-10-07
a14254cac1e2def016d4d89fd1694cbf,2026-10-07
aec380cad60542927ebeed938c6e1d73,2026-10-07
4e622b563301959a15ede1bdb2501241,2026-10-07
17966fff937edd0e9bb13711c078d5ef,2026-10-07
88242590a00c52db11c89ae1a551a9e9,2026-10-07
9a04b5a3529f6fa6bbb6f4ebcf3680db,2026-10-07
faf07c682d78308ae177723edcab3bde,2026-10-07
53cad6da95453981a6227af5b959bb5f,2026-10-07
1a4224fe5e093c0906072b9b64273e55,2026-10-07
9e025acfa3437728f43ca5f9e40b668c,2026-10-07
9f4ee25cf6a4ade7566d5847cefcc2ff,2026-10-07
3db4e0547ed9615349bb277093cfe6db,2026-10-07
8c3ea87556a3f861f4c044a9e63eecc4,2026-10-07
a3b7d0a282ec630ec453589936fafab5,2026-10-07
619a12cb7a57243d4d6471ba4861ce96,2026-10-07
9e58b1770a89db3b327aaf2893d39356,2026-10-07
46c8fa54090d400718ca5ecdff7147c0,2026-10-07
c2bd2d9e439a27431cffefa1a0df47da,2026-10-07
c7ea66acb63ff8aabb77386e3227c533,2026-10-07
0e43abe270349f95a94a61b72f981ea8,2026-10-07
4266dd64376b1d75f9ad3960e6e8bfdc,2026-10-07
e9f4311a461e741d92f28b22ab45336c,2026-10-07
2bfd45e4fdaa729ea751afeddccdfa77,2026-10-07
317a9dbcdd4ec7ae5add636e6b17fbff,2026-10-07
7721c40968d3795a64acf25472f6ddd8,2026-10-07
3c0f9321c1d694c1ba365b3ba5bc04ab,2026-10-07
52870b17497eff7b6209652a5fb69a01,2026-10-07
a9366f7f00eea7fa404b6a357597d99c,2026-10-07
82928d1ae7379926fb153a6c188d7fdb,2026-10-07
d3d18ad640ecda0525a869c1dacfdddd,2026-10-07
77b7af7aabcf312efbbb26e2ee2ace19,2026-10-07
1ccc096dda26a2dad964cc31192bbbfa,2026-10-07
afe0d09fe712926af7ad164e47ee0f39,2026-10-07
aa6d8e77c7cb0a436111dec1505efbc2,2026-10-07
65ad35209afb540c68399fb417421c03,2026-10-07
1b74d05d5675c0690d9a6cf2c18cf152,2026-10-07
a9ade2d72ef4f2ba3e2d24fa9caaac12,2026-10-07
be8ebc8374480fea3e74f24642aca2a5,2026-10-07
88cc7b37254a065dfdb049c6de4e77b2,2026-10-07
4f3fa6c06bdc5e0034f93030459ae53c,2026-10-07
abff4b21995f392f5dc460f0a3eb8146,2026-10-07
891a2a4494e46fbf29ba889fec79c9ad,2026-10-07
e22221c020f748877f48af86ecf93948,2026-10-07
7b49bdf70e56f89a7a364e9a2220b6a7,2026-10-07
1aaf1ca01df65c49397041e547240a97,2026-10-07
de195ccd547c028df576b3ba4dbee369,2026-10-07
e46f6635ecff902cee0caeda8f460215,2026-10-07
8da2fab15b10cdec30f510fcad8f044e,2026-10-07
02448be616d35d2b14b36d531197d0b4,2026-10-07
8b1e58fd52d6a22be2a536669ab4225c,2026-10-07
616b1adae397166011caec5e5e6ee54d,2026-10-07
68e5bcb9553f69a144cf929c1d3f77f3,2026-10-07
6893ec53c8a64beba31af53215e80bed,2026-10-07
369539aa2310263ec1a380f7ea80d752,2026-10-07
5d5b9704a133bcb9d0ca6e99155e08f8,2026-10-07
87a17ce4f7d87b809ba1bc0ecd67206b,2026-10-07
ac734cbc03bea5f5f10294debb8c3fa8,2026-10-07
fb9d382a6f384759fac51f50758ad479,2026-10-07
5116e5c4d4ac7eae87ceb63a8be814d8,2026-10-07
f574cbf0e8fb92edc2737ddea31a8a5d,2026-10-07
defb4672e2c8617890bc16b4d05471ca,2026-10-07
a61b37f810532c3b3109fe45a8432dca,2026-10-07
dc156d6b0b25564cbdc6003c33f827f9,2026-10-07
2cd3a8b2f3972cc793ca0517a6260d8a,2026-10-07
b1e86978187d251e3d8a85c16aa129e9,2026-10-07
d14ad2a9ccd73c58f8be05c480cd8875,2026-10-07
38b42388a7509e2f4da79f06503ed13a,2026-10-07
740df8b47c89006ef592bee58e9ce689,2026-10-07
aa7c77631c8b8c9deb461723a422c25d,2026-10-07
2ea1c3a74eb6467828eef4888962ae83,2026-10-07
fe0dd8b4152c8d4e70e45a7b064ef6f3,2026-10-07
6bc26959437557c99865db13bd0e7b91,2026-10-07
608afb450de764be151f9f1fdb9836f8,2026-10-07
03e69834ae33a9024f60783728d27b4d,2026-10-07
d9bb0003333259e92b9e4e1135981dc4,2026-10-07
7f9e9b6019fb65b6afc1d8aad29b3f6f,2026-10-07
e64bda4af01f16abd933478ee0bebbae,2026-10-07
3f44ad46e18e47b877455f4c6b63213e,2026-10-07
55626ffccbf5acf860bcfdd206ac340f,2026-10-07
552876c994be1398a6ef3cad2762b030,2026-10-07
915bc3d8e4311e6649b0b5c19ec303bc,2026-10-07
b3aae3148d783bddd060b37aaaedc017,2026-10-07
80b1c72fb5fa35f019f1e8fcfc74f924,2026-10-07
d15033f7e014d6da34a0004825631e3b,2026-10-07
0d8c05fb89414ea9c1e405880ea96efe,2026-10-07
d50c126291db8682c396ffc941b187bc,2026-10-07
e280ba698398f85e4add00357e18c2c9,2026-10-07
04cc246ad539b108f0cfb5d8a1bab2a7,2026-10-07
752b64c2c985cdbf91de2c8729552b87,2026-10-07
3b0fabde328f72592540e22ef43b2265,2026-10-07
7de40d0de90587e4d80dc3b1ecfb739e,2026-10-07
de1e141cbbeed44702093546ee60e57a,2026-10-07
958be4406247bef9a6959b552b1c84fd,2026-10-07
5ba809635c4231fa435b4f69f2f0b1a9,2026-10-07
511e6c8509f77e6686438bf3816f572f,2026-10-07
e3dfefde434ff55ea7d360bd34410ef6,2026-10-07
9ada43c54f4405d4d1f5a73bfc82bd3f,2026-10-07
052f5607a915f7370737c1a59b1352d1,2026-10-07
d8830e72ba0987c3a59047f45e234141,2026-10-07
07921cf796a6fd24c17dc376adf97ba3,2026-10-07
65f3474425fd8b3aa6cc492626474405,2026-10-07
284d11c517c12d4d7f10b536ed4b4712,2026-10-07
1e2479ba51598abe5613d49dc69e98ff,2026-10-07
ebe3165167bb415b1344ce9c6ba06793,2026-10-07
c81d642bfc3b88f43f6ce495046c9ffb,2026-10-07
b278202ba30104b7507b89224d3323fc,2026-10-07
62a87b0718025337b2e9fc9038fa3210,2026-10-07
87f63ba67d5f25c81d44f05555cc3749,2026-10-07
e22b00f8fdf5772ea71bc190e1d51560,2026-10-07
9f8e449dd4c4bb3ac568f34c414b9052,2026-10-07
ec1965f858848553645b74eec4539e88,2026-10-07
ce52173e501913219f996f907a6ab133,2026-10-07
6c9d776af5b58040ed8f7160d748c6e6,2026-10-07
c913b6758ff87815eb713dfd7356f530,2026-10-07
7125fb1e2fb7ad89295558dd71164795,2026-10-07
d350b391302b8075ea9ddcf7445d94bc,2026-10-07
493ee86d1b50b9e78d9310d2b0f3716c,2026-10-07
3c4cc403e2408c1246499df9d368f876,2026-10-07
bb9b15d71c1cbe4a976e4270f7817546,2026-10-07
c0b672a4bede8637a38c47f1c5327d2a,2026-10-07
e35714adb61470980f6b280159e407f8,2026-10-07
589b68d1607eeaad1f1f86b1ee8564d6,2026-10-07
c7ab1dc02803554bed2c1f0769412df5,2026-10-07
3a7441657633e27358834a24d7d6c44c,2026-10-07
4d5b64d5c5b01cc814d184ee5932c003,2026-10-07
12944ca325a731dc96b05ddd4cadca87,2026-10-07
faac9d7726bcbbd1c5cfde800b47816d,2026-10-07
fb10a01686103d229a9c21292caa3fd2,2026-10-07
f7815ba4ab2f62e5e183543a2d2e79bd,2026-10-07
9807b329cfd4354056672924bcd6417a,2026-10-07
da70ee7009f922e2872d5a7be53cac3f,2026-10-07
fc671bb029658d5a15246d18a5c9ccc7,2026-10-07
9c2a7f5137fb5f32c10ad8e95ebc4dba,2026-10-07
76dc3ed11320c902fff454fed4c41e6d,2026-10-07
4db895d0e6af7899509837b4b4b44d69,2026-10-07
3bc4ff1fbdd3ccb8b83aefe427d8641a,2026-10-07
91b9a1380b714526ef85e03fa57bc55f,2026-10-07
58b868b39b142af36dbd4ada3c79325e,2026-10-07
2e1e05ca8f51c5991690b3aa6678f221,2026-10-07
e1b901448f74a5a2d588df6ff467b641,2026-10-07
56d9e667dd238ae2f77ec7130681a1a8,2026-10-07
7497e8b3942061256aded7db9b432649,2026-10-07
cb1eaedcb12d0a18191d38763ec482b0,2026-10-07
eccdf4d5aee37c656db51430850fbdc0,2026-10-07
6c7980ac7bd412e91c8330d828df27e4,2026-10-07
fdf73036b52b5aac7d5d5b6805ec5e93,2026-10-07
987cc67bd398cac340868728ad673bed,2026-10-07
970e4783e996b8eb2dcd7709faa2efde,2026-10-07
e4cbdb2b255dced09a8dcc9175cfb5f3,2026-10-07
f85730521c18840c3e2bc635a3bcf575,2026-10-07
c5157c23e99903d3dfbd4e8b2601b960,2026-10-07
a2a58dcbf66b7dcf5ab2d80e78a90c98,2026-10-07
136bd77637641b13f855bda332a8f92f,2026-10-07
e334613052ab23c2111139d83adefcb3,2026-10-07
328a095a23a8b4f814e21b65355686b5,2026-10-07
79ce4a1abaf24746466a3136c32fc08e,2026-10-07
93ddd39b50558d303ba285076c3d5870,2026-10-07
8b7b795d5f0b70a128ead928b72e88f8,2026-10-07
380300c83f3dfc4d2697eea7af00d74a,2026-10-07
174b5345d07168a8b5d043de595dfa7b,2026-10-07
5d4f930b49d541d0bd36a355cb9fdd5e,2026-10-07
d956cae8a54a478fbf49cd3bbd88f313,2026-10-07
c0cced9417f1ec176ceb3e441a65b43f,2026-10-07
49af6da4c1ee8e8d920a12d84e333947,2026-10-07
f14d0e24767903de53c04e26edaa3181,2026-10-07
637e6aaa56b68939adb9223ddd4fbb8c,2026-10-07
416c7648d5d5f91fbe5015da737d668d,2026-10-07
45deeeae9c10ff7dcfd951936b324ff9,2026-10-07
236e5693b836ba1a809a942b7079e41e,2026-10-07
c687717aa3365fd35123ca18755965e0,2026-10-07
6b161e28a2d2879f132e4350bb2ab047,2026-10-07
6bf79fa24aa6f17eaf4f635ef09ed637,2026-10-07
4390f064062db20c880bf60b5a5f839d,2026-10-07
0132f3aea880610519b9cf91dc3b4788,2026-10-07
c0eb1dbbff05d362eacd954779c9f123,2026-10-07
048f9aafd37b87a7cb06fef174a3dd08,2026-10-07
ec5a15dd6f24149490f5fbced27501e7,2026-10-07
9a3894ce97914766278d6318b6693900,2026-10-07
e0b0972429174861e5375dddbf6e23db,2026-10-07
8b5be678b590035e6751d3827a403899,2026-10-07
4e82c20dc11c781817fe8c8392885f1f,2026-10-07
2c49fece3bfa9ebcaa82eb01a8b54232,2026-10-07
ae0a75ee068890e55b2006e651dc17db,2026-10-07
d8aa49321bad213a76389cc6d053a8d1,2026-10-07
a66af6a5e884272a211f955d25ccd709,2026-10-07
0b564ee7025bf7558e8b84b619b222c0,2026-10-07
ccd9d345fcc2945f272fef2177930feb,2026-10-07
ebb14700f344ceb2fb53a2ef3584c650,2026-10-07
5a51eacaf7e348cb46404e40faeca936,2026-10-07
09264b407a71cdf1ceef2ae21f6f0fe8,2026-10-07
690dca1e619a317cbf8b2a6ad2d97163,2026-10-07
bea3978935d7a60df03fe93d1b2bdf2c,2026-10-07
302e2eea1ca76cc7536ca563998c8674,2026-10-07
fb60bcc195098593bca86e2c26a3011e,2026-10-07
454594e1719c4842812efe300054dba9,2026-10-07
6c212702c0035d6d245a5492a8ae318c,2026-10-07
1d1e017b45fc843014481231022fe997,2026-10-07
f54a983940150d9237a6367b256c5cfb,2026-10-07
b30c74ba4aa866dd94ee7eedcc461cb1,2026-10-07
eb82141d57c2e414161676895d0c855a,2026-10-07
1dda0efc64ed1273cf12f3c520bf1b45,2026-10-07
c31aab6ad646a38301617578e4878585,2026-10-07
8086dd63baff46c2fddda60761f2e48f,2026-10-07
6f7566dce204ec6948cc63ae2de61f30,2026-10-07
7602eb0dd6264946848666f0059409ec,2026-10-07
a8846ff4f9e345ea231038b07dc164a3,2026-10-07
fb123c76e8698e230c3859d682cb6b18,2026-10-07
8a9204460e405990f0c9fabeb4e42a63,2026-10-07
8044c6ceabf780f9b07c9b52fc3d4846,2026-10-07
66e38534a6d476f25de631feb4e54609,2026-10-07
8223f21ff3600cd6c4d41dbb0d28b176,2026-10-07
06701f170e214a912bfecef141e6de47,2026-10-07
553d8b8608f82a1e62d86718624737bf,2026-10-07
e65527526932b279cb130e460c841e6d,2026-10-07
16ea6b8ec2d9d2365eeb426dacc888c0,2026-10-07
8099f695e7b6c08f8aadc62b5f60da1d,2026-10-07
2237f595a16154f2cb3b4775a262d99f,2026-10-07
3b64910fa76540c6f7d2ffcfdc579161,2026-10-07
f8138bb47677f235d6e1590ab323951e,2026-10-07
821488e9b378d3435365a2ad70e556e0,2026-10-07
ff56e4b48a43b2ad0a4fb0d28eea1c71,2026-10-07
d0cf0d517150158b4af7f6db64c2f76a,2026-10-07
30c98d32cafe022107884e10571ef1b4,2026-10-07
bd53f4c8200c13551bfc0cc1e166a5c6,2026-10-07
a2289749127217ffe395330b22c54ce7,2026-10-07
05d1bdde82c874ac34ab3f2163d74742,2026-10-07
d9ba65e5537314c279d3f8f235f8a3db,2026-10-07
e8d9a9bfd263b52e94dfccf63b9fa140,2026-10-07
f55edb57118ab9724552c752e1937fcf,2026-10-07
64640f5da373e1996bb5febc4076112f,2026-10-07
de9e1be85f979ef4e34f0d33a26467d6,2026-10-07
0a1775371e7349691db1893b2c2acefc,2026-10-07
7fb4e6d00709cbfe98a36e313026a3a0,2026-10-07
5bfb390ea71ea09cdef619a8ca5a00ff,2026-10-07
381ec492239395d6c48a231429501fd2,2026-10-07
9ac51fad3e5f9ab4b041f248243dcba9,2026-10-07
0641783db83d4061323f7ad1e57f3eb9,2026-10-07
6dffda707cfd0e3caa2b67135bec4707,2026-10-07
ada154cc961bc48e66d38601bf59b3a4,2026-10-07
176875b0d0ea21fdb21c792363c141ae,2026-10-07
72774bfad19d9d4a4df096a6c133ce45,2026-10-07
2afe6b6e3ab669d46c99f1647ebfde49,2026-10-07
9af74fbf0943396426793200c0e1aee0,2026-10-07
185449af88dd140f138a470b08f17ae0,2026-10-07
4c0fc1d9e03d1e54549be70cf9643a1b,2026-10-07
e7edded5e039c2d51fadef19e076de96,2026-10-07
89eb4603bced1386f60db3e6ee450f66,2026-10-07
ee872c9184f5d7e8df9cdccd2148b13a,2026-10-07
ab309e7715d223d2b056d50a7a16de70,2026-10-07
d2a2a7649b52bf3086602437ac79d9db,2026-10-07
f9c1d1b039aed3877496978a213ee9a7,2026-10-07
39b7cbeceee6b7a83e119a6140fbf128,2026-10-07
dc1118ded70eaffe4a4a0f90e67d1b2d,2026-10-07
195a708939f4fb9f8efdb93eddd0af80,2026-10-07
2e815ba3e6e646e1c898ef3771771a43,2026-10-07
880614a3ba425556f090bf7efc764715,2026-10-07
659f69d2f9e4b034afea60017ecfb116,2026-10-07
6cc6cdd187c0488e3abbd8fe430423a3,2026-10-07
18e1c6ab22a87c93216955059a9d7b21,2026-10-07
6d110b6d61c27a7a4723073b63ad4c40,2026-10-07
44f84c18700666bfdbad7c36172d4bea,2026-10-07
a0b8bb2f6fda91b5b1046262a956afbb,2026-10-07
e669b236441f69167d063c9408a185bc,2026-10-07
83cd819c888bb34a77f3c4f87c9e87cf,2026-10-07
0d4fd2976233421b28172888691fd3d8,2026-10-07
168cc5b388bb7b036d359d5d28ca8775,2026-10-07
5519f9eea6d0b6cbbf3b313c950e368b,2026-10-07
236862c57bfa1a4321f22ba849a17a25,2026-10-07
bb66c4a2370efc15a41829015240d8e6,2026-10-07
faf22b8afc53762e2b5b13fd2889d4c2,2026-10-07
33f52f3912031881eeb08d9affa2d2c7,2026-10-07
0b2d1b7b8e5f3c6173572c51237eeab0,2026-10-07
9229e2c1b671a8cf062baf9ffda50369,2026-10-07
e61786fca62d2811e178c8b1f5cd2c7c,2026-10-07
dc58421efa68b36597383ee43caacc54,2026-10-07
0da49963f21c02e5bdb60d9fafc920d0,2026-10-07
3ed9d869ff2c00f101a20b468f9cef51,2026-10-07
92a3d637fe748c3427a9232d15c0ae76,2026-10-07
4fcabcb4a537e271d62a0b9df7a84c6d,2026-10-07
b988c44cb0cb564735418f1fe94e6d06,2026-10-07
9637a10d3acbf1c1957a334364850e2b,2026-10-07
7583824a3710bd23b9f5534cf4905632,2026-10-07
d211483b9ea091032f11b15fd87abc8c,2026-10-07
f86b8f3405f34722cffe3ce99ee79eb8,2026-10-07
cba2bd4b0274eba91a2efba351fa6a73,2026-10-07
402f9d1fe3511fd8edd57a19784c7794,2026-10-07
0b841909f49776f3870f89a976947bf6,2026-10-07
541d2b7429a9f2e8c0c6a70831146a3d,2026-10-07
f36fd1284211da1137963ff0a5961446,2026-10-07
f39efcf0818a28eb343d637fae45b609,2026-10-07
d3cce181835add8d483a35c3a2b0cbe8,2026-10-07
3bbcc436c86b6bd98567e6bbdf35521b,2026-10-07
dc0eaf50e5c33d24534ee2e488e53a60,2026-10-07
1f4b7d2f2b74c0444da0664256af458b,2026-10-07
6c8af9fe06e38e23f29d8909c1257173,2026-10-07
4521addafc193a1e8aabca63b6d0400b,2026-10-07
57d21ab5f5ae22e8530df8050e916328,2026-10-07
f43857cd4051c55ec09b8979d11a8aea,2026-10-07
2d6a0e6b0af1b3a22ebe0fb90a5e51b6,2026-10-07
8bf775ccd36e878fe4891727bebc538e,2026-10-07
7d3c7d3c76e63ad80d38ad24697078f4,2026-10-07
2da8d6fe7284d3a88312658fe03d8064,2026-10-07
68ecd59300ff919b6b0b25b5bf957540,2026-10-07
dc095af3dc05602312532115cdef12ec,2026-10-07
b621aa0b7deda020624911435cd544df,2026-10-07
02c9fb1d0280909f2e8e667e03cd6578,2026-10-07
e928561747687e64ff7dc9d030353fe8,2026-10-07
ee3f108e32a7d03b4d7a6095244f63f3,2026-10-07
51c80c79b8d5b7ef143c3a012e7a91ba,2026-10-07
6591222a1dee2717a123639625a8ef4a,2026-10-07
7cb26bb65853c6f070845411f6e2f2e6,2026-10-07
6a7332484bbdeaf7a7931ba9d94df433,2026-10-07
7587e8257b8d6dadaa21aa8ebeedab93,2026-10-07
d0a00eab1310c028c9ace6fb67ae11ae,2026-10-07
d9a3683e3343e6b38add35dc7ebc784d,2026-10-07
e351e235e0aec6b6cf885e145d62487b,2026-10-07
1d412ba82191f811c46fdfc760c10238,2026-10-07
879e14c21667c8e6af27e1204f17e962,2026-10-07
97e99f41bfb4cbb5042cac140528500a,2026-10-07
4a556c561e2d1ab515d458905c753552,2026-10-07
451a7815163364052590dea6774474d5,2026-10-07
6df41b57f553a57478ca06f46ec6335f,2026-10-07
c18077fe548e06e87c0386bec01646ad,2026-10-07
5456b19a0a7ffdaeaa3d1eae4f4ddedd,2026-10-07
b0b48b16695e510269fa67bcbe85b3cb,2026-10-07
f86295cb65ca1774ff9e5a6d96b7b039,2026-10-07
1badd910306e832c364c0e9215c94a15,2026-10-07
df4f64b1a57e3bdb44fa27bddccd4945,2026-10-07
a8b83cf26e145ce567edd0567e9ddd0b,2026-10-07
4dded1fbfeaf42eb963943a45f1ff99f,2026-10-07
52776c8ce46a6dbac7cb713c95011d9a,2026-10-07
8164bbeca6dec3e401b24267c2b5e4f4,2026-10-07
457eb225a8ce3f3773728614eb84f0d8,2026-10-07
bd9bcc166acad95d22fe5947a236596e,2026-10-07
641e91fe6b7c21c3285303c586d22cf7,2026-10-07
a09c8cdba94ed16c91153d73c578623b,2026-10-07
47ef42f17c6a56c256d757609a89d416,2026-10-07
948cf72e3a47343fbc09eadaed1d4926,2026-10-07
2f2eb7056963b590af5c3bc5f9175726,2026-10-07
dbfa66159e61696e21fcd4e083b6368d,2026-10-07
e4524f156c8f673646c6123e6a7724fc,2026-10-07
36617d79d539b962199d728fe2d6c37e,2026-10-07
1a7146d7dd5f1b8f1ceb57a30723eb2b,2026-10-07
7afee8e7e9df6748d43ab0f5e728660b,2026-10-07
e06c2963fc14d5f7c6e3d22a12b947b6,2026-10-07
56192e9038ace2a8b1a7d6e1a6166545,2026-10-07
938422e827d35feb91d6e3879e972b58,2026-10-07
832e55f87ff969db765110703faf71e8,2026-10-07
e9c394ed2dee3cb903841d8b0abde94e,2026-10-07
e994b54c9a67471e026615c995880f30,2026-10-07
2d15869a59ca6064b86a3f402bb0dda7,2026-10-07
e095b2de79ef207b1d9584b619535bf7,2026-10-07
cd95942ea593797771c28c2e9bde31db,2026-10-07
806e2bb243cedf754f01c32a7adf0250,2026-10-07
ae3e5898949f050f2b7ef6899dc70c3e,2026-10-07
44ad1d6216ba3ea79bd42eaf715c8c80,2026-10-07
0f51d8c6d93cb7ae0175068621a85440,2026-10-07
f4bdbe83bed054a96759bde4c12beac8,2026-10-07
deb89c6762fb09b0058f1b0a658b6991,2026-10-07
0e626ad97949b49813edd00b73ae13b2,2026-10-07
d530e2ba8dfbb99e60f6ab0b12865d99,2026-10-07
d0fd11b18925e349d98fec0d91d98dcd,2026-10-07
b15c890244fda2808faceca42a24c8d0,2026-10-07
08d7935a53188ca34a1867e11c2029f1,2026-10-07
6b79761a387cbcdf17dac8c2cf360fda,2026-10-07
d51f0bcd22d8c25cca7f96bfa76973a6,2026-10-07
acdf240ddbbc14754a4eec94c7ba9b7f,2026-10-07
5c9d07faf97606b1a33a2fa14fb84ad9,2026-10-07
acf9ac55fc51fbe2b150f61da8df19a6,2026-10-07
1345205a63aa25402a341f8c54d2fa61,2026-10-07
14750b26ee755d9d9b9c5d62a0506872,2026-10-07
afd6fe43a4b6948e566de0f4e53bb67b,2026-10-07
3f6578324cd0d7f8271f4a135598ce15,2026-10-07
8f961fe0a170d4254a894e78876dffa5,2026-10-07
e1952c9d36412fe661aa276300cfd8e7,2026-10-07
41e6d7a7710dddd00b7b27fe37f5ba87,2026-10-07
68a8397509fba65b9c979d5f3dd47fa2,2026-10-07
6fccde718259cba623406c6c23771df5,2026-10-07
ae21b1cbf86d5f8041b56f65cd9309e3,2026-10-07
52d5bb34d59ed0aa808690015ff8a2ad,2026-10-07
86982579abb5b04bf2aa19a4c3389908,2026-10-07
c82fb8f15381d2b9a74bebf3cfb00a37,2026-10-07
8bb67becc3a26b3cab3304008ad2f2cf,2026-10-07
98045c879638d8e6db1df274590efdde,2026-10-07
0b754bc46fec6e52e57fc807d9ebad83,2026-10-07
869835aca822294d21875bacf1cc9fda,2026-10-07
61c9b9ea0af23dbcb2f52ed9c16ce2fb,2026-10-07
21cd7a8151baf4e4d0af75f62583b841,2026-10-07
f91ad68735c5a00627dd1cead8328980,2026-10-07
2a3b1f3ea07c261db8df4eb9bdbcc6f8,2026-10-07
6ecec676aa7fdfe2d6a9b63db624d921,2026-10-07
d7f945978811dd2f0178d6eb62fd1d40,2026-10-07
3b954f8dcdcd31e3d8870030ee899ab5,2026-10-07
06c5aa4a19f0c989748edd25aabe9dd1,2026-10-07
7a4feb938374a00351fb42014aa2121e,2026-10-07
7c2aa88d1523f2777e1a061102e95c98,2026-10-07
78bcfab34ffd916dee82e2c13199b6f3,2026-10-07
7fc7fce4bd2f512ed98659d6529aca6b,2026-10-07
5b9848a2e6b996f8731d6f18f746a255,2026-10-07
9ea3cd745f5de338e9d941165f6b2d8b,2026-10-07
ed78c7e58a1d9ac48cc509701bc602ae,2026-10-07
530f09fa0541311b15d3702222ed534a,2026-10-07
c8d8331093bfd1b57b4396bcc6e5a4b4,2026-10-07
bcadb61e4b4de4d9cb03da694e494d06,2026-10-07
4b02af2aee07e946bc56f3b5d536a827,2026-10-07
8d16d33dfe704de1c364c4e79ca3ca1a,2026-10-07
937f91099d6326fac47aa3acc40e6fb0,2026-10-07
fcbc98dc65927e7af5e8bb952e475ffe,2026-10-07
669765205c31215a5dcf72a6e6a98f21,2026-10-07
92279f932ece5d85ac6e8d6d7d1e2036,2026-10-07
2d79824cdf663c30a4d3da2d83cbab66,2026-10-07
503e3963ba4584eace27707a9af6f0d2,2026-10-07
09fa073a973c4cbe5e6211dcb24f8d82,2026-10-07
2756087d3748217b3ab230dbf80c5594,2026-10-07
0b6b3b326a3b28b659f35e7679f82bc1,2026-10-07
c597976af5cf94a88eb2f984accc9771,2026-10-07
1f0757875c7a70fa00d5f0c95696b7c6,2026-10-07
4e93265751a4565409976fc3e33cea44,2026-10-07
0c265c137b8bf67664adb3067ceddbe2,2026-10-07
27d7baa1bf156e84dab55ea273ea8fa1,2026-10-07
c50aef8fe29ba38b9d18d62269468f11,2026-10-07
d927b17e34d50e22c614836b1f4d26d6,2026-10-07
a321879e9c978f06c04d2c0dbd057c63,2026-10-07
8294ce1a3aa8a3c3144018ce53394e65,2026-10-07
56d511b9adcfb8c29c085915e4658a4a,2026-10-07
f9dc1eb20e14681e21fa4570f4cdffb1,2026-10-07
daa80c9e6dc626488950f2efe4befccb,2026-10-07
73e4503fe6ad3cfa60ed88c9f471b52a,2026-10-07
983d225934bfc458d42720b5d23a3c5c,2026-10-07
7e46291b33dc9d567355b162a150304f,2026-10-07
20a05dc161dc3f938508aefedee0b9d5,2026-10-07
053dd651413b1178ca5033941dcdd4fb,2026-10-07
2a561647612632b996febdebd0cd3c75,2026-10-07
e95b54b71e9550194abeadb1781e66c5,2026-10-07
1953cf28e2d2e03d25cc27bf5df0a3ad,2026-10-07
47bedb5a3f3d5d670a962a623c6f2b96,2026-10-07
62b582f55eba64bd707c6f942a48b7ba,2026-10-07
917640344646d2aa1a9df23c503085e5,2026-10-07
707a3665a446b474789b346e50f98022,2026-10-07
6d01d8c292acf7a9f19fe1bec3377a18,2026-10-07
d5c0aa6c0e7a2da096a8fb536110be33,2026-10-07
80dd1474787774a906fbd3afc95852e4,2026-10-07
21c69ca76acdf266160fd56cccdc08ef,2026-10-07
b3b64872bb730ebcf9604bf6f184c266,2026-10-07
18925f196bf135091af7bb5edc765dc3,2026-10-07
033d91dc7005b284db70b5b2d69de1d7,2026-10-07
7758e30f785dce5c06729e2f401284b0,2026-10-07
68a4b9f5532606a34d79598960e4cdfb,2026-10-07
d122d6054ba903ae7c2d6a0744310777,2026-10-07
9e3a84cd0b9ff83501b3c0eff27217f5,2026-10-07
984ab93910154f37b90aaff597602960,2026-10-07
fa34f0de72588c003f63ef231c5ecd1e,2026-10-07
2bfc89c6452fe91e4071eda5dee3e8a4,2026-10-07
11f13f7222c4cc28660b921d57b4c6e9,2026-10-07
bbc2be1663fb2f511d270739ed3272d2,2026-10-07
675b9415253f64a117e1b8d43071ebfd,2026-10-07
a919a1d523597f5c832f1bf0b0733fd9,2026-10-07
569ba44202c43051fea445993dc6669e,2026-10-07
020dfda482b250983be925189e788566,2026-10-07
206a1eec1c998b68989d72326ba971a0,2026-10-07
a7824e7bf0e1144611e0041db9c39e12,2026-10-07
88c043112575731c471d53e25ee1ded3,2026-10-07
5cb0385c0587c91d756d1408889f8587,2026-10-07
3fa796d529492828daf932c80fab6f1d,2026-10-07
a883ab977cb6c89eaca9a01a1d89b900,2026-10-07
4f40f3bb08fa1fb588c27773b63b5fd6,2026-10-07
db6c1706941f8d14e05c4d4021213fec,2026-10-07
ff750f19d7e80ce55349a62bc79146d9,2026-10-07
93f604e265cf80090a45a74d26e90b66,2026-10-07
6bdbf596f73c51d6949b695f6ce71e39,2026-10-07
f81323597a7981946dd3ae9c5e58fd9e,2026-10-07
5cd7fe1297b64f970ea1e2ad42f9a4de,2026-10-07
5d17e101cdc2e3db3f5b475561da39d1,2026-10-07
406ac02201e07abdf5aaedb617ca14e9,2026-10-07
6953f4e41f37c42c371e1b4622b85f16,2026-10-07
599cb7335b6775c9016a5493ed6d2ae7,2026-10-07
fc38a3a9b4a4d263346bc97ae826ecf5,2026-10-07
87c30945e8300f5aab3d390306807543,2026-10-07
ae2b8e0003eb7ca5a36806b43f94b224,2026-10-07
916b18385aa17d4294aa36940917fd3c,2026-10-07
d53c351f0988a531e043821248422bb0,2026-10-07
a2bd4874aa872e9a3f130443f2f196b6,2026-10-07
d6a39100ebfe7e318223309f8ee43ec4,2026-10-07
45d62ed15c24d0e2137a8376c7e42272,2026-10-07
11b4e67fd37b6c6514b1f5018ddf8f4f,2026-10-07
318d4f989317c61e5a4d81df487589a4,2026-10-07
3fcc3af77eb357c0a27bcdf2eccc5c04,2026-10-07
1b11be853d3c0700d9a3f99b1fa71b07,2026-10-07
41f9663ed00436674480447f8dbce3d3,2026-10-07
196018553adba98e966a1cb605ab6c9f,2026-10-07
74c68be1a8a54a7bb118b2282ca6712a,2026-10-07
e3f44a370fc7799ef1d0dcacb5feeb43,2026-10-07
0a63b51bdee0c8e624cf3ef75d208a3e,2026-10-07
ffa87988f04efc6a918b02f3c09b7b9b,2026-10-07
70c0b26c555255c98a218efc789204f7,2026-10-07
9512842b5845a0f808abdae4f62d9279,2026-10-07
3ee49b76efd858299b34a558d40badb2,2026-10-07
19cd97882864f99a1a02fdeeea387d66,2026-10-07
b8a024e657c8f11804c4612fd1718212,2026-10-07
bdf460a384990d79fe0efa58df68f03d,2026-10-07
a64af7fea2636c351dc39c0bd098a865,2026-10-07
3579c7fb114dcee0e897a79d0dfd7bc9,2026-10-07
766ccc1f18bace1ac85a65e5770ff146,2026-10-07
0ac97df0a8fbea9128f0efde0f7e2257,2026-10-07
4412873ccbf668000b4bbe46bb6cb2d4,2026-10-07
3ffbdc7e36e2c6b5434c6d92521a2cd2,2026-10-07
f57dcd89337b0cddf65e8bcb8d75feb9,2026-10-07
6e0fbc828897ec56a7ae82c990194b00,2026-10-07
6bec394a9e1a2a4132e6d5e48df89496,2026-10-07
5859433ad40d3762c377490988401024,2026-10-07
e70946df23c7c1f5f5685df704f247c8,2026-10-07
124d7fb422de65c2cdda57e4dddb74b8,2026-10-07
4a3d06d9a034aac3bf2e01d14ba0561b,2026-10-07
cb7ddd172c0ffaa6e70f33cb5f2f1d08,2026-10-07
76f8f5038992f8157a8d6da45834db01,2026-10-07
4db17c4e42de672481f43723ec3f436e,2026-10-07
8cc3520b6001491e9f00ac9baf555cfc,2026-10-07
2cc8f92f1b59d49c6a1598fed46f16df,2026-10-07
12111b019b92599ae569f9b7e1325c05,2026-10-07
1949c70a2c43c654e4c30eb13f3a64a6,2026-10-07
8866e3d23261a574a2e06353ccd6e378,2026-10-07
9918932857b143124a3597656b57e476,2026-10-07
8516c916dde51e92893509eb81e3118c,2026-10-07
0ec21511a811743740990be32220ce1e,2026-10-07
3ea38c282a94bf69d71a673a06d739fb,2026-10-07
4dc903af4048d1a622e8692f96226bac,2026-10-07
8027b58de66c3d07a9dbcfa7ef954502,2026-10-07
9c0ae77f16de232e853824b2e3cc0f49,2026-10-07
3ba660190e2010a6880976b17ed361e9,2026-10-07
e91cfc220cb0eaeb601f969f1e5dcaf9,2026-10-07
0883df4ed4767806e5985beb29a096c2,2026-10-07
2c215d1f709818a550e3f24f14e2b6dd,2026-10-07
d18bbb1e58b692391dd820b242254034,2026-10-07
ff8677440e069af434fe4c2400bcf458,2026-10-07
4990047a6638e090cb79ff437c2311d5,2026-10-07
90503b00c4006169ccf52fe271e880b8,2026-10-07
2dc432f816abcaed04415592824fd23c,2026-10-07
eaf9c311acbe14066fec729f260c7893,2026-10-07
e5274725b46ff7612ce8dd3e8d57e66d,2026-10-07
f8f92480e0b6432f3fa1ddcf3e620a7f,2026-10-07
e624e6af57ff15b6ba0194f71722adab,2026-10-07
e2869c3c21210c878384cfc17ca2da38,2026-10-07
9064169161787c6d9b8f9fcf2b78f4e5,2026-10-07
32e2a51ea95cba80c5c6d50f63c63245,2026-10-07
037abfa44f434a1fb408a712e9502566,2026-10-07
48c7c2a43a1ae70ddecf03ea3c352665,2026-10-07
d0fd9cfec8d3797ecab72b6225fa29ad,2026-10-07
3ef1b65437ff4bc405764626fa9149eb,2026-10-07
9bf28612f8a177e647eafe4fe8157a3b,2026-10-07
ccf9faacf4c9eb7ddedc27fc23962f32,2026-10-07
fc131aaf0712538b0d9f1b5b4a64c4b1,2026-10-07
432f756e55eeacbe780acf2d4e337ad1,2026-10-07
b37755a7e0b8608a123eeaff276b603b,2026-10-07
8f67892dcbc8977bd8c50438701c506e,2026-10-07
c65870b2c869243716d2bd7493ae9f07,2026-10-07
d231b13a77799c30385548b29742c9c2,2026-10-07
d60d57828be31dc82a4cff206103eb5d,2026-10-07
24e8450d1719fbd26ccc5755af3de28d,2026-10-07
49a36cf796bbb64de213f2bbd08c142a,2026-10-07
bd7ab719eaa1a8d07b14b1eede7b349a,2026-10-07
c471e5baa7b3454ff2274f841caa73af,2026-10-07
9e77978695730de52c82ac47fe36fb79,2026-10-07
7d4998107300db76ec00d678ebd3170a,2026-10-07
04730974514b0c3f80fa1956fde57926,2026-10-07
722c65bdea68fd00a7b8c64edafaa09d,2026-10-07
e2888e9f6b37709037bb14d73bd1d3f7,2026-10-07
40ef4a505c56df9735d68167dd6dfc75,2026-10-07
21bebfca4ee37334da161fe0e8ca8add,2026-10-07
920fb6bcdf2379bcea1606b979369ec3,2026-10-07
88d3940f3db93adfb4d311387e029516,2026-10-07
5e34e384ac21aed9a6af0027484d028e,2026-10-07
42272fd5460c4bb34bca39fbefeda2db,2026-10-07
5419eaf1a5ffc43791b77d2f2e949ba8,2026-10-07
e3e4b5289784bfd0459859748e16ce50,2026-10-07
a6e96dc82904b55a94a2e3ef6d133ccb,2026-10-07
acf07d8832da11958047be4770ee16f6,2026-10-07
07aa588384e3448c5fbd445eeb5b6508,2026-10-07
2b917f421685f50da902867287bb004c,2026-10-07
8264ca5ab7bc9e0da8ab11d18349bce1,2026-10-07
2d5afdd45cfed91ac75e0986380f77d1,2026-10-07
4ea96172823570aecab36b1babf1abc9,2026-10-07
87b7e97dd2862d0426b5bccd36a7db47,2026-10-07
094237567b3b2683a829e197fd4576dd,2026-10-07
04de02b891f4d5b453ed996fec29b362,2026-10-07
ba01e138f4d4a341167c2a157febcea6,2026-10-07
e0d4336491d29f385aca283b4ac5cfe7,2026-10-07
a326df106580c89161af030518917b5e,2026-10-07
4a403a10b8bb2ba1d5fc5d6146d7199c,2026-10-07
de3dee57f3262022cd64d2a64ac64e4b,2026-10-07
107076cebbe436001103f406c65ba760,2026-10-07
cf0b89695e030c00cda434e527f76731,2026-10-07
1916f25e7b3288799b552dae163551db,2026-10-07
596412285447ed29c9308293fb024101,2026-10-07
8c5c9e48f781aa3d2e1db3a3cab179f6,2026-10-07
fd76176dfcfb4930f884ddbc39136aaf,2026-10-07
4edcf5e145e1faaf2140ab21e9fbabbf,2026-10-07
ee8b9089e5ade1fff36384e4cb6060ae,2026-10-07
ba97182eabf890008b8bbd2bc800bf38,2026-10-07
174c14539188a9c427c6750a7c23e133,2026-10-07
5b721c18cc85c593e20da795f13409f6,2026-10-07
9427b73036a0533568667e40b1508c87,2026-10-07
f6ab34264fa1c3adbad04ea98f0c1a48,2026-10-07
779b1777fafd9cb018c02a6c6e6e5842,2026-10-07
952ba71dabed4fd9eb2a9538685eaa61,2026-10-07
e5dbd5cfe0b85ccb47c5385688a077ba,2026-10-07
b383cd6ee97053c7a302212303048246,2026-10-07
42901fbc429e9ffef54650f704cbaf55,2026-10-07
7bdf365f2489b0c44c6153618cee33d7,2026-10-07
4e6808d929402eaca53540ada2cdc12e,2026-10-07
27b51b597ab01d49025723d88fbafe10,2026-10-07
d5d5df8af8f506e5b423615d00b469fd,2026-10-07
2bf1efa7aee43febdbd4e5fe3d35aa42,2026-10-07
baf36589a393db72a8bcbc1c43848b0b,2026-10-07
d386055470e7e5a3afe7ad8702f56a05,2026-10-07
475725187f942424261eefa04b06a3be,2026-10-07
e2f3b22cd76e46a5c954619063f01b46,2026-10-07
8445352b05c686f846ff30e1324aef36,2026-10-07
d8fc6e17d0348df0a68e9abb0af05631,2026-10-07
1a358c7378358e17517e159ee3d86b9c,2026-10-07
4d3c291393cd6acccea14e0862b959b7,2026-10-07
1a2863bfe4d1759a08acc3d4ec8577f4,2026-10-07
071beb5553fd1f1f9368069a24bf7147,2026-10-07
04dc3edc3df2c2500a114bf65d04c897,2026-10-07
1dcbb76710eb8af8045020aefd8a813f,2026-10-07
f0a918bb872b1b38689788c65354e366,2026-10-07
e475ca0a852604243724483094c0ffbc,2026-10-07
27ccf134d638d951ebcff635f0c2e254,2026-10-07
bd05dc5f4673956cc075abc49d6e611d,2026-10-07
89115ee61cfb63504fda4f10b8869fc2,2026-10-07
a1947e32f9465571c7536bb0fb7588a9,2026-10-07
2442c13a8d6bbff6b5f932debecb0f24,2026-10-07
72277a576b7230d1071261da313fe820,2026-10-07
f89d4beacbbc4bb232070b500be15a2e,2026-10-07
94f6ad0d7742f82a1946055b4c9ebd81,2026-10-07
4c63943ec96e4e9917964e302fc63e45,2026-10-07
a2e8e6ea5ba5a1ce6532c5939abddbb9,2026-10-07
b035f3db5764ab6b8bcf06f9cb1aee0e,2026-10-07
d13d593c87527a2fd8774bcf7dd0091b,2026-10-07
41afd6ef96b763be8cb1f24699f790f8,2026-10-07
b4c0c70f6fc07185ef60a73029381fe6,2026-10-07
81070cf8a4c8fb7789b78c7fed9223f7,2026-10-07
3703268258920281a2fc280aa0ca24be,2026-10-07
23c55b156eaf05967ff5840ccd7297ac,2026-10-07
15776eaec1e1ef32aca7499f8e946b4b,2026-10-07
1619d828b8e7b7b6303ee53906328b9a,2026-10-07
91590fe1442e2e676f0e509817529ba8,2026-10-07
e3fad128cbf81c5236df0cc42a34b5df,2026-10-07
4b0ffc79af959a509656284a389dd285,2026-10-07
cb1cbe0dcf4bb8603f47c9c91374c7e5,2026-10-07
8aa71361b826dd4a94a85c9b1cec32b5,2026-10-07
23a0b03d3f9b29a6a51019010d173c37,2026-10-07
d15994458dcf01f6daf145955547328b,2026-10-07
d40dc2628b6d10f76165dc118c9b8a9b,2026-10-07
76c56e709da5208eb739afa89e923798,2026-10-07
c2ad54c2f75cad8463f6cd5039d1982c,2026-10-07
9728259a5846d1ab4c14da32259342f3,2026-10-07
2e07cf897c529b4459bf5409a712720b,2026-10-07
f693c1d8f5853768f01fc657610caa5b,2026-10-07
73752335ff7ab983178827f06ba63aa7,2026-10-07
1ec5064701415889bde29bad97122214,2026-10-07
97d59272b3875fbde6d7f5022b2a273e,2026-10-07
e592e7271f16b9dcfe29b760c87bc4e3,2026-10-07
d61abed515e7d280fc6b6e991e634355,2026-10-07
5e8d1775e99d4bffeadb415d2e50eca7,2026-10-07
0c55ee51426c90a14b7e7b796e414b33,2026-10-07
ee6136b5824f070d1af405be6ded27d6,2026-10-07
e448535d8be923514a3d5a7f0b4a3117,2026-10-07
7156c19ce215a78d14e7607211e4af03,2026-10-07
73a3892f5734c930fa8fe29ffc09150c,2026-10-07
36ac4011836c6ff41f4d08e739d260d3,2026-10-07
3cde6b543c30b4b5ea5d54f916f0e0b2,2026-10-07
62df5fc13a23d6cb9a1633f46a3bc97b,2026-10-07
60131fdde4dbbc48350325b300440241,2026-10-07
883f80973a3fd578eec5183108133f52,2026-10-07
52649cb4efb4f1365bd1fca231032b93,2026-10-07
b6824ec27d8f4165502500f7fd24fb44,2026-10-07
646c495401ba294c9fb74f5518ecb094,2026-10-07
6002e10fbef1618a4f51def49b286d1c,2026-10-07
e319a8db1a65ea8c6943686e934aedce,2026-10-07
c7afb0398b85660487f53d4329ad0741,2026-10-07
b175971793427719bcb0d942156ad1a7,2026-10-07
2ff0e38e94decc858765b3b89f511366,2026-10-07
ade6a3ca23f07fd50f671f19ad84df25,2026-10-07
faa1e87b48b429e049f254b8e9e7aa76,2026-10-07
cee9add883bff01d7f51c37bf4983524,2026-10-07
1b8e740c1b471d5c0d7f961f0df2bc4a,2026-10-07
867cfaf3a122659db607a45628fdff1e,2026-10-07
c61ae90e9c5691835a35f5e153894d99,2026-10-07
7e29233950f400423d2893066d10caaf,2026-10-07
c3b15b43853a69bf0e315eb01e7eb96c,2026-10-07
2f8ae7faff1abd33dec4e1ab43c6b0dc,2026-10-07
7927e6d04859cc629ba2d7bdbcb1fb5c,2026-10-07
c3537289082eb5f77cce655680a4029f,2026-10-07
56ba07ec8fedd8b63bec348cd2177cc0,2026-10-07
14a5e38a9489faebd6f958a1c72deda7,2026-10-07
61d75e4092e947234347e35d518582d9,2026-10-07
262e768a5617053494a02203dc0e1410,2026-10-07
5610b507ff1d8193c806c9dcb9fca319,2026-10-07
75fe087c8963dbe6dcc63e086ccaecd6,2026-10-07
541f2180750c34fddf1d7a5bbd34c552,2026-10-07
5ca3ebe39ba83a3f9ac9b29054a028bc,2026-10-07
0dd8238120e8422ef59918657b4fd1c1,2026-10-07
d95a2df824949c23e3920e89d63457f1,2026-10-07
f400c8b357f6078537b07a68b0dba456,2026-10-07
dbb5e9142b67c7fbc366c8fd2b524bf4,2026-10-07
a6713b109e52c618af8ca57bcc051d60,2026-10-07
ac5b5df89cc562cc339aad38b52aa34a,2026-10-07
03157229f17b478b127129ff53a4de6a,2026-10-07
b39229543b3de220f512c272e958dc83,2026-10-07
6b8b861584925da9f6f7a3bc244b3b90,2026-10-07
9d9fba496dcda71382c13f78b2111c9f,2026-10-07
7e70aa5d49bc7df2a9f0d984786c388d,2026-10-07
37413f2989560d2b5890438c637bca5e,2026-10-07
b1987b7ecb596fb094c6f37184aea7c2,2026-10-07
3598a3c1176238dac79dc718b4519cb7,2026-10-07
4ee027967b9edc02479621295de1db1a,2026-10-07
4a8d8721740ec7c767bf928b6ec922eb,2026-10-07
65a5d2b593bb5cb887bdae419e51c8c3,2026-10-07
f66bfd2ca990ab453f454890a38c82e8,2026-10-07
81cef25472b5bae01d57a90b2259014e,2026-10-07
ff0bca194f1ece95f65916c8d5186e07,2026-10-07
624427cc268dc5352b160dba30da7307,2026-10-07
17b5fda1fa2d8cc8cef2b576f5f36a4c,2026-10-07
09d306f62ba4a16cfb5f03f5f4f9fd76,2026-10-07
a97c111193ddc6c0f24d7e0ae159d013,2026-10-07
c3fed2aca5922d66e2d51a5dec505af7,2026-10-07
ad529dcf2cfad37abe9f56f68ce97721,2026-10-07
f571696ffc8dbbf219d58911fcf0171e,2026-10-07
cc21aa2984fca1fb6b7ee1f156424c9e,2026-10-07
5c4e8923469638de76840e1da3196335,2026-10-07
0f84697f0a38ebd94890f0736fd4a7e2,2026-10-07
4fa7cd83346f599c7cc7290375f58aeb,2026-10-07
12af882e45df10b60dd98babd60db2f2,2026-10-07
906026714d2756a4460097e24bfb208f,2026-10-07
1b5ee9b7bd76adbf0780419ff2b0e9c4,2026-10-07
fbf42af94c6af9d72b89fb18306abfdf,2026-10-07
b9fe3c8d89870022e43501cc2ce9196d,2026-10-07
8ee8ccd2084dba277b05afab8d63bc8d,2026-10-07
cbc784a2727ad8230858ea369f50c97d,2026-10-07
2d8ab3242e8cd1bf92e5da31398897ca,2026-10-07
9c025980f040dc8599a4fc699330e60b,2026-10-07
d4729d0ae90ef237805eb48cdd2b3357,2026-10-07
e982e64abd8a4fb397cb12e3c0a989f1,2026-10-07
236089d178fae1a90ab236ae54cac79f,2026-10-07
915e42e730614397466211517360c9cd,2026-10-07
6e64a4640f5e2ca836ffa55741f1bb44,2026-10-07
02a8ead14775240a6f2e67e26df2c84a,2026-10-07
82c418564c6af01b0207d9c522ee0636,2026-10-07
c05b2c3ad6bef39c696b423023815910,2026-10-07
588d8ce23f9980de1f604527d4c03631,2026-10-07
beae908a7c067380bf5871e0d361943f,2026-10-07
98e3bb9a6987d736421d1f2d2ed8c4fd,2026-10-07
817abdabdefbac7efca36280d8ee43b1,2026-10-07
eefa615fe421417f9b68302fc57802cc,2026-10-07
14c33ae29975899a097b056e937b0093,2026-10-07
7e8ff86f323fd54326bac4de74b6b811,2026-10-07
7bf51674a78eea14a6ac83df82b1eeb5,2026-10-07
1f3d9f022d2b226c1dcefb544cb275f9,2026-10-07
efba56c54107189d03a40081d1f63ab3,2026-10-07
d4173d6cb3fe0702f2cf0da1ea149034,2026-10-07
ab7b70b3b4fd434e6dde755603a996ba,2026-10-07
ccbb6a4c884dd1cb9bedc5cbaf43e866,2026-10-07
3d7fa0f09ea3ae39d6f65cb88b11d919,2026-10-07
2abbfc8e97abeb5b69904cfca97f9093,2026-10-07
69828040a8932606c28b2893887f8fb6,2026-10-07
d23b1af326a44e1ae4b6e723a0f4c9c3,2026-10-07
960f26118ac09c55524e59d232701605,2026-10-07
09eba759ce094e71a2555a776a50bad7,2026-10-07
9ac6a1fa9d968f3b4f1f95c1da7f1177,2026-10-07
486d9f4cc87ed31b32432ce035ff237c,2026-10-07
61dfd983b17110408d1c5942fa948494,2026-10-07
0c5070739bcd9ad0153953f6a60d0cab,2026-10-07
f8c417e6cd26d99027542c72edde90ec,2026-10-07
3e64f5d08c22e980a094b4e2946f0757,2026-10-07
d47f1277fd43dcb40fdd0f0e0a90ece6,2026-10-07
44ec3df61f5d3c7b28e0a7536443a244,2026-10-07
a3b04bf6896da68af7e1c3763de7c1bb,2026-10-07
623eee64a928e4249ae672daad565363,2026-10-07
c1d1beb465bbc4e08bea5ddffd6f2d12,2026-10-07
6978b4b99b6ebe1358378cff104f0912,2026-10-07
57e266443c8bce8a224bbd5ad6c97cba,2026-10-07
f5a9a5b823df8be5402741694ea23e34,2026-10-07
dfd15f9075e78524609a00f980d678eb,2026-10-07
3fad2b9057bf2b875813bc2faab999ae,2026-10-07
9e704205fd0c221662152c5d22fc5e57,2026-10-07
7a2b37e0f0087bc5fa274d1827335bca,2026-10-07
d62cacb04b4a706d1d08826c2c41bce3,2026-10-07
7528c00b8aa8c88a4737917b4367bf7a,2026-10-07
f11d81c6a2c185a2767de565d9423151,2026-10-07
48ca0ac4ee9ea7650191b52c7163066b,2026-10-07
dc68d9ccbeabce30319662cd289b7016,2026-10-07
f9c8d59a707a6e88ca10d2c7b0b66d2a,2026-10-07
fd9df67db4eca031056ec3c6a3ff3141,2026-10-07
bdd03ff3c815ba0c23a6442dcdf31c6e,2026-10-07
7f1460bf61534a367049ade7c3638a0a,2026-10-07
e66f35d1da06ee270d9059ce6491082e,2026-10-07
3595253e7f5faa63dbbd0d95e041d218,2026-10-07
7286ea0c47167c60d6bd207c150131fc,2026-10-07
d67fc2cc73a668bcac41ae1dc99b4269,2026-10-07
9352ec2ffd2cff0dff855d805064b753,2026-10-07
49e88dd78a82d174ef6fdeb5a6dc5852,2026-10-07
4dee71adcfefdb5e280fded5473eaf25,2026-10-07
128481da0484cad0ce47d80265d7e5b0,2026-10-07
b798693f0447c5334b39bdfd246b1636,2026-10-07
216b61a50e5b2790dd4bf400cd77a85d,2026-10-07
f14d6fc5912079327028b4f15d03bd14,2026-10-07
447b582f5a552141116f590471808409,2026-10-07
2482bb51bf3797cfbe42cef702f2b0f6,2026-10-07
1b2fc9e6b73ee79e84eba2cf990227f3,2026-10-07
720c6647a84f03c8dc413e55127c9c01,2026-10-07
4604bffb715f62f40ea252d38d7b897b,2026-10-07
180d03398e9f16a8c77753e6f17bfada,2026-10-07
f55460f46b225ec4211a376f27db6f9c,2026-10-07
92c285b99101b415a0e1c700da2dbb2e,2026-10-07
74ab2af736335cf0d893a91ef7cd31e3,2026-10-07
da98b045ffc983a4932b224c1b40f53e,2026-10-07
aa4e675de5602bdad9ea905a0be7e24d,2026-10-07
c42599fb59045a009bdc0856f96cd367,2026-10-07
79fea47e05597cb85c30960e3bb7d01b,2026-10-07
64ac65b08889f79bbe9405ce88189e17,2026-10-07
8143e32144e9a6add9059856160339f6,2026-10-07
ce328f53353d276977dd0507971f06ad,2026-10-07
c639cce386fcb2d6ea890023fb98d1af,2026-10-07
85156db787312097befeb4062c49cc3f,2026-10-07
7490e92b470ed2ee2b93538fe01cb7dd,2026-10-07
fd852c80fba239e7cc5e7eb866a311db,2026-10-07
27829dc3984ba487dd395ab445a7ecbd,2026-10-07
76446fcd0a4a187528a8f118aebdea48,2026-10-07
c5c14a7305e6536d1dd054d94528a059,2026-10-07
7d0f147c44576853977e2a92fff32edd,2026-10-07
ccfcced6586853178bbda0932a4be41d,2026-10-07
7300b00843ec796d40d87f3dabc40fb5,2026-10-07
d2028686387314514c31540bcc67fba7,2026-10-07
4c0756d432e6ffc4fb5fe6e90cc65655,2026-10-07
bf298f24aa12970f4f85c2ba9d06c6df,2026-10-07
2b99fb87eca3aabde35ea2893106dcb3,2026-10-07
d8abe35ff44732c069346283ea0bef6d,2026-10-07
b95d71c84b9e004db7519af9beece5d0,2026-10-07
1e9e87a526a31fd3ced3e6b48bde6257,2026-10-07
39d00688ffb2f2bffd1b9b0e5aaac7eb,2026-10-07
79e7597ccda6f63a1b21b9421a608173,2026-10-07
da8c24b5ec69534923573f0a9ed0cc07,2026-10-07
5e59d9f916dfd0d9d57e5c4463a4f244,2026-10-07
27f685d1a16a781688aa88532965dbf5,2026-10-07
f33ee28f23596c1b46fcd7023473efbb,2026-10-07
66c80292825d1ae121c2ac3cb8675e17,2026-10-07
9919baf524b54aa39625aa1b5f147f23,2026-10-07
ebd688001bc542e9c85f8f2f48d5ab97,2026-10-07
9ee510a6c57aba296ab97d3f3fc06174,2026-10-07
55f0843b2801adbab1961d9b46f58d38,2026-10-07
4b3e9698b2ebad9515879c3d8af00be0,2026-10-07
ed8e6385136a0c5632e1e2fc1a298b0d,2026-10-07
012f7a6f3e41de836ae5877eb04b7477,2026-10-07
22646c5d8c01bd3c666f7d7fadf2d779,2026-10-07
54f563fbd48a3f07916fb2f76df0c10b,2026-10-07
8881ff9814c52da7f5e70a95b6016e97,2026-10-07
219301ebf7bea5232c292a174aa8c4ad,2026-10-07
5bea82afe752e9b41329450089953050,2026-10-07
29ddad5d6332a7c4dc34744ce5f67a90,2026-10-07
026daed530095e8e89dea90ad8036f1b,2026-10-07
db3bf39aa12b95578e2e0b3435f308fa,2026-10-07
596d80cbc4d509ad9ae35c411b045b04,2026-10-07
e3616c7f996e964e69547fa92bc2a265,2026-10-07
962ba2edad06c5c559d499bc64282ca1,2026-10-07
05a77d276bc3f2168ba5d872dd044b75,2026-10-07
8851caf42bb073a473fc15acea3fb93d,2026-10-07
4195d41886e194e22b694009efde9725,2026-10-07
707488375331c90e83eaac99e46f66d9,2026-10-07
8aff8899ad272d3163dd25dd114069d6,2026-10-07
dd6548e99d84060f151972f89a5fe285,2026-10-07
3ae6004b275afa96cbc9339c22bb3a48,2026-10-07
754e8b5512f635dcccb34a9730aba926,2026-10-07
857aa7c251070b0a26c07f4abb495ffb,2026-10-07
d4b01dc7ebb7bd57706bbb276bf3ea9f,2026-10-07
5ba6139b094f44c7f991f47474c24a13,2026-10-07
37bcb49ca8a5dc0a59c707e42af79020,2026-10-07
75fae63b17debc4768ad21660ca0dd36,2026-10-07
4bd9c4bb4d8828dc30b2cf58d1a51a69,2026-10-07
c84d7742fb74683a6507c1a460e29bec,2026-10-07
a4d1024f26571b5923a184f1f4d686fa,2026-10-07
bf4a9af2e570fdfa45f7fe04b33f438f,2026-10-07
b32d63d0542539c1d329afea4daf90f4,2026-10-07
23796b91fedcc46571aff12e48d924b0,2026-10-07
9444137c14e1007fe7d8a25a2fcf471b,2026-10-07
64d0b490c2cb485509490483232c0336,2026-10-07
f334dcddf8fa8e9719fdcc1e249b5de3,2026-10-07
59caca0d6fcf02d90e6425bdd03f90af,2026-10-07
483cad3fbff510b753f3c1dbd6d45b34,2026-10-07
8a866bbe289656d5f25714f209ae8a1a,2026-10-07
74b675e5a87cec42defa8345f7035058,2026-10-07
efb2c341c69d673bfd05624d0fc14715,2026-10-07
6b9c7caf4f483b3318c0b2a6236b75eb,2026-10-07
df6309f2226ee3531ecc3828d0e79f01,2026-10-07
8411ef01e3e7e4772a31c2a5d394d051,2026-10-07
40366c79de9ce347f95815dfc5fd8941,2026-10-07
4eceaccd5653a2ce5008e873760f3409,2026-10-07
09aabfc981961db16473ca7ad42e7192,2026-10-07
802ebf6bef4052bf538580dedf6656b8,2026-10-07
98973dcf1a81e7e876facbf1f4b29635,2026-10-07
432628046141490c0e3e5e78307ea329,2026-10-07
0fc4298697810722295536d7d1b92db9,2026-10-07
1081a95d7b428b1e29e1436633feacb9,2026-10-07
4dec51f195065ebe44506b1c97fad811,2026-10-07
08231a71be4a326081bc12e2ac2fb458,2026-10-07
ab39318a17a8ab6409517cdaba4f9a7b,2026-10-07
526eaa0b57ece6fc43d978614e1074bd,2026-10-07
ee0e5526de6e0fd2d86d88831bac0194,2026-10-07
d4befd4b5535ada1e3aae0dc10b4e2f7,2026-10-07
4d8d9d1a755378486bb858533742ae6c,2026-10-07
a24550f6d6e754092449296901d12dad,2026-10-07
529c7ef50ba34b28c20fd6bb30847b80,2026-10-07
e4c8f7b854cca953b8ea4a79512f4626,2026-10-07
d8b073bb7fc8c29a21f4d86dc5b3ffbd,2026-10-07
5efb991afae298d71c3ab6b6f269be01,2026-10-07
88f4f5afa6af6068e418e87f536f5bbe,2026-10-07
dcb651c13d160411b7b0e41125b0c83e,2026-10-07
3aee3b0e0722645e915111da4ae75b88,2026-10-07
fb5b61f747b65da2e75786cefdc421c7,2026-10-07
df9fa4a614e4808a7c150a3e2d85703b,2026-10-07
aa1d46ff3152b7fa694bb0d7f20cd3a9,2026-10-07
6e7589e59790b5147ee29fd4b97dacd2,2026-10-07
db3671092b2291e7347821cf1c4f8e5e,2026-10-07
7de6b95a49a45928d4e5714a2edd6703,2026-10-07
67839dbcb583cb551d3baae5b7fead11,2026-10-07
e31d3f4d136217f7d2be1d32579f0b15,2026-10-07
2750c0188a2a27e9a5bf35d362b86daf,2026-10-07
b36f94c1931414c9c0b8a00043e4e135,2026-10-07
3e8bf7cfcc287329cc5d36c44307f2da,2026-10-07
b5e2a25ba2da132c9bf59ac76d552914,2026-10-07
89fa99464b73a0110657ef0e73aa6fe7,2026-10-07
2b90453e3a99a382aa2f02383a8a33b5,2026-10-07
d6aac1d219583e2a4844fc0def06b56a,2026-10-07
f63a74a8900145338a0f98ec1f5cac89,2026-10-07
8b7083b598e08faa2db97e48d329023f,2026-10-07
acc02edeeaa520e32ba294c90aacb8fa,2026-10-07
6d60f394d3d0e03082049be5305da0d6,2026-10-07
2fd768122a26b594aa58acea95a2dafa,2026-10-07
8b8bc5d29d44a8c73c9a0c6a1ba27d80,2026-10-07
0d49ddb1b0413c3ff56a927c65ebae19,2026-10-07
463a3386c74c219bce023dd33c4b0a6a,2026-10-07
9ec6f18de44f9c6de6c3370e9defd1a5,2026-10-07
dac8d6f297eacd1fbed22dc698387705,2026-10-07
fbff142aab99b90f8202dbeafd517ad9,2026-10-07
309dfac5c18aff9f2b04bc8c80350521,2026-10-07
5ac4260181eef8a9d6ac1cb852cf5d41,2026-10-07
950746e3a278d3e6071b2aa271d9c116,2026-10-07
9d5b457872f8094bb7b1c7d394a5b64d,2026-10-07
92ff6cf34a82cd52ba6d4f36cce89d99,2026-10-07
18cd63c3d4284432d582f29e2b29bbf7,2026-10-07
726a455a64ed4fae82e190df5d9c9562,2026-10-07
1245b79b335f1bb6b90500c8a61d83f7,2026-10-07
6be7c3e0341c8628b8351d2c0a4152d3,2026-10-07
525bd166233ceb798ede181f80bde530,2026-10-07
936d4c43e12357a0b964436c73335f6c,2026-10-07
cf24dfba424af1f1dcf1037301dcb61e,2026-10-07
818182b2ba4b8447a9c0b4b173bad7ce,2026-10-07
f0840f9d1e4ef903d8487706cc194db5,2026-10-07
399fc13046feed1ad274a6009b80c7af,2026-10-07
a9293601f4ab8d2e0e9fc1625bfd95a6,2026-10-07
76871db3e5294569d7eba8f4c1b2fcfc,2026-10-07
9d0f8263bd989fc81223bd5312bafffa,2026-10-07
d2fb72f2a1148faea965e1df2086b602,2026-10-07
ff7e2703826aba3950c4096a6956f6f5,2026-10-07
2801f1998bc4cb3e3075b488e90cbc32,2026-10-07
b85cbf10b1fac7eb538257bcefe26b5b,2026-10-07
0c2857047283c39737547b2fa3d45cfb,2026-10-07
1473f650d70ca7e4772f512207450ffa,2026-10-07
a831be14b143a37d2eefcde7f7dd02fd,2026-10-07
e797467d0794a2eff944219e54b43e3a,2026-10-07
a711657837dbbb38efcf251674502c1d,2026-10-07
4592e0074feb8543f3225b0aa1b902ec,2026-10-07
08d29cb6bbb86d76b91d1c9a74fb09f4,2026-10-07
698d51432472f17719f0cb45ac90611f,2026-10-07
68167ac60cc4f8aee242611dd8047ccc,2026-10-07
b9a5e7692127a56e20fec87ea72a6061,2026-10-07
a5b295972f080329c05147fcfad67be9,2026-10-07
c3846307f3253e2039b08416e8973391,2026-10-07
d80db30795e8db0babd749b159ce76e8,2026-10-07
311ddaa55a4e302ab4c76825dc489553,2026-10-07
8a971c54b345f630781776e709864332,2026-10-07
641a4a3c54fe91f46ff6bb837c9a38ee,2026-10-07
b91b9dfe0bd874611511804f9e49c8b8,2026-10-07
cd4821c23cebcbcd97978ace2cb4ac97,2026-10-07
6053534123d5c6024edef3524f4359ce,2026-10-07
cad2db008a920d2219a1fd64e907365d,2026-10-07
afe85d1a1558fd68c68c82c4d041ff81,2026-10-07
d6f42e7c9e61962a8d3337eda6f42a46,2026-10-07
f87cded53ab25179b78a96d3e3d767b4,2026-10-07
955bbc5e011288bda52dbc1e6dcf45ad,2026-10-07
ffccbe9a524f8e76f6a7c92f3f5b0d58,2026-10-07
6fecd9081d7eb4e0ec0c21461a6a800f,2026-10-07
e440e7fe048561a67b2b9e51a1e651ee,2026-10-07
e1fd296de5b9a09c8575fb314c6bc7d9,2026-10-07
f573aed2e564b7331e3f8c43d3cdaa0d,2026-10-07
2e045bac62f07c51424266f13ef4e9e0,2026-10-07
c4a4f1a842ad5213328a921acd9558f9,2026-10-07
90f7cf3c4e8646b8c2503850fdd023e2,2026-10-07
409b1f11c65aee7b1ef488930d7d0bb8,2026-10-07
6d31acce51ba22917636fd4717c2816c,2026-10-07
9f2578652bb345bca82e6af6cab83c17,2026-10-07
1ea82cde97bede7c333b7839db9634b1,2026-10-07
2abc62b01cc924958977dbc63de6579c,2026-10-07
3bdfd5925d307e6d81fe42bdef905ab8,2026-10-07
72f2ba41637ee0fbe4aa02ab3ea41040,2026-10-07
5f077bbefb63253da49d683e6f700fde,2026-10-07
ee0c92b49c35ce71b9a3bb7e5ab44788,2026-10-07
20a10d122c51e65f1ff06b544d2f3696,2026-10-07
2267c947fc97c6899522918f1b030b0a,2026-10-07
661f7aaff6fb08cbdcb8b744764ea4f6,2026-10-07
c6c6ed8bb3e1d14c1c1b6e7e3d4f816b,2026-10-07
ed9b67a1fd4af236be48e9f86d71df24,2026-10-07
795ba25e6235984daec4ed2770ce4613,2026-10-07
91c33e3c5feb7e6488d73f429a737469,2026-10-07
80459ca674dc5d453510013c6949a783,2026-10-07
614f1af1586eacc27c68ec376bb14202,2026-10-07
aaa27f1cd1208ec4f58654ac30dbd2b6,2026-10-07
11382f4fcad1589f290ea3c1e27a9e20,2026-10-07
8f6fc816ab91eae8bde309f9de715744,2026-10-07
563283253374031a28768f3582be5583,2026-10-07
ddf8741fcd3f84db7283150eabb2ff0d,2026-10-07
976a9531721f39849308a4cb14296238,2026-10-07
daf30bbf2b9ad4dfb85696b6ffc31170,2026-10-07
4277044c102b1f4d7c1f2b44b3cbe602,2026-10-07
cd7c15c4266509f015ec2ea3f07ed40c,2026-10-07
4b3b7b74fc75c7d11d7a7f0e483a06ab,2026-10-07
78ece314d7079fbdd949bbf7025634ec,2026-10-07
3a3b1684413549d44b34b6cbe718aea3,2026-10-07
f5f04be0e733e9b0420b0d92ea3b6e87,2026-10-07
48f65874b1bcc7c114c4bdeb16626d4a,2026-10-07
b05ce91dde1c3e22812d5648dcfbe389,2026-10-07
892215f7e61803f562f5800a19ec577e,2026-10-07
6846c04ededcdb426f58bf3c13238717,2026-10-07
38104f8e5ddd1422cfe028fabc334c47,2026-10-07
4452a5f55a2b308af9ec82d5ea89669b,2026-10-07
aa1bbf4e133f57496a04f5ab4f34398b,2026-10-07
aa13cdca994c713e13a8fb7de9570be0,2026-10-07
72914a9106f4d7e82a7bb64b62a13ed6,2026-10-07
8e1812e794dcb90ce943fe639d50bde4,2026-10-07
c3fe58c2ca75677dae9c6364ca41647f,2026-10-07
855ea9d2066265119eb34f2b5489dbe0,2026-10-07
ff0e61c423d54f234131769b89591ebc,2026-10-07
e7e519239a3bd7b6d2bf9ed76a6ab3bb,2026-10-07
4401c37ec53a307bfbf5e6e2eac2ea07,2026-10-07
7b3aefb2bd8ed4bbf44c9b0d885d76be,2026-10-07
f3ebbd59b2897436c988080d06efca45,2026-10-07
140b3fbd8567977694cf1460c62049c4,2026-10-07
e5b9a0972178e694395e246ef84e061b,2026-10-07
48624d562ec484216dcdafd5634b7401,2026-10-07
aac6f0702b309c6d07a7b21e8128c12a,2026-10-07
2a0eb0393a74ca0d732862f81305b774,2026-10-07
b8872b98c273b6c4a82203b84817eb7d,2026-10-07
9df4cf11c517ed0506aef1d9d46f6b5c,2026-10-07
2638bff0cf0b3f8af75f9553f7e9f79e,2026-10-07
6dd0ba8a1e6ee155ba7610ab6b290f61,2026-10-07
9aff1462e6c4d5e57a6ee55896e85e3c,2026-10-07
3f49de1fd9730bc11879a3684f40a853,2026-10-07
b0cf65c82349f10e00b8b6315ab15c28,2026-10-07
8ead119d5c7f012a98223d1fc760c525,2026-10-07
bb8ac773cd522c7f86710cfb977b5a98,2026-10-07
f2ab3daf459a00b1a38acdbbc57138fb,2026-10-07
c0fc93910fc749d4609b0417f3cc24bd,2026-10-07
0d1e263f29108859a6464ff1ba3cbbe1,2026-10-07
88a16ca5ba303d2aafe1bf41243ffa14,2026-10-07
e63ca67304f38b26af60d34f530ba182,2026-10-07
17751954de63e4d523f5e864bdecf4d6,2026-10-07
5181133d8873b319130d8e54e0ec9454,2026-10-07
a2b7836a9c594c0ddce83baa6427b81f,2026-10-07
f38c3709d5e33940883d776e7949cf3a,2026-10-07
50cedab963600250be39e65345c5577a,2026-10-07
7413d9c2c3716ecb75f22de77ab1aa4e,2026-10-07
e3c8d835be721815475c923e7a6f07db,2026-10-07
ab188b66d9b967337b8e7eb988090748,2026-10-07
ab90727ce81d67713fcc49ba164fa664,2026-10-07
362bf0c6dd11ec581c2beb1e1b120b88,2026-10-07
e5ef9a3ba745526b27c608766b3e3f21,2026-10-07
5619e0d5b9205959e3bb483ec2fb8d2b,2026-10-07
a5ac70efe16c9ac3c5071872fa977583,2026-10-07
53cbb6f16249470a8cfbd060f57deed2,2026-10-07
071db5ce0d22a3b524733181cc8d7cd5,2026-10-07
ec107f48c6f17ec707cd3a471d0812d6,2026-10-07
4978956a9250db44cc10c9eea62fc288,2026-10-07
7593530154a8c13f8e5f264f32ac8738,2026-10-07
feb0ef513abb507b86c4d68cbf5d1a91,2026-10-07
f27321d124cab6e82b92dc8f85b3e8b0,2026-10-07
8c27904659c59debda3ea40546c85904,2026-10-07
1b05b9a4ed236b1fda1367ff1f519d98,2026-10-07
4fcb144132585a98abaecc5aa5a57b7e,2026-10-07
c2e847eda6188d381e7ac2c238c1bf66,2026-10-07
601115a397e7befcdf8db3b16ca7befe,2026-10-07
cfd51b01020bed9a4c3fc29a2c7a2982,2026-10-07
b6797669030ca71d93891f1382329c0e,2026-10-07
4df370397732c4fb79cd89b025fb0d9a,2026-10-07
129804a4665e139be12e109c561c0938,2026-10-07
8aa5bf47488f286fd8255ed744aae561,2026-10-07
70f98ecce43d1b31b875d59d064e2ed7,2026-10-07
9ed6fae8a88223d3d5a4d71a3fe087c2,2026-10-07
570ec77ef0c0d9c91e11e3f158fc6d3b,2026-10-07
78631a3fbb60f499a5b20367d638499f,2026-10-07
abb02bbc5bb40c17c1808ffb61ff207d,2026-10-07
1f55ee1639c2b83cdb13282af7083bb0,2026-10-07
6d9c408caa8773fb30c41a77659bb3d5,2026-10-07
506749b5288b34e349dcc4e0f4ee6e12,2026-10-07
a72d0b677e611d6a8d8793443536d35f,2026-10-07
a0b7e907cad857c7017f4a56b57a2764,2026-10-07
a932b6c8820fe1e809d06f14e2be1885,2026-10-07
3290e457bb30714df3b02bc333c46a11,2026-10-07
5d3bcf3207def06884c24432636c5301,2026-10-07
8968e62659a7cfb12af37f765b1677ed,2026-10-07
96b6d3439a788cbd1a58ab0c122f1b3e,2026-10-07
a342bea26937305d1b3a7fd3596c0ede,2026-10-07
cefecb3ae560490aef5372306bc63485,2026-10-07
f9330ab05d035dde16f01a99e71526aa,2026-10-07
bb2843f4a1292b41b53d3747a491029d,2026-10-07
7c1e553797d7bb549d50f0bc73f690a8,2026-10-07
e5bf49c7941a9bee76476400289a2e61,2026-10-07
d076812301633d461fb334acdfaeb750,2026-10-07
d0d2d7ef89e037aff2186f33757d2b25,2026-10-07
64ab22ce5187932745ed42555d84f65b,2026-10-07
c6a3b01bbbcbbccac2c816f903b6a4bf,2026-10-07
859a27c4563efd3ee14452525cc8af37,2026-10-07
73be0df1c8f22745dd7f6ba5da16e354,2026-10-07
63837fb2ef70f7a8bbba551059ceba0b,2026-10-07
2ecea1470577cdccbc95ed3cc977d755,2026-10-07
aa3d21fd31c51a2d03327567898c2bf0,2026-10-07
8d31223436d5f9a039eeddbd10d75913,2026-10-07
9c85ad5b7333b0dc31461ff2b368dc12,2026-10-07
b3192236ff7274c45745efe9abc37561,2026-10-07
d1e73c99978f102b3734eb710015071b,2026-10-07
9c410d161728b28e8f285b654fcbc2c8,2026-10-07
dd6200dd8c430e8c996ad5947344068b,2026-10-07
2f5f27d148b867f3ce80f82dc9dec555,2026-10-07
602580f7c9394062e2fac24b3af4966c,2026-10-07
c546dd891937b72da15f0cdfc5bb2a5c,2026-10-07
c033ad38767b694756b006cf270a8cdc,2026-10-07
38f928947868da197db4960bb0671d9d,2026-10-07
0af0566911d059055b724eb555c053e2,2026-10-07
b1a84ee3419c91dbdc1df11d75246537,2026-10-07
898d5ac1f4ab5b14b7cd0700461cea32,2026-10-07
6f2e466b91bc52a2fa8c959c90665857,2026-10-07
04f4400913f23647e312782cfaabd0e9,2026-10-07
4b664442e6366ca4bc5776249f81d39a,2026-10-07
3d1c2be508e3cf87fa08ad77124bde1d,2026-10-07
c901ef30bd985c3d5cfa99f63f3e9b92,2026-10-07
bfd7700e4bd22260e13f27437a07ccfa,2026-10-07
74f990d2705185d7bf2d218ae0a37642,2026-10-07
2a58e883cc90757ae297fa6c1d825fd0,2026-10-07
3fd4acf8241771e03f7ec282ae1df908,2026-10-07
22ae8fd36fa2f9aec113b408ebc81f95,2026-10-07
158632959e2118e9e0360bd6c59a5aa9,2026-10-07
bd97a03dd9a5207bea1211e8aae3cf3e,2026-10-07
86f8d19f7d54639e0f63a1e02e1ab93d,2026-10-07
f4e4ced25a7bfe163afad8fa6a31992c,2026-10-07
0a45d0b24047319d71511b8d84c4c072,2026-10-07
99435c603de32e6f6747b9c4d05af845,2026-10-07
f99473aa4cd3a838da93567889e46b64,2026-10-07
f8a2b375607ba50ea0abafc2931dae44,2026-10-07
932f15729b71d75e15262afd6b8bcc25,2026-10-07
6b0bf0d7369b80682cd743cf23e7f764,2026-10-07
b3823915fa3f0a873c29ad1d9c6cf059,2026-10-07
88950626fd0efdcee9f8585ce818c910,2026-10-07
e6f5595425bb54e6ba14b15c0aea8097,2026-10-07
f1fe13a0b5eccda2055cf7b1c2406040,2026-10-07
7ea144df0253e14e289cdbab9378b42c,2026-10-07
9c2a37ef505086e75a7cad5fa2ac6bd9,2026-10-07
a2acbb77cc73d08533cd9e09239de606,2026-10-07
0706903870c4166bb3a586b37b79a7e0,2026-10-07
8910a43fa45862d01d633e486faa2187,2026-10-07
17fcc6b6b8e026664a740f8125846b4b,2026-10-07
6f9582569f93d77eb84566bf97e4f75a,2026-10-07
e6a3d6ab004d3fb2a8182d4481a9463d,2026-10-07
d38c303b74e783c01f0d2520190011f0,2026-10-07
3ffd6a4a87af421c19af4cff5bd7d570,2026-10-07
35fb70b6d19122bd8b442fd1398616f6,2026-10-07
59cbd4e4d75d3b5da45b4f8e15773c85,2026-10-07
ca6f04f3b83e871d6da7d871189192b0,2026-10-07
d2fb10da64645c3826e7ba23ab252bea,2026-10-07
da6bed58405ee57a49e52e4f6e5b8ed7,2026-10-07
0167b0d97ac978b745f243a65e578f35,2026-10-07
675fce8ca0f75957141c1b0768c79ff2,2026-10-07
b64faaf24570b10df9f9630b39a82b13,2026-10-07
51f5ef97dc282b719b3096de014bd2ac,2026-10-07
83947bab9c72009f22e54f865efb2631,2026-10-07
6a46fd4a686fab6e68a4ecf670332928,2026-10-07
de973dfdd6eb2a63c322137e91dfea2d,2026-10-07
6bef5054598e292ae6e862cfcdba2773,2026-10-07
73208f60e43cc823ef82db6c681ab806,2026-10-07
2e11d38796f0c2ec9e637cb254222c85,2026-10-07
37457daa090a01ac7795ead3727848cf,2026-10-07
bd7eb29820fe0dc5031cf59f4902173c,2026-10-07
5e4ac4d7e46276ccf88bf59cee5279e6,2026-10-07
f66b749a775c4a99073db0e359150133,2026-10-07
572a16f5b986b73b14faad04309f895f,2026-10-07
7aad972a1c7bf4c55ad01a33f13f04a9,2026-10-07
106e567bc9c9b58f6fca686f5471abc5,2026-10-07
114a5063bf24d42f477e9916db02b15b,2026-10-07
e06f36ea3e3b7eabd4c8104cfbf0429c,2026-10-07
a454a30c0d4a25d0a5a3c6263b64c2d4,2026-10-07
2ef11d4dd3c0c0ad2faf8dc98d56cbb8,2026-10-07
f9c01e10c04c0050f2d4253be4646b76,2026-10-07
ff5993a78248425b6123595d3258e92c,2026-10-07
eff5a59fb480031ba4cfd66109f4a47a,2026-10-07
7a932b02cc0801b76ecd3e43bf832010,2026-10-07
f20861fd96681d18f3367821ad7fe92b,2026-10-07
f64e23fc122af0aba33c0b25bab6a251,2026-10-07
db68c75a36eb18e5207e0ff6d1356dcc,2026-10-07
62a4e4d0a7de688d73a3852d141c1015,2026-10-07
b8d48badca06723279d301a0507b8fa8,2026-10-07
e0ee6910f0c0967ab4cfabf5afeb394a,2026-10-07
dedb88423cbdc0a9bdb705e6b3d6be93,2026-10-07
9f4d21d4c730e2e250d924dad5060c7b,2026-10-07
ca6da8918f4fa4b9d39bdf53164db161,2026-10-07
b81213d74e7d6c1c7445b860c63ca726,2026-10-07
52cbc4e2de192cf02335f888025a82e8,2026-10-07
f0572983f54cffa597b5b48f4f140345,2026-10-07
67f89f1ed0ad8bcb996ba67503cda97a,2026-10-07
47c422a7e22340a055fb92972ed4eafa,2026-10-07
ba604310f7b66489903ac7a42719c7e5,2026-10-07
5ef53226494e1640559946aa4b21fc9f,2026-10-07
9c11e62750b074349711bb1e17eb540b,2026-10-07
8de90606f2c61c7d9fe9f4010b236ee5,2026-10-07
03daeb141521930d6b6ba35c20baa5e5,2026-10-07
fae08bcdd04ae8b2eaf0a2fce541f8f2,2026-10-07
bda83e6125b2f97bb623c534f0b9c40c,2026-10-07
4c680bea685a8e7d567d28d661d82ce9,2026-10-07
886bb900dde9f9d28226be7794c2b6c6,2026-10-07
1e02c2fd921e30813b02b60bf07d63fc,2026-10-07
7a8d4cebba7fafa94e74e6e0f151fc6b,2026-10-07
71a6d5ce035de3f14078c58aa6a582e4,2026-10-07
3506d76e8284e328e898def38fee52b5,2026-10-07
deefdd09df4798a0c0a70eccc64aca5d,2026-10-07
89f935ff6f31bfc24ce626ebb1269816,2026-10-07
e430c58026f729759ecb8e1338d052f0,2026-10-07
c13685189b4f1d3161bdf54cb72a78f4,2026-10-07
5e1845bfadfb652c93cfa9434bc3f262,2026-10-07
dfbf9a2b43dc588edc2f1d78e892224a,2026-10-07
3630fed822d5e32ac099b150d997edda,2026-10-07
545e7071ebae6d80e56004871fb94fe4,2026-10-07
3a8a8208a23587c547c7629e3b0ae52d,2026-10-07
89f894e0e9345956b2d45fc77791b991,2026-10-07
0e3f030a0afa90205f5e300bc86396ea,2026-10-07
41c0ebf18514772e43d7f787dc00a7e0,2026-10-07
74ec09eeed105f7808bc670aa503d744,2026-10-07
8555a4c060e3d4f6a9720bac31b65dcf,2026-10-07
7856eb83fcf7a739f76ec38eaf18f325,2026-10-07
d669fb621e84f2cab84b30208b4e4ffb,2026-10-07
c1446a19a98a57c5bedea27c086f951f,2026-10-07
206182f2a61325a18f4f11d8e7cd74a0,2026-10-07
cc1f5ed50d68986efca8cf56735302f0,2026-10-07
35425e63440d8e7553c7f6e7174da2c8,2026-10-07
046c00f4aef9a116362e69ae78453327,2026-10-07
7fee360c04df417717da9921cd9c9952,2026-10-07
99a6b3df25e79f25da65d2cd9ad601ef,2026-10-07
08c0cbce00e09e7aca80f51031f1f206,2026-10-07
987d6c0248fa651804a7561e5b9f849d,2026-10-07
b3955209230497c7fde62ca54d616d82,2026-10-07
3bdb3c74a0f94b77e21dd56bbe04f0fb,2026-10-07
0879d67392ac34412945a79d27d50567,2026-10-07
33a1918463e348c7be7065af03c9bdd0,2026-10-07
70c2143570baf84a11c9077b74f3eb55,2026-10-07
5709cb1df74c76636117ead99a628046,2026-10-07
ab4aff8caa09aa913d6672406b7f31a1,2026-10-07
0de2c20afd0e0a1661bbdd90651e2e99,2026-10-07
afa35068bf15346f33b860beaebc249d,2026-10-07
1b6af1d158492b8a6d8f2b3c7a4d7c7c,2026-10-07
98319a87de7dd6805a6333f6d36e5d28,2026-10-07
0f2057798d6a0fcf109be0bab8b79a8f,2026-10-07
153de93a48c357baf9af2bc0d8d7b1fb,2026-10-07
d058756da59dbc2b3ce0678085318a2e,2026-10-07
5763abb9010530803345af1783f1600c,2026-10-07
400e75275c712fb5cfd8215e6b893f01,2026-10-07
ef47746573c92c7333bab02de39cba76,2026-10-07
4b2e8469e2c9de4e7100f7b87c8d36d6,2026-10-07
1ebab638a39ec670872e6b841fc00a90,2026-10-07
24a2bd5ce640cb235283a9c427df7175,2026-10-07
d232538e279caf6c05feab33d78fd80e,2026-10-07
21f2eb410c70a4245858d201638a85fe,2026-10-07
7ae316b60f542d91c6b036fda18dcdcf,2026-10-07
c1c8fb4badb95e197a5822fa64742362,2026-10-07
5abba854ec3e4ccd53e925140da07625,2026-10-07
628641da370114baa507ad561cf33d88,2026-10-07
9868edd5f5097e93ca9bac9d17716c05,2026-10-07
86c0a4bd375ae613fee5019b160b72f5,2026-10-07
01334ef89b05f4474ed4b85a70d5cf04,2026-10-07
3c4fa11f4e4c403ca369d1afb32ea7e2,2026-10-07
1d6cba92ab32c2b4bfd3e00a5ee54586,2026-10-07
a38094e6835e330d96a28fa260447ae4,2026-10-07
360b5ccf991364abbd9648db9ad29f53,2026-10-07
265d1569d26e4597499126525abbd503,2026-10-07
455e43a20bdab297556a0f47c8c1018f,2026-10-07
2b396b5b46f6df6a9ba748db936143a7,2026-10-07
8c282f300ab15eb55958dc7aad26e22b,2026-10-07
80f2381ba0cb15e0f40bb6e1930a22c0,2026-10-07
5168f5a88a3efc5cf24540ce9611b9db,2026-10-07
48e0120d7c5dc4fd0739c632b74f93ff,2026-10-07
1266c4dd775d2ff4674a514e16da6f26,2026-10-07
76cd96cec0f862456337745874e10ae6,2026-10-07
d17826bbca1cf0841acc43e46566dd63,2026-10-07
ac2ad9fd9c00a636a08292a5628dcf5e,2026-10-07
96cc0ac53cb3148c456df6ebda15e455,2026-10-07
52bafe8a384d12a1903cc80b019dfe97,2026-10-07
465a3084ea9953cb36e5849d03aab09c,2026-10-07
46df63daa534b5bf5ff3305e58ebb77d,2026-10-07
31596f053b8a7fd97ee41f3a59ab5588,2026-10-07
c282b0f8d99844fd3efe99bcd2772dac,2026-10-07
b2791da00f818b32a5b71c056d5065a4,2026-10-07
51aa32017a4e3b4dd2720657268c02aa,2026-10-07
f3a3f243e955bd5905944c8f441b2ac6,2026-10-07
5e5151c14fb54c4f6ef891aab878fde5,2026-10-07
0619e05ee0cab0f51c5c4f3fc2af6143,2026-10-07
2480c3a1e50dc7bbfe426a96c9c79a4d,2026-10-07
c4ac5d4beac2d39560b9d9ae80a61354,2026-10-07
d832951c915ce3099cf555398b133083,2026-10-07
9d02d2810d73e1c0ae79e53e65d4f290,2026-10-07
dd21d1cb36cc62f7fe2df32cf4cca376,2026-10-07
7deade64efc95531e9a60a90fc363617,2026-10-07
c1b8584295da150230c52129404a8591,2026-10-07
1f671cfa62fc81ce4b26c5d88bbc31af,2026-10-07
62239c8c2982703cce58c620837f290d,2026-10-07
3f0a8ecda0232aeae40517fbd4edb50c,2026-10-07
4cfa953db346539c26b48a2f5475d4a3,2026-10-07
dff2ab78159078c860b2b84941de6331,2026-10-07
0bf96133717bbcbeaa2fe751786ae5a6,2026-10-07
2d2b45fdabc661e1f599a709da573b75,2026-10-07
defa4d79f11e18e142392b3be19e9a17,2026-10-07
7ade649b038436f791abed74af1bc762,2026-10-07
653eda6de4bc582cc51e8512e822ad3d,2026-10-07
45bf59ee60d0e3e422436765d2e1a94a,2026-10-07
2f08617467cbe4739d55336237d98398,2026-10-07
89ddfc6a43bdb1b58905b015baf3493a,2026-10-07
3c80e988de677c14be765a65e2642f6a,2026-10-07
88309b89c663e0d29f86b5dd769a6ddb,2026-10-07
737ca96f2257c9064551ed32e3608a09,2026-10-07
49e39797c03737c8257692f83436610b,2026-10-07
74e8df01d153c7ff5a9cf1edbdddede7,2026-10-07
591a5d30cb353bb22b052f26a444aeaf,2026-10-07
7b1a697f647778940376858055285768,2026-10-07
3fdec03576c00b2be7bc6897afdca9b3,2026-10-07
a673a1b778961e2b9f16375872d938fe,2026-10-07
df90e85ad495a4d6668c1ba7c031c583,2026-10-07
f4b53b8711840848ac56490fa6054165,2026-10-07
9a74109fd812aee619b14c54740507a7,2026-10-07
a03ba6235620bc88ec3cda0ce615e163,2026-10-07
b8019855f6eaf87af58340bd7c181363,2026-10-07
5bf8137db52d1644d7ffa2f379041e13,2026-10-07
27c5db8a859821705659516efde61beb,2026-10-07
70031f8151080d08d844485e3d3e575c,2026-10-07
ca28ae5e74677d09abc2c0cfb070c899,2026-10-07
2cb68f25cf51deb6135516fc05753fe0,2026-10-07
bccb9641417ee3fa1f893f95648b53c6,2026-10-07
532ec4928cc9d596f8aaea6f72d7dcdf,2026-10-07
1afc208e49f62e642d5f59247f43ceae,2026-10-07
d49e6e44fade305631f55be0381bfe55,2026-10-07
5baf7f834bb44b3a2bc801e3e3da42bd,2026-10-07
3fb2c1415e1e5fa17b899f067246802b,2026-10-07
48103ff5d569c755f0f3524c7d98d805,2026-10-07
4cba6d756cc39334aee1ad6a3e2d08d7,2026-10-07
30289043dd59b88ff09c48852a3b53e5,2026-10-07
3ce812aa662256ded2f159f9a5529408,2026-10-07
3b0a1493d65990e2fbd8f7fceb62402c,2026-10-07
e5bd7e81eb1effb2cd4bafac0bcba1ea,2026-10-07
05c7c70f47d1c09c3cc2bf70a31d5f83,2026-10-07
5faa12fd30c8472eaa33621c2efd50cd,2026-10-07
e4d1b01a949b35ca85933eafff426782,2026-10-07
835ab63733292972ee69e45ef672322c,2026-10-07
af615a3be0ec98ae850aca44f60e84ff,2026-10-07
99c065462e269f617e03184bb96f9fd4,2026-10-07
c0046d6890cd0e28d90ac88edaf69488,2026-10-07
eff017dd2601d8d2d99ab5a05fe6103e,2026-10-07
95013c2a3f23d62624733885ed01bd43,2026-10-07
427ded58fb0bf9981fa8b4270e2336fe,2026-10-07
0fe7df2fc0f46d96d57f71f702f7cb82,2026-10-07
25031d9dbc41088f691a37738352aede,2026-10-07
cfb730c25cbf4fd9b8ee581d65783247,2026-10-07
0f9726bce704ab66d178178de01b566a,2026-10-07
b24c1a16378353e85ea1de93dc3e881f,2026-10-07
6ef2ab42ef48db9cb1e27a5664d18f91,2026-10-07
254861f64f3f3cfb8aad07226400f3d0,2026-10-07
12453fa7a6f45d0d28115f1b0b0fd169,2026-10-07
9cdbea092b3775aec0056de3e06d94bb,2026-10-07
02e071bc860aca9efaf5af91c628a50e,2026-10-07
a7b62f68471d0150157d3a4193cbdeab,2026-10-07
7621e35c9fe21454931ca7e5fe79e68a,2026-10-07
4deddb0cb15a53d56de61494a17eacd1,2026-10-07
2073c8fec9d61836ae2cf27a8a00264b,2026-10-07
4ee695f55b4b09884e6d8da6447e5aa3,2026-10-07
d5185827c6a53e6368a81f00b8518184,2026-10-07
fb3f903fae01ccaca355613dde9d3082,2026-10-07
ecc8c5bea99d7b771fbaefce7b6cd60a,2026-10-07
e602eb43d9a8668b8dfffc60297f3132,2026-10-07
fd7e2b33492f28b2d5329367afa3dc97,2026-10-07
87916318b20f069f36c83993306f9e45,2026-10-07
22bea5fb4286a1e5180d8eede67df99e,2026-10-07
34f782b0b3c8c68484b64fd071460611,2026-10-07
009b81c7c50dd874d34d9b3d16d76ecd,2026-10-07
addc4573a78fce5c1d8b82cb46a524c9,2026-10-07
03ec071a3110ae9053f557cabe161b68,2026-10-07
c7319e15a59afe4fdc1d2e01e5b6e082,2026-10-07
0fc069f9de62621081c56951ce29b02a,2026-10-07
7d87168758c3f99edeca85fcde69174b,2026-10-07
2470e248ebf9268820e6b320911e116d,2026-10-07
877f088c737cfaf9ea4a60f8ee5ceb2b,2026-10-07
f6536ca2b12d0930eb88c123925b21f4,2026-10-07
de03cf312c067cce33a64574411b1bdd,2026-10-07
73441975d779b1c515382c42774bd24c,2026-10-07
c56be4128f53398d71c449ae02b53285,2026-10-07
a8e45fc5894ed511f882e0486058d8ef,2026-10-07
6943556e84295bf6eba1c729e49684e3,2026-10-07
50b409d72c32c030c04226af14042c83,2026-10-07
7f14eef927eba1667bb1cea0c19e2c55,2026-10-07
1f70efe41bf1442b6914172f56c3dd20,2026-10-07
65d3ae16b68f69b44bced1912cf703bc,2026-10-07
b95aa538146709e52f0e8e1b1f34f378,2026-10-07
5730c576dcdeae9767b099622ff8bdab,2026-10-07
7e011cec0a52548d549d2b4db34cc34b,2026-10-07
b35d2246b99ce7933ed73eebe870456f,2026-10-07
5b9d56cb5c3adb6c8f030e5a04ff8608,2026-10-07
6ba371b36ba8869ca6568041549d469f,2026-10-07
bcbd73026f2434f56f33ec3d37112403,2026-10-07
b4cdd97f9491d556c8a6736c69a082a3,2026-10-07
1628006ca207ea6249e5ed6442d2f421,2026-10-07
b4b07ca00d6e93bfc8316e4c61b3a48d,2026-10-07
37815354ca75205c82906a929330c279,2026-10-07
6dc9f4b4f6a47534db1b1d5e9c278725,2026-10-07
618e527ed1577e3cc36ad751a6026935,2026-10-07
89dd9d8ba16b0ace152c6932662c60e2,2026-10-07
ad46d294f8d505913562875fd9537adc,2026-10-07
f40135111c82134a59f4eccdc54a9409,2026-10-07
22935ece2317e9439f5af2aede0037ba,2026-10-07
42ee25c704e05ab06c18f572bc66ce09,2026-10-07
b75abe9558e4f1381227f532321192c2,2026-10-07
b08ddf53531dea36958b32e17dcb5d03,2026-10-07
667e72d17b118cda90dffc0c86ca2236,2026-10-07
f8731e77f528539ee43c726e69c71752,2026-10-07
13ab08cbb683c47aa68210f21a0024b9,2026-10-07
bb8461cf9232a7b385003e15514eba02,2026-10-07
d7ec4acdbe534a6a91d1e3c1cb78be97,2026-10-07
f409737d102c8ab3ae0aa03af7ace386,2026-10-07
49f0501a8f9794d3e33418bbb260ac63,2026-10-07
7466a3b29af5c5cd22dce6ee2886a15e,2026-10-07
33b81be256259340d22bca94e60f4a35,2026-10-07
83ac57e46a8660f353a537d10bd4b487,2026-10-07
b32ce06425c57aa17cd8c27a4994f409,2026-10-07
635b750f78666e5a010bfee8079c83bf,2026-10-07
64dea4016e859b366c64e8e7414aa228,2026-10-07
e54daae6d4c58761a961bb1471f346f9,2026-10-07
4e060376ebbc177c626c51ec72bdd788,2026-10-07
ed8f448af28d23f793fe2e03f721531d,2026-10-07
46436db693ac50fc8486a2649d4dbfd0,2026-10-07
712d00e4769cb2bf04c23af6d69aae30,2026-10-07
2f962a2b12eff2facc8498cf071b4a9b,2026-10-07
bd06a8b154bc16b72e9605bcd24ba222,2026-10-07
03da6a5c6798f5b1c56ddcdfe7aacf6f,2026-10-07
d6e78e998deb3a2adaa65ad19126f0e5,2026-10-07
ef4025ec53621af961e40f393d6cd1fd,2026-10-07
c6c916f809239ce651e66ac71ffc8628,2026-10-07
31fb68d98d28350bc6bc514ad1f5675b,2026-10-07
032aa65596516235ccf9ad8210fd211b,2026-10-07
62f6f860027094a905493141a569f861,2026-10-07
3e7ddce37e8fb5a6b79ffc5c9e7653e7,2026-10-07
9d752deb8ef2a2ccb85d2d607edd58f4,2026-10-07
066f2efea1bd5c844467856c63d0c9f3,2026-10-07
cacac178a65707be10f2af542f7dfa39,2026-10-07
63b2a3ca4031edc2dfcc7f2831c9c813,2026-10-07
746a9a4a68796cc8b8b4c47ef69d80d6,2026-10-07
f3c119d338bebea879e0d7e013355e30,2026-10-07
4c24cb78891c72ec3bda79a9d45272ce,2026-10-07
54f1622cb12da8b3485fa34859b45b81,2026-10-07
dbdc8cb805be972963fa8c1b491f0c37,2026-10-07
39dec657104ebfe4f270225676925ee8,2026-10-07
459305c53663063598558eac1c828e0e,2026-10-07
9d3a08d572c8b89ed047ead11567ca65,2026-10-07
38beb3fabac6eb08a312346e5ca93267,2026-10-07
deac72e4d3d78a056dea3f1e89c7402e,2026-10-07
0423be6549b9f2881becf71be4e3a925,2026-10-07
8ba3d58f2cca289b1b57f72e3fd419d5,2026-10-07
431a27a878a515643417267d329efaee,2026-10-07
3809b00f8b20f4d632fece91acf42a8b,2026-10-07
83d566f56e390bc5f2a74a498501aa3e,2026-10-07
0c54a754292c3db8fde5d6e6c1852f84,2026-10-07
502105534fbf54413266e8dc9ab0df14,2026-10-07
84b0c8ae77fba34f2e2296b679618dcd,2026-10-07
864f466965f1ec87acfd3c2d76102899,2026-10-07
19efb26f0ba2b7abf8a1a0e8b859d6c9,2026-10-07
4e1c36857528137a373622a33aba6947,2026-10-07
cd86d26a45a16dee475ba4cf0392b8b6,2026-10-07
782ee072dd41842312839fa22d7793a3,2026-10-07
2938c2fa14439584488cb40d6679ece7,2026-10-07
3321ef50aa4b264dd1a92f01f13986a2,2026-10-07
051095da21d81e7a8cb5fc675e443738,2026-10-07
4b03acc9261f30396782b0f61a2b8491,2026-10-07
d5ebc34cc5940ff2069ee59f4ea3e6c6,2026-10-07
757b6423f23a3063b685e9fb28fa5c1d,2026-10-07
e85217176f13037a26bdb2ccba3f6042,2026-10-07
6a616484f93a5710393198eee8516649,2026-10-07
2660ed46ac6146c719f39d7300e3326c,2026-10-07
c5f8adea888eb220c59ea8cf43b34b61,2026-10-07
a2b3a47880bc5354e705d3a13da68f76,2026-10-07
6af951141197f7e0bba5e4fe6ab8ffab,2026-10-07
ba4f528cee6d30e639aa436ddf16156f,2026-10-07
c69e8ad3f56cb828cc71a400b1fa68b2,2026-10-07
188810f41198e4030874a47804f95978,2026-10-07
1cac7fd0a7ad7de2a8de6aeb64a810fb,2026-10-07
d0bf3b19c17f3efaa45d6db2df8551af,2026-10-07
c770897635fc40913dfb22fecf980980,2026-10-07
7de3cb2d41a00b0b0094b28ed93e67ee,2026-10-07
edbf0f806e8471be6bbd43e645b739b2,2026-10-07
a2485bf13640cf057ae1937ea80f089f,2026-10-07
0ea7115afd980255e0c95c04490863f5,2026-10-07
33c922856c3bd161aeb192a561777cb2,2026-10-07
f9eec8d6ef65978495f2315ac45a4e05,2026-10-07
ca44cec55e28c2aa2bef61e13aec4825,2026-10-07
8d00b6465e4bd9dde0ae727566783b66,2026-10-07
59537d1a7584c3c4ca7bc366e766dd66,2026-10-07
0591d2b8ce4f0d00569cabc46fc4d1cc,2026-10-07
f03ea8fc38576d88acaa15918eec89ef,2026-10-07
bb4298d50fa81a2571387a4246a73941,2026-10-07
4e78a4f3f62f77ce63d36e0e88d22575,2026-10-07
ba7d1d90342ac249f4eb8e84e9526629,2026-10-07
df870de8869d8765db4849e1b050a568,2026-10-07
93bd853e57f365c225608042a89267fb,2026-10-07
ef06b3e565f4de5b4acde1ac7d4a9d1e,2026-10-07
4f010d2ced7cec2ecd548026d62edf9e,2026-10-07
39188b6e638295aa64561d333fba4037,2026-10-07
e2beecb1a42c927b6952bee75cf6cf33,2026-10-07
b828bc2cfc853a04cdb05921dca4f77b,2026-10-07
7a118faa656cdfca694595ee27d6c779,2026-10-07
d6628ed7211c75e1b56c7b10cfe6775b,2026-10-07
aee95f9919e4b48a626ac7905c3e73df,2026-10-07
d7f8e7c7da06d1b1c81cdeed9752b40f,2026-10-07
244c0a6ae73dbb8dedcb85005374f473,2026-10-07
f53bcf4403351fbffe12076a444235da,2026-10-07
af81f4655b7798417ee513f16798429d,2026-10-07
4147336b0fd71e5c8b67cb2b069187f7,2026-10-07
8e1722135c0f53a29710ceecda3f2a97,2026-10-07
64ac9900b07e4229950efa84b5a58d59,2026-10-07
3af03827a55e974f454194f266e5a90b,2026-10-07
9f5021139d74d89a3adb5d2b6b3acdcf,2026-10-07
6972267170408a303e2b496133c74d24,2026-10-07
33c385262bcae3bca3b609b4461f80b5,2026-10-07
c8d5bf009bf62c192d762f0d45db3957,2026-10-07
bd6a3835b7227133f56f1dbcab17790e,2026-10-07
7d1fd2920fe9b61579b94cb12989b1ae,2026-10-07
8632fbe10d56382129aeff8807332e98,2026-10-07
c13697158675fb914cd16658a2415c99,2026-10-07
91178f05351c2e05139229912301ff2f,2026-10-07
5184659f52e36d7fd6a01fd9be82ddaf,2026-10-07
a6810e752d2c727888b1a0c6aa4c30b1,2026-10-07
c5c3b19fe71cf71be55ee42b80e7092f,2026-10-07
7677cc81b2edfbb948d9ed9e2a8e01c5,2026-10-07
e1c6816e5b6c182624cc06ebeec0e06e,2026-10-07
262446a83f83ea3b705b8ee41025dab5,2026-10-07
893b945db8792c58e8c3a4f5f5a172cb,2026-10-07
143d9292bd3e0799c942f5a69319ed7b,2026-10-07
ea15e2a997b10ff06149666c9532cdd6,2026-10-07
c531d1ff9d71959db2eae52f1446dd58,2026-10-07
105c4e4cf1d0e0fa24c277e8d5d19ca4,2026-10-07
70a35a13ce18d975f38c95d9376de71e,2026-10-07
88e236ee28d37322b048777d94ba4691,2026-10-07
874917099e843c76e1f649efb52df3b3,2026-10-07
dd1fdb0ec174d7c16f481b16e315235c,2026-10-07
1391b485009156c01791bd0ac531e8a7,2026-10-07
5045685fbc073490f05c9ce1e4f6e4bd,2026-10-07
a885256a01305c6d35facf2b668fa12d,2026-10-07
e6d3d118981c0a4cead1d80d88da23ed,2026-10-07
3f0922941b8302bf600eaf2501d91618,2026-10-07
a6b2d60ec09b7403bb61cc10918786f1,2026-10-07
efcf150ab1a9a09ba6457e14accfbda5,2026-10-07
dd88a64b6af72c2af0bad328b67a3c8d,2026-10-07
2d8b8066dbdd8cf5ed14eeb16a650830,2026-10-07
b4b1b240e63beaf0ce13d5093cf66283,2026-10-07
c9bc0ff1974ac9e7cd21ea8098a4e807,2026-10-07
25612bcc52e41b635e9a932209784079,2026-10-07
7a4a6717223647e133d8959d6684f49c,2026-10-07
607fb5bd94b5a002a16e0e226b07deba,2026-10-07
f09aca2e23f7e70cf8b97082c4c5f8d3,2026-10-07
35921891604094d51021eba231ea5367,2026-10-07
29b66e93ab01a4be4f07bfe6b46c69e8,2026-10-07
c71008478adb28641bd4305c2a0b8c0c,2026-10-07
f76a00bab1477795f97896e71940e562,2026-10-07
6fdc177d0d0687d9a59ba12bf4482bac,2026-10-07
7af5c9974a971638e8482997eb703c12,2026-10-07
cd42c7073dc2b72e6ea11709dc296343,2026-10-07
7dd164375595e2d1fb88e106834ddcfd,2026-10-07
4170a2850b8aa4ccbd4c6726b12a4701,2026-10-07
b73ec8d9983d11740fc7a8b02a199837,2026-10-07
5b79234b4688e91b4f1b4adf4a45b6b6,2026-10-07
0c73b7b7050c023faf2638df8bc5ce39,2026-10-07
48a3f3c42a4f200258344c62cc58d602,2026-10-07
82aee673e2771833d977cb25674fa4a7,2026-10-07
3fa1bb957217d709c0147039b68a0763,2026-10-07
b0afd6bb0589089eed26523dddc55625,2026-10-07
01824a4e846e3753db95c604c8cc07fb,2026-10-07
3c01e25bf444a9be0d6b38918a7f4d1b,2026-10-07
e4d718b30856b75cb8dad6c10c438a7b,2026-10-07
609019c9181a0468efe1cff2befab2d8,2026-10-07
593e59115d38d117c53371d219a23dfe,2026-10-07
008a0cfe4ffe2c41475962dba00a8f2b,2026-10-07
ee67fb74d1c59679055e2c2f33f0591a,2026-10-07
fa4c15cc1bfdaf1d8696dcda2e2b87ff,2026-10-07
f897b72da39939dc510f06185fa95729,2026-10-07
49354ae4b52458c8f8d00fc9b580de8b,2026-10-07
9d9132075c9534adfd9266f380a932ee,2026-10-07
a71f8ceca72bdc58d6dbc0d1a5ad188d,2026-10-07
ecda5233d5ea10e0c8c7ba90d0b8b8a0,2026-10-07
d74a85c509bd3964c448dcb500185c4c,2026-10-07
ff1eca6326770f006ac1f3759237d087,2026-10-07
aa1eaf0d6fe03f209468cfe8a31636a7,2026-10-07
88a759a47af21c63bf3c576adfeb8642,2026-10-07
cdd16acb4cdb04c10b29f15fd1fd3469,2026-10-07
d8b8366c62860cc2d086fa9168ebf362,2026-10-07
2998e8948ac18b11ca459fcb488cbd56,2026-10-07
705f2bdadc1dc488c75db7083b084e23,2026-10-07
1d1613550a94b3929116e45321f42d12,2026-10-07
1f9e95ac820950ed826aed57525a0e2f,2026-10-07
8c43fb3c5bbd08513cb9a592cd0e0ebd,2026-10-07
c84c5f8f2cdaf5c91d3addacc51bc655,2026-10-07
49d9b9e60d9aae9e0d540dfca004bbdf,2026-10-07
147c840881c7284c9cd4b629a40b607a,2026-10-07
0ee35b0cdd2e0202724c272fdade6a54,2026-10-07
a61f93ad84cc0c92c4ae87d9bec780e7,2026-10-07
4a8536325bfcad246589d50df95fca89,2026-10-07
f32fe43bfdf5c483d24d04e422cc7da3,2026-10-07
5a10264e1b22200a52608bd78b36e85d,2026-10-07
add1456ed63df8a3d3ff595af38b3137,2026-10-07
6b0dd68b1de5396a4d1d9297cbc2b667,2026-10-07
6fa751d02effa0ee8e912c63785f0e5a,2026-10-07
9031803742a997324bab58a26b1c4dec,2026-10-07
1fbfe82652ebff780cf4946a4b738f7c,2026-10-07
e72e52d36e1fb6addfe1c831ffa3317a,2026-10-07
002fa942d210c3348efa01dbb65e8359,2026-10-07
45572c0ea0206e015a2cffc57c067a37,2026-10-07
a2b33c912d720c234d3a6ddd8ab64775,2026-10-07
00802483e2e06d1ce5136ddbb488e298,2026-10-07
2902c0cbdce3bd1be8586ea5e34b3454,2026-10-07
4be845d68caedf0b2084cff7bfe6268f,2026-10-07
7a7c9866e2c532cc4b045f77277ec07e,2026-10-07
094c30b6956bca7a35b47433221ecce4,2026-10-07
13f0cf34d32ffcfda300bbb9d1192118,2026-10-07
ce22fbdc8a23b5f712dcd2b580af4249,2026-10-07
b50b98fe6779ecf8cdb2d3cb5032b115,2026-10-07
5ebb5e77bc14abed1805d62f07565b33,2026-10-07
7127b7ce7aa5d7703afac8d0c0b165de,2026-10-07
29bd8a845f9aa84c48f195e51aaa31b7,2026-10-07
40565023bedc9eb50688a61f1b963ab8,2026-10-07
9c8443d2c944d2dc9e4953192a1d16bc,2026-10-07
af3754667fea5673c2523d524086cdb0,2026-10-07
03ed95027a335191097e560aaa4f51a9,2026-10-07
30d4da1ec4e365790a8a33b143a40511,2026-10-07
0fa7a5dcfad599451cfba21ce1c61d7a,2026-10-07
512e38e324219382f86ac39e99d2d757,2026-10-07
0543a9e0a3edbcc0be1fd9d81d351205,2026-10-07
b217480ba720d2dd563115adb8852853,2026-10-07
1fb5dc7001eb0e008d494403907f126b,2026-10-07
ee42ea538ceaeda975e8dd3125ed1cbc,2026-10-07
858ffa54a019fcfce9b52cb214a37afc,2026-10-07
b1b881f50cba426b499243adbc8ddc1e,2026-10-07
544a2f1f70ba32c5b3ab985da9c113a1,2026-10-07
2e4ede8401515cb48fb903d3b3060e96,2026-10-07
cdf02d31c54aacef26b57ccdf4d889c1,2026-10-07
bc518fc428acfc997d5125ce4834c2b5,2026-10-07
50a1ce3c81cff1ae9b0d5d943f62bdfe,2026-10-07
411a4890df6f9a8b9456946d76173f39,2026-10-07
672faf4e670f678db6ebb9f2209b3486,2026-10-07
e8cb11b3e48359ccaf4db6766154e215,2026-10-07
88b62236362d1478e6a920edf62e0d1a,2026-10-07
ba1cf77664a3458b7a586efb83267ba4,2026-10-07
23aa7e4adc5883912ddf083eaed85459,2026-10-07
093d1bcb615dcd696ba60560aae01d89,2026-10-07
9333c65a5db10fa30fca9ee594c5d88f,2026-10-07
b8f7910fa726a9b31522b2ce31b6b50e,2026-10-07
cc155f6fdf3541de02d08b0bfaeea1c7,2026-10-07
d7f62176807bc62e32e740cf0b085bcf,2026-10-07
87a85e13963e7fba271440a5b4bb7602,2026-10-07
a5d7661d927d428d4e2589366e43ceff,2026-10-07
86e918b371d12be6e2269ac86a451162,2026-10-07
5ef401135d20713567e07d6172a86bba,2026-10-07
ee1a529ca219e0a2b169f49a67df43f6,2026-10-07
0c747d9452ac995f8fe2c2716087c2db,2026-10-07
ead814ee1ee54ff356d3421acdbb310a,2026-10-07
2ab88a6c507524488e9d241521e1bfaf,2026-10-07
ea1cf45f6a6d67932ae97c9354e76189,2026-10-07
3995cf443caa580fdd6625193c4f36d0,2026-10-07
c57a6cb4d4397bfce2ad48ee5be287d8,2026-10-07
31e6398efd203cbee6c7c0ab816ee9c9,2026-10-07
998d3fa7fcad60e775965440b2cd82fe,2026-10-07
a5b37c6d9f0a2df0fd19236278bcb228,2026-10-07
cc0425810ad80a70a9a7eab677a6cc52,2026-10-07
9606f16f468617fec731d0daae6cc7e7,2026-10-07
f257fb93de442294ccccdaa0bccedd4a,2026-10-07
1750cd7954dde2734e667fa559b848e5,2026-10-07
678ae50ef7c05e479dfab86012edd3a9,2026-10-07
2412f0251bc776eaa8e596ca2d95742f,2026-10-07
3df0f7aca03e8e4d9317caa5dcd67772,2026-10-07
94ecdbc8a49ba09321b29ee07148701a,2026-10-07
baaa17e8ac823df843f357c584b5e522,2026-10-07
37c99fb293abc3a63c6007a69b76a695,2026-10-07
b03a4fa123f18a0486e2c544864ceffd,2026-10-07
2f1a32b93230481da986aa7e87b10c51,2026-10-07
40e7ff7a3f8a75cfdb1398d5ee26939b,2026-10-07
4d4fb294b715d4e06c8719760b3d4ca0,2026-10-07
b11e615dd82281ddda16c1970da01fc7,2026-10-07
b4f9a83f117e2bddfea8de5a13c96b67,2026-10-07
269d4758251d222522f7ef3ea0c73f06,2026-10-07
4b9d47dec8210082d320e8efeb37d499,2026-10-07
78e4c42db88e3002cc59fb6eaef02261,2026-10-07
72a4d883c436ee7d120e02a3e476039f,2026-10-07
c0ff28849f5ed8b6d24d5003d95247ec,2026-10-07
f2ab2d5c8842fde18cbdd8f6345338dc,2026-10-07
dd34c18a598af6aac8af5e91bd43097b,2026-10-07
b51fbe40076eba4fd25ec01ba8dce17e,2026-10-07
815bad40167673bad768329403562b23,2026-10-07
592b7f109442c1f275c2f5d322b2ac99,2026-10-07
ba9ade5fc42e0955dfa4dac4dee53a6e,2026-10-07
5a4afd319074a0bb51cb890b2b3d8a5f,2026-10-07
64b76147e7724e44e7e8e78e7fe1f35f,2026-10-07
34b63c5036d39db2fd0cbe762fa9c994,2026-10-07
11d22ad80d443b4cb07027ea4e2ea3fc,2026-10-07
15cc7d5d9b0b3fc8f3ca9b4ffe18a428,2026-10-07
8c621018774538243baed101ba5dc48e,2026-10-07
28bc2c9cf218827944b5320d33f288d2,2026-10-07
51aab7a03131c6bddf101f6ab6d4a18a,2026-10-07
4984dacd02669f2c5905e7f32b074fc8,2026-10-07
d35fb06eac69fb81a14572a1cb87d6af,2026-10-07
a235e54d6bd98b8ddd6d8fe6275227a1,2026-10-07
66ead354d5891e36119cb0c488e4215d,2026-10-07
ea235176d8543c7873fcf027fce5401d,2026-10-07
8a19f707dc63b0d62e07398421212a49,2026-10-07
2bdaf2e8b03487fbb6020d6ae5de7c46,2026-10-07
970ab348dd174577bc7d9a55fc9a08d6,2026-10-07
422fbd5f204295b054704e644d26d37a,2026-10-07
ee78bc6e5c84ff8b1a69240b1b4d8e28,2026-10-07
8150c8430adfc6870f69be1fe20577f8,2026-10-07
543d25cfa2d45cd6f0d2dc08fa4fc8f1,2026-10-07
4c6b6939a160dd2bdcb86537ec25a69e,2026-10-07
9a84091e2018c1d9c16dd8a1d041dbff,2026-10-07
3441a8e7546270e6e7343c45aaf2d24f,2026-10-07
bee72efacd6943ba11ef526c958214e0,2026-10-07
bb32699de57d2c0e120af91daa337ae7,2026-10-07
28f0901aa1981ca827e72e5f52baef10,2026-10-07
5e22fc961e5e3473ba43aa539af7729b,2026-10-07
2317be5b49867aa9f9d1b7363e606f1b,2026-10-07
95305bb307b0803ae8f2eb8df90b8f02,2026-10-07
030bc0fa3e4fd06999a0440a620436d0,2026-10-07
8b9b1d446de3d26d5544d3e77ee6f7a7,2026-10-07
1aa02b5cbfa14cc05bba6a29afcffd7c,2026-10-07
4379f92f04e0c18e6c57db833016c799,2026-10-07
82155333dad8f28139bfdf613d6bc6ad,2026-10-07
c7d138e42e2dce3efdfb1c1058d8fe3c,2026-10-07
9d95bea2e7685829078763ca94174ff3,2026-10-07
92be69d361e6db1ccc5ea850ad200632,2026-10-07
6bed43db0e98dc42e1dfb3af36cd4c92,2026-10-07
26afdf02a1982cbe449485a47a98fd98,2026-10-07
a7adeaf5ef12d0a35c08a97946bdcfd0,2026-10-07
239fd15b5bcdbc8317da4ce319a2c08a,2026-10-07
9a299641402c03dade9a1f0c2dcfcd7c,2026-10-07
b390949680e4ad4e2a403b67b7307a45,2026-10-07
03dfc6a7f90fbd561d2e45bd92c00919,2026-10-07
41b464fe3058d09db74fcbeca77079cc,2026-10-07
bbeff7ef6493dfa4a30105a6ad902e1c,2026-10-07
63b80f3ef2ffe44799b1058d628862b0,2026-10-07
01d477f5d432de6f218298c2bb83b556,2026-10-07
d2dbffa7e95dd322b4c4670da33f38cc,2026-10-07
6e7f76e782954d4fa06f8edac6aaf64c,2026-10-07
877232b7ee9ab29896caa6e9c99f57e9,2026-10-07
e651ffbc2dc99898c6f28d3b55c34c6e,2026-10-07
767d0ef730310b123e8ace2d532761e0,2026-10-07
8d4f314b7f6d2820d5886388b5ca6b1a,2026-10-07
8ddc7cbf08808b954757fabd54a30427,2026-10-07
78eb2cc2bc5060ee5722513452d71c82,2026-10-07
c353ed7a3dbffae5be3a25aa08d84cd0,2026-10-07
8c1b0714eea30f79e064c5b3ad8dc24a,2026-10-07
dfbb60456075acc7e4611daec1e32521,2026-10-07
0cea59f2b33935cea8544f4ed4b9d466,2026-10-07
af32b91538feef116a20ea38422c67d4,2026-10-07
b45d1c48e3e70f2eb34868bc98232c74,2026-10-07
e609a5648063450532054171602ade90,2026-10-07
5e7da70b3bb0f8b05e128559af8beb9b,2026-10-07
cfa9e72e12a72c0adddaa8ca2e177a40,2026-10-07
1372e2293cf2e6a74ff0aba0f313b290,2026-10-07
9124b15fae71816a13f66d5c60e08adc,2026-10-07
2f441a17d56cd233563f7e94e396bb6d,2026-10-07
995e8f2238e9a69f475fba48d80285b7,2026-10-07
954a5c7ab9732301cd92be968eca4629,2026-10-07
fc6c028fd57481bfb80a2052ae105f14,2026-10-07
af82a5357663aecb7b1c509d6d19dee8,2026-10-07
4d0d20b999e10eb769c964375af2825a,2026-10-07
2d8a8a0563c9613a3fe487e37a1e9002,2026-10-07
42c9b94d2a84ac390cb5ba4fa6e2c904,2026-10-07
04f006801c76f807b429e660ed801e84,2026-10-07
59425fcc4295189747e914eea06fef58,2026-10-07
a18a44c0cbd02c1739154cd61e69a4e9,2026-10-07
51790c1ff97fc629bc3365f49b188d80,2026-10-07
9c9b8ac10d6d247fdbd3ce1198aae464,2026-10-07
6336a00740aaf0c7e1f79b688cd7b19a,2026-10-07
01490fcb5a07a2e268bd0f07aff27159,2026-10-07
c3468c85e9a5ec2d8df8b020c34c1857,2026-10-07
43591bda0554ad1f3f692d61077d4753,2026-10-07
216415a047f88c662c4efb1540e33d49,2026-10-07
1e89811ec3692e1f8522109663ea9dcf,2026-10-07
3d6b123c4bca940469ee115322e75955,2026-10-07
8916a78a6faa32670263a050af44c5d2,2026-10-07
d3a65cfcc5364e11c60796b30c222050,2026-10-07
385899ff0b9ae8219fc835369646f8d4,2026-10-07
322d9d9bb36f35bb090e29aca09dda2e,2026-10-07
59829b0f75b6a7f1f8d8c9861e3fd49c,2026-10-07
f306ffbe5664cc3f3f6771784324ae9c,2026-10-07
8623430b37c3e0269ec7a099d7cd7918,2026-10-07
57bba5aee479c1c7d4425638a5ef720c,2026-10-07
4005eb5b09b21b5acd72133a761c9e4f,2026-10-07
14c93f7af2a1b7541e2cc958e7ec70ff,2026-10-07
585c7529b6c356dbc72bb2b19cd8078e,2026-10-07
392b1a93957b04ea0f815374742884c9,2026-10-07
4a72020b4b564c73818b5f297b02a96a,2026-10-07
9808915e3ce072e63f0d74859cdaa0ba,2026-10-07
bafbfe2bcfde89beac6859949176d258,2026-10-07
65ca704e07f4e13d17ae9f6d73fcb656,2026-10-07
82ff2941f0d596d85e3037ab61d68747,2026-10-07
94cc2980aa3c6f4435683ccc1a301a95,2026-10-07
f98a535e6b89b8f5bbcf6bbc1add6662,2026-10-07
773af03595cc48f1849b6d24e2941d9b,2026-10-07
a64496073fa12b94dd4bda9f083a09f7,2026-10-07
de2f9a27147c1601f0df5579f63e9d88,2026-10-07
c820121cd05011ed6a459c5f062a7014,2026-10-07
57a003e25c1df32b0c5e386e17be456e,2026-10-07
ad274729dd5e145d0c02f77dcbb8dceb,2026-10-07
75650a6fbd68480ae1179a610bf034f3,2026-10-07
4e462c177ab47c3ad0deae8c6b4ce5bf,2026-10-07
a38f3db83418fc500b612a6638b85de0,2026-10-07
6036734f6c577ad064cc5417db90823f,2026-10-07
9eb9cc031b81b771453f2233867bde48,2026-10-07
bdbdde1c792c92149ed7bae967ca6470,2026-10-07
3ea11429c36f394c211cb71afb5178fd,2026-10-07
5cf4d4961469d6b00de80833059a964a,2026-10-07
3fb65198edb35200d29f0fbb734ac5b7,2026-10-07
90e5493ed0ce8be84826fda6162cf0b2,2026-10-07
7f76fb157b22934e0c6d0443b0bd9472,2026-10-07
8ceca7fd1d2738c2f5b5bd2451d897e9,2026-10-07
e2b1f86051ee2511cec97d4399dae964,2026-10-07
a5131ae1b5eb9ffea33dbcff36dbae79,2026-10-07
7e5b660a34951b4c97a3cbf4b4e43b3e,2026-10-07
a23a9ad14353650d44a6290b13efeb6e,2026-10-07
05e160c8ef0ef1669546796eb47b92ae,2026-10-07
057e4f880e9277e685f18b9fdb1db487,2026-10-07
5f714ec7a5b85250a5e8566a1332b173,2026-10-07
70a90ce62b396874379e22ecc9c0eca1,2026-10-07
384c3af2f04cc7847a09e87c86cca7ef,2026-10-07
85dcf4cd2fcfddfc2c7801bf1e406826,2026-10-07
922cb24f98b74427a1aac0a93f4ddaf4,2026-10-07
47d1e592588f68951e968b9233d8778f,2026-10-07
1d20684e1feaf458360d5a7067e4947e,2026-10-07
086284198efdcf0584c3b7c06e5f6d4e,2026-10-07
21f9d333a1db1eb82558bfd55e8155de,2026-10-07
db41541bcfe6656c72ec099efd720cc1,2026-10-07
05847ad488067070c72939a907eddef2,2026-10-07
6a083f58a9eae1df63a00a9d3c404e69,2026-10-07
00dd08fc9341f622fc265e3cf16e3052,2026-10-07
4a378c87a8093d66bdf9a9bb01e7af10,2026-10-07
808c5c2712c78e55a1118e69c29f5626,2026-10-07
38b5d73d948b44f96ed3cde77cb61723,2026-10-07
ca303938799764887fe91fa165a4b415,2026-10-07
350264ef597c913f7ff81f8675787885,2026-10-07
8e30404b26132d41b2c72dfe042ad780,2026-10-07
45d1a90bb083fec5cd3748fffa931186,2026-10-07
6621ede6cf1f38542156b55a4d211369,2026-10-07
29e87184a67f816099c554509b83904c,2026-10-07
58cd85e87a4d05e13ccd30c34fb22cab,2026-10-07
7bf4fc875bfb3f38f91e3a09a8727ba7,2026-10-07
29890afac3e821ba01476f9b8b3a0ee1,2026-10-07
755e4dd21f2e86c7cba1ececc2f171f2,2026-10-07
2693ad925f89fd7a9ee2600fa965e190,2026-10-07
6340c7389b787a9df363ae1c5ca85a7a,2026-10-07
c55ea2afc1ff73c9bb4391892e3e2ca7,2026-10-07
a39f4a4b79d9b4aef63ba9e5b0ef673a,2026-10-07
1f9178f9f61acdc29a8e37e93dfa7c9c,2026-10-07
290d6a4ad8e9d2dee3dd77b2b7412903,2026-10-07
f5c472b844d23c67d8fe264803ac544f,2026-10-07
5f43db47bdbae5ab9193977e135cd353,2026-10-07
98aa4aed0c85c2f71339a9abccdd80cc,2026-10-07
304569a212a604e3582051ffbf7f0556,2026-10-07
11ce19eef3bcc179915973e648c9b867,2026-10-07
80deb59d93fda184a773200b853055ce,2026-10-07
c55d2c2b1cb5313b42059a3a111f1eb9,2026-10-07
cc74d9738801847d71604122d1a3d85f,2026-10-07
178ffd64371c2710e24f5c2cf7d99e9e,2026-10-07
da437e04b66830aa1574aaf7b8b220a7,2026-10-07
ed1d51fe8d6e79f11f09b424fd7a498a,2026-10-07
054b81afa299f9359a5aebd3a303442e,2026-10-07
6783782d67d009bec7f11053572c03c7,2026-10-07
48d340532eed319454ddb42a30ecbbc2,2026-10-07
c76a5fca39c58b2e957b365b800d744f,2026-10-07
ac390d6715ed4b672352151d0b8d4c77,2026-10-07
a6901e996da18ea8feef61d91d588779,2026-10-07
f478754ba143d08f82cef98a23840fa2,2026-10-07
f770792b1cd38b0e3b275aaaa36ec037,2026-10-07
1662fd8620b1d17725787d529e2064e7,2026-10-07
598aab0e7022a0cd9fa973995c1958ad,2026-10-07
b14a8652c0b2f61157b18d9a85e58fe2,2026-10-07
296e88235e256d6cd4d823d7ce695388,2026-10-07
dc390996e4f36214fd8247a09ec745bb,2026-10-07
f1c7262468d001256580739e237ed0c2,2026-10-07
bcb2066afb2cb75a9eac1f06c3ad4af8,2026-10-07
2c40bde1e24089c9cd60f6d7fcc585a2,2026-10-07
0e5209c588e7d87f13335c3e818a0915,2026-10-07
a8eecbba728f8008bb770ff535971846,2026-10-07
e091daef3d916af3fbadaa8deb76cecd,2026-10-07
663a2243675f9e66553446945a711cb1,2026-10-07
bc44cc073956c18d5dcd1dcf1837ee2b,2026-10-07
1aaeac1dfe8b0330aad662dcf5b7e7be,2026-10-07
3f354d7d6e4b93cbaa4a1e9133189bcb,2026-10-07
455d1521b12e43fdc12513ad97031bf0,2026-10-07
700267b8d64f32a6cfbfda303c40c70d,2026-10-07
ed26ee58231d3bc7592793c5e17bcc52,2026-10-07
641e0b0b698e8637d6ec360d588023ad,2026-10-07
722fae84c357d4c6d7c675ddd54af59d,2026-10-07
b78a0303eeb645b59f5815c406f97eed,2026-10-07
2aae3f1d5af9f2040069346900c40003,2026-10-07
13f1939f495b9224cec4fdbe246c7375,2026-10-07
77e5e396afd4e2e132b740bdf3404ae1,2026-10-07
64b387ad80ed46b8657c45ec9cd25200,2026-10-07
3ce490b051f3a173bfc588790387950a,2026-10-07
3df4927ed07c7a4c7a4dfe3af94db992,2026-10-07
4b67bb0bafa0c238e0be33eeb6cf5cc8,2026-10-07
beaecc08c7f3d8522a14b53af97a69cd,2026-10-07
c47e463924a35afb584afe1f65442c84,2026-10-07
e328765274d5841575b05fed215b577a,2026-10-07
2ece272d2b4cec9c48504a57efcb343d,2026-10-07
92f108a09b6aa8c5f18f5cc2a964e5da,2026-10-07
9edba206f7f2a2c43a3a9be3eb4cb72d,2026-10-07
1f20d72d08b63b8ac0f4c67cb40a5f0d,2026-10-07
a5051600df5c94e5e7f2a5bc7cfcc122,2026-10-07
2795e11a9ec61e8a1e9be2bfb97b03ea,2026-10-07
8ef71872dd70ff63a73386992d51569c,2026-10-07
566326ec525e81a881ca8a00f6767301,2026-10-07
0cc007d1be3d8ee5771bc23bf15add45,2026-10-07
75a1e7f8124e9bb561b82accf45abfd7,2026-10-07
0ef19a60190b26b6e68b2fe18e767bd5,2026-10-07
a13fc12f9e835f3d9d0b2bda861e05af,2026-10-07
c09340b3c5860492f93b72eeefd25552,2026-10-07
5c84ad0a9135fc6d59f7c370d29e0845,2026-10-07
1cc90340b53a62b7c960b4307ed4ef25,2026-10-07
7d25cb56972565a34d31b12819d6be9c,2026-10-07
b8445ebe768e35ff5ec3a9b8b4ca6b4f,2026-10-07
9a311aa74a3ae12fbabddd6e758bdc1a,2026-10-07
35ef68ee93c3f99e1d03a3fa227276a2,2026-10-07
dfa16972e601f48e03d072684348a2ff,2026-10-07
f145664d3b70c703e492cce2490469e3,2026-10-07
ab6e69776798f38de57db861ce8b4ee8,2026-10-07
aedd005cf6e1a878175acc0ecb2aeea6,2026-10-07
1b0c07ba37f10ef8ff67124c4063fe4f,2026-10-07
254ba8336345951f9482e23e2351ae18,2026-10-07
c93c56d2c0be7d1575a2b4004d07de87,2026-10-07
ed7ae7664d2da80b84eddb3dd981f699,2026-10-07
6ab36e733e52d27e4a160afabed73008,2026-10-07
fe36424011b2549377ae2270b6f6338a,2026-10-07
5799b1f36b7b8e3437b6480d293aa685,2026-10-07
627888b5ef0f5a02844008c50b420521,2026-10-07
2b4d402b4fdd5deeecff1d275952a7e6,2026-10-07
f1ca01266aba58bea91494ad7637ae38,2026-10-07
c5735798a6e1359828ee3b36146a71a5,2026-10-07
10cf2f2943f1248e07fce86fb6c12114,2026-10-07
2797124b8f5de51a477fb8627ca99b9d,2026-10-07
3e773f6283063f93569ddce2af8dd3eb,2026-10-07
010248352fd59a2f27d63ae3b90ac453,2026-10-07
b4804a9980b46185d0f5191272163b16,2026-10-07
80503cc8c832ff223ea7ff35a871b26d,2026-10-07
de8462688e558d609b81615c4ae453c9,2026-10-07
53350bb19a6c02fac667163891ce6f52,2026-10-07
05f8e3e60dc1a673c08fdcee5b5b05d7,2026-10-07
da93291bde5546ea8882b1fa885caee1,2026-10-07
2829db416110d7f0c63fa15c6eaf0a60,2026-10-07
6ed2515d214d1a3f84b533a6bb1f8eff,2026-10-07
eab2001a9bc370082a7fd55064017fe9,2026-10-07
64f51109a78f3e120774dd32bf0facf2,2026-10-07
bb95964398f3898b0ee61ec0c5cf0674,2026-10-07
f8deffb366c15748bb114993731b30a3,2026-10-07
488e9bac9c8098c5c2e04bcbf6d3728a,2026-10-07
4338360f159a3bc90b9cdc264e0bc185,2026-10-07
b14f2e2f3a4df417e8bcd844a13bcf7f,2026-10-07
af0ef6165b3d04d67c3a3b255f9ebf72,2026-10-07
15a6ea09327cb3c919a5fb00bf84c15f,2026-10-07
a995d741354bf6e34ba3083f220839fb,2026-10-07
7cd93a78a8b676490b597791a5dfdf03,2026-10-07
251c72447c0a244123547288211a102c,2026-10-07
7f6f23d177db6fab8719106fd8c9ce91,2026-10-07
8178f28a5bef3e08d6fffe683c118531,2026-10-07
f7ff963cf3e73a1482369d6e437243a0,2026-10-07
2d3c825b3326e95d8774d86a5b95f196,2026-10-07
f46088373095958eda9d5edf5dd44fcd,2026-10-07
517ee423304e1c2492bba248ea8bf29d,2026-10-07
85061de91d97095cfa6ee3b470e3569f,2026-10-07
2ba321e3725ad7aa554053060ff2ffe5,2026-10-07
5ec7c1af7600946e858bc181a0f95e83,2026-10-07
964e8d919735135e220bba0efde2978d,2026-10-07
d95f284d9ccd9269eb6407bfd0f3a155,2026-10-07
f575d89f4d8415d696c58aa04cc51e39,2026-10-07
76092f63ee45ab2193439f2a576c27ea,2026-10-07
9992ce2682cce2771a5a2d515c7566c6,2026-10-07
8a55eb6a62d092d0e9d238fa06f28ac1,2026-10-07
8ab14d0b9a1873ffc7c9c59ba45f0dd1,2026-10-07
6179ef18140dd610af32afbd52bed051,2026-10-07
871fd3fb8955a0af258a20ea424654a7,2026-10-07
b980134e52359c7a9feae586af1f3c49,2026-10-07
9029accd866275408120bf6915c9aa31,2026-10-07
4ecb2fc8a88ba4c1ef238cb53ff4d1dd,2026-10-07
2ce1ba44369a3c91acaf3f685bd09c80,2026-10-07
2c2cebf0974c34c4f8fc34b0bc9e1ebd,2026-10-07
b2004fc5b60e5f275ba97c9995ac5829,2026-10-07
e271ec74654c4893aee70cf95d873194,2026-10-07
116ffdd14cc47a864e30c7c74476bd54,2026-10-07
353dd9c614b4a5b343f67b5bbac84e38,2026-10-07
b8cb1c7307e32f3b3ee1f798e0575337,2026-10-07
f2cdec7335dfbd9f61b1d04d7260972a,2026-10-07
b2ca4693b5c3a3123a2aa6a1940eab53,2026-10-07
6bdd5dba909a4faf3d89eec7d47699f1,2026-10-07
b2fafe9e196e479acc03a9d568d5c441,2026-10-07
d12b70b8573d1ee12d22e600858e128e,2026-10-07
62751de24737f4324ac0f77bbabc23d0,2026-10-07
2bbfc03a38835d1968c943fa312c167f,2026-10-07
6a27c6cc10e2023f8dcd3ce65c0794fe,2026-10-07
0188892d32953adf30a7937cf3c1fa3a,2026-10-07
fdac2cbaa95a0685430cfdaac005705b,2026-10-07
6ec44c0c8a5ffa7ce14d5cadbcd92f61,2026-10-07
1663cf414a4dc3e82fe1464a5c370bb1,2026-10-07
35575b0ceb29ef7f3c909da445695f23,2026-10-07
a43979f3fdd142733ec0c195ffe7656c,2026-10-07
2aa4c8a9924d2878e5ca67082c8da5e8,2026-10-07
6a9f6e091e0112988714070e49c90d57,2026-10-07
5185e96012cb39e6ff52213e3f3cbfaf,2026-10-07
36e5ca61e98978721378fdd4daaa36d8,2026-10-07
7dfc9a2756a53a3b61d235e41f600046,2026-10-07
bc44203c795f3f4ac7aa6f717e242709,2026-10-07
05957d7d05f3713db425bc2f6af9ca06,2026-10-07
d71f29c938262c6aa543c4314a559ec6,2026-10-07
f28aee2701be2afc7a636849794dceef,2026-10-07
e8fd1deae8886dc71697fa48a681d3e7,2026-10-07
46e665c1845209bca45e2f09160b47af,2026-10-07
8b958487fdf4dfab0fc8854a2655e78c,2026-10-07
0ac7c688ce7bed3796f441f7370c9dd4,2026-10-07
329458ddc85c164746a5a61a9a563a07,2026-10-07
5132246c78de0d19ccd8bf7610394317,2026-10-07
f4b472352517e75ecd1d60e2d408b4b9,2026-10-07
6c282f48159e9f9e851ceab20560fd7a,2026-10-07
c2eb24f7764a9198e50bf66e4462c89f,2026-10-07
3acc483eeff9d3498ccd4541babfd980,2026-10-07
df584d53ee57afb3efd65031969ebb74,2026-10-07
4c3041f56239c84d9df1eb4d3eb51847,2026-10-07
ed2e4cc408b87bf7f2a0589d0cb69c6e,2026-10-07
aa535f3990a74b35b2fbaab0d252279b,2026-10-07
4b4ead39512271b8365d90d27fc5f543,2026-10-07
af1ab07ed7c49342e9de6fe4ebc91106,2026-10-07
a2bde784da80eb071afd3bc0f912d716,2026-10-07
c7353bb873cb60344038e185ebdf4b65,2026-10-07
1dc9653e58e3a837ee091ea6ec343413,2026-10-07
c503ebd07892b43c7b4c714b91c6974c,2026-10-07
f8911cff07af99e02b779173a86b9552,2026-10-07
5ae2810514e1c8414ce3df01f1ed461a,2026-10-07
58194161dddb9f52bdc9741e42ee19ad,2026-10-07
e5d07cba4bfdfd6c407ac7f4ca0cf86b,2026-10-07
4fdf4a82abd5216d3074827dfed0ad24,2026-10-07
0c44628d4b0483e042a6e4ccc7f148c2,2026-10-07
3f19571ce769182df7029da79c5e1f03,2026-10-07
1eed68fbab91bca54ab181475c55c40e,2026-10-07
21137b2ea142e9cb032140f5bc3b15ce,2026-10-07
13456ba27c496010fb38671f0c4c0fa0,2026-10-07
2be21f37725969db09bcdfd90dc25f37,2026-10-07
4acaeb456c5afb2b58ae4de6e66c83e4,2026-10-07
9e949fa7c5635bb3ef286a1881a2d832,2026-10-07
796b87f682757956ac0b38f002c0f591,2026-10-07
4ee9a27ea218bd3622873d1d1ab76b02,2026-10-07
0590bd0bb9ed20be2de310fbf3db6b68,2026-10-07
c24fe7f3341535ade3d7b66e3606a8ad,2026-10-07
768314934579e35a88962e97584ee173,2026-10-07
98aafc958b708411a2e4fbec99f87b49,2026-10-07
f4c614462dba9fec16c8f70917a964b4,2026-10-07
fb040739433cc73a071de89236df5efb,2026-10-07
edd4cdd2fe4a8506bdaec2b2ea55c03a,2026-10-07
d9135fa1511e256353f827c9c88a15c9,2026-10-07
2ae77c3fbcc7a99b2430a77a5178dd2c,2026-10-07
6b0eb23884e5b55572f7f552d88e1332,2026-10-07
da7563dfa50dd9adc273e3fb926ebf68,2026-10-07
4d4b83eb790e944d3e1bb250f926d06b,2026-10-07
0cebdd470b3f5aaa56250af35025eaa9,2026-10-07
943373dba90d33abc7f337ff5766e639,2026-10-07
dc85d95ad2178eb89aeeda15d9b168a1,2026-10-07
c66b6ace7e36848849ccc3add0f93a19,2026-10-07
2a6ca89fbd944cb4eeaddb096f75154f,2026-10-07
f9598aaa02a4bbd8f256c8b76e362303,2026-10-07
541b55d07400671914203e75250eb9e8,2026-10-07
8738c37149293be11121a515ebe9c808,2026-10-07
8b2e9e365d37977f9096b26302f22e7e,2026-10-07
199d063b2ea10878991811351f06f4cc,2026-10-07
da0190d87bda92441579f7f2bbd59df0,2026-10-07
4c7ecbe2000fbbc88a041d583e973e67,2026-10-07
87c2601aad489f9bf6a3d8a54175c82f,2026-10-07
ca9931f280f1fe428b52f58204cdfc37,2026-10-07
e087a3052c1ef12e31949ed3044ae41c,2026-10-07
47f32c60c4c4480180741f92a9bf08cf,2026-10-07
6b0b262094ea1c416c94768ebb8268c6,2026-10-07
c869256b5558c6237b545a64b08a7311,2026-10-07
393c3a10c0cc24044153617a516ea19c,2026-10-07
7b7ecf66366eb3e158397d371838ac77,2026-10-07
b500bf23a5b5afbf68a1509e83c97e52,2026-10-07
22587e4914966b3c6170c76d0cced9ee,2026-10-07
45d3aefb24d771cf5add74652e419e86,2026-10-07
43ccdda6043c2cbff492699d8af04776,2026-10-07
bdcb934d0b01cec2fe7271b0c80a2daa,2026-10-07
e174355cba7524070353cb1348f96722,2026-10-07
88bb7b19888986f2ccbf6d27e55d4e88,2026-10-07
ca3706637b11f6cac3ab67ed02f99ded,2026-10-07
cd7df680b1726df8cb3e1216c6960260,2026-10-07
aed08c8b4d2be9ab950d4aac3d9e12ad,2026-10-07
fa237a091344aa027ebd8da85e41d031,2026-10-07
1bee112344cbca438b00f92ccb8e2913,2026-10-07
6f91bd081ba35ae95d2d576e09c1fa91,2026-10-07
9d2cb12bd35663fd1b79ae8450899349,2026-10-07
9961c29831ed40b46f857a10fc51d762,2026-10-07
253adbc9924dcea18eb70e472cfbd8c1,2026-10-07
7135bbc3f960f10fc3f5de8ab38b7e7c,2026-10-07
c16ce531459700e81cb0ce4f897457ff,2026-10-07
519c09443238139ac4a5094f9ebe9d79,2026-10-07
818827e24e8ece6332d2e8bd89a0d524,2026-10-07
a27fda852d251a960dd45e854fa17354,2026-10-07
4bda057c14e526942921aebf49280d00,2026-10-07
dd0b1bf2d1dd311780584fb42462c1de,2026-10-07
425954f252115b60aea4ab6af3fd1e06,2026-10-07
3b466371cb508a1ea237321420deff95,2026-10-07
a38f23387fa345c0246526d21f32eb80,2026-10-07
f45aea98a79b154cc729907e20a5e5dd,2026-10-07
4176c1f401ef5c0df7e0cb4ec5a3811e,2026-10-07
cb1bfe25b452066c2a6a0fec36289873,2026-10-07
2949698f241a75b14ce9edb42fc81529,2026-10-07
06df9e1379cf3cfd6b521f65e08c1a3c,2026-10-07
271d40c5d8389e47f59eff1c9984a3ec,2026-10-07
c72dc74bc81f544c0261ad56838bd0fa,2026-10-07
d5f8aecc0f700b4ca4ed216f0ad1cf42,2026-10-07
d4d797a36e13f0db9126af6b2af7e7ce,2026-10-07
2165d35f72e1c5ebd34e6d0ac4dff0ec,2026-10-07
3e183f14c9ae2999676a336e7d002fc3,2026-10-07
c1433e7d6d35a034b6f20b43b298ebf8,2026-10-07
b26ebbbd86b07e4d9e56d157b5f75150,2026-10-07
45df1eaafd8fad352fd85045810e0e25,2026-10-07
0352948621a026423a9a73d21d0af197,2026-10-07
2f097f682b686ed260d6d5364046d30c,2026-10-07
0a3adcb2a32d2358afe9ae2f23022c68,2026-10-07
af03fd54a6f9c194b2fd50735902f980,2026-10-07
25f30835503269b4ba4b4ce827c10a63,2026-10-07
884f8b4db8dc88c9f226ff65f5d03358,2026-10-07
56c142c8f2523dc14f09d4780308de27,2026-10-07
f5a40456085e9e1694f604d510e1870c,2026-10-07
e3e385c4c584252dad04fcd19ee18e28,2026-10-07
118149988749aa7e047384facdd53dfb,2026-10-07
ce4453f06c2f5e0263ea206a1fd862fd,2026-10-07
5480e1eb75ca9d8a5a126d7d0414032c,2026-10-07
f74720f02ff93425c105d8cf683e4141,2026-10-07
e38b959a420bca504f85b86d14839433,2026-10-07
7dc657cf10e515ceb467259b7cb2ffd2,2026-10-07
25e0ad4b0ae9ae3b3a65012792256d06,2026-10-07
bd30579fb64671b4f3d60aede6fae2ec,2026-10-07
14023dac9b813beb87eeb12434542bd8,2026-10-07
2284f4bbd433919c75b0d2ed311c1c9b,2026-10-07
cc8f848f06a28a19c21e942d2bc9778b,2026-10-07
d36a996dadced88ac08489f563208980,2026-10-07
c12b50457228418b92149f51fcb41e80,2026-10-07
b96553ef416189e2686d45c419ce5b22,2026-10-07
896d0efe345cb6ffd08b12c6997cffc3,2026-10-07
29de828d61ccb61bd5232efde73c1d5a,2026-10-07
53f8b655cae824619bfb574f27000bcc,2026-10-07
72824aa9e1a636b15ce059810f9224b7,2026-10-07
d0a3b56f536330fa0779e98eb4c4d0bb,2026-10-07
b8ed5a6fcff7a8b0cf93f014eb47da4c,2026-10-07
9787085cd3cc3d4e08483555f5e3fb34,2026-10-07
919eb44ebe43b7f64b17c8ff5be5e42e,2026-10-07
19d7af9a592838539096ca4d0efad313,2026-10-07
e1ba1f74a27c2ca5e2654bc8e6d0d1ea,2026-10-07
498da70cce052c5d902d90c9090fbe64,2026-10-07
59c5a1f7a2b5fcaa1d2f9c9b12b7efa1,2026-10-07
41bfcaee9014c84f90992ab4dcce9f54,2026-10-07
e60c473e4d530d8b952b0012699b2f79,2026-10-07
24512d6cc547baf21307f32d0288bad7,2026-10-07
d33ae623cad1e40eeb9843622f7f71ad,2026-10-07
940f7799ecb74df7a088c15c59d0920e,2026-10-07
e8e94fe76ee4328a7f82749977512135,2026-10-07
b3478e8479756f90ffa9625cfe50f809,2026-10-07
9e2b3be58555ba4d1888b23b292b5555,2026-10-07
4d49462cb321fe5c86a3b3c2f9480353,2026-10-07
3f2752d9daca93afd22bfd7d4321f492,2026-10-07
4cd3686565bc658260d2758c8ff177b6,2026-10-07
8826ab79b5274d43c7dfc0d05559750d,2026-10-07
67890c9399866950faeaeaa7ff03e800,2026-10-07
36461761a27768c927c24fd4ff18f93f,2026-10-07
7c433d197647c59cde4d52e058f9ed99,2026-10-07
f6b8113d53e2989a009f68ce6c1ae8fc,2026-10-07
94020a6a0eb6075edeaf8d60617d13eb,2026-10-07
dd31b061732dfcc66a1e4a5cb7b8a102,2026-10-07
e2834cd0c3a04ad5ad672948fd889c63,2026-10-07
e3b583f6d7e0ca6120bae9c0f2ea4602,2026-10-07
acb7752868a98d9bbc4c4f839d39d878,2026-10-07
08f9063d0e1c0af7be159df3c5bd2191,2026-10-07
fe19801bcdc7d11db94032190e873bd5,2026-10-07
747ec3113b7d13843c928f3b962760e9,2026-10-07
5c137d70ba5434d0533e4c3e43b2edfa,2026-10-07
e540ad5f382610b4d01068e9a60aa87a,2026-10-07
71f33690ede5a96dd6af17c4e1cba400,2026-10-07
e6c08d27569de170d697b460a0194e7f,2026-10-07
8d698187c837cae34711e6bf657865a8,2026-10-07
0f03366e59e27ef1210c65a8a17bd6c9,2026-10-07
c26ccd3e111af63059b042b7c205675f,2026-10-07
9e7a286aacaa9be9d7d21979a9ff6753,2026-10-07
ababf2eaa4615aa50d640c73ea98aacc,2026-10-07
fe3fde4fac590ccbcdbe19b1e207ef1d,2026-10-07
5dafa001a1cd56546737e28dcae06a5d,2026-10-07
1b9158af0e5cf3000912502af4fa4890,2026-10-07
a6243a0a35f6ed74a0376a7545b5b1ba,2026-10-07
8933acdeb11fcdb5cd36c67953df4a6d,2026-10-07
3f70d01b197cb8131ce363f00898a531,2026-10-07
429a7da278b2e094896d9c54072c0843,2026-10-07
e0c077197045f2c248d623eedb6d4bc8,2026-10-07
502bd6b0cb6e49e2c1e522b225a6a0eb,2026-10-07
88c39c0e79221f14d301e3db6c6f7cf8,2026-10-07
32dda61215ce729d99ba13d8755a0b95,2026-10-07
e411ef7742dfc04d60f59b8683d3a208,2026-10-07
5359a9a4ebc09cf8381a55645f56beff,2026-10-07
7c8162aab72a656066bb72be1eeccdf9,2026-10-07
168ccdff5b7fbf242d492659c52448d4,2026-10-07
4cbe3baa6db31f665162852acb9020c9,2026-10-07
a1a71b64c30d6b680e7b35060c2eb278,2026-10-07
3c83327141cb577605e8653a196d7ee4,2026-10-07
c5f6de2e8d0298d1dceb7bffe8fcec11,2026-10-07
4e59c3960259309517b7f56bbecc6092,2026-10-07
251784209e39835ba178f2f4b70f5bec,2026-10-07
e5075f2d8fae8e7bef430bf5a0b6ec21,2026-10-07
ff9db5e45dc88f2fa435bd3773c57ea2,2026-10-07
a39216cdd4acb0a446e0f8a1b5aa1cbc,2026-10-07
43d95c6b1515ae134c654063609e5234,2026-10-07
d501914af51e9f6f9f5df8d6743a129e,2026-10-07
8e33892441735856d982d4bd0bb6080e,2026-10-07
59d68a6ff5b7dcb7dfd4a70ae5cb1ea5,2026-10-07
d8310442600ed5cc7b3af6a354fe1a26,2026-10-07
4782230efdbbaadc29a7a3ced099b4c9,2026-10-07
3922e2f4878e885948b5aed6439a43f6,2026-10-07
65fff3e350a18d60c3f000537de2049d,2026-10-07
400aa6540b87900a62e90252e7030985,2026-10-07
9f9168507effc4e87ebfebb484f81430,2026-10-07
e562f1ee0dad58b9678694d89c54f01c,2026-10-07
aa691c6629284eba3b8a6dd236a4bbbf,2026-10-07
5583ed5e23a6b3f21a503da4345a399a,2026-10-07
4c37ec0fc649266402449cad83fb977e,2026-10-07
ec9e936aeffe28e197a1f30e7a6e2464,2026-10-07
33a76321cff250f5ea0440711872dea8,2026-10-07
db71faf39b784970ce116cd375349087,2026-10-07
879449257d6b0658800e7faed512d6ee,2026-10-07
a10f55b50e31e8ca4f789d9c8f13188f,2026-10-07
ba4e2970ce43f5a414a8212324c2f4fe,2026-10-07
62b3fe2aceb7730c0b9f28dceaa03211,2026-10-07
08dbc3eab4dde18848338d5cd2211664,2026-10-07
5a8c6d83a541bed3d79eba7dc11eca14,2026-10-07
01f87f6a72a020ad5180bf17e0716d8d,2026-10-07
4402f0018e707b09670507ba24924f59,2026-10-07
fa190b6d2621452663002bac73742b8c,2026-10-07
dea17efdff0f32b5613f7c1926b6882e,2026-10-07
1154aa346182cb6ecfebc6a360d509cf,2026-10-07
cbc0a1ea5a139a72fef6539bc0900fa9,2026-10-07
2c88773f9c4b7c07ed7a4aa7787da3d7,2026-10-07
fc5e74e00a76a3b785c1346427e80c47,2026-10-07
4d902777a64dfa089842e22328be7f89,2026-10-07
08bcf2e985e110ac90f6766fc27d39ff,2026-10-07
0868bc92398bf60458517065357f504f,2026-10-07
84bdc700f362d20f11c207c170e4861d,2026-10-07
d3af8d4701782799c3c601a6d088a6e5,2026-10-07
3b2eda8d9b88925cb358ed6ef645b419,2026-10-07
4e22267fdd71c770f84ab2c41695f963,2026-10-07
97ec6e13622c6192e950b611837bc6cd,2026-10-07
933a0ca1a67fc9ff7502d928d7e275a7,2026-10-07
c61526c9bcbcd9459ffadc4f79547866,2026-10-07
35fd8a57853a71d48b65866be314bdba,2026-10-07
7ad8bbd18c53c5278348926d13e437ac,2026-10-07
9ee91e746e16d603d20a50cc2367f999,2026-10-07
3b42dfba878ae3efc5371794c369fa17,2026-10-07
fa5c04cbde530334a9996b22d9d3bc8f,2026-10-07
a8b96fbdd2dd0486731cd1aedd777c52,2026-10-07
4ffce4e271b0eb68da31e7387eec49be,2026-10-07
c71039d031553f1e9f036317722edd1c,2026-10-07
786762d27c3b5caefc98c1851e4526f9,2026-10-07
4193598efbffdbf3e9638615d0b97afc,2026-10-07
32a49bb47e6cdff590953ae1fb38569f,2026-10-07
73f8d744e812f70e2d68e55221ca6e7a,2026-10-07
da85a3cdad57601133c86957572a10f1,2026-10-07
f07d61df0a9642043934c88db1dbf0d7,2026-10-07
358ab99f1d6e69a55de9b2d99e7c6283,2026-10-07
4c7b1aedac44dc38e8f14d0ada860805,2026-10-07
af566b4071bd12f8ab3013fd1905e2a1,2026-10-07
2ea4f4fb0106dc905035f4599e3a099a,2026-10-07
67fb30069a1403a8f0c97e2ad22fb257,2026-10-07
e4d3cf0d3dad3619950a4dd48bd4e2e5,2026-10-07
7c18e0e57a6e904f715ead4fa6c7b5b0,2026-10-07
4fed3c3c124226c1221a5de392a03b4e,2026-10-07
03532be8bec476e7819421e96bf27f31,2026-10-07
a6414604b7f12b74a541fa93d7a23494,2026-10-07
7c3341cd2149bf7f9aecdc46e4e1c808,2026-10-07
0ee93ef8ebf15372c5f39b3eafe4a0c2,2026-10-07
1b7dcc1141dd55e318932fcfd7d0c223,2026-10-07
ed84b8c9eb10eb6579b5c7e4a40c2ee6,2026-10-07
f47d3008bc09cd7f1f83422afd34b668,2026-10-07
b93171ec4d9248e187891d032c5a1b40,2026-10-07
4a0d7630af887c596ff3fff5e2658fd0,2026-10-07
7f23362c42dd00765a1cdd48bf1a1aeb,2026-10-07
31a6c784e09731bacf6a9ffbbf4ce1b2,2026-10-07
7665fc726e44d9a6191953b3704b6eaa,2026-10-07
c72e9ab19ecaeb0390a7449f023201fd,2026-10-07
758664472fea6078155b7aec2be5a07b,2026-10-07
05f3a1ff45da965ca2a63c8e945a4c44,2026-10-07
88da63f779a17c206876d083b9a2f43b,2026-10-07
30083a8bdf2fa777215a249f9af115a8,2026-10-07
385529785f97abf25edfcd98c5b9fa1a,2026-10-07
ded015c0e6064f318cc5695bd756ab5f,2026-10-07
da50f7310e7ef9365b71fbeff76fd12d,2026-10-07
1320a665785e9990b42c47087e5c4122,2026-10-07
9da6d8cea91e70bdb5a0408d57846d30,2026-10-07
a06d16d59f38968922f6ecdf93b02069,2026-10-07
dab3cd9eedbbd1c6401c0c955431e656,2026-10-07
361202b1312b792d28bf8180a7acb967,2026-10-07
b9942aade8abc9f58524c766b56b9ff8,2026-10-07
8724afb87b59337c6259e3ccbd4dfd7f,2026-10-07
dc89560917fe6370de7f3206e5ffd41d,2026-10-07
c4db449c7c668633bf83cddba4ea3758,2026-10-07
72f6ca42f125d989f850e5bab9759551,2026-10-07
3fb4b77c7280b744b9f687b7811b6d9f,2026-10-07
08f0d57a92f8c2d1214a7b31edac4fe8,2026-10-07
755eb3ce84f3624e3f78810759eb3c8e,2026-10-07
0c4116f3fc781117c0e69ca1f8b897dc,2026-10-07
5a8b0aca54a3018efc7f02ea3f672eb3,2026-10-07
f23559df3a16470c26d2ede940ec15ce,2026-10-07
c8075f390b989212397498f0dfa2d62c,2026-10-07
8c7e19caecbec1f91f1233f6a6bb77ab,2026-10-07
bc806b7cd60d3e809ef0cbc6a1c45515,2026-10-07
508f4bbc52798b56f51e4d0f442ac2a6,2026-10-07
d117d7377bdb87722cbe3066e3ccb670,2026-10-07
dd09bd95f2b77c8f50c02ce13b75d61e,2026-10-07
1ab78933ac8ed72f0b006860858f2962,2026-10-07
ca296e77c28646f3bb21a942b3fe2220,2026-10-07
05e0fc8fa178d5a61564a668ed763705,2026-10-07
fcd9c71d958c1eeaa6b3df7681c2c583,2026-10-07
36929b0a97c143eee25c15350ed3fe6b,2026-10-07
7f141142e77f4826ade0e8a09d088ec6,2026-10-07
ab01fbe719f4b55a36da77e21464ec4a,2026-10-07
115025c422b34c8a7a65f5f10ed6241c,2026-10-07
9ad2ffb87929727c7ceed1567e6782b3,2026-10-07
607ec069336dad90a9d7ff52122467eb,2026-10-07
6d32829fce06b4cab3e501157e964ba0,2026-10-07
8031bc44951597beed298f41fc908fa4,2026-10-07
60168311305698f4168eeebbe9bfd91a,2026-10-07
a2555629d05b222ef27337fcf5b2bf82,2026-10-07
09a58a724a0c1138adc1e59faa2192b1,2026-10-07
e4ade97142358f6111698a13ff2f0312,2026-10-07
eb49c0c13320a551dee0ed9c215595b6,2026-10-07
1393079bc54777c07d6cc50fd81330ca,2026-10-07
f1043c00ba64f43590c5195ae6b8a03b,2026-10-07
aa6fe29b4283191b37b02b3ba3e0e81f,2026-10-07
5b382436395a5a1b178528fc92d10d4e,2026-10-07
ce23bdc445f4f3680b234c9b1a9da46b,2026-10-07
a8bc5bed58d813414a8ad81fc75f95d0,2026-10-07
13690ce78053cff39813aea90d564979,2026-10-07
66e05c880ba3ce15c376fd558d758f94,2026-10-07
c3656d0615d0ce5f78adecca2d81d902,2026-10-07
661b7c3fc3e79d811dc3d92b41915305,2026-10-07
d9be598d4e2c5f10fcdd0aedbfcbd08d,2026-10-07
382d220def4f591b868dcf6ba5e218a2,2026-10-07
50329627a17891404e62ba01c47aa4cb,2026-10-07
b57f5decf30770ef0b048afe0f88603d,2026-10-07
a4a2829fab873a1a303a453d9d36a62d,2026-10-07
c70dbe27a78a0f7ed51bd9af6d2a05b6,2026-10-07
ae4a2a7a8e7d7fae35133d0d5e5e26d5,2026-10-07
1b9add0f8adb8509768462ae9f18ec49,2026-10-07
4cc69fb6713649b9634b8ea82d8a3ede,2026-10-07
8b6167f53d51207fba3da09bd6c87989,2026-10-07
4d5a7a796c5554598fa85e7b9bf18d9a,2026-10-07
1f4cefd24b6c3c634efd92414b5966d1,2026-10-07
f78027037438bddb1d19cc9a61d786aa,2026-10-07
8c049c51e7ab245bf0602821defae40e,2026-10-07
426e8b34b9e8a9a0d047222659502eed,2026-10-07
f440b317701c7713d5db92117239ee68,2026-10-07
a11518b3e9d3cab0f4493d86cb67fa02,2026-10-07
0a27c4e243797e4dc0f5d83fd87f13ca,2026-10-07
c3e293bcb6120b761fa8364781418828,2026-10-07
b471fdb5b8c782f4dc4b0d080aa84eaa,2026-10-07
a422ac74c5cfe477fc7b93c8d87be3ed,2026-10-07
b8df1245a7ebddc80619672ec4caa03e,2026-10-07
9f16f18f6b698004b4c6abd9628ed3f3,2026-10-07
c3a7199b1434df772a691f3747bdd559,2026-10-07
e633bc56b12cfe59d6e16fce940b318e,2026-10-07
186c8a1a513ee78aa2574081585044da,2026-10-07
17e9935c2e445e736917c4355fd4e653,2026-10-07
54f9c68471e92a0f196be560998889b6,2026-10-07
17a4eb6f29e112ab34967055b74446d3,2026-10-07
b5013fa9ee6246f3efc5e021a0ced234,2026-10-07
0bb1f5b9f78f90781ff0c53fd0bb95b4,2026-10-07
fc9bf3c714a7f253dcff108cf98296ca,2026-10-07
f7f4130e228154a0f00e0762ef352539,2026-10-07
0a89972d83a54e26f1e154da97246761,2026-10-07
d8488a2fe65a23963b5a14c65ecfeb31,2026-10-07
2baf183e55c94696110beee4fb59a5b1,2026-10-07
44befa7c6fd375f2fc9e2831e21021fb,2026-10-07
5ef3884f534ce6ede5a4acd2cf87acca,2026-10-07
39b3392aeea5be0fb2c1d1a3c65923d1,2026-10-07
dc8baa1181e7466fcae1433420aadafd,2026-10-07
b8d755989749e8f3ee7fec3897c27b96,2026-10-07
9f8cb18ea80028f9c1af8d9d276cdbad,2026-10-07
3ae6d21b26095bb15a711a485e5cdec0,2026-10-07
4961665d382438b08aad0ebb8eeb0e44,2026-10-07
601e6de73f4e011bafa98b66d8ec68af,2026-10-07
a8e7d0bab26a6624e77cdd4ff73a59ec,2026-10-07
166c0b1998512620bed486d0d2312b76,2026-10-07
d28b9b8b42501200dc82f62e804cc538,2026-10-07
f3ffb9c3c133c2c6d1d6452bb1255b14,2026-10-07
5d850d56eaf2611846bce411f448ebae,2026-10-07
53ac47f5eccf941be37fd2da1438592d,2026-10-07
0052dcf48a62f4fb48f6538f5e9cf6d3,2026-10-07
b94cf1b74b07893d267677062634d686,2026-10-07
c3f732133f08d3d52f2dc5b21de1106f,2026-10-07
812bab38b73e61d1c2be19736ac5d467,2026-10-07
2fe2be9c7af6af6fa74f0ed0e3aafcf9,2026-10-07
1ace87f20b1f3eb4a3b1e1b5772e4280,2026-10-07
8cb5eb06c6efc7c40308fbfc65f32206,2026-10-07
630c0ef025c5e0d2017288909bad4603,2026-10-07
1df37142809ab015c60d1a7cfc8b5b3c,2026-10-07
0984b3f0d12a61e0a86209208d1c9a5d,2026-10-07
bfa1d3ddd54e9d9e0bcc9897908388ce,2026-10-07
f57a45af08fc5623d63388e784a46934,2026-10-07
35db31636429ba9e27086e8639778054,2026-10-07
f1a8471cb8600d281b8367f096107d49,2026-10-07
9004bb16b51c567a1e5525240d58e0c5,2026-10-07
bcd9ac94e53c1a145b054e06e0c328b2,2026-10-07
b833ec4a07182a8173bf7bb587330e5a,2026-10-07
f45e0f9551f030accdb39d80bd849cfa,2026-10-07
50733ec80185a9c3ea2a78e6d8195a9b,2026-10-07
237825f787226415dc17a14a9487d7eb,2026-10-07
d9429ab0d4484614bec11191fae2953f,2026-10-07
a86d1d4202e8fdc43dfd6ae2ce6ba821,2026-10-07
12909929aaacbe1535e1b23f54856c02,2026-10-07
e70faed7c7927a96a6144e30592b898c,2026-10-07
6943fdd3ed8c0da5dfdd5c7274d00ce7,2026-10-07
6d7891ab056c8a65feefaf494e6a1504,2026-10-07
21f7287b148480f7f543aa749e2274e2,2026-10-07
9ffdc4913633ce3685eb2f76ab40642a,2026-10-07
67eeba235ea24b48f24990c4dfb318f1,2026-10-07
7ac37d8cf6746224373b6987de3d0779,2026-10-07
1850b5fbf8e95f5c80bd0d3d38473072,2026-10-07
eeb3af034c9e9deabd08f6362c5a8f3d,2026-10-07
eb7d699c5fde5c5daa1bf00b3e8f779c,2026-10-07
93c4d51b06b8b5d74dfeac38768d2ab4,2026-10-07
b6c445292de0afde57736e20652dc425,2026-10-07
44e12da626cdab60506d76c50656e4f9,2026-10-07
a6542cb075b1c11a31037c89f4e8b920,2026-10-07
d6a20e538e569d52366ca70954154933,2026-10-07
3564cb14848f9300db662526d1b50109,2026-10-07
7f74728aeb3ba8ebf15a76e0082610ab,2026-10-07
16247f41c282027abd4e2c598657089c,2026-10-07
599d878bd4a05b2337372f23fab6a39d,2026-10-07
904afcb54a25b194771e9f7d0eafbcd2,2026-10-07
1b93d21bbb846ddb77e9e3721835493b,2026-10-07
b52504589e3c20acec9b6254300ef715,2026-10-07
c304384a4160f903e4874c75f90fe5fa,2026-10-07
917a4f4a060390c24bd215e3b89e9d26,2026-10-07
51a22a1ef16426ed6f77a6b0326ba757,2026-10-07
c745b09cab96767a596d6cad4e3dcb45,2026-10-07
95f6c04d24fbec91683fc9ff8086ff78,2026-10-07
865f91283d96bf226735a0ef350c12ec,2026-10-07
1875aabd7db7a14bf2782c9c20e5dee7,2026-10-07
0c10ce8b59ebf7974efc419768575fa8,2026-10-07
b577fea90e32f8c9ebcb1a547e97654c,2026-10-07
ee1ea892e85c34421202c4257bd2f9b4,2026-10-07
99d3bc891db19d26535880f9023a66e4,2026-10-07
bdfd0f592dc13ca54bd42e0cd8f75ba2,2026-10-07
7586b0157276399694cb5ca4b3acc7b3,2026-10-07
9cc18483164ff95eff8d572bacd5345b,2026-10-07
203ca71b1fa13fac6c2ae9d0b8060a21,2026-10-07
06eb87e348234dba8474fa3d3353ff3b,2026-10-07
9195d920e2419ddc3d368c24103aca71,2026-10-07
9fb3e6c956fa50d1a897c515cca39b6b,2026-10-07
531b60042c62f2ae74c23c5d1dd3f16f,2026-10-07
76148b51caa2adc0ee7e7e0c93d2f74c,2026-10-07
3f9881e97d67a03e111a893644a770c5,2026-10-07
bc7df3384789ba47b3ccfc8411c2f2b3,2026-10-07
89ddccccf68f05cca6237eaa601c2cef,2026-10-07
ebbd552d45b9817bc9ee2ce5a31e7388,2026-10-07
ded981e5adb6e46c2840725257f61e95,2026-10-07
c8f20e973d9a4b5f8fcfbd6863fb0c77,2026-10-07
96053b8af7dc68ef6574634f3696e836,2026-10-07
0451c8e512f4c68588456d8abd5b17b4,2026-10-07
ba19fe1f69f1345898a3d6304deff9c9,2026-10-07
0b7119b4ae754a4b57856024998db863,2026-10-07
400edd0d64986f1dbb2b17f59b07526b,2026-10-07
07169edc687abe09cf675f864f461508,2026-10-07
70288ef83442f74ee417d5019176570d,2026-10-07
52451341402ad607c0952a719133a394,2026-10-07
af9603c543921d85c22219df4297a47a,2026-10-07
953addec97c61b6992a816205b7ee7cf,2026-10-07
3c1fd0a6792938ff9bc227611308bc07,2026-10-07
0a5da783bdae9bb9657e23872509e77f,2026-10-07
3f9f6e5235ddc4df2c9792cf5743579f,2026-10-07
876890410c2ea5c550a32c0a09c35288,2026-10-07
5724c065644db000eaf65ebf8333ce9c,2026-10-07
172c3fc9b41dba8d15b9047a91e1a4b8,2026-10-07
aa5cc39bfc40c60dabd89e9f098396a8,2026-10-07
1da672c6608dec8d31c01903fcc796c7,2026-10-07
4d4dc963dac075817578f6f509f5fab8,2026-10-07
79ef5b2ea2c5805792f48f05087a9e01,2026-10-07
b800fd36a7f3dead10886bf429c4230c,2026-10-07
b1d8297f12ece8f8b5dd6dc316217140,2026-10-07
000c0a95bcef305d30b065aa5b0c60ab,2026-10-07
b956e38a95b0356b77ab0430d75d465e,2026-10-07
58c19f13fbf3b43e4fafa99b87b436f1,2026-10-07
008326e5fc2839372fbc0332de14a4c5,2026-10-07
c520023d7a9222eda53185872b970116,2026-10-07
8d2effd53789a18e8fc888efc8fd3582,2026-10-07
019183f637f0a9a0cb1bcaff65905e4c,2026-10-07
817b3ffe534707a47b0071fe00ef911e,2026-10-07
8c6417b458469a3122bd0190a5699ee1,2026-10-07
f26a12d6052082e67ab08cbbc03e74b0,2026-10-07
6d2b3add6c493b070017b27e0ce65a6d,2026-10-07
661e17a3248a7a64bb9e0dcf568f1636,2026-10-07
587c41831ed83f139d906ebd1e81e672,2026-10-07
3cc8c1fe492c1b0216123f841a460804,2026-10-07
48f75072b1a41ce85748841933e8d158,2026-10-07
c9b28292b36564b06c0354fcb98cbd01,2026-10-07
962794ac9fb30555e25556bf4aa240de,2026-10-07
1cef33c0cbb4e4ff97132a89e92b80b7,2026-10-07
d5bd775d6ddc5a90c33d6b91cf648df8,2026-10-07
40de85c4d898708eab45947dc78cde07,2026-10-07
72d2f066ea683038c78b9a46600f85bf,2026-10-07
906ba2770f7f89a8807c663aa7ea1f0d,2026-10-07
1cd151df038dccb2c3ea6e0f4efcb9ff,2026-10-07
a664f3e0f65c319de74f1d7724f602ba,2026-10-07
f1a0c4dacd8c7e4b8d018c8c49a4fd04,2026-10-07
ce472a23f7369ba42d32c9c2872b0f2e,2026-10-07
dcce57a4ed88a3a5d5c7cf24720a6aff,2026-10-07
39d0a92fbae7db2b272a54ebca213fcb,2026-10-07
d2357e674f635a8e0b984c2c86f1e3cb,2026-10-07
76808654bcd46d79017d76de4b7da364,2026-10-07
71ea802ea187a1d0f3b3e136e4964e99,2026-10-07
5421f986fe6c1e6e8ff09d770db2b938,2026-10-07
e67ba255dc60d6bb8ccef6a4e71784c3,2026-10-07
7e6383daf19af310cf2c7102bb174cd9,2026-10-07
475f8c696fb2bc8c99373be2ad34b141,2026-10-07
ae1917bcea31af9d1573c0942c58103a,2026-10-07
505690d0554ddf6196034a4bc73239d0,2026-10-07
9ee185353b53328fc7549c1ddfbbd092,2026-10-07
1b9e5169eee4ee5b608a8087615b4279,2026-10-07
6271bf6e2bf399bb11654bcd5f3a7197,2026-10-07
16c605781b1a3d3038485e454336ed6f,2026-10-07
3ff25c6516b561187e55dd8b19cf0866,2026-10-07
8a8231069c63ebffe5dda2f31ec7e00c,2026-10-07
ce74da9b98132985ccea10782c8d9c69,2026-10-07
cd271d4366bf36824049cfb8c78660af,2026-10-07
53f1d92df95b9386501c83d9466640fa,2026-10-07
8637c98a8c04cc98d5242dac2c85da6c,2026-10-07
cc181d0902559e869bfbaced2a35cbfc,2026-10-07
fc64608790912d8bbbfa123f558d233c,2026-10-07
2b602d5b64a03ba76dddad83b097c1fe,2026-10-07
ab0f75b02e81b4ae9bab614d94ec3030,2026-10-07
b5c2705dde4a0e9d985fd46862e3b1f4,2026-10-07
1525c4bb7642193705b8d23c341d29d3,2026-10-07
af1573141deec8dbb985dd7ceb9bb201,2026-10-07
434a0563342e599a0f200cfcc70658c4,2026-10-07
16f06ab8974fc07a51430f5db67fcc2d,2026-10-07
c2ad2a9ac025cf692fc4f26a9b737fca,2026-10-07
7d3757349df99b278e46d833ebb7d897,2026-10-07
ddf387871fb3b395b7bbd5a84c735075,2026-10-07
b05e977482e221036180668cdb5d9fc9,2026-10-07
0e2b6be60b450ef2a6dc05435c6bd188,2026-10-07
5d9abf5b1e8901b2d0d0c85b3389766d,2026-10-07
19564074fc6399ec60cc51492414b5ae,2026-10-07
d69946375b0fa9aecb0295c85e00d56e,2026-10-07
82749f4d309993c641ae5593fe908d02,2026-10-07
74b5d6cbd59de360461973b3589e8513,2026-10-07
18cf3ebb795e56c3495a9730b46adb7c,2026-10-07
33d9b63c99b4b1f69e678e3bdcfb5a4e,2026-10-07
15bb16f487349555e222570528ff414e,2026-10-07
08c7133813b93c08dc85e3a308aa16ba,2026-10-07
8f554ef511ebc62ca4e2a440b99ee6a5,2026-10-07
ece8bc9a90dae5870382e3266dc5a133,2026-10-07
a4466ce15ef52b8de11f3a156e4d5e0f,2026-10-07
2685c53b65258c73f137b7a73b77911c,2026-10-07
9ca3d25801219ca0f60d52bd115108ee,2026-10-07
d7ec693d9d6cacadb2f3856bdebbc377,2026-10-07
dae9afb15245cc3ffc51e111e6b94f76,2026-10-07
84509c7b8a6fc9debcc007b899080881,2026-10-07
cad1123ee686378510352aeabf458adf,2026-10-07
b9c3542db52897aa720348cedec5a187,2026-10-07
089b35e0715198c863b10588ee90b370,2026-10-07
893c4e462bb064b2b7d4da5b8fea20a1,2026-10-07
8b8babda2b51118407e275ad3edd9f2c,2026-10-07
1b5128b2ac21c5fa380f604a380c3752,2026-10-07
bf4d2f3b72bc4b01b498a8342a8b4d5f,2026-10-07
47ce50d821f9fc1cc8462736cff7d1f6,2026-10-07
220cf72602974deb0d82d3e25413ee7b,2026-10-07
6918e1910cb661342afb39ac5926a99f,2026-10-07
f602093da914bb395fe28928a640ecfc,2026-10-07
bf4298c5fcdefab7c50acc40793cb178,2026-10-07
46a3bdcdfac810d0619dc0931ced2222,2026-10-07
310bf9037b034760e51b030e58319f37,2026-10-07
f6bada88cf4d27c81c499a3c1c47bd7d,2026-10-07
a1012e8199fdcc2c44138db05a948072,2026-10-07
487157c9b72696f5c14843dd521bc45b,2026-10-07
877f040049249ab12811d374c1c21dc5,2026-10-07
c7d16352b0302da0e1af99128a4fe5a3,2026-10-07
d0770eb1c9d27c752d75cb9c5057fe78,2026-10-07
ad3926822dad564ee406ce7155b05109,2026-10-07
79d48780af2faef5362e3af8e6109ed6,2026-10-07
35d334033264be7a8c84926d52e56b5c,2026-10-07
60c88446eeff99762b6d78708bafb0fc,2026-10-07
8705f6e8d19247dce9e598dcef35b72a,2026-10-07
eacef058e2ccd07b73778f615017be90,2026-10-07
0a4dccbe354f8b4741811b525f1a3d6c,2026-10-07
f1fc18e6a1ec0527be69a77d6e0a4fe2,2026-10-07
0ebc01dda0ff6d068023795af2bf9c39,2026-10-07
f655c33208068d2ed33e86a8b3f668ad,2026-10-07
7278b3d54feddd7647373b522f8df4e4,2026-10-07
42d6f6acc4b924855296ac64bf0016ce,2026-10-07
36512b59949a1d95fab3795f49dbfcd8,2026-10-07
c0dec9cdac301140d7b28ac0a1ac8842,2026-10-07
a7b3ecbcb79a81ea42c59918f11b211f,2026-10-07
45741df5368df2ce522dcf1ed8e0352b,2026-10-07
27d6c25c3580504a4ff6f1d4041d9f53,2026-10-07
e82dbcd31bf1853a5c27e2dfae881542,2026-10-07
ffa7c3eb007c733fb3d2f43bbba4758a,2026-10-07
78202cbe6b91983738c33df73a1d8ab7,2026-10-07
3ce4150030e6ffa538469f6cc7767128,2026-10-07
d143b79e1aba7b492e7252f44738ceb3,2026-10-07
f28ee30e9fe7e50d748550daa3166058,2026-10-07
a48c3ee76fa1b4bb28509139029180f6,2026-10-07
1a8f6f61388576da3756dc3a282c07d5,2026-10-07
953f22155f0e929286b724c86322e73c,2026-10-07
ed612184e3d49e91d7dd6f1f2011e5e5,2026-10-07
629de6585c0c102469e30ca958ac33eb,2026-10-07
057a25f0da4e37248335c8aefe8a0e9e,2026-10-07
33203f8688d4629bb4e05e7b7c1e5bdc,2026-10-07
8112ad03ffc78bc7c88e623e1127e922,2026-10-07
5d60eabaaba2ed596b421e2784b8c015,2026-10-07
125dd9e03fc252553358269b059ee357,2026-10-07
4af5fb0f4a4f4c5af553355da28236a3,2026-10-07
90ecfb100f6e5891eb761befa22621ab,2026-10-07
1d1c0289178788b3c1f20c01f509f56c,2026-10-07
00bc3dabc63ac69af4e360251abd27f2,2026-10-07
d1e96e20275bbe211da624fee22be21e,2026-10-07
c48fca0e536cc051babee7fd17c05ba5,2026-10-07
5bff09718dd558575a09556e3d5bdd99,2026-10-07
7ed5d4c410d397ac467928a5efa65d3c,2026-10-07
f1f36fd3b80a822f91273edbecf60c47,2026-10-07
d4c52c54c59146db5619e2a5425f4885,2026-10-07
abbd80bfc66489a8dc949d69b444e9b1,2026-10-07
4f3d1421cdf8869f7c8a019437a71d22,2026-10-07
3f6f88e229930d0823f0d9241a37f7cb,2026-10-07
e53e46ae925c3b00f123f97f3e95171d,2026-10-07
a0896f0598ca7b23103657cd3936297a,2026-10-07
9c2a4399dd8079ad3362ee7d9d55046d,2026-10-07
b302f7d31316996d73f9dc59a0a1d80b,2026-10-07
d211de27940a0000a3333384d1cccefd,2026-10-07
39980ef76d32928c32f37a7cac6c3194,2026-10-07
83bdb8dbdc3050f597e5ca064bf3ddc6,2026-10-07
88c6a2f4c4b9a7ee30a7aea6bfdd4ab7,2026-10-07
6b07ed2ced0a17a9c44c3db6670ac602,2026-10-07
c16a0e0183f0f789f3f3956411c3014a,2026-10-07
21b88245cc26443c194eac6b20e43e63,2026-10-07
8c478b82e085814b592d4a14a6e9c188,2026-10-07
8afc2d8b698aec02a3a68ba94ecbcb93,2026-10-07
2c346a01164a2670c8fb2c9c2f0d4e3d,2026-10-07
eccaf27350e39e6d01bc8ce0b14f7dc7,2026-10-07
c6bf87cad0bbc303734be56fe5796382,2026-10-07
9298a70fe873f8292a2e02219ad18993,2026-10-07
64692d2e43ed977d710cefad95770f27,2026-10-07
42ece0f71aac922a0f0c6ffc63a50912,2026-10-07
4a2704ee87e3365c56494bd38092641f,2026-10-07
f59780506cf51c6129cc4c46f97a0c7f,2026-10-07
8647ff4f410fce049ee769132be8bbae,2026-10-07
41e4ef1b35642d320c036ad9737f5879,2026-10-07
a9dd542a932fe183deb78484bf0bd0ad,2026-10-07
2d9d7da58e675da9dd484c4497401c48,2026-10-07
1343a89129b51778b55db6e7df4c0694,2026-10-07
b2af59506a04ce4096167773143ef2ce,2026-10-07
23d666f8e2a00575ef4fc4658111beae,2026-10-07
1ca90c9fa2423ce4201a3c8ac011c3ad,2026-10-07
8263d5b560e802c82166df0be9121b29,2026-10-07
29a4cf5284ba9bae940d41d9310afc53,2026-10-07
0ecbfce4e4d1ab280a5a2f120d614f14,2026-10-07
1a0e922dc9317633528e529746813ba0,2026-10-07
6446fb38aaecd9ec43a95251c906f9a4,2026-10-07
f9f5295c423f5d506387e60563b70418,2026-10-07
9f590afe7339b5ef94dbb375266f50bc,2026-10-07
6e1bf9be69e9920fb8248e9201497001,2026-10-07
aa1aeb08c9ff14b4b3ee05acfe888b66,2026-10-07
d2d8da430262c9c603f46fb05abff403,2026-10-07
4a68ec3d231e47b77340767101a79d08,2026-10-07
b326bdea13a4712c20ccfbb8d75add62,2026-10-07
3038f4bb0b3e8cd6eaa6541901ddb439,2026-10-07
057654ee544fa854b0835d6d04b0eacb,2026-10-07
be276f25f33355469e334924e2f06d11,2026-10-07
89fb3dff13140b00aff0e5de9f064a12,2026-10-07
7cd7be5cf7b00cbee78bcfc5ccf50fa6,2026-10-07
018a22133c4421ce32ea6e471ec9cdbd,2026-10-07
c2e974225f2afd2c35c2747dcb5b2130,2026-10-07
4932082ca06e284b81cd11fb26eedee5,2026-10-07
32269fde1010e35c2b38e066aa25d5d9,2026-10-07
bc4bc3bb67d99bb642927ca321ac16a6,2026-10-07
4415a401d21b5249e77e63aa6d7833ca,2026-10-07
fe43587a526b760571ea484636c11753,2026-10-07
e1ce2dbedd94408417dcd688bb72b5f9,2026-10-07
da9706215b2b9bb664050b77a34b0c55,2026-10-07
5eb0f8ce32c8915b5e45a2c961f9453d,2026-10-07
3d98f88f0c10fdc9c7ef54ae65b2dcab,2026-10-07
819a957375c57f5b686e68bfd47e08ff,2026-10-07
aa30d6a7c86af1813608c91bd50420c0,2026-10-07
9b6f8f632eab1a585cc93447a11f1c8b,2026-10-07
372c31915e0a71d955ebe0e1c463b6c2,2026-10-07
0e2771c498330b5918b7df7a1d6f988f,2026-10-07
77599dfbe89f1dff21b4e98687b7228d,2026-10-07
1c1ddfb8487229be1e6b9ffa18381616,2026-10-07
46bd8631e9387cbd2fcea9b1814099c1,2026-10-07
ec709abaf087b18273632d08d0fac071,2026-10-07
debeaae6d8858b76fa9d53a9952b7db3,2026-10-07
56d4e9acc563eb5359d1184db1e44b40,2026-10-07
68f3e2cc129afe201492af1cbb9ba020,2026-10-07
f91478f2ceb6fea876c21600834e1296,2026-10-07
7ea628bfec0a7f23a0ac5f90f866c60c,2026-10-07
c8c47c0774dae8f7ddcbf5abf6ec2abb,2026-10-07
7a82624b7d6a7a254cba983faa045417,2026-10-07
2a27e7b83d5d0371f13b521da0c6f682,2026-10-07
b5b0e0710cd61735bc78cc63b4db7e9f,2026-10-07
34ff303c11f9aeb0db40d32230c5dded,2026-10-07
63bc06b12c19e0110c75fd05e85e05ec,2026-10-07
309633a42ad88cb6fe1af441afe545b3,2026-10-07
e424489ae8f852ac5c39deed87d154d5,2026-10-07
7efa00650e5f345c0abd5c8665dfa750,2026-10-07
29b8fe72749deab83b9412e388eb808e,2026-10-07
c789d478578c1315a0a0118108a63378,2026-10-07
bfa56214ed88a5bd9208011c018ea11c,2026-10-07
70aee8f4dec85c74178dfbf1631d6fff,2026-10-07
7c6c2199c0c49080fcbde02028d6b068,2026-10-07
8dc3039a4c3e4a9fec1cef539fae84fc,2026-10-07
701a4f8b36d33ef2c8d05bb04cff85a9,2026-10-07
298498432555e07bee2f468ffefd1452,2026-10-07
3eeaa63138d7bbc1fcd4dab5a4fea913,2026-10-07
004d71ff77e3ac7ad211edbad82c22b2,2026-10-07
3f3edb54a9f7af7aa519021d91de4d4d,2026-10-07
9bb92dbcbb9e9718a50a3c3ce74f61fd,2026-10-07
e9420fbbd7d6e7f87698b518392b1875,2026-10-07
e3cdf92064b43268d1094390006b8bc8,2026-10-07
d956892491757f07c91ca5a1955e72e3,2026-10-07
e7935c2d4dd671fd261ce164812be6a4,2026-10-07
6156f6d900f169858c0b421d0e731404,2026-10-07
d0de3fb0c93fd6d0c25301e4be776877,2026-10-07
e49d7ba66e0e05b95f57653b5939e3cd,2026-10-07
acfbfc130a93223e46b6ca5595ca53e5,2026-10-07
5b2cc473b10196140ae88a5a02671c75,2026-10-07
eafdf08da9cdc50680c8a067dc158f99,2026-10-07
e133d3cd8adf5bb4596ce72cf8ffcbe3,2026-10-07
dd8897a6b3ef3279844c034e9c3103aa,2026-10-07
bf6881a3c382c40fe0d91f7c8b720eca,2026-10-07
923a90b3d96d938a9f62e8df289f9c57,2026-10-07
dbef94f0eea105ebfa5a8a7fb89f24d7,2026-10-07
59717700e9ff09ad9f71f5217f02e950,2026-10-07
d72fccef17256717f7edd388e392d29f,2026-10-07
fb8768241421b3a8cdd26d550798e937,2026-10-07
8d3b2e65b363f967f2c8a82d6a0fa2a3,2026-10-07
b54b8d73c7ba8f6b1a17b3df7b3befaa,2026-10-07
c395209852161cc22e8cd370296434da,2026-10-07
3abb337aa0d5f0ba6d0d23de23116606,2026-10-07
042d229f0932820416ded077730d6e40,2026-10-07
6cde1b245854da4a6b25d7510502ce34,2026-10-07
ea2c3a3bf71c95d5d6a069ba62e2b987,2026-10-07
10131248b864233e0115ad98d73dc803,2026-10-07
e85aaf1f73fc8b4c54216cd3a73be73d,2026-10-07
f058bfa0fbe919f9922950d514cb8189,2026-10-07
4389dbe8e613ab27f39d593ed0bb5723,2026-10-07
309ff28c658bbea7e7120ed6f8ec6d9c,2026-10-07
41ef7950c9aeb084fe9ef3a4d3bab95d,2026-10-07
479025ecf905d029c44a90ffdd862df9,2026-10-07
d3b6d1ee063667598c9ed98b28d92fc8,2026-10-07
3faa00b415761eec61a0a9347fb4ab60,2026-10-07
0889a73da7365796433946edf69cc12e,2026-10-07
e399c4145a5ba8eb70582adb6d05850a,2026-10-07
7dbcc8aee04d14ccff04dbaff1a2e4f7,2026-10-07
9fdae6ebf7eb83841a329b8b1380cea4,2026-10-07
0bbed9d9a745f7ddb619b0f0136fff00,2026-10-07
822fc06f5c58dbabb732a4b1fbe3f48b,2026-10-07
1c2bb452858b2df57e80e4351b3a94ca,2026-10-07
b510e7407400ceee1d1913cae27ea87b,2026-10-07
a6652177d53e0729825a5f3986420398,2026-10-07
ec4deee49d7bf9bd40a3527580b661da,2026-10-07
e3427271a3a10c4fe3f0c21c44d22a3a,2026-10-07
1137e6fb8198347f1be35777435e3cb4,2026-10-07
4da3f01e1189884972fcb61193c2568e,2026-10-07
35e3d25ee22798c2b23061be279d38c4,2026-10-07
6a9fdcdd071a4a179e4926cd16b347db,2026-10-07
9c7d45e65e16dad66f18e861d43dd8ed,2026-10-07
ec51ded4b4c75451f88ee79cdc8268fe,2026-10-07
a5268490884cdda96963345d0951d750,2026-10-07
1908709cd5965b305fb660d9663c11f4,2026-10-07
90793189d1b2344ad7a0bc335c0b820b,2026-10-07
a057a9cf0903159a53184b18b0ad9101,2026-10-07
22ac891b3ab1420cbc1cac76721c5132,2026-10-07
7998cef6f79cc6e37cbba48f19768000,2026-10-07
8f69af7dd5b3262915d89bbb6b24b704,2026-10-07
014cd5a686eaf7d12432f06c1e055a18,2026-10-07
f37c9c9e9958c4bffbb71b2029b06518,2026-10-07
6ce310cadd207f7d6bcd42b726414a0d,2026-10-07
0e97a52acd45127b8647aa94ad90d137,2026-10-07
6f1ffe5694f4feedd835f9652093ec39,2026-10-07
cde1217ce9309ef7823167d66492ff84,2026-10-07
e8770c8ee1cddf117eaa0fc0365b5354,2026-10-07
f81b0c14ae1dccf5a0ebc8f8134984ae,2026-10-07
d16d1207257fbf59a08729a14517958a,2026-10-07
6e31b789e5cf542c64e3cf09febd6e23,2026-10-07
5c169383919a0a964dea9ed319ed5dd1,2026-10-07
f4e556faa86d4ad871825fbd22f95ac8,2026-10-07
1ce4a7a8dcca1917723b4fa85162efa5,2026-10-07
dfe6289f2711f6ed2a79aa7893306082,2026-10-07
dea7411aa468d538cdf053c4454baad5,2026-10-07
042a949518b343eea4ad24a3fd2e7f3e,2026-10-07
b4552618c999f8e26445908f884ee5e0,2026-10-07
9da74a616a87cdc35e27dafa726c9ab5,2026-10-07
dda7291283616d15a6063648c2cc0966,2026-10-07
238bf62043e0e24c4528ec24a9bc2de0,2026-10-07
b32d3faffb67ed2b22d7d49014ee719e,2026-10-07
bfe44ccbabd85c10f7a0ff250e386dd6,2026-10-07
21685002811318c48250b2cfb053034c,2026-10-07
282f6f2393c1c923750541cb3d93be8b,2026-10-07
bee359e77be42aba08cf3f7ba4d824e7,2026-10-07
4c6325e1d02cbb4f05a04353b85762c5,2026-10-07
7a261407a769c8d9bd73334f809d64db,2026-10-07
0d09b4e92f494743891048278dabd6d1,2026-10-07
5b0f7ccc728bba0372219cb1f03ddbb0,2026-10-07
60152307eb3ba90246ddc06c17165353,2026-10-07
a26f11595525223593839f26360a314a,2026-10-07
724798000f1fe5f4e912c05d836a9141,2026-10-07
6e9d6cb5a014b423763124f585c9fe9b,2026-10-07
cd70f776829fdfec00db020dfefc037c,2026-10-07
2fffa625e74a9bd356679b9a92637468,2026-10-07
d15737719aca3cfd0cce269650743fcf,2026-10-07
df203f36a4e4295c8edb0d9391752550,2026-10-07
722e18c7833c4a6d38282f33a1c4846b,2026-10-07
bd91e2cbb653068ea01da5b8c2f68ade,2026-10-07
07ad569868883bccdb267b6ebb32946f,2026-10-07
869b9c48303c10d023f7db87c3d46291,2026-10-07
f92c7c136cf0da4525a7e5d062d48ba9,2026-10-07
84b2feed66e619811d371760f02d54e6,2026-10-07
bf686f3c6c0d4e5465cb68bf81c5e188,2026-10-07
78d02cf1ee69b310e10c2365518a0bb8,2026-10-07
85e66796f0072aa1198ca48c0c3b8518,2026-10-07
40d9055fc3ef411664a3d46d3a3981da,2026-10-07
5ca3b3b2d9f256ed43c99d048f0ebb48,2026-10-07
6dbac69c3babc4582fd32faee58b0f14,2026-10-07
c56efc91279c7a9a38baea0d2992a746,2026-10-07
03621290bffef69567b4fa0428ccf2e7,2026-10-07
dd2d3feaef5167d9a16f484fa914cb71,2026-10-07
a43e02bece2a522cef2b63185a9f0fea,2026-10-07
c51f999516f1ad51416ef320233c49d2,2026-10-07
7a40d3673e6c05ade4fcf59ba8907894,2026-10-07
41ed78f6f1fa0e299300fb1b908721fe,2026-10-07
fcbf41437fae6d214efc846393f277f5,2026-10-07
17f17515ce44b8866322c5eb9956b423,2026-10-07
4b8c874c84bd6c269046c93907540cea,2026-10-07
f53d5ce023a2cdc278ba17397c7d9309,2026-10-07
e8ddb84fde4b79dabe04d79b66e68ef0,2026-10-07
69db646b22cbe29d44eb8b33e3d2625d,2026-10-07
a102ab5f46d73ac5162e0c564744929a,2026-10-07
15bb3e6c0ed0da4e92e1b0b1e936f113,2026-10-07
a76cd61be526aab2f7b0e0591d066d1e,2026-10-07
0b967db4cca27f7036eee60bfd75812f,2026-10-07
2fe2e0b0dd8709076a6722a18c3a1316,2026-10-07
2cc9410d8ed8cb7f8d6fd2b614927041,2026-10-07
e16249256c2f717481936293dfe3e467,2026-10-07
3a0c93a0d5056839632df4cf51a8e1e8,2026-10-07
42d70a1b0e935b6eac2f80b1823ecc1d,2026-10-07
eb43cc4ba698afa035c6011e296bb9e7,2026-10-07
b3c0ee07fb78ec40d60469a53b6ab38c,2026-10-07
90e6348cfad928137d7dc2d22810d12f,2026-10-07
c8ab38c9d2d71894b5d6ce9f56a7d51d,2026-10-07
f28968634f885e36a25130f9b0a5855b,2026-10-07
be008c3200e3b7a2957961aa5f72baa7,2026-10-07
41cbb735c9d823d1dbfdb360a7eb4f56,2026-10-07
b3870f931a4a20acd2ca934d8fae3a39,2026-10-07
d9d44684d8585f4f9ce87bbc18b3e3db,2026-10-07
9b7eed58dafbb2b8ae3177f2c3e3d828,2026-10-07
deba1678977b0909cd9b4a1558e0a7b3,2026-10-07
1cf6136949244925659520a21e09527b,2026-10-07
e76a7bf2a04ebda87613c50c8bc7116f,2026-10-07
ea2a0034f9b252d8fc566ca73573e507,2026-10-07
cdc1322edd8cdae25be77de6b96d4eb5,2026-10-07
913d22db27716d59ac934cd9e779f4a4,2026-10-07
46528595632e63ccd8307069a83a2b6b,2026-10-07
9c7a0b470676742ecc45df0f076d261d,2026-10-07
df29edd0a8c0ac7dd5bbc603f3b4d583,2026-10-07
6bfe160fdb21ffd0f3610f8e15409687,2026-10-07
ebfe4b9da6563221880280a54c939ab0,2026-10-07
56b90b72c851b828e76c1754f5671b31,2026-10-07
e37784cd8f5b4136b60e2866471e5922,2026-10-07
d66e071e31343afd6f5c18566918a73e,2026-10-07
80a28ffd5ded1840d46dbf1352923b87,2026-10-07
35f8d5b36290cfc14c4ac9b3a176ecb1,2026-10-07
bd3fca59e2b62bb693c3f8aa93eb4939,2026-10-07
9c75f6669f4ab2599594deffe3f82e64,2026-10-07
65a38b96ac292c1afbb415ba2dfbac3f,2026-10-07
f375cb349289f3b61c5eb953914e6357,2026-10-07
10bac7de3f178be4791e1c2634b6351a,2026-10-07
7fdb41d3ba51e19022dd7bc6a37164a6,2026-10-07
5396d168315149c87b5cbbd6c5cb7caa,2026-10-07
7f40de7ce31c21e16155afd21d2a7f74,2026-10-07
248061805d6d9d3e1d68796893de2ea4,2026-10-07
60fec0fa7819c15084292858cf26f412,2026-10-07
ebe6334759014ef5ce0e8f521549c39e,2026-10-07
aada8b105305fe0936bbb8ce3d6cce4c,2026-10-07
9caa6370cb2b07cd857cec72511a814f,2026-10-07
877463741407524bc617f66788ab4024,2026-10-07
ba150e02e42311457e4ee52d6674016b,2026-10-07
d862d602682ef0e888e3dfa089f5b476,2026-10-07
05ba971518cb6d3e9611d6a9a70efa28,2026-10-07
bff30aab8abdfccee496563b149b1188,2026-10-07
2d97f50cfdc48e364d4334bfed76aff4,2026-10-07
3fd9aa0e5e2bbf75ef2d808a2f518f20,2026-10-07
8674075182d10c8e8661a584c95ad16a,2026-10-07
60428de0793e1305850720b85add26fa,2026-10-07
21f6d7c92469fa76de1ebad5555c324a,2026-10-07
63e1e6329271a2b55ae2e12387d8bccc,2026-10-07
fb73030b3e20af7e2ad375e417b7163a,2026-10-07
2dcf4e75c573197d4481f340cfe9c0ee,2026-10-07
1be3987b01b734a93b36e0b9fdd34e1b,2026-10-07
b6410e1bbc9f69a3db852de6eef62562,2026-10-07
63aba86f4a4e0e68dd6dce026a6c220a,2026-10-07
fb1749a83136da18dee9107f512afa00,2026-10-07
55822dca53a9e29b094e80328d1677d4,2026-10-07
66a25434528f3ceb75cf3a968263b8ee,2026-10-07
5bca062dbf9297f53ddc634632941296,2026-10-07
c0b25b1c5b518041e89c9769602c92ff,2026-10-07
58d3f54d939728e1c7073bb9eaecdf65,2026-10-07
5689a103fe5ebfd0527f8405d09207f2,2026-10-07
25f9e5c41c389703fa7b665054180060,2026-10-07
7db07d4b0a4d07ecd772097b8e7929c3,2026-10-07
9998d781f14a1910c622a3f80d47d049,2026-10-07
f1910be3d58e3a843fff4c94da79521c,2026-10-07
07a7365b2ddb171d36ea7b9a536fa753,2026-10-07
6b513c2e6fb9561a4b91e83ddce975e4,2026-10-07
70fbbf6cc437093875beff549784ee33,2026-10-07
786b8f0047ce4bd2bf67a483098505bb,2026-10-07
db501701be3f7417a9a85ca42f0ae0b2,2026-10-07
3f1c0e5571e90d1039fb9e7cf558a097,2026-10-07
512e979db2529f7950d0abdc9c7c2919,2026-10-07
27969354940df0762b53c3ebc96b2e30,2026-10-07
59da2e84aae97ac790fa6050a71854aa,2026-10-07
dfc6a09337ef4f38641365cbe2f6465e,2026-10-07
69ed65f3c8efba277942e19c203bb243,2026-10-07
316b2bf8713fcf2a5954bbeaf2028b7e,2026-10-07
358303375928b00d1a355c1adf1e9377,2026-10-07
b8c0de3a4bf2406791f472f76bfe87f6,2026-10-07
3ae2b2670da896d227cb979705714f88,2026-10-07
7dad411147880c3f9ce58ae6788fafb6,2026-10-07
7431404b88ccfbd1a738fc1bf75f42dd,2026-10-07
ed9f2b4942feafcfd6612c8ab2c82888,2026-10-07
9fcb69d8b635c689d03c4bba17cfed24,2026-10-07
9cafbf2ad76d7852b3befed1f7ed84e4,2026-10-07
a7bc8259934d7cee4dd0ea4e74c9248e,2026-10-07
380f5253af9c53854bc698c1e90262eb,2026-10-07
17a8dc77e3e3cd12e3cd4a527baf6f80,2026-10-07
e5ad430b4b1a6464245aac0e453c9809,2026-10-07
311e4fd112b67c44ea08ac38af98fa8a,2026-10-07
8c809a006cfef160822938553bd1f87d,2026-10-07
421dc4682d5270877e4499ca3a1bc64d,2026-10-07
a6f35879805bf1206a680848144722e3,2026-10-07
b300bfc8de028e3014c2f5d54d857f5c,2026-10-07
262c05457524a300e604464dc9a1e665,2026-10-07
fb25f4aa8b77853a07569801f451d556,2026-10-07
adc58b6edadf5e3e4928dcbcba2ce2aa,2026-10-07
fd3c44bf6229559e1aeac46254018a34,2026-10-07
752787567c5a7ee9cde4111214604f5f,2026-10-07
f891a6f67031d45c65f546cb16cb1202,2026-10-07
06e73f23b076919010a0107e31b1264b,2026-10-07
f4b270a59a14fbfdb3bc3164d91f15b9,2026-10-07
ce0d0e17e0c50834ec87ca276cf14db0,2026-10-07
6a494204be06b5cd89b2e4365a582407,2026-10-07
a450cf41fda91582f3a352d42dcf5c72,2026-10-07
19eadf25396a8c8cf912633b14f1a6eb,2026-10-07
5f0b14785588a00be9011127dfe089fa,2026-10-07
9ed51615d153cfe47416d8788115e5f7,2026-10-07
466a29ce8d74cc62737a93f19ff138dd,2026-10-07
289a6c2b2d9817dc5b6063e944538554,2026-10-07
eb76585b7c12b5fd98c578260bd2c00b,2026-10-07
622f24b333e0673dddddef59cb5e520b,2026-10-07
52ed0ce6cd5192a10c609df557f5f2d5,2026-10-07
f1f8e35674c728702d0d8ccdab432c19,2026-10-07
e0dae044d366ab589d8eec6d48c1fc3d,2026-10-07
87f251cf3384ecdb17f24196e4c3c5cb,2026-10-07
e20e8589a967542fa103bc9d6d2f302f,2026-10-07
04b8eb04bb7667515df8394af2c0f937,2026-10-07
d947aa412268fc5f740e1971e49e2ac4,2026-10-07
f9567e6e38d0b601d0868a40adff1c93,2026-10-07
fe0790cb204ccca06166fd673ebe224b,2026-10-07
063187f77a9e0075a0e7bce8e0ebb650,2026-10-07
733e709062327f0b8bbadb83e31629a2,2026-10-07
af357181ff35ba07b2a7b365f819f654,2026-10-07
aa4ea617f0c8255cf424e9c06051d8a6,2026-10-07
4cc4f110b05e5f0139050a176286befc,2026-10-07
f51fa26236a8ca397aaf5988d0af2586,2026-10-07
8ed28e31f00e0bd4550ebf21351983ce,2026-10-07
557fec564d97988434ed6a9af78b1ca4,2026-10-07
faac8d2de506201484bfbaf1bd349ce7,2026-10-07
ee629cb89951f90c0ade29c6236100ac,2026-10-07
9f9f832ddea753532478e21e3716743e,2026-10-07
65c169337fdb1185938ad8bc31510fc5,2026-10-07
60b6786c1da3a17b58c0d82502637817,2026-10-07
114bd3431531a79cf467490d7fada88f,2026-10-07
2d173d019c20251714e19042abf0f51f,2026-10-07
d6418138ebb6eb09fda74a036ce2df83,2026-10-07
7b46293f7fcfbef9baff2fe999c1f891,2026-10-07
baab4434663b0c0d37c358064e67e57e,2026-10-07
52b6c0ef1b88a3540f73fa64b6d5efe4,2026-10-07
cf8021084d87d1f9c207ee01f31eb715,2026-10-07
0ca6d94519ac6d464092a36084cfec34,2026-10-07
6c84b5600c4feb3c40019902ee1bf723,2026-10-07
0068f5121a95d888c6c87d31c66f0933,2026-10-07
96564df1100c1bcb14225d5c59bb5931,2026-10-07
1a75c2a8302d991265b9c2882d0813dd,2026-10-07
06e52ba1d9cb734df544c399ce8c0774,2026-10-07
ba8728a8de5af0b3a1711dcb9fb9e15f,2026-10-07
96bf4a474add0eedea0361225a33469f,2026-10-07
6a1ac482a3f5080d970c09b17c34173c,2026-10-07
3d9b9e62f6fbd10253f6e5544710ec92,2026-10-07
2d38c9ee48b9703b656e0429487ed164,2026-10-07
2b242d97456121f05b7f1f462dd8af65,2026-10-07
d696696e42d74e253c0b1c777cd2a2dc,2026-10-07
ea26c4608ac00c5aea68373d1dd928f6,2026-10-07
afad653d03466b8d22cdea2e899dd70f,2026-10-07
9739d24be9a17170958f4f68c080cf41,2026-10-07
9debd80b92cf79b53b208468a16af204,2026-10-07
08caf23a7e7c3adee026c8bf62de3dfe,2026-10-07
97d8e983d1437330c88464b59a41b167,2026-10-07
a2f8378c56a9fa07fcbecaa8731225c8,2026-10-07
6185493593abe3b1817da7bdac3ff2da,2026-10-07
4c423eea98c555b12cfa398a878d8d21,2026-10-07
ac9da5b16355d92a6952f5da56261aea,2026-10-07
b48150794af51ed77b3ad11a46f45cf8,2026-10-07
da47c2bee68bd08ef8a9f4952b75af48,2026-10-07
a827e017df6f816fbbe774059635e5e6,2026-10-07
2bf3dade38093ea1488cc7a12d808b8d,2026-10-07
681a8d31fe13cff064940c08931b1fe5,2026-10-07
e0d7849101b05487cfed5e893d9f6a39,2026-10-07
8706578c0cbfc1c8a04704d61d8b63eb,2026-10-07
5ae22e0c91ca8ab047f06e2f3319ae1f,2026-10-07
f236a489eb2a7689e6b8e6432f322ba2,2026-10-07
46d7913a2a7823a45b8aaa1d9f776266,2026-10-07
4da246c35b30df4e6cc8ece9e134f724,2026-10-07
a51517382a9fce2f40256152f4e94a4f,2026-10-07
9a496682ebdfe74c9c0989bcd63672d7,2026-10-07
700f63936299cb4c5e04570066f623fd,2026-10-07
220abc15a14f63d66771206f1e03730b,2026-10-07
6a0875aea38fd6cf6bfc80e13457d2b8,2026-10-07
fce4b53cc4e3b2645c5d25aa134fcee7,2026-10-07
4bc298a1060ae291a56e89cf241ec7e2,2026-10-07
75b5736228eccb51360059c642f91238,2026-10-07
eeb39093ece0e21e02a38035588d669c,2026-10-07
d8c9ea19f5af4cc81d4be03f9edfffac,2026-10-07
b2689816735ac399b74a3be86ec6a32d,2026-10-07
6be035ee434df5bf4fd2651bb28c3ed1,2026-10-07
8d653c1c48979b55bbf6b577249dc1f7,2026-10-07
6c32e63af9ce4344097cbb4303ddb554,2026-10-07
a30f6119f1ba65cec21a95439bc03260,2026-10-07
568bba1387a19f048caaa1cc59d98756,2026-10-07
3327b577762d8c26b4e01f6e9b6672ad,2026-10-07
c7942f19ccf5088f1ac4b5c617cca080,2026-10-07
18eed6699a3fe1201371023cba684de8,2026-10-07
9b59b2c7d6e059f2a009391354456f1e,2026-10-07
8d9d83db75d38049d0aa7b8196453b8d,2026-10-07
b2bee0fa187bfaff070c0b0bda1e3fcf,2026-10-07
5df2f85c776dd1b4c197bc5ce3c92b67,2026-10-07
253209db63318f1de289cabe97247ed9,2026-10-07
d2037f8ddde894c249e6ad026db9d1e0,2026-10-07
b0b9cdb5bc5f39ad622f40b10ea6137a,2026-10-07
03537e2dacabec8b9ea6ccc81e161c5a,2026-10-07
800383440a282a5808738d5f500ff5c7,2026-10-07
120a6abaa0cd9d95c44194bd0b9bcd32,2026-10-07
5a8d7c331959e16ec25d250cca611efe,2026-10-07
9a74772fbeb4101be39165164476eaa2,2026-10-07
d6c3a5a52f7157a50545255e6e7f7488,2026-10-07
529b3d0018e8015668f78967b600d5f0,2026-10-07
f9d633a29b32e796ddfe9b2ec4913ae4,2026-10-07
a072ef28c10b771e47668fb095b83afe,2026-10-07
8b66f651acfd52058b5cacd84908b24d,2026-10-07
543df2b88303697a695ca0ba9eb63950,2026-10-07
32c923389f30951c6b689ed638f4ef8b,2026-10-07
fedd0d573819faaf8a532deed7ee5355,2026-10-07
97d03eb85ead1cebf647ea1fdabec3f0,2026-10-07
85a75ad416d75fc8157a96fb149704a4,2026-10-07
f4bd93f4c27b35a4a6678670519310e7,2026-10-07
37f2011bb10a742ec917ffee32e52826,2026-10-07
819d44de504ecdafa5d2b055614c6c46,2026-10-07
210d3521241061b87b361c163f1e462b,2026-10-07
0b71b6069f6868612c2aea0d052ad1f9,2026-10-07
bee8d6960813278e233180206e389b77,2026-10-07
0a8eee5e4226cfb7b489bcc3de0f3add,2026-10-07
a126042739154939e56cd82e67e256b2,2026-10-07
5c0fb452ec79280a09d67554d58498b4,2026-10-07
cd399985db720cb278501968ad76a110,2026-10-07
9aa5d1ccb3cdbac89e676fd6639dfbae,2026-10-07
d18941a8d3084999c8f7958cd9f6a0e1,2026-10-07
cdf525e5c45e9bcf0ce5efa472ea68b9,2026-10-07
bd1a885301db3e85cf1775a7fc171094,2026-10-07
e906e4b56df6dda7d1350b21ef4dd958,2026-10-07
035a1624fe28766ae2472967212b64a9,2026-10-07
c31011ba7c7d879c2baece4578596e67,2026-10-07
4dc25ae177cc3cc3f62cb9f67af663f7,2026-10-07
11e3419b5cc34965d2ddf87a892b71ee,2026-10-07
56d52a349d8810fa73a1c28fc6c4a909,2026-10-07
7048def428f80533810d8ef3f470b78e,2026-10-07
d716d67c16acd1eb1f68a0fbc1268e2e,2026-10-07
1df25d80a183f66c8418dcaae87680a7,2026-10-07
b31c4c9667ebcc15a8be1549ddb96f47,2026-10-07
ae37f770273331add822d0827727c979,2026-10-07
df7d7d4988daf4a4c928b2b90af4c9a8,2026-10-07
7aafa7fce872ead5ec464513112814fa,2026-10-07
599a58f94cbfd2dd0f99d2c41b60ccfb,2026-10-07
5f2025d71fe6d755866e04a94a2bd913,2026-10-07
060b758481ff3e73b9256863379df1c0,2026-10-07
74af0653023c5286a9f8b532825f0f33,2026-10-07
812166b515e6ed9d4a8bf59fc96442c5,2026-10-07
89c9e59c7999451a0905cf41669f6e06,2026-10-07
2af90df4038f4d1353e75fc78f9a5dea,2026-10-07
1de374a96459ff94b095e032fffd84de,2026-10-07
6b404b4bb7304861d8fc83ef03b2acc6,2026-10-07
0f9844666c347c4fe059d30937da9a15,2026-10-07
158335dfc3754f9d919501fc3774b5ca,2026-10-07
4128844ff8f84987273e8bc85cb793da,2026-10-07
20cbdf606865d6ccea89370cdaf04884,2026-10-07
7272827a5414d1e131b88518afd5395c,2026-10-07
ef6fb5c674df2a737f1d018f9087b65e,2026-10-07
3623ed394d62179fc4d901b860c17106,2026-10-07
43f77b1f491999188d1872708594a559,2026-10-07
b5241e98625462126e3f1ad8c4bf312b,2026-10-07
906f14c6af8811b65df0ec54cb0253ae,2026-10-07
44cde58b8015568e408cbc7859d11d4b,2026-10-07
183bd548d2dbf12619a40ff45b80776b,2026-10-07
91be38f9d7953bb6e016d6d1549af30e,2026-10-07
73ee0bc6ba744a49a54047d87755bf54,2026-10-07
cf9093c6488e088b27cfc8320ae541c2,2026-10-07
fad7c50b330eea031524d2199c5c25ac,2026-10-07
97228432b884ee136298a1db00254f99,2026-10-07
b0edd198ea5beb4374e3785b6da0ffbd,2026-10-07
96354c36f2f926513104677d854babe9,2026-10-07
faddd9d13b314c47ed0957c236bf8d49,2026-10-07
3c269ad6ab6e52d2f6435e5b202472d8,2026-10-07
870236948676fdddca6783efb66b06a9,2026-10-07
f11c4174d5a062ca252a45e766ba7019,2026-10-07
ce999e2461ca9222006f7174f662a38b,2026-10-07
54ea13cd7995e8ad467243ecf316c9a9,2026-10-07
5a8f168a32dfd249afc82786437a30b7,2026-10-07
2aa8e17b95d9c3f02a41ded361b6e231,2026-10-07
914445f7d110177f140b12dde7bb9079,2026-10-07
b623e2cbede883030cc16d21df882770,2026-10-07
127b2a56c5971aa8532c97c034b4a65f,2026-10-07
54d9ee6cf79237225db770e559a40349,2026-10-07
8c4ff5f66592b59f3509c8d678cbf99b,2026-10-07
12a7f0264b21415212f7fee3000ad49c,2026-10-07
1db0ce37e1902befc2e718835127bcb0,2026-10-07
774809757d597e4ae4a797fe41a7a4bf,2026-10-07
379ebd22211933bec0e4415342d97983,2026-10-07
20ed029f60252fbc1a93e616c1158687,2026-10-07
5305564f503fae40d9c6570f22b1aeb6,2026-10-07
13e309b4330d084bea5eaeb228a8cf05,2026-10-07
a2de13c1f54ecc97bd11394d8b05ea28,2026-10-07
4b26d71de6bf54f4a48310cb10c50905,2026-10-07
3eb5ef095b2bd43f14eaf9d76c3e34e7,2026-10-07
d6f75a8b826e354138f15ec8a38e11ad,2026-10-07
c12c0573c7ce4c6e7252ab0cb1f20f06,2026-10-07
a58cd07dce29007c6cf702e5c0c3db08,2026-10-07
7be13b795763d8302a3227cdb725b3ff,2026-10-07
d0b017a7f30a8162289e2950a6570f71,2026-10-07
ce096e1b7b7973178e44e13aa5bd35e8,2026-10-07
9d14751e6c47926ffdd38ebf44053db3,2026-10-07
acd6b8b67314f01963e98615f9b9afe2,2026-10-07
4d4f6b933f5af6942545ddf96e01d7d3,2026-10-07
bb41644b9619e0f64e40e3bbf8790edb,2026-10-07
cd3481acafd1dd4fc0c3c23973d61293,2026-10-07
e85a6ba5eaf3c9daef9e805b30813acf,2026-10-07
7a28eb1e4f5884933edef47f8b859e9e,2026-10-07
86bed7e7c5943c79bd548b26c47c217f,2026-10-07
5cc11740247f30cbdde89fd3b9a977a0,2026-10-07
94d4ba8ffaf8623b3c07daf240a3e9f4,2026-10-07
48761e7e02f5076df7ba50f9a67ea3c3,2026-10-07
47461d6cc0adc0b1047ecf4912bf57f4,2026-10-07
f13873cecddc4890f60f421f1e678892,2026-10-07
a7af3c357fdda5a4df2c2a10e1f46ff0,2026-10-07
66bf2ffd21997ef49e51f1bc4fb92c64,2026-10-07
4d4ffd1b560b2dc498bbd2803481b899,2026-10-07
861b495b8eae60c6065c77ae6a59fe2c,2026-10-07
7c5c4daa234c29f5452a93678b6c58cd,2026-10-07
64caad958070010f96533a52d5cc3318,2026-10-07
1bae0fede49b547b2777571adfca345a,2026-10-07
1b6221fc47e900550a21a528c1069e08,2026-10-07
9e6b1732a31e2026ecb154ce647149c3,2026-10-07
676d3c015f87899ce56804e9e1f233a6,2026-10-07
66ed6eca366fc24c4f49c6a24c52f1a0,2026-10-07
61492b9eee7ffe89612e60b34c2cf373,2026-10-07
2b3bec0ca592d6830f17f5935ffcaecd,2026-10-07
220f5b13ffefaf006794cbbc4377490b,2026-10-07
3ee011f5d57d0cda1af25268b6743420,2026-10-07
633f68af1ae3d1f8dfee7944531dc9ed,2026-10-07
b21008032eb027ff5eb902a6b1ee35ef,2026-10-07
a2d502822e5a133a07a9230f4c0f92db,2026-10-07
d44e6caa833602fabe719f60a5a7789f,2026-10-07
e012b889a3ab4b3fab1c4cc06d0d2623,2026-10-07
7b93be38b20516d5328d5bf3524c6e87,2026-10-07
391e0d4ff0a93d73e482b374b72fbdf2,2026-10-07
672db4ddc3c48b3cdb0ee1602f762e2b,2026-10-07
6a586933bad2a678bf67134bdcaf6dfa,2026-10-07
3267b63b615c77d74bae1e4818299856,2026-10-07
68823f08e31570c9a4725cfb4481cd5b,2026-10-07
bda9acfbe70518e6f6ab7f65e3f6c9bd,2026-10-07
3b353db8d5a1c3c5603f3ff78c51d522,2026-10-07
b60d3f3c0a6aa28c61cb9bb43d3f86de,2026-10-07
2c2ce779488fcb50ed79d3722f36f336,2026-10-07
47cca04bda157e830efbbb03995ab33c,2026-10-07
b566d64a89d542322f42fae4571717cc,2026-10-07
112dbb282d02f2d57dcac75688066719,2026-10-07
f0fab53248cb7044956218d70e7e2dd0,2026-10-07
190d34907eb97ffe5782783e390218ad,2026-10-07
51562f286ddb650e9f7f9ed829491fcf,2026-10-07
6b6f684e83b31b78a06b783fb5f25fa4,2026-10-07
39491350e3362de9cf172f53ec18d495,2026-10-07
bfb89760fcab6041474c3608a9f32158,2026-10-07
a96909436e029cd88b209a3ffdcd01a6,2026-10-07
e05316155083a12986f1a7b11178de75,2026-10-07
c08e6c348a875b36ceb532e7166827e8,2026-10-07
9be2a2160080167ef8e12b6a823e486b,2026-10-07
08910bfc89788399264b1ce400e7d7ab,2026-10-07
f8479bc748206a7561b70df28f204688,2026-10-07
7cfadfb5e3b420e29f0fd109968d0d6d,2026-10-07
4d301f370190eef1552733f31296e855,2026-10-07
4fc4a8f9c23e6b76e990b54e75b1354e,2026-10-07
dad263907c8b9485513c1557376a67b1,2026-10-07
2adcbdc2116667089dddd0abff99a58c,2026-10-07
58336fac0c7f40f1c34b673dfe5e2512,2026-10-07
a1d14d64435768d954d240559da93b19,2026-10-07
0a3661f2c6e740df15aa5aaf96393894,2026-10-07
9a3875781e1b292a6c7af6618071b589,2026-10-07
092d9fcc09837d1dbf82ca46443e4026,2026-10-07
53f80e6041396f4649ee4719ea0d2cc8,2026-10-07
be6cb260f7256ea23f701d126ca43217,2026-10-07
50dd0d79fa1599541c91b69fea82d0b4,2026-10-07
62c4316d019aa18283c31ab723ae0d43,2026-10-07
6e1223ba38bc5a96ee2e665cbdd72696,2026-10-07
74380c179b9c2f6212132a12b80e353d,2026-10-07
8f6bda18bac6cd71c35ffbca18fbdc7e,2026-10-07
1972a65406b83717fb699862bafca917,2026-10-07
a3d243f1f8ae98880ca0b569a3d11b81,2026-10-07
993677107e9cb3886bec244002c9c346,2026-10-07
3159a5dbe86796eacd438caf6240f147,2026-10-07
c830cd5f6098129b12ed09f8c18226e0,2026-10-07
21136022ba1b19ea128875d2eb914f39,2026-10-07
5cbdfc9df913623d8f98ab172494ffd2,2026-10-07
0443c8722034b6d3100efb1e654203e1,2026-10-07
f1291db818f42bf13aa28c5769688282,2026-10-07
f4cf735ad2443b8901f23e60659f4b4b,2026-10-07
db1f5c3ad8eb115987eec8f4c3da3c68,2026-10-07
e8fb083468d262111e266bd1c9042c79,2026-10-07
124ff17c2dc04b60b06c524580bf05cc,2026-10-07
66116a3d75e14e9e1e347bd465d68cf9,2026-10-07
d6e024d19e4a1f330009258b9b6c93d8,2026-10-07
a2913a80b91bbc0208c9bdf0c7f01545,2026-10-07
cf6745f52795f76c6e9e985a9565cf0e,2026-10-07
608aa567537f6c237f9d0d9e1549cd11,2026-10-07
39fb57efe7af7af0183dd4a37f4762ae,2026-10-07
45dc06beb28e0f9cd8f3ab77eb9e05ee,2026-10-07
1febffb6d1dfe2a8b845e6eebaba16f8,2026-10-07
2fc0285fed8c174231773ca1b08ad1a6,2026-10-07
23d7563c12b6b56438e3457e5f48faef,2026-10-07
53a25d8014a676ffd0b883662f03ef3c,2026-10-07
206ffd6a75a8be81c88ab276b11c81a5,2026-10-07
85bdedb3961c711a09cb434dc3bcad57,2026-10-07
390f6b688e3ff6d53ce39d42e5fd3a01,2026-10-07
489c1db6c8164bc1dcdaab5983be1e65,2026-10-07
969e0c91f58184697a4c2ecf5eddef25,2026-10-07
369e2c71dbfdfab57087a7685617a0e7,2026-10-07
067f149314c8edf5e337f2b2797527fd,2026-10-07
89b1f5674fc3edf28c56a2d46b9cd32a,2026-10-07
0ea69c30df5046c9d7780d4089066812,2026-10-07
27f76eb76a5c0f978fc8396c46e42cba,2026-10-07
c82cab667a54ebdebb67fb533bab53cf,2026-10-07
bb203013d149876671df867a18c6256b,2026-10-07
7bd579795dc1426edc86f59c291a40f3,2026-10-07
fa2245caed36aec36e4c47c01a282f07,2026-10-07
7fa3b1f0ad7afaa3f788e423967e2218,2026-10-07
419368bd375ce4f4b70a086f07f459d8,2026-10-07
3a00ae183a3ec49a48cedc6bd2a28ec2,2026-10-07
d901bfb2b2528edadd198c7fc9f7557f,2026-10-07
39989a399f31b06a4e9057bafe053559,2026-10-07
e0b22ee054d0fd8031e2583676ae3e10,2026-10-07
f5bf5b6eb1cc1a9a6ea4b3afe744dc85,2026-10-07
19368312c7b43caf20ce2b5ef5eef411,2026-10-07
556a328ea20448563a4ac8d0d704137d,2026-10-07
2306f5cfc92f8d2c1f683d551cf0e0aa,2026-10-07
7456aea45644b282015657e3aa99d413,2026-10-07
69250581c58a074b1df67af488afaa66,2026-10-07
2a7d3d0bea48d13eb1e2e1c518728f25,2026-10-07
84f683dbb904415fb756cf268016f40f,2026-10-07
9e8f36763ed03a82d132c3476ed54515,2026-10-07
7109767c47cd7b55e7246b50939c5f52,2026-10-07
1077eb4b87a96b99f0b39b3863565960,2026-10-07
3cbcced05871cb27b4038c43e7696874,2026-10-07
20cf80f184db6d3c6480af5a8e96ba18,2026-10-07
b75897654cdb7066096510f5ae71780e,2026-10-07
15ca81bff218d00d8e104d9525d32b65,2026-10-07
1b29d7988cf1db993deab50c4848a538,2026-10-07
311970b4e1dbc20a82acc0a971affdac,2026-10-07
0818fea4c575f33b18a346ba437f6ab8,2026-10-07
6830440ea46644bd3c3741219df0e7a1,2026-10-07
266aa7a920a48522ae546a581da5d69e,2026-10-07
51b522598439aac0bb4dd76b9f7a952b,2026-10-07
a9ecfbdfa54838e350ca63c02bd9bb28,2026-10-07
70038dc7ac9e49652c522920f0c88fda,2026-10-07
cb7db25b81db185e5dd4a3b016c1e821,2026-10-07
fe93e0a41c86bf3ad0f468d52d61b130,2026-10-07
06c14a20e43c85d4ebc0d4ab4d0739d3,2026-10-07
8015973a2f0cae9872c0b9a69be27247,2026-10-07
0c45aabdf37a9f90608c4f59a9f3f7dc,2026-10-07
a2225899c5c250f8abf862e11831e387,2026-10-07
f15ccd721097f92e2e6488d450ee5c99,2026-10-07
448a00ed3f8a21018be074c9f9f5107e,2026-10-07
5db67eab26c2686de12e66a708e7b0ea,2026-10-07
74fa8f561a49268f08aa4be5a63128a1,2026-10-07
966359bda14b11e0365ad685d2400fb6,2026-10-07
ffa0d2d7875bd34e18a159eee95d1c06,2026-10-07
89897a10a78b13654f6d93652276c8f1,2026-10-07
22794104ccc624eb192b5eeee395a3bd,2026-10-07
ede475bee0827e760ce714990f68305f,2026-10-07
9188ddb6f62bf43c8e32692cad3a240f,2026-10-07
29bd95dc70fb4ba418c3266f58fce00b,2026-10-07
5f7f6b8156f5f2b3ecfb8bd79a3bf760,2026-10-07
9621d72157c41d40537d314bc2344e54,2026-10-07
4cb8849135367d72a296b7b7f71e2a28,2026-10-07
2e4ca4c1469deeafc88f98476ffc45e6,2026-10-07
e39d69c7e8827392b553e482e78e27ad,2026-10-07
c079f498c5643bb6587169c216c31134,2026-10-07
5780d40e987b34e24a3d432ac9133084,2026-10-07
0c250ce502e5b73f65da8fa56d1634ca,2026-10-07
a378225ac1e6b469f3f8650bf87ba28f,2026-10-07
bd8661c9726613c28b9e15c6df56c592,2026-10-07
a1b3b64c5e5c98c3809fe38dc13888fc,2026-10-07
448a112678078c0fad9fbc223d89373a,2026-10-07
676261668e57c0efc067f6a9c40aec15,2026-10-07
be7306a48480c4c102c14382aa5541c4,2026-10-07
714b5632a45c2839d75c3c22b92e39a3,2026-10-07
58a0b0cdf48b3143d7631161d32c3935,2026-10-07
f1905ba63b2761a1f090b76aeec0ef2d,2026-10-07
a90f0d6c97271a167c6cee7742a12163,2026-10-07
6e38bcd05665e614d123271347d12d6b,2026-10-07
c419bfce22944990fc6dcf9d95c492e3,2026-10-07
8b10bce152cbe88255c8667eb977eaf8,2026-10-07
35b80383d515fd7d8304208b1f10f660,2026-10-07
d252bbaae8318773a3d34836d5ec6626,2026-10-07
938fc8c67a9b84b41b94f7f55fdf9177,2026-10-07
d3dd4f26803219f847c666b870708824,2026-10-07
1fb21bfdd365671c0b33895efc0656a4,2026-10-07
9061c6017ee68985d89d5ad3c50382bc,2026-10-07
f81c73b447ff478a3c9af2d564b263c6,2026-10-07
2f47df6f4f5a73a9bad1775fde194d11,2026-10-07
21f075d2c490903773c0b9ca984612f8,2026-10-07
aafd6b4fef84020fa89dd0ca63dd5f87,2026-10-07
54bec120c771b9293b9d841dfae27f92,2026-10-07
7d61887c3046f6b055bfdb199bf0b910,2026-10-07
fc47b48e71e59d267122bd2d669bbba9,2026-10-07
cea6141a3e04b103c830905788bffa6e,2026-10-07
b9ebbc9b31e0d9215412b1e59079a403,2026-10-07
79a044fcfe1d3f140fb95e8213d93bb8,2026-10-07
632b3f6a0be3214e11108f50cef0fcbb,2026-10-07
2d4f0832348f5f02457b2e50d3b987d6,2026-10-07
99cca6c17dfa25ef4f22d9ba894d1dce,2026-10-07
8173dfc7dad0f0d81b4e586a48679677,2026-10-07
f25f926ef935f98994b76b45b814b3cc,2026-10-07
3b481372b932ffdb68f875c7e9d25d3d,2026-10-07
45e1c53c66316f3fde7b185f3b61744f,2026-10-07
6321c8c69504ffb9b3a537116818c503,2026-10-07
183447543f3306c4bd3b75d0d8d9af15,2026-10-07
9df4263f9d2fb9670da2f0dd2cf53b37,2026-10-07
394b698c5e64705a5a3117f1c80ca02d,2026-10-07
d8d28e994237fd23633802aaafc39fcf,2026-10-07
6747d3d9887abfdbe29ce062016f48cd,2026-10-07
b91b8c44ae941d95c0d82cafda9bac78,2026-10-07
4a29dfcb4cd0ed8833331a28c7c27bf5,2026-10-07
2692480cfb2a12fd77b80be7ab76481f,2026-10-07
6a764036d5cc893d82980565867bf206,2026-10-07
0998d078f7adc771ec455c4e8f6bb8ac,2026-10-07
39626fd9ae920902ec9f9154eff71923,2026-10-07
e7e1e8f27f23989d0fecfe64bb9babba,2026-10-07
a2d932dad329785289ac49c6c5a78395,2026-10-07
faf0c4032169998430a3f245d48578ea,2026-10-07
7d5a0f0cd6f9775571784015e949a3e8,2026-10-07
92217947d61b8b661443b71abdb95498,2026-10-07
9eb089293339d963d2b00a02036f5f88,2026-10-07
9f93932aae9046683edeb01843fdb313,2026-10-07
fcd610eb298c0f10a8a27b7a91e9d2ed,2026-10-07
e7bef1f231cfcaf4b2825b598ee0d35f,2026-10-07
c7bd6dd945bb91bb1771d0458130f08a,2026-10-07
d95e1d20c80def7b2f4b4f5296071a7e,2026-10-07
76d74b79a79dff99e32e9ec2ea515a74,2026-10-07
c50cb08a66fcf41c03f5ebc666f4411f,2026-10-07
81609996ed05cb45b2e867a76ff980f8,2026-10-07
2fe551185b0ea07a55ffd62b28ddf60f,2026-10-07
f7222cec14ca94c6862d21e145704928,2026-10-07
8962a4939e90345864ba8eb728aa8818,2026-10-07
b7824abe8de25588909aa5be95efa1e2,2026-10-07
58b8ed91f37c24df0d936cfa365c0be0,2026-10-07
43451ae8ba0704fd0eb26bc428fa3dd1,2026-10-07
f69dbd2649b2be6ef5325005335804de,2026-10-07
62bb05b1dcab052c8e7573a30bcfd8d2,2026-10-07
8523912a37598621558a7c30da71f5f7,2026-10-07
b6e3998094ed36771f5cd2d5a8f51839,2026-10-07
243bfdccf07fc8dad5d778c224fa8ab5,2026-10-07
14c280caa12ba8258c06e79b14b5fc2f,2026-10-07
7221378d15a67554f3adbd0d9b5e219a,2026-10-07
8676c62d922b58c6bf92c04304520db8,2026-10-07
1bc1a08746644553c42c2bbc29b71c95,2026-10-07
4bc0dc6d7b0d578a4924db695b34fbfb,2026-10-07
aaeb06339258201039700176d532d571,2026-10-07
7c1cfe77e34e4e99780eea3fa9566d9b,2026-10-07
d60ff7089e4bbaa9f6c1b4b3d84ece92,2026-10-07
ecb02970a1c0f96f6f8cf49247083038,2026-10-07
04d80c1b3f981593854ea074da30933a,2026-10-07
43ad3021b9cfdbe01b4cb97e970ac30b,2026-10-07
3470cd941656bccb404a6cb99badefb4,2026-10-07
1b7ce26a2cbbdc703ae15eb3a797bc72,2026-10-07
d8c221c5b1728f30f6634144be136c60,2026-10-07
0a84a0deb02bebda46df112d94894881,2026-10-07
93900a8498e38ca3f1d095062f586525,2026-10-07
c6c9deae02fc3b1cecbd963ba91785d0,2026-10-07
8ec600c63e4ea7c450847682c51aea20,2026-10-07
53e4c34a244f28f5beb69a215940cb5d,2026-10-07
4ae9db98c87b59afced4c05af778e752,2026-10-07
253c7306321e89f537d76c09f6f4cb14,2026-10-07
a4b60bafe13f3e55c8e1191d56e0c104,2026-10-07
41ae66557ef193b1cb18d0c565c086b6,2026-10-07
83366435ac69af72d460ef6448606989,2026-10-07
10a922dad4bc4263e5ca75e0541e5ff3,2026-10-07
159489f5c4a926cbcd6dd887bac7a7fe,2026-10-07
16b38dbead72f8bfb6a2dcd3b2252fb1,2026-10-07
02886f56eaf495dbb1293fe8213df149,2026-10-07
39f250232aabdf495b3dac615da8bb78,2026-10-07
f6678f1abde664608bd084cd9e0f6076,2026-10-07
025289da2bb34aef4600f8c3681aca6b,2026-10-07
b118b722d2b0ea045a550ff33e1419e7,2026-10-07
9c19dcb8330314e634fd766c0f49a1e1,2026-10-07
979b5ccdf667544a56d8b4fb76fbb721,2026-10-07
3229b0f43d11d7b8b3341b8d82a38459,2026-10-07
181f184ba3457ad04f72e5dfb37a5683,2026-10-07
8d92f062a4a0ced96f71ca467f2ae062,2026-10-07
9473819b83b6838fe2ef9776ffebb319,2026-10-07
ea0f6f388519db2e78b92f9f534b44b6,2026-10-07
a9fd678608c6608648accf685bd01943,2026-10-07
4cee2834a685f6aad58eb3e688c3c9be,2026-10-07
c5414da0120c08d4ebed922de5c794f0,2026-10-07
0abd1b994632fd4378b97409fdc093d8,2026-10-07
9e97a3e9e4a15240936838a459c73395,2026-10-07
889abfe3b8ad1966b3bbad738dd90518,2026-10-07
9ee378509bc0308a439aa59bca2ddd35,2026-10-07
05b7ef86500fde4a0aafe2e1a041417c,2026-10-07
445371a2444b75dd9a328a9912248b10,2026-10-07
761e60c2e95f90f9f66fe180687715eb,2026-10-07
1ddf857c13bf6be9a4c120b59165f234,2026-10-07
3e3dcf272c3719ee4cc328877776da69,2026-10-07
7e6d8a174fb8237818dfe8d812fd8886,2026-10-07
2594eb6dd6c9cbb0f553ea7826bbdd2c,2026-10-07
e096a906391b9ab76cca2692b9bee084,2026-10-07
01843e2cf88a27bf4d1baf30fee2568d,2026-10-07
a953f5ce116873304ca180216c332e5c,2026-10-07
1a9bdc60b8f6c8a47894f3e13685338f,2026-10-07
5661426560cc5ab5eb6cf1a3979ad4be,2026-10-07
aba8f0fb90f97744e38dd94029ea71cc,2026-10-07
a10bfd1e73aa46c6e803c3015424355b,2026-10-07
b6f25ac6df1934bd7f6a0dd91bd67462,2026-10-07
bab101d10e323c3cbfc77028e6fa4b2e,2026-10-07
f3998b56b620373abaf3e3cd0f7abe54,2026-10-07
b6d67048f59eed4d1901ca05819bd9a2,2026-10-07
7249716ac55976436487ca9cd2be263e,2026-10-07
e31c934b1e8766d75535b6ad673f2359,2026-10-07
2982874e55663561da55713ea1931522,2026-10-07
bee5de2b4843f0fd5bed517c6b805fe0,2026-10-07
2c06e33706e119e6bfcab99b5167ef8d,2026-10-07
e897c5138cedcc4b4b37a097fafecb5f,2026-10-07
fc1d40e7d7cb4828c2a791f72f036708,2026-10-07
b274086130556fbeb729082210c180a1,2026-10-07
db9f26338151444feab434a5132ddaba,2026-10-07
603def21d3dd25dd95923dee7d9083e8,2026-10-07
92ebd30e3266b04860d8f742e5b4732d,2026-10-07
ddfd92177128066d9aeeeb0451fbbc7b,2026-10-07
4d10c564eb6c3120f4af1e53f5549d39,2026-10-07
a1f3f2553d375f2fad6e1b7eef65571a,2026-10-07
6c28e5209ce53a13cf74610c8f6fe940,2026-10-07
92b878aa308329f682b94f0414c7711f,2026-10-07
d5bc0014e8ab3e9b69c36d65155179ee,2026-10-07
5ca3f0eb91302cd06c79cd73e050edb3,2026-10-07
ee08bebc92aca2f847c413ad20fbc850,2026-10-07
362d77a6cabff4d63aa31f3f45af2d87,2026-10-07
03414d91264d8fa95a563e081382c67a,2026-10-07
4e216ea2628fbc3aa822d774d0582a1c,2026-10-07
a44fe6899051baf07502f935cfe9162f,2026-10-07
c295c3703f6beea47f02624a387a9558,2026-10-07
dc5907ed8d79cbda0e7e99c52a3ab2b1,2026-10-07
17e82d2d5df391f10d8ab168d8a34365,2026-10-07
8e0515c8b7cc00c4843559d4b9e8c432,2026-10-07
a114d96d5e66f3e138d44def70dc5593,2026-10-07
ce22f0cba9d55e03cd6caf4be5cd02d0,2026-10-07
b07904e8941b7637d3f2dadb52285454,2026-10-07
135d330cd693ddb92e9085739135ed20,2026-10-07
79d8a7fcf17c32a9d1a16254062aa95d,2026-10-07
d045d18cf25746b452452b6be4f797de,2026-10-07
3710c75ee5b3896896f0567a0e94159b,2026-10-07
b6e9a4094d3b0cf5a032023ca09ae29b,2026-10-07
8044fec96423619d321170845e3bc2a4,2026-10-07
d63682dea528761aa1897247a58ec28e,2026-10-07
d32d1df2c0669432b6b249f15c71fc27,2026-10-07
544cf4a4f5432d59a6d1d16ca3473606,2026-10-07
f012569efa0c4f0843d22df10aa9505b,2026-10-07
ee808a45a2147bba04624ab5279049d9,2026-10-07
919b3f87cbdac03f52753abaeb4cba7b,2026-10-07
c58e31bcd6c516b46e38779cae5037e4,2026-10-07
ffe1ee2034e3db1d8458ba6d8555c97d,2026-10-07
01287dd5b38ec250b2f60227c6d8938b,2026-10-07
6519b0045cb5baa3afeaac62a4442db3,2026-10-07
035dd30551f8025b935e0ae49965218d,2026-10-07
4b60c63a15333f8eafe82f568a31f6d1,2026-10-07
07b8b3a51f4bb837abaf4dc416a9f019,2026-10-07
8d27c2f60e6fa131447a3fc153653535,2026-10-07
f3d6e0ecfcf07adfbe47b72c06b825a1,2026-10-07
bf6e6cbeb66ba7c6589bebf459b8cf30,2026-10-07
ab9591b09d0db459e8aabab6f36ad8bd,2026-10-07
8624e3a47f671fdd34003cece203d876,2026-10-07
99264648ce3fdccfe9e363af8016ee61,2026-10-07
26018e7812ef45cfd80ba03351909cb5,2026-10-07
53dc9300f5027d85532e8a03b7c421ee,2026-10-07
18b9a9d680844a8284bdd56835785b52,2026-10-07
1cfba35593fab58d9544dfb4798a01cd,2026-10-07
4757416d5dd7bab7f2375612d4d2119f,2026-10-07
9a922b25d16e392ff1755c094faf3dab,2026-10-07
54f67f538436f34920c689d998b95e27,2026-10-07
ce5b9be5c94953b37b5db672b9671b8c,2026-10-07
d1f8ff31cb0e3998e8ca81ed6c06ebf6,2026-10-07
bf54463b4df91fbcd3b69ab877073702,2026-10-07
7a7c5c504543f22f29b5b67a8c735bee,2026-10-07
b638bc8344be4120d88ddf2f7869e7c5,2026-10-07
f035cde05fb6f186344aea68ebde0f2c,2026-10-07
a3e1c803ea9bd0b7ac042d73945059b0,2026-10-07
4c71dfd91b40f02286970d3348d56b49,2026-10-07
35b151f485b44c4852c3c5f48be68326,2026-10-07
bff835ecab9f94699e9e3bcb9cbb3157,2026-10-07
044ff6bb3faee9a23804ac4b1de6b2f0,2026-10-07
529dc2a92c122c2e5337d30b29bf7559,2026-10-07
1e20528bd2b87bee1773a3c6e98bab7a,2026-10-07
44372d7bf589cb54c4b52c5738cccb88,2026-10-07
8f5b4de39c495a25fcdc15bcde79130e,2026-10-07
81e9b0657d9e3b79d9d18fe28209a11f,2026-10-07
b5aaf95e51a86e7e6416956f2c08945c,2026-10-07
69b1eca849cfa38d2b567badf4c77f13,2026-10-07
1df521c1e6ae4ae161576a2fba1f41ad,2026-10-07
2c793eb1a309b8c96b26e8a917d086dd,2026-10-07
5ef6401b3a8945b4cc1a103a84d61700,2026-10-07
e64ddc9701b8942e751d96abcf11f358,2026-10-07
4bcd356835afa203563d93c6d5164a27,2026-10-07
cce7867febdaafa05c17886e4883ed05,2026-10-07
0e04f8ad030aed384fa005faeffac16b,2026-10-07
745e4b3dd51d876e90c85362fa128a93,2026-10-07
87b4d196d494e70e07c60c2acb23fb00,2026-10-07
f75b0077bc21ca40ed891172d0d484ce,2026-10-07
1adabeebf73d08a8d0596082f01ddc37,2026-10-07
b0e34432189303700ed0b35fdf841a4f,2026-10-07
842605fd85ff6904d2fe41df18df645e,2026-10-07
1ac329937783c87af1241631cb0f13c9,2026-10-07
b3abda71fe8e51a1556a8972402af9a2,2026-10-07
a7d2ad76578b44cd9c0f1d5e74eb00bb,2026-10-07
d17bd241407839f3abb6218c2334e90a,2026-10-07
d76de5652af83f010385e808e6484d78,2026-10-07
28fcfc3106fd9b7eb5e3e5fa651fd538,2026-10-07
2e25bba606adafa9ef6a70499d63f7b5,2026-10-07
a9467b642f1e3182846935162c74b11c,2026-10-07
950efb6d4984bc94c7cab02f0ca1aaf2,2026-10-07
d18509ee8cd994a54d724e4306e8cfab,2026-10-07
ad1a64f5261b991133734a57bcfb2e88,2026-10-07
4ad97132aa317eba20a2c7fcba5d7e3a,2026-10-07
6351e5cb7097ce249cdb6745af152b63,2026-10-07
e3cfb32a209692ef2d43e052bca85956,2026-10-07
a175550a35cb714b850349d2d58966b9,2026-10-07
063dcd91b62672135353cc97986eab3a,2026-10-07
b411ae0b45dfbc112467e453e118f211,2026-10-07
8354084a43399808ad980b6aec2514af,2026-10-07
17c03fb2b8fd269bbb8b8a2efd7df8ff,2026-10-07
6f421df7f22c10a6ee56e0be7cd3f679,2026-10-07
0addcf43f52270873142697da728e3ab,2026-10-07
6acc1362b7e5fee7fd309dc47a2debba,2026-10-07
3f8af46c124f2fc4c17190a97cded3c6,2026-10-07
71d2c7346c9b71e860bc4619d2b178ae,2026-10-07
fbb18d1bc2a7f07e616896161b260643,2026-10-07
381b288957d1afbfd558c27933acbcb6,2026-10-07
1579d6da0acd3e9d679d811853c145d8,2026-10-07
3bd7131ca9097d8b7d17fddd7e1f89f5,2026-10-07
43b7cee1fd067b77e2f92091ee07d58f,2026-10-07
20a10065bf47a006a5748ad61ef0b74e,2026-10-07
101ff72864e76a05ba7cbbc78820db97,2026-10-07
946d27e73a8c880ec3e1475f1e2b9bd8,2026-10-07
f2cb77e951dc59afffaf49507a203cf2,2026-10-07
d7b70c7d3858d677e50ce9e034022256,2026-10-07
5e7d515e448d6efcaf87a19ac82deec4,2026-10-07
5485329f9c2c0b9739d2b410c9d085cc,2026-10-07
a1c17d9b9afe3dde9be65951006ab2d3,2026-10-07
2c528cd6317720c27ee1967031a94f13,2026-10-07
361744ab8e999e42e587423970b8aa1e,2026-10-07
c54ebbcaf07e1b9d12310d67976474b8,2026-10-07
90baa0b9ec4c0cda7e984688d0c46355,2026-10-07
cf5e383964b43d57912d92bb7f8940aa,2026-10-07
521c9f46a84d84e8462e4f49edb53690,2026-10-07
8e6a4a3fb30d0e579679ec22ef026b59,2026-10-07
a321cceab10a3aa4aa52dc7a5d338821,2026-10-07
165acd2d497b803696e37d4b635ddfeb,2026-10-07
71f2478c8f6e7cf817d7b734af340443,2026-10-07
19cebd7605195c4bc4fedd753f65d714,2026-10-07
5be25cbacbb11f7aa2851c68714dc3d1,2026-10-07
ae8fd6494a194033b4ab7277dee7eec0,2026-10-07
49b9d93edb7ca54a44f62880e37a8b24,2026-10-07
0503a91d63acab4e155b74e1c2a6fb9c,2026-10-07
4586bf03e7e385092f60df94cd339dc3,2026-10-07
3fc2902c3fb4e41fd3db4ccfe16b9d10,2026-10-07
d2922bd73a97a13093ddb488579cc5e5,2026-10-07
e6ac4c919228bc84107e145e50c18fd6,2026-10-07
8523318529fa4d0cf74cc7bdbb2afea7,2026-10-07
ce93285a3e58e957de018543a8f77e17,2026-10-07
7557d4fec2ea0f1d1ea19e1e2558b481,2026-10-07
057f3379061fe1a85083c4b8c6497638,2026-10-07
459d1c6aca41609e0ec0d1521f6ec1ad,2026-10-07
4a48c44456f4ec91fb083d98f59a1fd0,2026-10-07
ed4686318964336970b92ddd1cbd4ce2,2026-10-07
6baea9a7d98ed2c0255eb4a8e1706329,2026-10-07
a600061cc5924302a8a1da2a2b928d5c,2026-10-07
5b802c4df977063d8d16faeea6e9e69a,2026-10-07
d1c9145d87f97f56f9c52e34c121ac69,2026-10-07
387b2ce9125f869a0e032c938d335a63,2026-10-07
b876b884a8a25b6ad61bfa183692af3d,2026-10-07
aa14c5126a45fa41fac402ca54125214,2026-10-07
c1fadd141cab1f836725251b1e719832,2026-10-07
30e70eddaa4882a0e244f99f805c2399,2026-10-07
0023a8e4e6b612fdd000ac8528661c1e,2026-10-07
383805f47797e7834ea7bc8cf6102cec,2026-10-07
a73252db8e06629fb36795f49155532a,2026-10-07
5a352fce75b90bbe879ecc2bc0a22e39,2026-10-07
38576d67a3b7bee41b25cd49c9bb5f97,2026-10-07
eba0a9ad1696a9d1dae19d0e5579d562,2026-10-07
9c94293bd907b3c6426d189835f642d8,2026-10-07
c835ff31673927e727a04dbce8aa64eb,2026-10-07
4d0123394916a1ae23eca1a0fe7648bb,2026-10-07
57179025712cca3a391580f4d5d882bb,2026-10-07
ad9a6712b3e66189694c1f938771e245,2026-10-07
e77cc787fbe62d49154866d1ebe35779,2026-10-07
117fa72d130a6286abcbe956b356326a,2026-10-07
2526cfaec8344e7512ddbd1a3a2d3b62,2026-10-07
b5b16176b8adf3ad46cd7dbf02e2bed4,2026-10-07
5d63cdb8e4d7cc1317eb1120cdc3725e,2026-10-07
70ac67ec62947b918c790f210ea78cc5,2026-10-07
b1deb97393cce49d8c8156b6d0e8970a,2026-10-07
14bd46ca1720c13172365a0216385a71,2026-10-07
58d5f39d69e7dcb662e2486fca59702a,2026-10-07
757720b8cdfcdb4ba14c4cb646e72199,2026-10-07
1a777533b08374e1b813a6a0890ecb8c,2026-10-07
206c8fbc448d909a8f160bd7357c169f,2026-10-07
f46c227fd64a3928b1e096bed458f58d,2026-10-07
de51ceb518c71aaee0002a26a89a01f5,2026-10-07
88147ae785eca297194aaf528b107972,2026-10-07
21ba0a906bd66a723794e3cc512eb1bc,2026-10-07
cc7c55f4f56e9be7779f887e67300e06,2026-10-07
60456dd3043fc85c58fa9b690ecff5f2,2026-10-07
a29486d0233b643cedb3c3633a381826,2026-10-07
1ba47bf0a58ed48618231bcd3d94072b,2026-10-07
f037f7a870beadae9042529dfeb2e8e5,2026-10-07
36b14c3e5472058438c4f37f15f87577,2026-10-07
a7d8c63c3d5994a38b5f3998462e0667,2026-10-07
c88405b1a0cdacb3d68767cd78deb79b,2026-10-07
005cb76bc7beb74d01ba2cc8b1be12d3,2026-10-07
117abd72ce377de2100241deb4c2cf56,2026-10-07
9ce34039dc7c65940e289b4d37c98e70,2026-10-07
a2c6d0665bf3f70ab67985c2d3e1da83,2026-10-07
28d8db63bab30ddaf8acba3ae53e2d28,2026-10-07
299612728cb511c516f913b67e1fa0b2,2026-10-07
d6838518c6f5eacb06e748761b9f0c0c,2026-10-07
b24821589f9753588a310e3935f149ed,2026-10-07
13fd92629d10fbdd80a4b02987b275fa,2026-10-07
5933e1c124912e76f760ed08a0a1b044,2026-10-07
ca48c3caa5a1beb676a3b6f342b4ab30,2026-10-07
3a69424e578195a6a5b5e939ca3f0bda,2026-10-07
49e4634b54887c4e26ec2f53a8e211de,2026-10-07
3146dd6efd08eeca8fd6d0ce6c444958,2026-10-07
21314adea8985f6997b8a2675a229e8a,2026-10-07
57e16376a8684d622c7d66eddf1281c9,2026-10-07
8f2112f1f4fb6b2a8663e81f94775253,2026-10-07
1b26b4932b426a3fe51a65178b2ebe8b,2026-10-07
ddc9c76a883c2582be0c42a3413637e5,2026-10-07
1f69f4ef772bdeda93adff7d50533b7c,2026-10-07
3e51ed98d7c834070e1be59ad6d35568,2026-10-07
9fcdb3979c3cb55029e6e41d395f6f5a,2026-10-07
4a11a33018cfdf6ee255a71854a0ac8b,2026-10-07
ae7a920edd1a23fd8d5923f6ae0cf3a1,2026-10-07
9b5e771f1f9011a364a4d7cb6956a357,2026-10-07
096064cf569079ef3a447e415e14423a,2026-10-07
3a7079bd96d5f819c8532f48acc140ef,2026-10-07
5934308ed92ee70300f1af403e2d26ff,2026-10-07
5a93c9c1feb9cd4db7ef018bddaba650,2026-10-07
2adbabe34e1ff4881f792b65f839c5a9,2026-10-07
68e1aee550959e60eb924b6ba6baa413,2026-10-07
921c90fa42966b5c3491347f6d32756c,2026-10-07
d503d64debd0a06996f1c61383d5c168,2026-10-07
04e4e72bce7a9c335bf3af6b5125495b,2026-10-07
5959f24f25c8ca7a79aedd53eb2f4f30,2026-10-07
f910e291149ec5a1826a9fdec00cefb7,2026-10-07
08dc29920dde33e6306b7d3f3d3f9e39,2026-10-07
ffdd3b830883cb3ef4f8b858b6294118,2026-10-07
6b319c26a97c62107bd0c5f579e5ba37,2026-10-07
7ad7f7fd05919b288d4842fe2697af5e,2026-10-07
94bd93e66ee558b9d56f6ea09f04698c,2026-10-07
3a98486fa8e9f21593b594eeff1436e0,2026-10-07
407d4ed2648b722c7b8348a8365098ed,2026-10-07
4ec1eeccd5e50845da6ac9655d185c2c,2026-10-07
b62966bab0306d5a1cbb59d7b47f89c8,2026-10-07
18c1e1981a99a7da5fb9754ddcce8b0e,2026-10-07
4f5614adf516823815e033830b680128,2026-10-07
61a50e242268b4e256eefca41dfe3a93,2026-10-07
45b2dad7ccb7d3ad2b8d5c561ec8c376,2026-10-07
2621d8b2ae52d1a3caf5741d7a61f2a2,2026-10-07
47261b4b6f99e3dafa2ef22ef4bb246d,2026-10-07
506b766a7ba70e8547a640ec97805f55,2026-10-07
5dc627f4351ac1cc2297e387c6c76f33,2026-10-07
a88c3691f21a4aed3d054159fa995e65,2026-10-07
d7398e75555fec45a21a364b2a876cbb,2026-10-07
6797946ba6a40cdda509f18b1543d6fa,2026-10-07
a2cb6f75f89b4a879a6a0c09b97ab235,2026-10-07
11862a5e97d55ee78b93256943781c08,2026-10-07
e1544c1ee89d399b710bab22a08e4ba5,2026-10-07
67fbcabd2e5ebbf24292a982bc023dcf,2026-10-07
ee05c58d45c10e897dbc64fca8a21bcc,2026-10-07
805963f1da1496861e267e30ff5691b1,2026-10-07
48a462f6513c3af62b9d70c1de13c21b,2026-10-07
565fd1b28937e9b7aef3167be8ba3727,2026-10-07
3ad2629242aa515a53bf5d4dd0b8f298,2026-10-07
c30f05284b5cebf4cbb1ac07e306708c,2026-10-07
d8e4432995dc8d4b39b96d0844b7bef1,2026-10-07
26a5a8072ad024f7873f350852af49b3,2026-10-07
3c112666df2a3f04618b0b9af94737d6,2026-10-07
8a9b85ac72bfed4b49edb4de075801f0,2026-10-07
f91188f362f2b0a207bd7ecf20ff33ff,2026-10-07
1c1c724cec76b44f4aeed75c8678f3d5,2026-10-07
3e3dbc1872b2d34415e195314e223cbd,2026-10-07
5f077ac8f123acc7853f41054713e779,2026-10-07
3366b11085032aa88bb0598ac1e3489a,2026-10-07
4f8c9148e90711a62b797a7a00fb1676,2026-10-07
a71f8795bbafda8d26021ff696ae25f1,2026-10-07
3ad96200bee1933c452b48f8a8dff7e6,2026-10-07
5657416c96dffe249848fbcfe600c5e7,2026-10-07
4677941863285202e5617555cae494b4,2026-10-07
2a311e8d759dc4f171101d79679ab377,2026-10-07
abe046cc098164bf0e3d8db1ff378e63,2026-10-07
e7c702e2780ee664e53f113048a28683,2026-10-07
f40d51c45a70fbd2f2b88718d6906e87,2026-10-07
304cd3695fbc1d4a723bf1f7b577a853,2026-10-07
a929e719edc1c072fdd1ea271befe130,2026-10-07
8da24fb54e9686a4d3d2b348dbd3dcd6,2026-10-07
e44829fc4e2e5631c639b7e1858fd016,2026-10-07
aa3076e7d42ca11c1605c5f64aecc276,2026-10-07
0a7344fca511e17a9c464799bbace839,2026-10-07
0aedb30ca669dee23cb0ee7ccf6818c6,2026-10-07
d11ed5bc7eeefdd90521558eb417b692,2026-10-07
43fb5b541077ea0070b718366a62f510,2026-10-07
575aba535c077227d8e75cb0c5b012e5,2026-10-07
e1e01c67bdd65fe063ee2ff254cab1f2,2026-10-07
3b8c68fdc80eca5cd5bd1fb85c5348a6,2026-10-07
a1a12123187776805459fdc3c393bab4,2026-10-07
dab3ee9d6833f6c046aaf0acab6e5d6e,2026-10-07
a7f42c061b86bacb4588ef93d978d27d,2026-10-07
abb5229608ad8ae9a4a7355e8f3705d6,2026-10-07
363212f88cfa5aa3e59c44d0df82eb61,2026-10-07
d03b358b0021e5a63f0e03cff3cfaafa,2026-10-07
02252cfcafff55d80fe38a5a696dfbf1,2026-10-07
4ad899306965f8159959a5bb2d2fae9c,2026-10-07
d2ee623469f646af410b1c8af0b1212f,2026-10-07
237eca487bc7afdec772ef11fc085eb5,2026-10-07
72403fcfd847a066909343dfef632e8e,2026-10-07
de88840a892d056f293e7eb192c25fbc,2026-10-07
d973d3c6f8293026d843105692e42df0,2026-10-07
5066313f442883559f602444ceffa0b0,2026-10-07
5441ab005ca3d96efc5b37cba9e5425d,2026-10-07
e9f6d311aca3d69b0829a02ae00a91c1,2026-10-07
ce45d2f1249286975f519e745188cb44,2026-10-07
a131bddbb5296b58ea47ca3c21dd18cf,2026-10-07
9fa68e4c212c10710b0b8f0d5a0ab916,2026-10-07
8df06820a22775f9f2a8514c71253c87,2026-10-07
30ac647b9aa472bffe5a98cb34972d31,2026-10-07
757b3c15c5ecaa6c0c55784da9a52df4,2026-10-07
6ab67e1b752b960cc4d747d4d64da251,2026-10-07
b53b03770c136659c70da13d8e036f76,2026-10-07
76cc105b877274c421bd6510aa5521b8,2026-10-07
54c504c492f9009a8f7c303f9da5143e,2026-10-07
54c779b51aa4e20003a08227a23eb453,2026-10-07
fc91a4bea2d5654cfb21b9dd4da1d433,2026-10-07
427009aca3ac0fea3e08ec62c5192f62,2026-10-07
3b823f85535e4ad63779ab7fb6fc20ad,2026-10-07
47afd15521b0bace24ac78114e67b46e,2026-10-07
9dc9b73d11579f7f6c641941ca9bbc59,2026-10-07
059903128f4813ca4ec6ee7c715ee693,2026-10-07
9b1308cea9478725e5d3ef0c128d3e50,2026-10-07
efbcad13894b6f943eebe154d03b84b3,2026-10-07
08e156d850b041a76acf280fcad611a0,2026-10-07
ceb032da2582b5f110fa84397eb09218,2026-10-07
dbaf15ca6c1f7c560563e253c16a94ad,2026-10-07
f6cbdacb964675cedac4b45119bcc36f,2026-10-07
381e9908f868e41fc088d930f25bee3c,2026-10-07
36c6c7eb13b4562bd91d947b6bc35e5b,2026-10-07
f2a2f5d5b22cf16db68c1e544a87d4cd,2026-10-07
2fb00fe1e31980928733882e4eae7bf9,2026-10-07
b63ed94953ab949d5cb0eb2a7214b7e1,2026-10-07
a434d7751a396d8bdcc8cf47b6fc5bf6,2026-10-07
0a1626acbcbb334e3443ca930a21c55c,2026-10-07
89220289a399b7734d9cea88d14607c8,2026-10-07
bd6a5aa76c6f2ba7527e53f1f89b5f3d,2026-10-07
10911140b85d8921ae0ed1ef5ee41598,2026-10-07
a3824646ad747bbe46fad435876de73b,2026-10-07
03955c6b38629c21fc17234d31457676,2026-10-07
272436b545a51f3b05c6fe2ac20e8476,2026-10-07
ba1f662a55aee0d99fcdf2b3d9b698df,2026-10-07
2001ee383f213b18d2b186661924e848,2026-10-07
85b9f2b313dfe6fab5f0f043396f0267,2026-10-07
9135013c77ee62e916fee4c0612d0668,2026-10-07
ead81ab8c9d1c427c3b326a8cde6c5b1,2026-10-07
cc20b52740d77c9f877c7c8d24d770a8,2026-10-07
d9d7ea074e3fddfe53fdd3d0eee397e0,2026-10-07
f386e5041b61effe0c59e81cedb5a884,2026-10-07
8270eea8b4fc93b24012724b8ba60aa9,2026-10-07
5e5de1971e6bb0d4d669208cac630456,2026-10-07
df8eabc239c4b7a159dfa0fb10fe44fd,2026-10-07
3fbeefb079f30181fbce242e47f6e14f,2026-10-07
4afd356f83470284d303e5aadd366f91,2026-10-07
72bc47bc68f9db49797e17eafdf746fc,2026-10-07
8db57e7c20c34d79d521f9789fa94347,2026-10-07
38363ef1eb515d405aa4a45c9500e5b0,2026-10-07
6569c7c7eeabec5b7841872b09bc5135,2026-10-07
bf9f7dde1476e768959f7ad33da5d831,2026-10-07
75480a3426ac20e0412b8f28a1417b57,2026-10-07
c4f9388127e5fe051008136a8c2e714b,2026-10-07
7a382331a4d5435382dad442afd01c33,2026-10-07
da23938da8958a33212a0a371ac7cc4e,2026-10-07
519c49a88de79a8660e97a3a0b372736,2026-10-07
09c2f6e0c336ef897f637e6b7b2bb3ed,2026-10-07
f4fe5a335679d177b66a76662d679ebc,2026-10-07
2951b856e67241297f6b50f676cf7142,2026-10-07
a972cfae742ecf23d70a5218d531ed61,2026-10-07
347a69b48b80667572e0c6dfff847d28,2026-10-07
5f22d950f7b06b8a57a45e8009c8622f,2026-10-07
2df98a25bdbc04549c8b8601a41d70f8,2026-10-07
36bc78311b2a9c1e803d9caf92ed2cd8,2026-10-07
e6b8bec1f6cccfe27e8ad0ffcd77387e,2026-10-07
a55f39edb46078a102a9fdb749d620ce,2026-10-07
5bb25d6f0121e7cb64e608e4d84778eb,2026-10-07
e66684a8efa539f1a3ebbcbe28c2b1ea,2026-10-07
9858c2289558766456aee0dbcc14b574,2026-10-07
fd6d1bb7d2f5218a716dbd61c6713d7c,2026-10-07
f3c978dda8b7b52ac09511cbc0ce7c89,2026-10-07
b31e723dc637bb7102a1193600286d40,2026-10-07
e1b8be66266c5f54cb64851aaf289dd4,2026-10-07
43dafe1ab0b3abd539778873afc9c638,2026-10-07
05eb683361ad8d873ee01996623732cf,2026-10-07
2409446880ec77c4072608e9a1a4f492,2026-10-07
702d9d3115c3d0b1782d78679a65a4c0,2026-10-07
88d03426ab71c833cca692ab4516bb07,2026-10-07
a15db047e901dc58ca27e68ee19a8f53,2026-10-07
a1e8db223788dfad0e9e89c8229eaae1,2026-10-07
e95e5e7b76faed80fccd11b35f2c0e9c,2026-10-07
112eb68124bbfa2f8453f65b69434ef0,2026-10-07
2946cdb39c8f6b08ff1147b25bb3aac2,2026-10-07
6f0a81ea6606e9044a74f809f42dd4c6,2026-10-07
fcc039c2ae8e48ef8d3d9d444d10e47a,2026-10-07
26bd61682555d99bbcfbada75a798c87,2026-10-07
7edd6176cd5111b0fa526c58af94c3c1,2026-10-07
8446cf1ac6d1d3cee7afc4e132a4a74d,2026-10-07
199698e12a280a37f69eb92b297a3a8c,2026-10-07
6e5b06e718bd66dec85762855dc64af2,2026-10-07
771c99d82afae2d536a77f9b4904ffe0,2026-10-07
864b2a948bbe10a3b66e2e354edc82f8,2026-10-07
fb1fb382397d03c339c5a6fbcd1f4bbd,2026-10-07
16bbd2c7c3ec7a501ebc2924e45657b0,2026-10-07
eb10b2f40a26742fd959eaca4ea08302,2026-10-07
b3cb5581d53dcb9dcf44cfba3f3ab5a6,2026-10-07
3b8098d45cc95232e4ce896f50e3e77a,2026-10-07
111e5586375297cae7d7a919c1d89a54,2026-10-07
5171f831224c2d5d45dfc1adcc23eaad,2026-10-07
93a9c786c66adfc546a989a41640a880,2026-10-07
579468e54c90ea9d229544da4189c2ac,2026-10-07
d6ed3e4e34fea31f282b02ce0597be03,2026-10-07
7983e55b846b0a22755cac99e6ebe941,2026-10-07
816381e4df335e7977f4d5d2fee72b8f,2026-10-07
3b399dda428bef7724e281033832fd05,2026-10-07
d75d705dfb52f3430fe9748c27d045fb,2026-10-07
29a1a65fdf9ca631d4dc7b2cb97263d0,2026-10-07
5980eb1e7af6d3e3465b60e7cec2e884,2026-10-07
f6c51d5feb2828dd089af6c7dde11332,2026-10-07
4fd01d2f7c51ee8701567ef0e2e3864f,2026-10-07
5ba1fc7fac3eaed0c544d3813f0ed709,2026-10-07
6b061584b75494e67d83bb3c76c497e3,2026-10-07
ad0a57e827ce2b5cf314fd8e19e8e7fb,2026-10-07
3993d8206f327ab040cd7c12a9f88a07,2026-10-07
a071f125c7379ed03d1d86a27fe5ef8a,2026-10-07
e0402d3563d1277dea4b91421a7e685d,2026-10-07
b16a34598bb5a0826f7d68388bac4fcd,2026-10-07
02fa817e742fcc5621ee140e10eeced3,2026-10-07
b1697e2428a5d66e27ea37654d2091c4,2026-10-07
9407fe93a0bde0c297c319aaef267bce,2026-10-07
c1ec1dadfb326b021666215920e7e44d,2026-10-07
c08e096952a09875c9eea4c2add31942,2026-10-07
3b246b7b0c256bfa5d5c0a1808a9aa37,2026-10-07
ab9b797462016dbcaf1f095525e2fd46,2026-10-07
e39f96c21e6fc5f7a1091c4333506602,2026-10-07
7af8e9e3afb3cf745f023793872c2ba4,2026-10-07
3b7191e2ba56d4cfe6101bbb8e6fc1dd,2026-10-07
7b6e069ace6b956dac189eeefa79c54d,2026-10-07
df75e3543f1b0b4d36c7523a4ff7bd4c,2026-10-07
69d39525ce3649069a47f0cf0778bb53,2026-10-07
f0a3a9f7fc8d5a460bc96df0cde2bca4,2026-10-07
0659057757540140f3149b286e381ee6,2026-10-07
c817180f648f4771159231dca5567ed7,2026-10-07
9eb6a611312d20b3ce1d1fc870cfcd6c,2026-10-07
0d2d4e30c15d2beb3f991018be73ac04,2026-10-07
ce6f2935666a43b32c50b94920e1377c,2026-10-07
08a9fd1484fa83ed8307111552958850,2026-10-07
b79ca5bb88a246e01a305219c1651da1,2026-10-07
4e6cf79ba675f7b4eb0903cb4396606c,2026-10-07
217912985f37398a098cba11304541d6,2026-10-07
696449e2f69c5b253f0b614512f96185,2026-10-07
b930cf4c5667b7bab6ceb3667f823fdd,2026-10-07
4665e833f714f96f7f6128e019cf293b,2026-10-07
3e1cb7f2c9dee3335b891fb11e1d56d9,2026-10-07
e19c9cce36051ad36bdef4dd8d1e1bdd,2026-10-07
c5d7b452ca5aaa30c88be04ed2e2b4ce,2026-10-07
945c0be4777ca9d7aad0799ec3987226,2026-10-07
964365f76e4ceddb6228e77c9b8b32af,2026-10-07
4f8051664ac1b3eafbfc40230f9874f8,2026-10-07
3fa56534685d19614fc9f73ff98ce871,2026-10-07
4eef57f4e1794f802f8000dd14909194,2026-10-07
0237d778949616f5cd89690450ae04e9,2026-10-07
c776cbecedb3490904ce7f8747d6fe18,2026-10-07
8e229503f573828e65b78b980ab02dfb,2026-10-07
86975ee565bea940d74c0f42e386d5cd,2026-10-07
33c2342a45b2866e8a886dfcf5d70d26,2026-10-07
fdc6eedd1ccb6f91e7d6f701346420ae,2026-10-07
21c0df7411ecb9c910482a8a651ba2d6,2026-10-07
9a9be8d18a54a2286eb1892b2d69fc38,2026-10-07
1522d1dc83d319bbd15a5dc425bfeffe,2026-10-07
55c032f4bde0ba14c31bd63d1b3392e1,2026-10-07
5f4084b1587c25ab4caf2448c6f98e78,2026-10-07
ff92cc8315f88f8bded1c822e0e583df,2026-10-07
72f99a65467e2444b544fffa9684ee6b,2026-10-07
9de83a19c90dd9bc9efaec3946c308c3,2026-10-07
de9f52f22488e30a5d4411b469af1abf,2026-10-07
590fa3df79661b0e843ed0623583b5ea,2026-10-07
4999a03b90003285d04d94547dc5bbca,2026-10-07
952218bfd32414114db14edb868a99a5,2026-10-07
5d1b81a81d84c427da623b008abeb716,2026-10-07
0e6826e4b2bac1647934ccf9db307912,2026-10-07
1e14e6b53a28b9f5f38678fd9e7a1d9c,2026-10-07
b489057b706e347c20f385748fd979e7,2026-10-07
15a927d4681b47904a07506ec1df30ac,2026-10-07
221c691e46154c7a17baa0241986fb12,2026-10-07
61a01b835003e820ce50d2d018513913,2026-10-07
bbfb3d262b1867cca1962e8c647d98d1,2026-10-07
b0337e1f33840764a2b6abcaba2edebb,2026-10-07
fa9565c85da020e81ca0f50f420d4d75,2026-10-07
20831f2aa34b9e7286eaf86b8f3b569d,2026-10-07
6170af220c1fb2a79cfd61f076b36edc,2026-10-07
3acbff94ee171b3f443db2b8cc845a58,2026-10-07
f2f692233b13825e78dec8fa6490e5e9,2026-10-07
2f4af9f895a10f977dcd6e1446192650,2026-10-07
d9c4ce4f4e315b3968c2dc4899dab26e,2026-10-07
338541a90efbf7176970455b88c13bf5,2026-10-07
515e325053a9ed53be735911db5d3e84,2026-10-07
9c8940429f8d403e261399e3a6a12ff0,2026-10-07
1fa8520898200999cbd8c032a557a3ee,2026-10-07
8979f03ceedaad63e58a571b29218992,2026-10-07
e632fa668d3e8b8054cb8d9d4585e695,2026-10-07
2be778a3920a5e950c4b36c4f070c5a0,2026-10-07
5718d36161d1f78b2fd37cd90835d402,2026-10-07
16a860b122b085fba7145316ec8c74f8,2026-10-07
2f12853322db6bc4fa697fcf7d468301,2026-10-07
c8e3ab4dd68a4ed940910a21f230c1e4,2026-10-07
eec92038d5822a5fda74d2c2a5133b69,2026-10-07
0911efacecc7ab108e984277f661fcbb,2026-10-07
b6f0d68acf89faeb5185101d460856f1,2026-10-07
22c1c1efd9aadbbe4867bfa1b214687e,2026-10-07
a58e93546a9df2d9f46ca765fc875e19,2026-10-07
61c5b9b74c83037f989cf36fa751f6c8,2026-10-07
308e9ff11ec285d81cd59154e81a3fa8,2026-10-07
befe51ad1d90e86c5b1e8010d72ee11a,2026-10-07
c075eb24de9a49eb20f0b25d33ea3d5b,2026-10-07
7e1f5948341d116bad2dc4993c14ea43,2026-10-07
87f65bf0ebb308eb8f284004b51f909f,2026-10-07
eb1e9c1b43b14a4306b138b33cb2b44f,2026-10-07
e29bb66045868bb3a703a6033d63f818,2026-10-07
2bb6582209d9301f8e99ec5a23973341,2026-10-07
bd12e61a9fbd392d2983471ebb744d39,2026-10-07
c5129d907e6fd5dcd1ec40f7b1c37a45,2026-10-07
f0894930fe365dc87ab83889c54a13ea,2026-10-07
07c30dbd383a58fe7c82f2f748f03ff6,2026-10-07
867b139df6c927a3ae4afeac4cffe232,2026-10-07
f1bbb40790f109a4f5f3a4e2d0139351,2026-10-07
f1d9432b62e92fcdffd03aef6a0005a3,2026-10-07
44128bd645dd0bfd0849bc014de5531d,2026-10-07
1c2959f02aa172772470a727401e16e4,2026-10-07
a6cd12398d7c89d4874c4552ca883060,2026-10-07
09c83b6d93db10cab8c6f8623c0a9fae,2026-10-07
2130430767c4797b0f9c226453292426,2026-10-07
04034ecdf88b3a7000f517c5b101f0bd,2026-10-07
0229d3bb300c5eb9e3d172f20553439f,2026-10-07
ea09a3812ea347b6a1d7cd6d4c81dd30,2026-10-07
c31812a687dc6b7375741461504b80ea,2026-10-07
ac77f36eb0a356acb7ee41c5d480863c,2026-10-07
1d86faf9b02bdea380d568be61ac0244,2026-10-07
c8521819d2b037da17a31925038f5868,2026-10-07
7808c9b0636e65d64a3df3e9fbf3cc70,2026-10-07
a2567f243cc0ca12ef92302625f8dc97,2026-10-07
b229ef140ff22cfd98b91b4345464b09,2026-10-07
9d4857b4b76c59519f810a2143c87360,2026-10-07
6450ab4c97f263e38180a81df60249d8,2026-10-07
77cea8036135f077cba7acce6102e068,2026-10-07
2212e922005fcd4f250dacbb49909af1,2026-10-07
7ad22a50e012bd8c71e2b4cdc85c479d,2026-10-07
c99f15367257abab0cab6b44c717abb0,2026-10-07
4a929f234ab1e33f10f82082a2e29300,2026-10-07
e0c66c77e7c698345d6ea7bb1ca4a7cc,2026-10-07
f4b35ad3311ce5f055628499a9577fee,2026-10-07
9c0deb2f4e85954b32ae83f9d1c7f34f,2026-10-07
ccfd9fb3b25daa98e125032de44caedb,2026-10-07
b5c8b3835e5d8df82e80a197cbcb378f,2026-10-07
b33d59f6ed7fb02593644046187184e5,2026-10-07
1891e0265b204bd029d60020887fd92a,2026-10-07
fb654eaa2f289027ab844043397ee80b,2026-10-07
fc8990015116e1da62ce588525e6b0f9,2026-10-07
211e6622e328e78d68e24daa46f0231e,2026-10-07
cbc12f1f25d996e1b121ada3f365bddc,2026-10-07
b72c72a6354a5e354cd6ef87cd1c3c75,2026-10-07
6bcfbbe8ee3b3712a809113455e0cdfb,2026-10-07
d17fb67090e0af497a2ba230483f2995,2026-10-07
11db707234c8538b173703127335e8ac,2026-10-07
d8e41a98f934a436dfbc0bb58b3d0a19,2026-10-07
ba4a95a10a16dddac04d97c7a4e1ca86,2026-10-07
bb667a8ebe70194e5e8d67b31d607732,2026-10-07
cefd1f32c5584a45cf3b171217bf363b,2026-10-07
73ded8068a8b8059f6c2397d95ef0d6e,2026-10-07
3d8703fba72cfa926313442e187557ca,2026-10-07
6ca74e6e3685dcb8fc573c7117b89be5,2026-10-07
53ebeb8303be655520ff35a07aedcb41,2026-10-07
c13ac69fd028c7435e22aaa06075d365,2026-10-07
046c9b18b4d3d3b755db4f394b30817f,2026-10-07
596c5867e09cb0691210aef5115b7d57,2026-10-07
70375a8e6b59aed5b054b91230636c14,2026-10-07
56d55bdde19aa124555a4cdd5d3812fc,2026-10-07
466ea1c5409fd450adc8f85f6fcb1db3,2026-10-07
8ff7b96c23b210f33d6cef27418b51e8,2026-10-07
83d6ef4c95e711301d2b96ad0c1f2c93,2026-10-07
7ed93d39cc7f93b12c0d256c7b84f4b9,2026-10-07
f8e634e4388b009f50a3eb17b11d08ea,2026-10-07
00aca06abca2ea47b9c5a10791ecda1e,2026-10-07
0a883c46c760ad7fb1d168b0842e28f3,2026-10-07
48104967569399f5f3f8933eb919c33a,2026-10-07
257ea02df42d2d03ff58871937740de1,2026-10-07
17299201e985e731a32299960e655ffc,2026-10-07
c698cd18b0a0931162a4f023db2e5515,2026-10-07
9fed79370fd2d4d26be20c9dc1abcf6f,2026-10-07
35693facff909a1ea0989e51e3bd8321,2026-10-07
90f28f2f6d4a5cf0f1dfc8e71dc71a16,2026-10-07
44a33c1aa80c65a607e77743747b3ac8,2026-10-07
8f4b91a46b232094c28fe2a8ed95a0be,2026-10-07
33ffee7c2912d9fea001cc114b43b40c,2026-10-07
db5a5f68e14759fccd00a2684a187ea1,2026-10-07
13e2e757753889f48abe297551514e02,2026-10-07
e320ebf407d0bbb4cf0ece4c3c5b79b3,2026-10-07
c62c935b238434ac39460aad1340b51a,2026-10-07
7304b90cc5ccb1936cb3f890d70ecdb2,2026-10-07
13f8d339b7c97f2f7c10a4ba774f3f96,2026-10-07
6960143feb0ae14dffd17a4f96e13f06,2026-10-07
b8a83093a27bfe3f0f0140bdd28eab57,2026-10-07
1ec62fa349c1d3ea284a8d3dc7ba860f,2026-10-07
2fecfa7a3c7d9e54fb89e326c2f4a2e2,2026-10-07
b55b9d62b498d5378588bad0e838c8d9,2026-10-07
9fe5bd3eee1532602ff162231523f55e,2026-10-07
a6e6076607fb9555f6728be94623bddd,2026-10-07
428d416d667ebe6f2fa4e2377f29a102,2026-10-07
ed00643e86b91463c4d01f2a35f84b14,2026-10-07
a3cc6590ae33bd6b3af3b3c1e54c8cac,2026-10-07
58e1df00bc23542d8760cc3f87eb177f,2026-10-07
d4cff43eb7a9dc19e97d8d3f9a618498,2026-10-07
89c42dd8a0bd94d7004aa822abac69c9,2026-10-07
e7fe5f6dfaa5f25b678952a2b75ff394,2026-10-07
ee3fe6df868206e7c1628c58e3349c7b,2026-10-07
1dc06e27b31bd9b64444a2a05fd844cf,2026-10-07
801ba1fb4500e87cbe8eeb061f50bb14,2026-10-07
19e991015d845c49df6abb633b1b0c66,2026-10-07
1022759fcdc23d8cce2606d354087451,2026-10-07
349d1281283e2ddae0a71f90caeb5eff,2026-10-07
ae68e2644ed41057e108c55294cf7832,2026-10-07
938d2f66b5fdc27dcb9133f9eb1910d1,2026-10-07
ee3efafaba1d814517333ea705b46937,2026-10-07
7dd3e7c469a47e6f15195cbc833a27b7,2026-10-07
fca1e5b21a28177387012fb482ff88a1,2026-10-07
5b3e2913b9c3a7002a4638577fd9b8c9,2026-10-07
49fc26c1ac1d411a58cc93d6123f9d74,2026-10-07
2508f4fe40c39094513ca7e973f5085b,2026-10-07
b6078760bbbc23b24507e82f669994df,2026-10-07
2748ce2569ba32566d5314789d4e8ee0,2026-10-07
49a9d4a623b17886de8f794c86c93466,2026-10-07
ede9676f2999f8ebb6fb6c04c8803043,2026-10-07
f1571c35269b46f36599e5ebda68a674,2026-10-07
28d746566f293d29110a85c570c69313,2026-10-07
10e285b56f3440743b3196faaa23be65,2026-10-07
a6de97b22be6a84ddcd33fc9477fb496,2026-10-07
c4a41be5323bbec0c7eb757962f5305b,2026-10-07
5445c7a27c5c646b128e64994d4cff51,2026-10-07
c0d5adc182c1b240f6f6a24b291648d6,2026-10-07
2d491ae5cc106df8667a42c34f6b8545,2026-10-07
7173158fd830d26d2c0b8d32fbfecc65,2026-10-07
92fd80791a2f5f81469e14a00743495b,2026-10-07
5045a427d9efbe5fe7a1a78ae91fdee0,2026-10-07
c53c413d5e03e9b6799411af7a5c1ea7,2026-10-07
96eae376f09446172f45e7044f30d955,2026-10-07
c502c23f93a5a37e0fdfb3e81cc2a253,2026-10-07
19530bc9c19535cda7a9b8e861cf0ad8,2026-10-07
34aea5d88ad27bad68740fe109a48180,2026-10-07
0833e99604c628caf846379d4c909a22,2026-10-07
77bc61b75e625cc127e163b6b3700011,2026-10-07
af3d25be133b70cd488f349fe1adcb77,2026-10-07
f30a9e383332817fed1de159ee7f86ac,2026-10-07
e751190d756297978af32f7d03f8aaa7,2026-10-07
0cf23b1e1ef60ee4b59e3a9ebf3bf80c,2026-10-07
d0ef6eebb8ae3fe7469ce264ae75488d,2026-10-07
39e011d7243a0d0d1cd4233b7d7bdc36,2026-10-07
f7a0ffbf85c2d2ba93c9030f8c6d9b76,2026-10-07
9d5c5712bbbd7b7360d45dabdf19503f,2026-10-07
8f298412aa9338baafa685280287a07d,2026-10-07
ed3e6aabbbc0f65525f017d13040c7d8,2026-10-07
317fc9df8486fb69d2796d599e92a7d9,2026-10-07
ed98748ca8b552237f66f08868b133c0,2026-10-07
7583438e9cb6f4c5f381b859e72ffd26,2026-10-07
0ace5470eef16aec1e55de206c47f268,2026-10-07
31488fe562f31c43e611c0f3606d2537,2026-10-07
91116340b91498493c0b30d65e222816,2026-10-07
4eaed1f60687804f46bb87bfeb7ea4d7,2026-10-07
3f22f0630909daf51157b28a957b7157,2026-10-07
36e0037517a64e8328c1683bcc0c4d58,2026-10-07
de2ff119e8293750b9663e612b1c85bc,2026-10-07
07cd740a0e402202a8c9f3e832cc8aaa,2026-10-07
b723be8f484a798d5f3a39c98c54f9fd,2026-10-07
68bb02d2ab1f73d93446c73141a524b9,2026-10-07
852664f1201905afae39be2940ad61bc,2026-10-07
096c13fe54bc32811a7e2ce3ccd16982,2026-10-07
fed3cfa230ec260c22fef873cc0a1fec,2026-10-07
c9c0c627428f109eb1a212dd55d7bdf4,2026-10-07
dd0156ba1510d89b70710410522edec0,2026-10-07
e0c84b624c13947d5f406f5835ad0025,2026-10-07
6184c4794dfea6c36c0e20033b040508,2026-10-07
bf1d8ba096e4812f7f6d57e80ff480da,2026-10-07
2656c6793167a6941ac3b85d9a62cb2c,2026-10-07
d8bea3ed73c917ba2406c484bc7a849c,2026-10-07
17b31494e244c526eefdbb85b056d287,2026-10-07
6c65f8d8f8a203481d2e5945a2978131,2026-10-07
53499edf83ab56ac35d1a5d6572d614f,2026-10-07
b131ec846659c44aaeb97442da532f01,2026-10-07
5fc8f25bf8a97972b4a21ef9de764e79,2026-10-07
9a89a4665abefc06453211ff247dadd7,2026-10-07
8d46250ecb2724ed230c202efae7177c,2026-10-07
366fe8078a6b9d474b787adf4ae951e1,2026-10-07
dd3a7b4c42c971dec0099fd13a154c9e,2026-10-07
38bb8a6d6cebad986795838dd0693499,2026-10-07
f7609c775838d4fbffee8236c34821ac,2026-10-07
14611572781c5b4a100cf6cebcf820cc,2026-10-07
93bc90f3af8253a2ada2e31730ee608c,2026-10-07
0b6057ff6f9d4eb52b229bcfe37c40ec,2026-10-07
018f1623e1f09c1c533a7ab1e3c9a1f4,2026-10-07
beabb3cc09e850e30eaa31770c0232d7,2026-10-07
c7645f9f23117d94ec1c70c73e8fd9d0,2026-10-07
6dc19186a76bc93569fc5ca146b8e049,2026-10-07
a454e4574852a0471a3e8c632456ab45,2026-10-07
7ea003b307d5ac34c8d1fc22f78d2622,2026-10-07
2c3544107810a56b35a928309318bbec,2026-10-07
993e4a47a2cc44dae290909eecdd73e1,2026-10-07
f8f28d4c3e5baf26f67d05bd7adcf870,2026-10-07
f25e1863b2eb35cd94cccdcdce51e62b,2026-10-07
5f9c042fe7a6155f21a961630f8b9fde,2026-10-07
0effabf35e9ac4065730cdb29da894aa,2026-10-07
46baad94388263af3e457f6cc46d10d1,2026-10-07
920dc3e6998f06e4691c688088d4b1c4,2026-10-07
bb59d26a76b267c381d995598d89bc1e,2026-10-07
47f12e66006628e23b8752f2e538743e,2026-10-07
dc2cc058b3a8f8491e6401de5592c2b4,2026-10-07
e9d73d5bf4fb1b1d2250b77c3f0cdd14,2026-10-07
74d35701a6e43bbaa65a2f03c0fe6301,2026-10-07
38c01106911916c280576f6208beb09b,2026-10-07
886105cca54e49371fa9439022d66950,2026-10-07
8d5bc4d53a2a368f3fb86cc2986cda12,2026-10-07
15c086394691b2e5650432df148c3e66,2026-10-07
b0fc6315f3e9674eff7bff357ec1408d,2026-10-07
c1fb8125496e772123189f358d8490b5,2026-10-07
22b4887415d10b547978771885b076a2,2026-10-07
d128e092392d8daafdf0266582512ebe,2026-10-07
c7b54427dd563d750ad2815c4d08b4b2,2026-10-07
862398315d08357baafd2d1cae4584bf,2026-10-07
816e646a92791ce0d70208c9cbe575f9,2026-10-07
4855eb4665bdad9f305d593af9c21037,2026-10-07
4561033174ae602e5aa5fd4f71d046fa,2026-10-07
745b33557d19cf302634504d90057e78,2026-10-07
9511ff29eb9916facaba8c3f73060778,2026-10-07
4dc8602b4e7f27172927bb5f02c100ed,2026-10-07
9593520a466e405bb6781a7a76172b47,2026-10-07
f63330279cf6737754b2b549e8259baa,2026-10-07
af990292b83b64912850e10ab34b8dbc,2026-10-07
e6c6db8a90b7fbf47ec3ffdab10f95e1,2026-10-07
7bebd4da0033de4513d8d30c427aac2a,2026-10-07
b9fde6dd5c04b61b6b414e9a99c70643,2026-10-07
372c1703481e01fc9fe7c5f2ec6c6c27,2026-10-07
3f6ecd2cb97f874496ba1034c40c1920,2026-10-07
0d1093141b59f5d5bf4ab3fffbe465ef,2026-10-07
8908513317f72649ee4d5e4f554fa6bd,2026-10-07
441480e5f17aea010710eb23de82f639,2026-10-07
2b6b383eaf593ce1d5f6074efa3b5e64,2026-10-07
14394fc1f53a5b2794047faedd76a387,2026-10-07
0b5b2de515f2787e3281b6f865f8018d,2026-10-07
a59e07c8dc96ea49fd81b308a40a4403,2026-10-07
23862212bcff899434228656bc1a600b,2026-10-07
6b221e817e250cc89fc56b6373573845,2026-10-07
9bb0bdca2325f7343845b3caeef4f1d2,2026-10-07
e1442bca6e9217d317752c04a5085eee,2026-10-07
60cced1e15dc0b3f771ba1ba6d52ebe1,2026-10-07
2177d30ef0a8e5a7eb3850936a1b33cb,2026-10-07
a1c6c0cb5dfe02e416a5ba56ac3bee2d,2026-10-07
de3abc5edd306da48424abe55360554e,2026-10-07
edc9b0bf094e3b3e09739a664c9adf9f,2026-10-07
49deafd25870f31a6470ea100e1421fe,2026-10-07
d4672af5a928152338ebad0a4e3ec3f6,2026-10-07
9698a534c9fde11c2b5ffff944db4ea3,2026-10-07
a3c288970d59815747ae7bc413d3afe2,2026-10-07
967e35af7c79542c9de0dc56af4640eb,2026-10-07
1b9847c4bef03132fad4bc395a2d79b9,2026-10-07
60e205a732447a95d9b758c32a6bb6fa,2026-10-07
7d7c1c4789695703e2b7543518eb8592,2026-10-07
6e29ce3b5aece1847ec9f7d5f7d1b51f,2026-10-07
0f7760ce2e7367bc5eb31a770d7e04fd,2026-10-07
441843863d7c91a9a5e0f0c59d2f9eb8,2026-10-07
e2ef622059b1942149b018d6f631be91,2026-10-07
7e3fcfea4b2ddeab02fd51bfea0142c8,2026-10-07
bf4d671885b54fc8cdcbdef37fe90afc,2026-10-07
55828c5ee106568a9a1b7062fae24837,2026-10-07
df9dcf7de06a8ab8e756b310f7d7b61f,2026-10-07
5ba95a7b79bc420870851985c59aa8b0,2026-10-07
0c701cff96779a8a148d4baf54d93031,2026-10-07
c5c3e4c6b380b40a94d89f0ede9a5192,2026-10-07
0ff6a71da762e7abe93c5ea1e599254e,2026-10-07
a8b702ccb193c6789970e2738452b63a,2026-10-07
66d3a3e12cb69a94f45eb4e5c5f85cdc,2026-10-07
24965ae604efba08d54b7483239826d8,2026-10-07
ac19771a92000083d02781ce106104f7,2026-10-07
375fe04159e3b92ca75769c78ee5b19c,2026-10-07
7460dcf2013273bc09ec5d45c6e520bd,2026-10-07
596ec148cd55398dc373276d0357ed60,2026-10-07
1111362ebf3c57b4ec32872d0041956e,2026-10-07
b7401456c09767388e34c5236804b484,2026-10-07
edff32790239bfe40a445d38405ceb7d,2026-10-07
83cd09f4b96ca83fd9a09102dce03de4,2026-10-07
dc018980eba0c0190e2612d54dc52726,2026-10-07
5f05532971728d14bda45e22845d071a,2026-10-07
9981f4ed9ede0b4bf3b160e634f56f3a,2026-10-07
87c6d7d26cdfd7ea251a2d5abe75fd2b,2026-10-07
ed9db81dd733bdc70d7004c616feea74,2026-10-07
87e231b98d11994e6a12b35fed7ddaf3,2026-10-07
2d795a801c8435217be1803c40dd43dd,2026-10-07
d6381cacabbc2cec307a1befe1d3a062,2026-10-07
9534203ba98577e4b014d4b3f7d04c2f,2026-10-07
8a57a9c07b808c4b9bc87984140bd6f9,2026-10-07
fb7c720fc9485bee90582458882b9219,2026-10-07
cb1a71885282aa14ee86518a44864bfd,2026-10-07
647aba4155309a610d3b342549f0ee4e,2026-10-07
facddceb7d642172513e7875bec9abab,2026-10-07
329fe2edc4d89f0cbb16f2cae4614ce3,2026-10-07
302f5114bfe096d1e79cf8fb1a3b4617,2026-10-07
a282402c386f1f549573fa7588165dff,2026-10-07
0efb5fff89b4324740bf39d29a933475,2026-10-07
827e4dbf334af245df5fc7a14c102f22,2026-10-07
dbd39783adc9aa811388f2aa434b33f7,2026-10-07
b919f8e366ccffe0d809a040f52d709c,2026-10-07
7e00a9bfeadd344c9e3c45455dec5836,2026-10-07
8d23e53a5f2dc580a662de31ad3efafb,2026-10-07
fde2f5e55f95f36611d715f843c595be,2026-10-07
4033b7970cdbafc1170501672a6813e1,2026-10-07
950adda002fa1b55382aa5f1635f34d2,2026-10-07
b769b0ab6b8f2b33fab63ffde994e34f,2026-10-07
e760af9dab700fbb3052959ed6163eb1,2026-10-07
c6c1bb782a71123e45769f163dff3b68,2026-10-07
d1945d51dba56a388df7483754fac240,2026-10-07
048afec552ce8c24547a498ac55f7324,2026-10-07
b1f028079649934692341607a487c823,2026-10-07
01a6534986132caed53fe6072814486a,2026-10-07
9faefa0a1f3b9ac66489bb36539f7589,2026-10-07
9db36bf3abd2d6a95a6e20145256027c,2026-10-07
e915dd793aefa8ce7f22b9ca74208d22,2026-10-07
81e5fce9e60f87cc09b4953e5b5828c4,2026-10-07
f1e92d4804f072401207d5a7fb53973c,2026-10-07
c142e18355a53acea891c217aa6756de,2026-10-07
188c1f0fca0f6a6f32499d2f1ac55d89,2026-10-07
e17657cd7c5bff0e176aebdf1aed4748,2026-10-07
66b1a95c72d1795386b9d69228bff653,2026-10-07
c4fb4568c3364fc8a3e44aa595879e64,2026-10-07
33627d377f9e0f8dc0b34f1968e45e69,2026-10-07
6e493dcc825071046797db859dc74776,2026-10-07
01f628c4f6af6c035f74cc3b4a4a743a,2026-10-07
5e472e36a93e182ce9e098e9c46b8aad,2026-10-07
5b293fe11441a1822ce2ed9062bf0915,2026-10-07
d834767a01e661f8343c3fe5d9720e80,2026-10-07
a854e39a94466508f86f65b9020304cf,2026-10-07
64af180ad53429d2c0b9a9dfd30d8da9,2026-10-07
477ae3bc46622aa1ccf4e71d9b9f67d1,2026-10-07
58b7cc530513fbe60ff51da6980a447c,2026-10-07
36d4b8248c26e4d7406898921d270edd,2026-10-07
8ee965db1f7796dbae01bfc823b062c7,2026-10-07
b10486b6f957dc3fc33f5cc2fe1a4bf2,2026-10-07
e5260c92ffcba91f753dc05cc7cde095,2026-10-07
c428387fc5962a1f402ebe187c81f422,2026-10-07
0fd8f0e798a9c29bc91b1a1c13873532,2026-10-07
f7e29e34dd80c1991d20fdfe661c4583,2026-10-07
5590f91ef22bff0cc73c4104af2e8cb1,2026-10-07
5a307a747849e25d4574d34339e4f892,2026-10-07
4c6c886a2feb20e75227b15b9ccdadff,2026-10-07
83e7f54469ef73ddca690b4d07dd42ef,2026-10-07
d20a9047d7715adac9579b938496a286,2026-10-07
1b9f1f3701df6c6366a15204bfac6f3a,2026-10-07
7d5089ae73fec4aff76ed68cfe464656,2026-10-07
c5a19ad38cc7fec6dba9a5788ebfcdeb,2026-10-07
284dcabd953d4d879058d828f391d954,2026-10-07
7283b8e4c12818b6dd0274b401885637,2026-10-07
c38f4feeca9e76c94c81ecab8a9bbc51,2026-10-07
d60aa91dec7d2ac92ebbeb3b99cbd008,2026-10-07
f4ef25db218839839334d8e5034d9543,2026-10-07
90cbf94c9e93bce19c476d6bd6ce2a25,2026-10-07
d18ec1ee7cb06d4eacba5e89ed8551a5,2026-10-07
ec088fc8913918208b496706a27d352b,2026-10-07
46b48d4d19deb4624f78f11188000a38,2026-10-07
36776d7a9489675ba71028202035abac,2026-10-07
937bac25d67adbb8fda10b92ffcc8c0e,2026-10-07
ed692edff6a9150684fdbf839ae3e77a,2026-10-07
fb2fff6b1b9386e281447da5137a62d5,2026-10-07
791e1745a353161cfd84dae95d887fe3,2026-10-07
5b5ef6a9b0b09f178bc4190d42fa297e,2026-10-07
d48c7caa00da3da80001f27b9c4ca83f,2026-10-07
81b1a12991fc81655e1215c342fe6e25,2026-10-07
f9518427fa87ab25403fe37636045b58,2026-10-07
38e70ce4b30755f7dfdac7d675b6ec26,2026-10-07
1fd6fb71b66a085c5f30d235573c287d,2026-10-07
7023d80df56e9abd5419574cd8c88a2b,2026-10-07
7281423b5f4352dae057bf825a2d5981,2026-10-07
f603b3351e241e0aa4ca315f54504617,2026-10-07
c6b73fca4bf9a08fd8ceb4b8a45f2626,2026-10-07
1ccd4d72dad366a46047fec95b5907f8,2026-10-07
0bc6d3b6723415e5868bf11ca02dee79,2026-10-07
5e6fba5ab196ef0fe6a082eaefcb2547,2026-10-07
fead1d4af7a91d54aed36b59c79c1ae7,2026-10-07
e0396cfbbe37cd5690fa067da2b2052e,2026-10-07
99abba80c8f898980b9b86eabcb9038f,2026-10-07
7938eddbbfef43114e78cc1b6a80a739,2026-10-07
1eeda9f7bf7995816c4df1542072b8a6,2026-10-07
0ba6390469c6529eadfab8172b63344e,2026-10-07
9e160411376495a0203a767eda91c1a2,2026-10-07
6534253b7992a0dae467d87dc0b7c877,2026-10-07
f14da8edd1c1548616f8a5da76844cef,2026-10-07
3e05f8a78c3d4a3c0cc3c19819848703,2026-10-07
c09b08daa4a97f2e5d0401e25ae1cc36,2026-10-07
1d977deb53730c133531a3b6cbb8210f,2026-10-07
0eb0cd8b359a3821ce7a027f55d79f73,2026-10-07
57844d6f8bc75538e0fa53878e4fb15c,2026-10-07
18c94c0c5347dbb52a97f71d779e6a28,2026-10-07
d720503f6c632731ec08fe7840266dfb,2026-10-07
e5ee43a40352b14631a672fdbc475cdd,2026-10-07
1be53fe26652b5434f465eebc9c9ae74,2026-10-07
20836e35a4b90454a6c43c62aad759e2,2026-10-07
58472f5bb04e649f9129ce709682a5d4,2026-10-07
5ff9459048ef704bf234e4e655a0580c,2026-10-07
973d523e798ec6d8010e4ba4f9d0f13c,2026-10-07
a39c20df49c55a7b8791166ad50ee505,2026-10-07
37b6e37f6c3f47ca6503dbdf8889e183,2026-10-07
34f51010aaffa2068fd01caa05b0d208,2026-10-07
fcef87f45f50a4ab78b48512ac8501a5,2026-10-07
ac41ee70528ae3fa3e16bb16d959ca24,2026-10-07
2506c5f281ac3f351b1f9a3736723945,2026-10-07
c7120a825c07d691cf46fde64c0248f2,2026-10-07
689826ec8525b0a32d44aca3e7e744a9,2026-10-07
b5f38f0f87f9de1f938e9355501660ef,2026-10-07
b3b550ec80d50780526d7df45915e53f,2026-10-07
ef7cc7418b128770c9cbf044d6ff2cfc,2026-10-07
d38ec37dbab60c1f1d553f4f38f9f1bd,2026-10-07
27b8458ef3196f2ff1d29e2a855d9536,2026-10-07
91a8916c2cc453c4024a8f4b92d2f72d,2026-10-07
b81390547547b962e165c526393fd60f,2026-10-07
daf086a1c21c42f10b338a670ffd5c7d,2026-10-07
084ca942ec0f38ed4409a9a89d9bf705,2026-10-07
20f5d8a1c5dc4d803029471ff45d4d05,2026-10-07
69b619cc84ca24a660c4060a474eac8c,2026-10-07
18dae216e9929e43e4472c35aa368cd0,2026-10-07
c5454f21d980e9ca278ff7fd77e3e0ce,2026-10-07
e494e2c7401d5d7b433ce1a0a7412b29,2026-10-07
7e8ace24660b576f989a605bfbcf6fea,2026-10-07
83c98ced4c2f1e0b0f5c4892a8a09130,2026-10-07
e2489980eaf2a0ec3e9cbb23deb32c63,2026-10-07
975e5184ad4ff3b816130c2097d18da9,2026-10-07
bc7ddc051f3cd30c9c7574ca80b6be5c,2026-10-07
59dc0d54629539b854bbbccb4d8746a7,2026-10-07
42277da91e2f853b3022692259b26ee9,2026-10-07
ae0e05b41c5e2f7800b4348768656fc1,2026-10-07
98b0ca9f019a94f358dab01cf3ce4979,2026-10-07
777f89b0cacd48221bee90bf283699db,2026-10-07
71c0fdac5f4de6f64a61f28f56c98c98,2026-10-07
546e836f8bac8b49be7807f324f9af9c,2026-10-07
482a1673f34d460989af31b36c495a0a,2026-10-07
85609f24ac58251043a55158fa69b3a9,2026-10-07
c66694ab0892b6adc718da41fa6de106,2026-10-07
0e3af30069b1cb6ba4a68fab53f22a67,2026-10-07
0dcbc640b825cd9c25763fa9aa9e003f,2026-10-07
7cf6f528f0844b679796b55c31882ae9,2026-10-07
7a7c3b41526e6b2c27daea138eac9fc4,2026-10-07
c3d0ea8c7e85c9bab8d80b297ca61ec5,2026-10-07
11d45114b77e74e2b5e560d4069bac2c,2026-10-07
1f7c930360a53330ee6230730499661b,2026-10-07
de124195ec75df4cba1f896cae6805ee,2026-10-07
6239844712a03a7839987cb156b8c30f,2026-10-07
12a4b526cf3ab5511a8e0e37d6095fe9,2026-10-07
e467162df7a25fe4f361dcc6d95456c2,2026-10-07
871204a383ddb2f6a325e4523eb75376,2026-10-07
86096d045d9d10af764c59f59bd53601,2026-10-07
b51d5fcababdcfdb4a07618f9afad892,2026-10-07
131af1ec31f079dd04ada3fb44d93b29,2026-10-07
04ce3e0a11316e9d95b77d8fe03f9e29,2026-10-07
40836ce1a78ef4d2e047ba9f908acd19,2026-10-07
badd9e561d84014e8778ca90af254c76,2026-10-07
0623a3829fa53ff8acf0b2011dd25a99,2026-10-07
f913287e237261bd8272a2237a0a415a,2026-10-07
ecf044a2ef40811188304b6a8b64b5f0,2026-10-07
71afd513c5b7cb9e8b7e9fefa2f9c656,2026-10-07
67ae4074ad93e4e6b4d81ebdae102320,2026-10-07
e376866279b8b0dab0ab4ded5c665a41,2026-10-07
057488762db823ae24a399daa13b1583,2026-10-07
7d30a9b6624791107e47de72f73d9271,2026-10-07
778d2a23c4c0455e9ded86319f3bdc59,2026-10-07
da0d858bc43c1cee69bf9f60b003fa22,2026-10-07
cebd54d6f227cb11ee89610d628f4906,2026-10-07
28616f43d1517dbc585d6cfca63d96b2,2026-10-07
0ca0965a497e52b3f746d15a99c22d6c,2026-10-07
171ac4c9f2f7d8f5a4b514430f837f42,2026-10-07
65bacd3515905c09b425882969545f50,2026-10-07
99c05bc5f5307f54f3de9ba01ebc6444,2026-10-07
6296c0d1cdec97405f04d64f2fe99463,2026-10-07
a678707fc5c7eeed1cd55a2614a21ae9,2026-10-07
5e924d807dfe63b6846c09f18608be8d,2026-10-07
635188373a33a04305a42ccb7d0432a3,2026-10-07
ff04e023a27dffb61e00ee41e030bf8e,2026-10-07
5ea525184db695a4a579d4b70a65d49e,2026-10-07
4cc705af85e0ce98bde71bb55ab0c640,2026-10-07
25159f6aa73b09517243c65c0d7b60b7,2026-10-07
0bb7f68b536c1f9d2d2f014cd5392da2,2026-10-07
1c2b66a2a316aa5ed38846f4bd401737,2026-10-07
43f43d743ecc7495f3be035253e6598a,2026-10-07
e8685b05e54e5a21535034e1ffbebeff,2026-10-07
bfc843ceac0903ffec3db8ad8a5f31f5,2026-10-07
12b7d3390757b04a1748c7ef7ddeab76,2026-10-07
b86c531536f3f54a6a62f43870462cd2,2026-10-07
519c94369f2f96bc247229ab050676e6,2026-10-07
ab6203d7806bf46055355e9405fbd663,2026-10-07
1e818278322c8b5baa150b8774de721f,2026-10-07
3e013e865fa16a6fcc7c83e3b3710eed,2026-10-07
f2c07a353545e1ba8904fa4c2f66b9a0,2026-10-07
541ba9e2d9a00bd6b3fb904173fa8e11,2026-10-07
dec27d619629b4d9f617df3a20fe2dec,2026-10-07
ebd42fe069ce642686e8de73dd9f269b,2026-10-07
dd241ea8a78be3aea547384acc73e884,2026-10-07
575bbdc7309b9e5d1dbe07b2f7948269,2026-10-07
6d7a63aaf1573f2337751782df20f5e4,2026-10-07
1d380aafe3d6a17c49beb095237ab6a2,2026-10-07
6a2faf27f38a46ec182806815651b792,2026-10-07
69fbfd75cea8bc86cf3ffd42f4041132,2026-10-07
4c8e8cb72cf4ac6bd4124504b97d9f45,2026-10-07
dfdc3dc845c811ced5619ad3acc8f71b,2026-10-07
f6537207d2452c020a9fa93033c2f4eb,2026-10-07
1a5ee918be2eb97cd66298de763a4229,2026-10-07
c2c65364e89d6f902d6134ab266ae881,2026-10-07
599d8984f54330c65d2fa738e161a889,2026-10-07
8736caf3d507fce2a628ea4c38df3cee,2026-10-07
42ea830be36b33b6189d70d794685116,2026-10-07
e7568f0c5a272671ec72671fd05f043d,2026-10-07
81c53bb27bd7463e6f29590e1605b7e1,2026-10-07
d984c9de30ae3c30bed1c9eaf48e82ec,2026-10-07
e17c86bfb59318492d4d75693da0eb78,2026-10-07
756ca6b4c527f55af974cf968aa1af9f,2026-10-07
1b22990d46d1b118e942bf44f6f22ed0,2026-10-07
b39cf356e3a7e15eda2453a8cca3ee14,2026-10-07
bd46ef3a685deb8699b332ec23330623,2026-10-07
4e8d761692f8b49362e5cede1fb2c8f1,2026-10-07
c552a2de09c44d741330c7b086140ffa,2026-10-07
f9ff376d81a375c4527eb966e6fc3caf,2026-10-07
e5de519d3d435fed2250dd2eb6919d03,2026-10-07
438c977ca0c08a66de7c93c8ef0a59b5,2026-10-07
7154f7b57e7a7304d3db74db6d3a35f3,2026-10-07
3528d2f75cbd41e180b2e781d494aecb,2026-10-07
d177f1e681f0b539c68ab0f251140ca4,2026-10-07
a7d76f71f7469235d035e9c263424b53,2026-10-07
a628158daa9d431063963b3096384fa9,2026-10-07
38978f04a83990b28b3e01a37a3b82c2,2026-10-07
6999229c040ed36c398f40692bd5804b,2026-10-07
d66eac1c8a77a9ede6cbcb40a509c16e,2026-10-07
cc73b3132dbd831a9f9b378202d03610,2026-10-07
386f697472ffca8a66fb704a3b3c9ab1,2026-10-07
ec59d486cf5ea2512b378a1891e26fdc,2026-10-07
4a99a508b53c556d372950cc2e997973,2026-10-07
b623e8b86586e2a7328cec3077f329e8,2026-10-07
08be59c4242c6ccbff25cfe9953b5262,2026-10-07
aaf48b27684ade7eceaa3246b18115ca,2026-10-07
c732d2d7c571604980fa3c4472235c70,2026-10-07
e7e0a80744c19659f85db053a93615b9,2026-10-07
67c57bdbc20f38b3552649fc13c55049,2026-10-07
9ce35a9e5b3753e16e560643fa5275d7,2026-10-07
e3c5a3d53fe54fa1fefa455d983a4a28,2026-10-07
17fdbc58f0280f57bca83ecdff09923b,2026-10-07
8291f7f5d9926a3caf6494de70065700,2026-10-07
fad1575e06f649062222bc8f9af03eb2,2026-10-07
4f013f5f74f3dbd5bcea7b89d3cdcea2,2026-10-07
e7236d5cd0a0c3b6b83789aaa4be5e42,2026-10-07
ff9639e359d66b0ae8fdc64b1b381394,2026-10-07
15730392b80f40063d44b0045cec2b95,2026-10-07
785e0579e89bc08604194ac5e064245e,2026-10-07
e3a96b5bcc68c00cf7325dfa88d5565b,2026-10-07
abddcfb3101b60133f132dcc92fcf633,2026-10-07
785c66e235e0760ac88738603fb22953,2026-10-07
4c1e1d141c74b3f25c4d7a8b796965b1,2026-10-07
ac18daa62d23099104a410c25d0c5e1a,2026-10-07
50a9cbc61a6600cd1cde184735e66529,2026-10-07
df6a89ea624feec0ee510389bc3adb2d,2026-10-07
efec303a51c1ffb2f657cf1678a46714,2026-10-07
4094084e4512a6a766a249db7f47f0e3,2026-10-07
4c2c9d421af57b7849349042bbe93ab3,2026-10-07
ba604927844c6fa9ab8942d85d886839,2026-10-07
99026c6bee921a9daa54280a997038fe,2026-10-07
2e08642084a49950ca34681a54ff16ca,2026-10-07
bce91a5eb0b8a57de2fb0f88f61d6b53,2026-10-07
70c7a2db620ea752ce6f24c8ac5babae,2026-10-07
055212b7cd5fd8c37e484fbe7ca8be93,2026-10-07
17270d029bf67e750e1a756a87b4fdc3,2026-10-07
fb2c3de00c3f0195b251e0e55778bb90,2026-10-07
7148e914a6375f3afda1c11108bf2f56,2026-10-07
ee49f57d678fa6b4a1b580a592975ff7,2026-10-07
b3b529af0bdefc75d23549a056e5a97c,2026-10-07
d510948864d0a1e94aa15ea08501bdea,2026-10-07
d1d08fb993cf3e2829bb9b3cb951ec34,2026-10-07
713291b4a31ff0990ca535d6e81b6bfd,2026-10-07
186aebccd09867d2e364c3d2b375e199,2026-10-07
0379285e3261cd33d36dd07d0eb15329,2026-10-07
027fcc86f8479ce456f845b951204bcb,2026-10-07
6adec6df6c7b79460c03ff40591b9869,2026-10-07
5d8b7f0a94f69fe506733d2512355797,2026-10-07
a969fd8331284132ef4be2d76e36de22,2026-10-07
6681fdf216c164baca09391104a887d4,2026-10-07
27297d7b5fde2afdca3d53c0e8db8854,2026-10-07
bf83b5018187db1d662040b1adc6a703,2026-10-07
b5f1a5ff7f7b06189d6a809619a638a7,2026-10-07
ddc428d3b2db1878f273f4eac40b95d0,2026-10-07
8fa6e2822bdeacbaed8ba684e45497c8,2026-10-07
a3e69d1d1275bf78a61c71befce50e3e,2026-10-07
e66bd08a048a607409465ffa2d63b5c1,2026-10-07
774d3b7f372f5e3faa5ff9c0e91fa808,2026-10-07
5345081aba07fc4bc5beb7a85bed8ab0,2026-10-07
d49985e333d19ac8c60dd7949a1364aa,2026-10-07
d0f1065a7f4ec993cfd0c16205dee6e9,2026-10-07
e2b3eba5f456507588210dc2138bfb05,2026-10-07
c9f52d9f3e1e0af9e4a422274cf3ca63,2026-10-07
fb0aa76a275759bbf25ff6832cc733a0,2026-10-07
e0d23e36914dea95a54a00f083fb71a3,2026-10-07
b00041c132aad278757336c3f1e4a4b2,2026-10-07
c4a8593a70c7e978df2681f460d6a99b,2026-10-07
27e8af22084948f6ea1d0a72c8a84146,2026-10-07
40327916ca447b378e3a57c2a2a6dfe4,2026-10-07
bc8b38529a68fedd9c6ad3adf14365a9,2026-10-07
109d8fef09673a06e5db8612554e0f0b,2026-10-07
3fb1d96999feab60e52e3353a92c4a7b,2026-10-07
92aa76f33a0d1a23b715362a9a1132e1,2026-10-07
a8c8b7541174c8e4102a7d10af4bf15b,2026-10-07
f55dfd54178c5e7dc6f92fc84a7183b3,2026-10-07
0cfe42c9aa44afc7b0e26ea6de825595,2026-10-07
7e2d837b09cb66183ce33be5eb889e5e,2026-10-07
7d7815059cce03964032c669e60bc390,2026-10-07
3b794d292952142a2ddeb5c43a52cd56,2026-10-07
c1804237a469b13e8755cd383b971420,2026-10-07
cc8e786ec6c17faab6a11be6b03c55b5,2026-10-07
738892b0e79cd3217b80f0c9d5c39475,2026-10-07
f409b2955e3b91290f53146806103ead,2026-10-07
59c4adce40ef5ac00d5ae66afab03ece,2026-10-07
bd0ec7aa881e7ea010658c46f37389a6,2026-10-07
af887ca6d512ac4abc6af1d8e69e1d31,2026-10-07
d9ef46030853f18a9aca049407d03fb4,2026-10-07
c676cc2721d5d19c70905dae69be2d5c,2026-10-07
51cc151e364451d83a58457b4c148594,2026-10-07
03d288dc9155c08dd6ea9aab542d02b8,2026-10-07
527efe436df657361ecf58b820655b63,2026-10-07
43a9053e35e54e1e619440ca0492183d,2026-10-07
5491777b767835674cbc038f9610174d,2026-10-07
0adfbc85818a68729c019cef7afa6ef3,2026-10-07
27f7db0aaad89e2081a720308a82ea8f,2026-10-07
fb9b3de8606c9eff6d8c2b4296f92917,2026-10-07
1537f791f02b5fff0ffbdf46f92f2c61,2026-10-07
792dce8ee2955aac729522ffbbd8a3fd,2026-10-07
a8a552dca214ff9c254fa3d2b46e58f5,2026-10-07
de69a46d3c201d3609f2f688d1e9ff05,2026-10-07
26503a7690f15fa50cba90b7a00a9b76,2026-10-07
4bf225cbb2f8f28b8eb9d442b3a70890,2026-10-07
ab835128fc01bd0af414254054d49f26,2026-10-07
5e9616839a9272a8c25eeaa640ccd3c4,2026-10-07
ef96f744670fecb68294755564d2064e,2026-10-07
65d1ade104f19153b5e0d49ed2eb85c3,2026-10-07
281dffe33fe27c9b4ca9f1f9b0ea957b,2026-10-07
b7b4f134225218e978e6fac55b6758c2,2026-10-07
d2b53b614d30c01cc30a2145e8efcefe,2026-10-07
0d7e459acb7073baeefa825d7f98f210,2026-10-07
a07b4df83e2cc9e90cc9c4c4a3035d56,2026-10-07
627b55feaf784d18f2d487ea88dd645c,2026-10-07
c4172f9eb39761d57a5a751aadf65d18,2026-10-07
9587834e238d77e1396ecb84b829090a,2026-10-07
d0c42984c2582aa9c429db6b49473c9d,2026-10-07
8ee08eea8ae954e318683230b0558223,2026-10-07
d9532c7900def83ded02bbeac65a0556,2026-10-07
d68dd7906b461b9a60d64296e6ef82a5,2026-10-07
8945166585e9d9fd712e061715c827da,2026-10-07
549a17b2bccbae74f291ac5256016e87,2026-10-07
1116909e4de08b74701d053f553dd2a2,2026-10-07
2f36aeee8dae30d14f67412f627870fa,2026-10-07
e4fa17a07427b622bf3cee83e30603d3,2026-10-07
bdfe76d9972e0ce8a3b910f646d65692,2026-10-07
e56e4e2f07d6ce87534a5ec0174a6bd1,2026-10-07
fbd61e5f50053a20a864af4be705311f,2026-10-07
66d545d474c0e875184085f218eefdd1,2026-10-07
7e97bb1d769e7a8633b0c61d74039434,2026-10-07
02582722c58ad2dc0371b874ba0da98a,2026-10-07
e57e28281aeba8dadc9f978a2c052e11,2026-10-07
1e57cc1c3efffbcad73ba9e0899a0f4e,2026-10-07
fd392db0fd73c83785cca561235e1833,2026-10-07
ac5131099c00f44d5afd7a195e372b07,2026-10-07
70d016b2be6746c07f0c7a0cd445cfd3,2026-10-07
233c1eb45e84cde4f3f508f7ad7b3810,2026-10-07
30f599e2740052708c8583c8dfe31ce1,2026-10-07
118b82a8d7f7868519dfacfe7c7966f0,2026-10-07
8c86965619f9136200f010f6904a721f,2026-10-07
3205bff8be1a1430e6cfe4ad23070adc,2026-10-07
2da20059b3445efcd5b16b2dc74add31,2026-10-07
f3a6db0a24beb01a462ca866e7ccd9a9,2026-10-07
62c290baea4d4f4231abff011840d06f,2026-10-07
5061abbe8d1c1738ed012c0bf2f6b52b,2026-10-07
37534aca26eb974fead4713f32892108,2026-10-07
e25c8954a6e320bd726a27a35abf4403,2026-10-07
c226ff3e421ebe23141ff07b1c3e16c2,2026-10-07
44ac0158ca5e448641ab9d4cbf41d58b,2026-10-07
d7575eeb28c6b9819163637fcd53ebfc,2026-10-07
7afd767211f4648c77aeb3ca16f3fed5,2026-10-07
e9bc5eba6cc1b220da8129f56782b89e,2026-10-07
7ec910e31a5fdb178e8cb762ba7d5acc,2026-10-07
6fc3222c7c166860e75253aa9007f8b2,2026-10-07
a76276e6df78b3b7a8fdd8a04acb1c2d,2026-10-07
95f323ee89f53df20a34bf04f02bdb89,2026-10-07
92cc0a9bbd294e6856c3f40fe99eaa65,2026-10-07
41b274d77d50c855922f31662d6e9ea2,2026-10-07
1775b4a53cc05054553e666a0e569f4b,2026-10-07
e9535c80eb8b415391191f8ef80fafb1,2026-10-07
5b2e6c74739c1418395fdc4e31f79f87,2026-10-07
8d21b465103cd49dcb71f334a0d5adb1,2026-10-07
9018ff5a34685ff37d3bfe8ffb0fbb64,2026-10-07
6d66317234ef5a1c4ac5cfeb88ae97bd,2026-10-07
5cc2741f90cfe0ba797148636f9edaf8,2026-10-07
193b47c95e30ac42f4a11447300db87f,2026-10-07
77986e47d1cdeffbc495e537dc4a9c54,2026-10-07
2bff6239b97292fcd488944bbce35cfa,2026-10-07
5ede67f912aacef5add2c7684721697b,2026-10-07
1d296f0254b6f722b4e4126089f16edf,2026-10-07
428e8bf0023fc4364371090ee7b04f7c,2026-10-07
03c8cb64a54f3543fb29579028b73c1c,2026-10-07
2b2f841f0e7813b2e785359a4d03e14d,2026-10-07
7c6272940f313f7bd985ae65450e97d6,2026-10-07
5a3a76416d034aa27061115726755d06,2026-10-07
aa1edcf95a24dbc0275a512110802fe0,2026-10-07
fbc5e055296f2bd909c232ccfec59506,2026-10-07
913025ddcf84c5b36d79640f9f3d5807,2026-10-07
3e51add5dd6267aeb485edab478c1475,2026-10-07
6439b1b409c78b9c407f2ebcdf18a64a,2026-10-07
fd8e0587e79121c6bf143716f8b0f4f1,2026-10-07
f985f228354929c47dc24e1d24d0ceb5,2026-10-07
c3504413969fc841dd2c8eea3218f2fc,2026-10-07
62f437fe857fe538774b1f8b4d547519,2026-10-07
f82bf9217b26a8ef007b51fce63980b6,2026-10-07
4f48b5a2f36f3220db8540b777ffa259,2026-10-07
98176dbcf30edc8b3b04d32c393100d0,2026-10-07
706fc198db1afb13675b04bdb613cd2e,2026-10-07
97179afec80499e049d21841bee125b8,2026-10-07
d160c484b303cc098a1dd54de8bcea08,2026-10-07
92e8a39110dfa0dc4d901cd7999458a4,2026-10-07
f4261d56880b932341278d4c03826c63,2026-10-07
e59cc7d8688a8d1c04c977726924bed5,2026-10-07
57580cacc9bd5199c4c634e8ac883da1,2026-10-07
f2a3b3789cc07aa378ec4f0154ab5470,2026-10-07
bdd981ad11d6150481aaf34ba9acf69a,2026-10-07
cabfb30f2cefa7e6c4f09e393e334c15,2026-10-07
6b884b2b5f99f70b752c968bb1925fff,2026-10-07
eb75bbdbedc74270f318471caa0f1674,2026-10-07
9ead8283675f1a50db5508a36fd0cce9,2026-10-07
8770908d4044823c37ff13f19d5ac7bf,2026-10-07
027ebc2f305abe91184d3320e99c625d,2026-10-07
0be66e284a611bfa559e5e79298f7106,2026-10-07
e6426b4914ca7b89a015ff1f056b9d7f,2026-10-07
7fb6d3691324b0f424dd53f6669d0a01,2026-10-07
8f3209185ec3257c88c70710e2a80468,2026-10-07
59a11b967966033a0b179c4b639add8a,2026-10-07
748d9ec6ebc1213bc8c96f07ef0bbe34,2026-10-07
14ced6b2c20a01856e4dbe57cadb4f33,2026-10-07
84b66c98b285ceba692d4c4233bec600,2026-10-07
07c4260c2f24dd39fa9b27ec6d2e072a,2026-10-07
0504062d948c48e12058606e874968ef,2026-10-07
f90ba2214c567fd3daf2b42c10d27ef3,2026-10-07
d2a4353fe2813878ace562fafd40da3e,2026-10-07
59022947990ac5f375c2f208b590cff7,2026-10-07
f13392c0d807ffae5c9149734ebec0a0,2026-10-07
9908d6f55ae0f4842eded2bc4c65acd7,2026-10-07
4c47c3c32871b4a5f1c5cb6a3ecf0fb0,2026-10-07
5763f671d6c5023aa86f6bbe9967516c,2026-10-07
a1ee1716369b23a5c0ff239f74ab9a29,2026-10-07
583476adddd0edae890f95f1d06d9118,2026-10-07
89048d42bdadd904c4da694127982463,2026-10-07
26c55ab94448388094b4244d22bef84d,2026-10-07
4c22f2ea3e5251049ac405c218a15c19,2026-10-07
d36639ca258aaa45276a09d830b1300d,2026-10-07
90fd09b22d57a9d583b5067543db5218,2026-10-07
765500cdc9a426a1490b7a45d018e8e1,2026-10-07
f4864b39d546fe2fc8a9eb26dcf93137,2026-10-07
24fcc3e0cd99dc417809d34e71c428fc,2026-10-07
eac2d80d9f2b8f102b360baba63d75a0,2026-10-07
12592c64eb028d626d08c6ee697578da,2026-10-07
e1c7f422b2082db5709f178d58403618,2026-10-07
b97467775c5bea489841bb8716d37f28,2026-10-07
a174a97893d2bd162e2c71c6be0516dd,2026-10-07
b582c27199bc42bc7fe8de50a6d26536,2026-10-07
d1748206d6a2bbc367416ca003739ff9,2026-10-07
ae3c5d56a97ebe71913b13d595ec3eb9,2026-10-07
ce47d3a205fb0ac6c56f7e03413c63e2,2026-10-07
8145b1650a4998a7cd1aea927f1a133f,2026-10-07
3fe4b4bc658a842f688de0482e0ac537,2026-10-07
38889f5d1af274a36acc0b27571ad9ae,2026-10-07
4b3eb9e9c596cbce08bbb8e2dc05b058,2026-10-07
14b44f37e0f061b6aae7b9c7c2a380ab,2026-10-07
c1746072bea39a3618cdff90c78774b6,2026-10-07
afce881ba3a565b5bf3f893797e23e96,2026-10-07
25cef7d8d2260a9dff8bea77c10b7cc4,2026-10-07
4e94d07dd8a558da0a636663576844b4,2026-10-07
1e8e74297d349691a2f0a10a4f93ccd2,2026-10-07
4033df4ea23f5628b45dcaf08ffecd4c,2026-10-07
b8ad90ceda76825799367b51a537c4a8,2026-10-07
4a27df4b68f8630a49562be3ccd61d96,2026-10-07
b16f30f93e0e63b075ffe9262c972c24,2026-10-07
e8385568cc28e3637d1cae5f628a7e9d,2026-10-07
8285379055f3322de6ead8526d235226,2026-10-07
41c5743d4ab7cb403d208a563b24fa97,2026-10-07
fc43595d7346d37427e86c70b4c5d32b,2026-10-07
f4e9a51412d7e00875a420513653adfb,2026-10-07
63fa4ef64f7fe092f5c450da2bc7bec0,2026-10-07
ff1f3d8c16425cea1e5e16169dc1047c,2026-10-07
673c435f23013813eeaa08f47ec70459,2026-10-07
1d9cb5077d39fd85cba09793b219edbc,2026-10-07
d56a8cf9640238384adf8143578dff1f,2026-10-07
b36b6375e1e6fe8b8219df5daf74f247,2026-10-07
3acfb7911798c4f8d8ff71339b9feb6a,2026-10-07
3fb2b907ae3546d147cb43d0ff91e9d4,2026-10-07
a67951c092b75e7d52d152c08074d48f,2026-10-07
fd5b02f46dbe0252f9f75fdc90255ce9,2026-10-07
1a37443e18b8af04f4734093a5931cdb,2026-10-07
8f9a80d23a77e77cd4a759c2795539ca,2026-10-07
fae3211455489379e752623081bbef80,2026-10-07
173976cc77c1e13001a816bc46793236,2026-10-07
b1bfe9ff565042b58cd33606fcea98a7,2026-10-07
8a9db1034852e681aec578ff497ca614,2026-10-07
722ece77032ec1a2e20901e6a0edab99,2026-10-07
406716376e1262bb92e2a25fcb250a74,2026-10-07
01ecd8e34bbc12d61a7994be85c33921,2026-10-07
52ea04a43155c474efa1fbb0464c47cc,2026-10-07
ab13dc2d83490f6b74fadbdf115342f0,2026-10-07
d146d2829ddceb8ae26251477cbd0134,2026-10-07
865d6043a82174b2e1137c05cefbdf90,2026-10-07
205fad2090fdf09d82f06025bb608912,2026-10-07
f16fbacaef868925c2ead15c9f56fef9,2026-10-07
b2c63cb49af95524261ad4e8a9cce004,2026-10-07
2ed517a701cba1e948884c266665b05d,2026-10-07
e9e767628be3c6f5741695db84fa93e9,2026-10-07
63f870bb7be33458680a059408708d9c,2026-10-07
8e54bfb5a23e0f273960640cd602e16c,2026-10-07
31a554ba26c3acac8614f2c5a43d334c,2026-10-07
24cd78d5cde4fd74ff9c52730edf128f,2026-10-07
f4a61917635833db12291c7360a11666,2026-10-07
c0152081dfb07cd34e66657ca6e4bbe5,2026-10-07
7dc811e4a5c97fd73bc953342dc19b65,2026-10-07
c8f64ca376a68ecb04feb36b6c741840,2026-10-07
4bdb893f69e0752708a6625161f5d304,2026-10-07
22b7aa8ca511bc17b6997cb5a53e7287,2026-10-07
ec458a846f23d9d9bd0986e8c5feddf6,2026-10-07
681302f34ccdc2d008b015660a50d1dd,2026-10-07
e734ed5bc287dd0ef5b35c1357359555,2026-10-07
f3183ab14dfda2fc02a127bd38d57ee1,2026-10-07
7453dc31ff868b842768c17055c444e8,2026-10-07
3c76ce9574090bfbeb0e49fbfebdb38c,2026-10-07
2d180f172e3494c67169ffb4eed32bba,2026-10-07
1300b64d3cc2a9ca47290be1921501e8,2026-10-07
1b7e74cda3c10505fac29be05c6c39f1,2026-10-07
44bf38ba7c865820ee733e3e8cdf7b54,2026-10-07
257e7c544784ef3b32feb38b120295aa,2026-10-07
9b04987e7f23e9163b3c0a584e4335ab,2026-10-07
8579f71110853f511bd9dea0db923a44,2026-10-07
065bbde792c85a2b9e9323c27087e064,2026-10-07
cd556d3a86c04137ebe1c0390cd25400,2026-10-07
2a124b3be8eb60470e5dce1e4a40d9a3,2026-10-07
191b1c08aca6fe2ca2992d940b9e419a,2026-10-07
5131a34e0104d90502e3dcd8ef0daa00,2026-10-07
b32431dc3b807df31e4aeac9d806e585,2026-10-07
61198f670e0e3c670460f837684c56d6,2026-10-07
4e8bb664184ffc45dc0651365b209623,2026-10-07
d77f64e0d450659984d390b74e8e9260,2026-10-07
8e7a1dc8d06df93f0daabe5e2bf02617,2026-10-07
c872f2f1137f2ede342dce35411449a1,2026-10-07
56c1b855905cee22f2ac737e5add1926,2026-10-07
7284b67cb3368e0c6308063b3e20066f,2026-10-07
a90c74d05d1814d8350c31c8be705622,2026-10-07
9375f7c8694bdc1289e2c311fc6562c0,2026-10-07
15d538165f31d64ec68b8e5fa1f34b05,2026-10-07
d9669beba3e7a33f79a1025920977736,2026-10-07
f3165c14eb75c1b5b534fdbf27ca052a,2026-10-07
19aeadc74339dd38e3590ccdf4e8834a,2026-10-07
06f722726482040eaba13e964b1a6c4e,2026-10-07
5ea85334be02d541d52f18850a5f7f3f,2026-10-07
c5156995b1c70f8f88fe6dc7afe60deb,2026-10-07
cab48c25ba4c5564cd22dd7d2b913930,2026-10-07
c3d340ab20a011402909fe96fa2be0f2,2026-10-07
045b72a32578d8c28f4165b386bcec72,2026-10-07
0163528f7836b6e4b354a5ba5bc5f209,2026-10-07
07721d0aaf0b3f0dc175a390058e7720,2026-10-07
7bcf6d57c6abb85568d6ad6c3b566fd5,2026-10-07
318d55cf6d79b7706b3ba5cd343406da,2026-10-07
178aa0580586f14bfe8550ad2d869948,2026-10-07
29ff41cac9fbd8703351e73ba8c4f492,2026-10-07
e015d3b7e191fde5710f191cb3bfb5ee,2026-10-07
f2ed680dfa24279319d04f89dde8434b,2026-10-07
693357451ced60739cbbebf61332b309,2026-10-07
988741dcd102b6dc3387f220796dc16a,2026-10-07
50464d7847545c966fd7927c02325ad5,2026-10-07
edf40d4220b4d011d9fa4a8f1a4eef6d,2026-10-07
467f92ce509304cd1a7bf2be65292374,2026-10-07
a53b335a9cb3e77ff21f70977fd38b8a,2026-10-07
0c47aafd82b10bf97535959771124395,2026-10-07
6eab55d188726272428cba27c77a3f01,2026-10-07
90fac761c33e23853bcdc226e93cc7b8,2026-10-07
97090f33a25208782406e6c275072163,2026-10-07
24f0518eb6edbe05622852f200914b0e,2026-10-07
85a4bf9f6076155730d60586ef92e73b,2026-10-07
b0c08e27c95c4fd24175f2db00cf2887,2026-10-07
419c23ac7f536a3206aa20ea4a9d04a3,2026-10-07
23d5f1d9c68c87891eb8316095ab837a,2026-10-07
ca6b3b34664a59f250dc7119d56a3690,2026-10-07
1e6689ee5328ac32afb91bf6792bb81e,2026-10-07
737be4e430fdb1cf880a35986cbac941,2026-10-07
8d6c2a567ec0ffbfe3f11f06542e818d,2026-10-07
ec795715a790090f6d844b04e82a4854,2026-10-07
c63647b692f815b06e77f2aac5b0f795,2026-10-07
d08db7975b90a9270feb0dd7c3e22f3b,2026-10-07
cb96e6646087fab07e291540e057cc2f,2026-10-07
67775c663e053e515904b46353afa687,2026-10-07
3215ecc3a90f81ba7aede34402e9dde3,2026-10-07
757faecd33b6187a73e0eb860c645f61,2026-10-07
6e90bcf9302473e934e6d820a027187b,2026-10-07
23f09002c25fb4d6940355ba3fef56f6,2026-10-07
92eccc7b5f7e77e3aa3cff02416687dc,2026-10-07
78aab9e539e04d4e10e4280d33adeb5d,2026-10-07
f51b23c951bd96a892bb726e58b50bbb,2026-10-07
4082fc6149b28857f56964dff73b6db0,2026-10-07
be8a0327040df5a2fbd9b3fa136abaeb,2026-10-07
bfaf671343dbc81f7229da31c4827c4d,2026-10-07
21dbd9d1684999dbc159477bbbd477d4,2026-10-07
f79716a00f77665b7cea2e71ce469ca8,2026-10-07
58e28ab8217fdc363c26970b00162d27,2026-10-07
db79c34cadd65d859e9e5e6d05301932,2026-10-07
c84f1ecc0b66a42a9732592731b80772,2026-10-07
40edb2ed5716d6352c63cbfbf8418953,2026-10-07
dc32e82423c2bc7dc6d1ff364ff8853d,2026-10-07
4c0c8df3a422906d9653353a33e4347c,2026-10-07
ce25bd1c44876c9461325d433801ea73,2026-10-07
32656d47fb600f076bd25a189bc11955,2026-10-07
11c3e9bbfa5d25835a9a11caff596896,2026-10-07
46fc7056f5cb73d5dc547060445fc088,2026-10-07
aa0c9b8386b8470ecfeb861827a95f0a,2026-10-07
4d04364bad1024dbd636d3e6cb1fdae8,2026-10-07
f30c5e077e87f7b5a5394a03e3b1e2b4,2026-10-07
75d660883f9b3bd7b277cf0ad17e82e8,2026-10-07
b0fa751330b7d5eb8e36a1acfcb55aab,2026-10-07
393c3da5464b408ae34484c252424d45,2026-10-07
538fd684c59a6504d8ab39a053419ae4,2026-10-07
7b3b135a455a91034adc1b842187e99b,2026-10-07
7f3e944c98c0f22fb6d6ee631f8898d4,2026-10-07
2a39feb325849125ab4436d716a4f398,2026-10-07
d94c05d80051ae261ab6f2dd45431c3b,2026-10-07
150358899d3d32e5977ef72e9bc16646,2026-10-07
efacca1cc973dcd191d05e84e90eea75,2026-10-07
5d42ff53551ba2a2517d3cc7e98c52f8,2026-10-07
11769972e330802ede304835e7afe266,2026-10-07
1bc0d05468fe905cbf5f3dc5f5e2e04b,2026-10-07
1bae930620d7f24b9611b82fc8f251cb,2026-10-07
6cb3fafdff424ab1186f461a6d57f36c,2026-10-07
80a6197e8b680c108ce9f20197ba2ec7,2026-10-07
a979187868a78fe201eb8e0deafd35fc,2026-10-07
66df6901480d890d4c70431bb8016caa,2026-10-07
d37aa3427c8ffa3afda0955dab2cb529,2026-10-07
a1197122532c448fa4d02cb0d3f019ab,2026-10-07
42bd6589e3c0780c8d39f807d9ddff4b,2026-10-07
44c379fd82b6bbecd3e480a4e54d5262,2026-10-07
4339247853cbafb46dc19da24bf606ce,2026-10-07
e9c0332fa1504d8e682121a1395c290d,2026-10-07
954017f4adebac34e26d242bcaa34594,2026-10-07
0640e5d04ce14e50a479c3411ffde1f9,2026-10-07
004d690323be51d0365177880c7878f1,2026-10-07
a15ac8afbc31aa9a28ccb60b4a071dc8,2026-10-07
fe83a9a23f5495c4613a3d3498f1424a,2026-10-07
016062ce983b89936883c4da0e64ff3d,2026-10-07
7d09d58dff312bc3e72aa1fa68870888,2026-10-07
ad585b6c68b0e50ae75803667c0a7e8c,2026-10-07
2ab08aa71eb9c55fa2a023e65386c2bf,2026-10-07
51c6a6fbc95b45ed2d1c57a7d0948ced,2026-10-07
a2b28a91bc0c654e0f63444b6a3d5b80,2026-10-07
a99a4bc8b7a8c4d815fd9e772cbb8e99,2026-10-07
0a2d0e8a7fdc1f423b513ee72fe2d373,2026-10-07
028be4203e49b07ddef7cd8aa44ff8f1,2026-10-07
72f0057d95c2b5bea38acfc2d8ac909f,2026-10-07
3debf4eb2776f801bf4b2ca6941e633f,2026-10-07
766f067af707ce6a70bb2582b294a03a,2026-10-07
00ba3a26304db3af7d36e312d1e226e0,2026-10-07
e766083baa089e16a163b376d9451b13,2026-10-07
2ec3c65900f63ff724f4a0433fc3a92a,2026-10-07
b90c842262c9678da77a8e06ef7a2948,2026-10-07
351c8d4ed2cdc42733728a6d057a99c3,2026-10-07
f43d76b64a1a8dbd353dde91f9db765c,2026-10-07
2eb4af862b2a20d642b9e3c3b3df6bfb,2026-10-07
b93437ed962011aafc5ea1d9457076af,2026-10-07
3fed4a31be3a9234b3b3ff29ead92659,2026-10-07
95a533a879189e847b6af0a81f339862,2026-10-07
117056e62508b65ebade3bbba1c7cd3e,2026-10-07
45f5ffe6bc3c1bb93a27c926d0c2be63,2026-10-07
3a60834d2cb1288b2995c5afd36fe117,2026-10-07
fbba59f1d8df73bad1de2d8c3083a4dc,2026-10-07
e764cce49b0238a09c0191eb6f7928cf,2026-10-07
186a405b09a574239bd7e5ade368ea58,2026-10-07
1c73ae8992c93fcfd34bbb61e6a913f8,2026-10-07
de6da56ac3e5ad98de44b89d86840037,2026-10-07
a117fb404430662cf59c95e23427fcd8,2026-10-07
94e36137c8913343decb7f39f9ca5b5c,2026-10-07
0095781588737dd37c0f540f8345b5c9,2026-10-07
9acbc5e64a3a80a4e7337847824c3a90,2026-10-07
d3024dfd4bf3f50bfb2008675f289aee,2026-10-07
50547268045b10e1815099557f25557d,2026-10-07
24528d1b27c6cf875344c6bf93dee2c0,2026-10-07
9962d8f0a6b28cc94abc788a36ac1e8d,2026-10-07
eeb55f8f6aab0cae462a3bb8b534d7fc,2026-10-07
12325128739dd463193d43b8ac8a1abf,2026-10-07
ec68b07407e48958ed6b937456b8516e,2026-10-07
7b3f189cb6a3964b778a1585587268b0,2026-10-07
404d7900d3d87ec65b1aabda10c757f1,2026-10-07
f9ea79ba2f883b50bb4facadae9de833,2026-10-07
88c18ce6cfdee01bf0d48c30d8f88b85,2026-10-07
94cf37c4ee89942bcf69897b9217877e,2026-10-07
0879f219ff9581cd335db54cf9873607,2026-10-07
151f0966418dbe237507b04a0adc8340,2026-10-07
4b74a2303cb585418e36b175cd60352f,2026-10-07
d13a21843e96a0012c214e1951e8be42,2026-10-07
51b7792afe1067b8be77e5d1f97c6760,2026-10-07
00325a48a4c071565ee9fcee62b4e24a,2026-10-07
60c393973de040e857c4ea2360a735a8,2026-10-07
81cc79e21d581c7e9ec003a3897885b0,2026-10-07
8ccd0c7829adc37f03d8b5309b3fda60,2026-10-07
b2f2a382381dccf476cc25d443ff1280,2026-10-07
471ee1c0c40730922c3e1a5f8d4166c4,2026-10-07
14d7e53b1c519ee73e16875b61adf2f2,2026-10-07
d2369effcb11136458d0728aaa46288a,2026-10-07
0024bc81a1be4b268914936fcef8d600,2026-10-07
9b6b518ac290b232431235fbd513479b,2026-10-07
c47a2a69573e1a18b34b75fbaf6df338,2026-10-07
36c0576a5a3b9d6c8f4c672349f8f7f3,2026-10-07
61df335807c902c414686ca696e0106c,2026-10-07
bd60b004cfb8ada3dc4b945118fd5cf1,2026-10-07
900ff2658c65d08178b383989d64796a,2026-10-07
04bb08085541182e8c784088b4612946,2026-10-07
87b66f45bd4e2b73700c62b00d9b3054,2026-10-07
c9d8d224c176f3249aafc4accc7e4865,2026-10-07
47643c60d27a3839825d8c39a685492c,2026-10-07
7b34ee0151324fa387827f8d2c92f730,2026-10-07
26a65056317618fa19fa852e7ca00848,2026-10-07
d1781bfb1617ae307f96529f4b01980b,2026-10-07
0e162e32788d528ba7e554bd5a101e6d,2026-10-07
1b69cb8df4149e626661e914d2a20c91,2026-10-07
caa7365f3633a73bd64510862a57ee2b,2026-10-07
a215722136e2ffb807622c1855cc63ee,2026-10-07
74eea1960b2c6b62242a8773bebcd2a9,2026-10-07
bd1c7c93476ee6f24ff58ce80d644ff0,2026-10-07
f136a4007d301f79b39e2bd229018c71,2026-10-07
bb8c80465acd71d81321e0d531d96021,2026-10-07
da51a73a8a67e51e8cbe5ed02a54e57b,2026-10-07
67587af296999ef1b287d97eca114a1c,2026-10-07
4d2ae56180947bfc7d4b64ee6cbe58e7,2026-10-07
b1845abbbc84d63877201e8ff3bc2fe9,2026-10-07
9a0ef8c6b6418f9c93f8d2d95c2d361a,2026-10-07
bedf654018851405435339b00c0bbb8d,2026-10-07
eb341f02214b69a00b89be9bec8bfc2b,2026-10-07
4cb7992b38d12f16a1a6cf4b6554af55,2026-10-07
8d2c7d1684b148b089a4c3c8d4c44378,2026-10-07
ce3adeac6221abc93cb0341eceeeb745,2026-10-07
7af26f05b3e86cb72c125fa978bdbadc,2026-10-07
0d7bc86df47c955ab052e3a7a27d42fb,2026-10-07
d30176ce4acb0a3dcb780f97cbfc5ad3,2026-10-07
c49bbde6b3e89170a2672f6480699eee,2026-10-07
83edac7067d570ec4bb7e265e03b83c0,2026-10-07
d5d46dd9c86bcaad797cc46c03f0edd0,2026-10-07
930a95ae7f7ae4bfd2432d566a06608a,2026-10-07
4c4d7092619b3968f31494e7a198f37b,2026-10-07
a1e4c24214f355205ee45f33b94b6280,2026-10-07
cd2a4d2c60c451469218ac8cc81e8e20,2026-10-07
d0e72ff941451c23d24a3b775df2dccf,2026-10-07
68d7861f44941b612d944677cb4cd4cc,2026-10-07
39358e493318121a2dad2b5190b92513,2026-10-07
df6173f1773034dc067f207fd5ed206f,2026-10-07
85e255982a33896e734f8c340197f6a6,2026-10-07
00a7db6df11c6916ea385cc8e7f02fb0,2026-10-07
9cde1f9e7c34e3ce61d1517a886a8236,2026-10-07
f154aaa5697b1e9d0890c6610bc929bd,2026-10-07
7dc66d3a7b7302fba85dc4147c6ad4c1,2026-10-07
4d90992d9edc7294cbf25e617c43e249,2026-10-07
40d6b61d34e92cd9e7d4350d28854f2e,2026-10-07
6c407dfd6e2a64dd7e41641d8276bf9f,2026-10-07
cb9f6d15e76030239f691facd2a3bbe0,2026-10-07
cd328e7120bfff2bd2baa9a57040cc21,2026-10-07
68d8ae96e788963787819f76d21de7bb,2026-10-07
ffd2080279e835b9df45aa26bce8f790,2026-10-07
826f4dc29d06bdc6570cf5c9bb4e74df,2026-10-07
733b137308d6171e0686bcff4ba5129d,2026-10-07
8cbd6f5c9e408d6082eab152c7b134c4,2026-10-07
e66353f5e2941c8a0322e070ff26f057,2026-10-07
f700e3aa782f6984eef7401dd6618dcf,2026-10-07
c18ecd8c696e2819bce3351d7040af7b,2026-10-07
b00366f55855dce88cb73655efa7127d,2026-10-07
64feb02c256b54404ba38b7736dcd905,2026-10-07
97fc059e3558bef0e029db99d9ca13cc,2026-10-07
e6cb780478e59edb9119871c834d96a5,2026-10-07
def13c74222cac50ab1513428314c921,2026-10-07
665c7293ca555ffa593595b975f1f1da,2026-10-07
ff270686c67c36d84b9754ff0d97c9cd,2026-10-07
b3a438caeeb47f9da8dd136368e188f3,2026-10-07
c11c1119137767def6c92ed089b9e481,2026-10-07
541e9a7c3040289cb2e337d68a0c14ca,2026-10-07
7ee3802cc4505c51d71c85c815e9212b,2026-10-07
9e4e906edaf3abb3decbd25f5ee394a2,2026-10-07
f12496d7451876556f6da788ddb9660c,2026-10-07
876067df48370feb1559bfbeeeaf2498,2026-10-07
dad70986f195bf2518e25dfa492337ce,2026-10-07
d3b65737fd23eaf3fe067a91ab6eb9f8,2026-10-07
1b84d6e68467308cfab858f0b7af6b86,2026-10-07
a4ffe4c4eb98034c7e3a6090cb40ac29,2026-10-07
574a639c42c02d41b9094227a81e16d2,2026-10-07
39c229c54dd25ef37857526317e10407,2026-10-07
e8d35746770dbb84ce3729f2185ac986,2026-10-07
8c0aa44cf465333a4938a39021cc3fd0,2026-10-07
78ea95daf4c694e31013cf1f472153e8,2026-10-07
33cd0f3c8cd212fa3f1183b39b3adb6e,2026-10-07
de7bc09c68a5a18f75cad9935e665ec2,2026-10-07
800ce78f2ade0eef781777103df87d44,2026-10-07
83a9d1a54388b9bb531297a38b48be7d,2026-10-07
6b74ff1add5b16dcdd39ff0d8989be5e,2026-10-07
51d16aa6de290f0f8d16efb8b315ccda,2026-10-07
891de59d77d9094747bfe3945f5c33a8,2026-10-07
0b61741860133ba9668183aa1599fdd3,2026-10-07
d9123902c6b00835ac2ec9ed07099dd3,2026-10-07
a82dc6f03126436f4df4ef85bb115e4c,2026-10-07
7d59001907a02201d46c64b75980d6e1,2026-10-07
0ff7181a23c818cbfd9ad8bd77e2f36d,2026-10-07
f5d1e2229dcccdefea4e3a4f04f7e3f7,2026-10-07
7f190079699495a12c72b368a570714d,2026-10-07
cbf8c293ce2af59487954775b3bdfae9,2026-10-07
907af2973fe2a7a7cea91dc6497c5664,2026-10-07
ed6e236236a7880801290de76d747f75,2026-10-07
2689b9d034b7e1fdc8dbd4594463d4d3,2026-10-07
3f0a997ba57ab22673099be4bf4ff65d,2026-10-07
3969522e3b09ed7640fe3b1bf2db0d8e,2026-10-07
920437a3d6723b81d295c9cf2856d210,2026-10-07
b77591e7d6e9e2871e6788c7288592b1,2026-10-07
303639cf4478326da0bd8817b22816b2,2026-10-07
9fd221a2119dec6ed446fa2cd318b4f7,2026-10-07
0b0ac11c9c1b3f5402490130111a0515,2026-10-07
4a40a35d1a7d95c1c88a892235bf591f,2026-10-07
a963fe8c6958b58e015f163957aa0c36,2026-10-07
4910f309e15e292b00eaef49be1d5b9a,2026-10-07
3c7ac31802c040fda1515bf74b4a51df,2026-10-07
fe9ee93beee6cf0c2703b1cbec6611a7,2026-10-07
b27e621d85a4f3e496da5ec272035dd2,2026-10-07
8e3402586bd761397dd142464d0107dc,2026-10-07
9cee975124e1be9caa5222da3a3a045b,2026-10-07
e5e7c4e75f9f4977dfe47db1fa135705,2026-10-07
767865dc6d26d81a4c1e6d12c4eb5b85,2026-10-07
2d23e8821e4117842d91de65f5bd017e,2026-10-07
3b148f8ddc39f8e275947c2fea2dd8ef,2026-10-07
44d277ceec567e364b1e362be461c928,2026-10-07
b4b12edab4161aa53de59cc73d9634a8,2026-10-07
d75e6bf379eac8a8c0d0bc300cc0d964,2026-10-07
2ea74572a6985043437172c44367f5bd,2026-10-07
297471c4e2f8968dd739e04c552652b3,2026-10-07
18db3f01bc5214850eccd6538728dbaf,2026-10-07
5531169a601ff45952de206e93561fa3,2026-10-07
88ffd67cf5892a00ec686706ad766f41,2026-10-07
e4b08e17dd5ba44efded738aa3d73f0b,2026-10-07
670d4777255d2ce4c101383ef42a26d3,2026-10-07
1466d3639e09411b481d5977e0c8e33d,2026-10-07
7c5c5983f33d769c314b6ed562cc6648,2026-10-07
4fc1077924f0f716750ac64ee3183015,2026-10-07
6dd5d8b4560711fc78941e0e3b00801a,2026-10-07
8a8b2e701d942b07e6ddc458ea225e0f,2026-10-07
d0bc220d21d1d660428844886bca978f,2026-10-07
205668ac5271df33403189e63b35f66c,2026-10-07
b1f26ae934cfdb5dd7a4f1d8e423f674,2026-10-07
842953d8a3bd3ce5b4a387b8d7f57957,2026-10-07
f5957be1435a83c518d8f4f70a8e3199,2026-10-07
8e5554aeff82920cfb27c2bf9b710810,2026-10-07
763f9ff1c2cdb6773136734b94906a14,2026-10-07
61e7e4741ebe13286a825306f12c58f7,2026-10-07
1877c70411264e48df2578b02f7b496a,2026-10-07
afa2056f300e3c0e137cb4778ddee6e0,2026-10-07
bc007ea43f569dd4a30f3c49fde9994e,2026-10-07
f38a24186e4828207f0afeeda0941772,2026-10-07
8b8911ff92fca4d3ed46eef2f3ce7bfa,2026-10-07
5edca65c4aa43bd125738921cdb08da6,2026-10-07
d6bcb9dd7d2dcdad6dda0417413db83b,2026-10-07
2ec4a1d4da1a3f5ecc4918c1874120f4,2026-10-07
522452e0bda2bae5004a3e78babfdbca,2026-10-07
9bfbc1724c682a49a97295781f542b3f,2026-10-07
8451f4bd4ed08a86b7067b7421d7c8cc,2026-10-07
c3c7558670862dac301ad896d498a752,2026-10-07
4c6e6452b2e1c03f2044f741dff60013,2026-10-07
a239d948dfd1f3a72b08ca51cd1c11d3,2026-10-07
c84c500f9d614c3afcb244bf2d8bca4c,2026-10-07
26d19df375b24809953c0cc3227d4076,2026-10-07
5c2016c2ca998fbeb76c9356e9cae6a8,2026-10-07
34a3e95e48c5ecd5235d206a33c352a2,2026-10-07
7f431681e1c17337be77c60424b0c2ce,2026-10-07
9427931f54d3e499607470d62427e025,2026-10-07
be3539bbd0ae4fdef81aa39279631920,2026-10-07
5a9c505245b674047ab4c87c4b5a5066,2026-10-07
fffaeee93dd02fbe6112cc3b78aa48ad,2026-10-07
4177664eb128c0959eced2120acd5003,2026-10-07
54e82af869ead498cf1ad364cc941574,2026-10-07
767ea66dcfee72ccfd197a82fc49ab8c,2026-10-07
a45fd93f09244900868cdb47bd77eb2c,2026-10-07
ac343bba188b64d4c534af1cd679fd1b,2026-10-07
20474439e4048124672c6c4bc5b7757e,2026-10-07
884481ef18a7d236a8b751d42d80e96e,2026-10-07
57aaf7b4cfb50d9d18e783cc898e4b9d,2026-10-07
44e5ff3afd780c44c411792a04ad35e0,2026-10-07
7e5cc2af3b0ff075a58de3ea8d000aed,2026-10-07
299a868b715da9eda0842cb4605e28cd,2026-10-07
364e12818d6331ffe5ec2695d52c2193,2026-10-07
7eececa6ccbd2a26967a6c5655ab67ee,2026-10-07
d8079e2303a5c9b9af3183e4b8c78047,2026-10-07
1e8c90671e99c067cdf0bdcdba7c7018,2026-10-07
81ac18bd8b5e28f198cde239ce130440,2026-10-07
9fd6e4fe4ceb9045ea085f9f8a0ddbdc,2026-10-07
064c8da2c7d5961b08843e02245e2688,2026-10-07
2724b7ee3e897ae52b04fcb166ef4fcd,2026-10-07
148d9bbf16122557e40dbf766e5620d1,2026-10-07
8e6884e3171512a4761830ec6cb9a82a,2026-10-07
9330980e762f364ddbdaa5a0b72d6750,2026-10-07
fb8be1f330bcf7ddcd524e4bcf7d5637,2026-10-07
91a18f4f6157b6a3ec9d6ab49b372db5,2026-10-07
3a307ce94a2c45f50d69be9e9000c75a,2026-10-07
61f3e6995d8c6184d05551df817c3a76,2026-10-07
cd45c8903e3819a0555ebceb891793fa,2026-10-07
0235d8ac3360e70683d324670a27b761,2026-10-07
40699fc3227125c3382d10ca696856a5,2026-10-07
5712d65f2d572b3cc3b31e2e4f705522,2026-10-07
b7c49d4103ddfb738592572e261a051c,2026-10-07
b15cd47c545f280526c50e77e937e24b,2026-10-07
b276304f265f0bdf0e593fa92b74c8b9,2026-10-07
73e4cf21eed5286df3369266820c1cff,2026-10-07
95b041793e64360f59bf742f81381e43,2026-10-07
b783286437fed2971abea4f05a84b73e,2026-10-07
70f071130cd7fd8f3bf9e67552f2e057,2026-10-07
6924e02e57bb787de522db1b983e98f0,2026-10-07
1d5933f20e71633375367a080db6cff6,2026-10-07
3d4d1024963e7a3a5bab7eedece90178,2026-10-07
1f4e936474d6948b4bc4aff6a9e807d4,2026-10-07
731043ef52ace0b8c3cd33692ceac8f7,2026-10-07
36689060f28fb39be5677c7e2c4a992d,2026-10-07
5105425e82ffce8ff3f46b9e5f43f216,2026-10-07
fdb5589b625f4652155cf667ba4becbe,2026-10-07
88e3cab11ce88a51795b50c270fef4b2,2026-10-07
c34af5396ad2fde38916d19e8764894a,2026-10-07
5b8892888a0aad4c339b269735b6c3a8,2026-10-07
71d39fc48d1e932ea2b950717a0095ef,2026-10-07
cc971a8dc8480c1fbfc07bd34b3c6c14,2026-10-07
db21002130270a7ba7893761399e05b6,2026-10-07
e40cfba1ad2ab7c1fbf7410fea538b90,2026-10-07
c988ac9bf9235e2f43ce4c42e84059c1,2026-10-07
1cdc9a9f19e7f563d7b027f6d5ce3c6d,2026-10-07
f132bfe72e50c5eacac465a90ca8ca5c,2026-10-07
eb906d51cd2465eb4190a5e959642847,2026-10-07
569b7f372252dd99781cd93f796d5841,2026-10-07
994876a94b9502503470c591f6bc3f62,2026-10-07
d0a55ad8b21e67e23317fccbaa0903d6,2026-10-07
60dfa8920d4723b1cbeaf1aee3298dd2,2026-10-07
8ec7ad101f61c381f03d8f627d9c6f7c,2026-10-07
c35d2cd516b4aff1e34afc7b441c9577,2026-10-07
22501391de70da6452bb6b37d203cd9c,2026-10-07
d32a1c1ae2121b7b43600ef2fc077ed5,2026-10-07
773ef01a177475a1abd4a150835c1b56,2026-10-07
7ddef2af489c287a49881943923d949b,2026-10-07
aa69b272aad8b9df073eee2cebedac86,2026-10-07
e43e0dc6737ed8d849fb91da1b127d33,2026-10-07
3d348713fe6bb169832772b0d909dac3,2026-10-07
cfcf89074e06650dd5dce08b4988b954,2026-10-07
94dab47d83d8f3e6ba844fa6029cfc6b,2026-10-07
2651fe430faf0df0c24a8c9ac799b55a,2026-10-07
36f3229d03e196fe5c47a24bc997bbc5,2026-10-07
c96c82e6ab9bcc7441f5b434fe980b32,2026-10-07
5b38a8185d4eed6ce33d1a05ff836982,2026-10-07
49c5149671969e1469fc74d61dc498ee,2026-10-07
2dbd5ee7a7f3909778eb79348c142fd3,2026-10-07
8db6473cd5652900c143f5123c095373,2026-10-07
df0d23c9bb0620c654b2c36c43f5a16c,2026-10-07
ded4d63a452deaab63916bcb09f18843,2026-10-07
182665cfb34176f1e123892b5f742910,2026-10-07
5fe67249a630dc4f8ec1376629c0562f,2026-10-07
adefa8421784d4abcd406ca4b4781999,2026-10-07
38c28b61a2d71fe22a798e1f383e76eb,2026-10-07
b91da8a3c22ad61ae8524bc34e192e09,2026-10-07
8e669ffe17d6bfea3fd8f5b586db0cc9,2026-10-07
77053d6f1d956ea8819f9ea8bcbdeed8,2026-10-07
05027f674d00cdd6587189f9015e1be7,2026-10-07
d00dc62c15a0c9366b0ca44249381035,2026-10-07
003c01a7ee46a89e09b550b7ade4cece,2026-10-07
ece32c596cd7e2aa9096af4c968ba506,2026-10-07
bcc788bec9fd6a7f55957fdde344bc06,2026-10-07
9fa38f6c6d7288e1dec65916e91530d1,2026-10-07
1c8421bf79e3f075db6595e96e4e3329,2026-10-07
994360f1aab957ef61a6cf1786062016,2026-10-07
ea06dc52e94f843c24a3255b111009e1,2026-10-07
6c71589068c68d025dc32a8b42c77dc6,2026-10-07
c05aee298df44da7cc92b3ab0c7faed5,2026-10-07
8fc8d9758f3e9e5b3235f7ba09eb4178,2026-10-07
13c18f94f468b62c4739c14b920a2e7f,2026-10-07
2a873cc81c8afae5052c3fe47ea8c0de,2026-10-07
c03fa4ca9d9cc471b9d09d15a54c6a7c,2026-10-07
575b55d170308e75e10619ed6f5209d5,2026-10-07
f091447f338f7c60054f351fa8876aa7,2026-10-07
e0f0785fdb3f37f28b41c83b36cfe94f,2026-10-07
9e7ea83e3286cb596486e0a52b6463a0,2026-10-07
99f01d4ff06e3c570e0c8d7bca8dd7ed,2026-10-07
b3bab16d77268480e1408ab582c6a246,2026-10-07
f6fb0630d40513c3e53f862d16f43c60,2026-10-07
350bee8e23e15b896fdcd29a91a1887a,2026-10-07
0eeb2cb9c9a08f267004e7c39a0f512c,2026-10-07
8bed601afaa4f7593d3f5baab6d46e60,2026-10-07
a6b85daee684a005b10218ecce9d7761,2026-10-07
2b2b0721465f0708c706a40e90ee73db,2026-10-07
abf9e6ccaaaa92f8421ef0e85e86cfe9,2026-10-07
7b55bca47f8bbc35d852b9ac401e2367,2026-10-07
00df1747ea78331ed6f43af49a537ddb,2026-10-07
c41a554c5ec16a7733b6ffb691b5ded4,2026-10-07
15ef8728eadd5b79336275e837bcdff1,2026-10-07
9436b9d53fc7fc9dbb8241cdef0de7cd,2026-10-07
41a81a50c09f2e7af2e3722ccdfdb4e1,2026-10-07
3ba64ed211910d7e5971db6a5fa7c0de,2026-10-07
4eb02ca61d08ff2100ff3c9362ce042e,2026-10-07
c0cf7bf82aa066a137fe0684cdd75360,2026-10-07
4ba5b4ad69ec4421e16f554cb299c5a2,2026-10-07
d046ca30536bec7d0f1c5aa27ce56173,2026-10-07
f93c6adfc4445f7aad466ad4d8523075,2026-10-07
93d90ff7491584d3a568f61eb5b12ba4,2026-10-07
c2b691b8efde1b9c4fc2ad9adcdb9de3,2026-10-07
02c3e9c6d07fbaf4c2d895fd407691e9,2026-10-07
f4950fbf7fd7bd4cf1cc922aaa723ba5,2026-10-07
454e3079e008ae1838c17684154941c9,2026-10-07
42f137abc2125d8c4dbb89f1bea1dad1,2026-10-07
cd5035eb8b0083a21c3f35ab4e89b527,2026-10-07
f0ed8ee3e61a9072740639f6b946dce4,2026-10-07
5adce2647a8e324d0394dfdd7310fc79,2026-10-07
c29201c7611258f8d81f71ee3333471b,2026-10-07
55285077e14c9505212777b69b3ae923,2026-10-07
0408dae82e8557241e8056afca634c9d,2026-10-07
131d1cd0fd6689d9b5d569e33b156c1c,2026-10-07
406c12bcdae2731469fc6667a2c98126,2026-10-07
358da9ca4b084b5b345506374dd1e653,2026-10-07
bf1249d4411b86703b3fe07e796c82ad,2026-10-07
84421110f3411c7885fe1d69e989f179,2026-10-07
326836fedc00b80068ac96ac7c400c94,2026-10-07
821d2dff9c7f9c191545618b9041d72a,2026-10-07
e14ae852ccb830323f0c564787bb6bbe,2026-10-07
2febdc1543f5810ca54a4bf36c1ae733,2026-10-07
66bec328e73cdfa1b08e55d5bf6560ba,2026-10-07
5f812a3dbf09ec8aaf48e8f61558c6bf,2026-10-07
ee809f5cc229263f63f9e32d15d568a7,2026-10-07
23e6e4efd4b8fd5dfef6bd9d601d5fe5,2026-10-07
8a111a44b867d94dd15ac58aeff67208,2026-10-07
5db325a67bbae586538e9f4157dc331e,2026-10-07
ffd13aa84161d7e53512669d57ef5b9d,2026-10-07
fe4158eab6f0c1b8f9c25935ab2106a3,2026-10-07
1a9c58c2bd4ab3d52d5ae4db374814c6,2026-10-07
bcf8babed36397630baa91681834b12a,2026-10-07
3ff43aa550edbfadc692d8f540f3d5e4,2026-10-07
a912dd70b75ad2652a2e6e2490e0b69c,2026-10-07
3729e8ae6a17c2f92cb46a107601cb82,2026-10-07
e3202078afaeacf81e907dad7bf1ca4c,2026-10-07
a9414335d01a3a1ae5e7c2e48d3e157d,2026-10-07
fb85ca25102faf8e815702257f92d4a4,2026-10-07
3bfe36f197893f3ca1d35a94b4b095db,2026-10-07
f7d303253cadb7797ab17539618b7339,2026-10-07
8e9348aaacf1b3b7d51a66d4474772a4,2026-10-07
5bb0ae5f7637d7f651555b72159ef904,2026-10-07
cfe8edbf19945e82a21ebb8b46df35d1,2026-10-07
024df55d21f0662c5838aa8f82276519,2026-10-07
eeb1040e8f8327dc62b6a1aa01bcc4bc,2026-10-07
09b149f5a34bd99adfc36ff20af1c5f8,2026-10-07
11f87d53af2dd4213dc100484683222e,2026-10-07
f36bd525d4f77fcfe92d54ba7c83a53a,2026-10-07
7db981cc02fdaf5ee4e0877b01d79512,2026-10-07
d0615fd85f81f6a1e79a2d6ae147da91,2026-10-07
095a67131c5c04dbe587e983756dee19,2026-10-07
546c391cb212237391fc15604e5f87e4,2026-10-07
d3f435636ffb930acefb4e0593f40447,2026-10-07
525b422466591fe28810862eda881561,2026-10-07
474dbd2cabd89c2523dea5ba21065970,2026-10-07
1fbc43c710ea4c7355286b6ef248af0b,2026-10-07
1a24c64f5822087fdca79e6c28bc07c4,2026-10-07
d83a68e6b9d98c5a785e490c3ffad0ea,2026-10-07
a10c3035ff33cbe9bb2b93f8700c5a01,2026-10-07
7076f1ca785c95cadeae9742e6b0f082,2026-10-07
cd96fd261d3dbd78a6fc216777bb8b35,2026-10-07
3111033c7b0b24036fed49bbcc2a1b88,2026-10-07
22e59d1f2f8c11cc09711ed105b50f58,2026-10-07
0ea048aee63df64915f0412861cc1635,2026-10-07
1fd7adbac96d6e3bcfe98f9d2e886979,2026-10-07
65f00ece57c3f0e3a0e515ce951ada1a,2026-10-07
8eca46dc0c8a6a07af5722fb07a41813,2026-10-07
a46a39d8d28de8907b3b2e1b8b1aa14c,2026-10-07
e9e61df1a6b8f13ba908d002db389890,2026-10-07
003137021f42c5e60329023abd154783,2026-10-07
dbc9614a49f53884638cb97f5e37c702,2026-10-07
26f49cc75c260e6da60265a72807e44e,2026-10-07
bb0a6fde25871a3c328ce5e49df2142f,2026-10-07
412d58e1b3a43bf4d31edc0bd9e943cc,2026-10-07
88b92cbe766b5514f945a97ee21f4f78,2026-10-07
25c4a6c3708db9370d6fcceb43d98418,2026-10-07
0e68f76f4c900d078515c5ca7f202d09,2026-10-07
e8402657f5965f177e435735c08d4b0f,2026-10-07
5f32d3be53c0287a81015a65d47b84fe,2026-10-07
4eeb82d4bcc898d1123ffbb48a4cf4b6,2026-10-07
73e6b3b881d49f45d5f9ae25f2747f8b,2026-10-07
e6e61ea04ef8090b4e25b2892978b75b,2026-10-07
9ac14db35e09b2e9905402d1546f1669,2026-10-07
cb691a962608d58cd2c1b25001775177,2026-10-07
ca0bec7e9fdaf1790df0fef3560610ec,2026-10-07
63f496e3cbb928fee77faf16aca82e20,2026-10-07
c62ea99a2f65fd516aad19d5a1d6fad8,2026-10-07
4de3b8244ee3860208a175df1877d400,2026-10-07
8f9884f769caa7e846adca6744cc1ea5,2026-10-07
9e0e489eed707e649b2d2b67f065602d,2026-10-07
7e7c9f55805a6de65a1a355167f0be3a,2026-10-07
f5dcc07ddf109d6613b65ca78c2d9776,2026-10-07
c91d7df89c95319e9bf92735f6a046bb,2026-10-07
86fbf9824ed1e75eef6d430eaf39b249,2026-10-07
b51ebaef63b994c5db73b9f964a36ef4,2026-10-07
81218bd677a7668953f13a3e3bdc32cf,2026-10-07
611d706264b5bbcf9ad1b9192fe24578,2026-10-07
307d493584b54b1db67cef0bd0547cba,2026-10-07
bd6c8b6c682b6794f8e4531d0b6a6e23,2026-10-07
beb5c8cbd7b52e35227fe675a2076725,2026-10-07
202906da1e8884dd7886859170702bdb,2026-10-07
e1f45f3eb796c36f8fe3dbab70b877a6,2026-10-07
156c191a95a2c701dffe47dafbaad355,2026-10-07
f045328e226c6b5fce93ea7874522c9d,2026-10-07
cb3b327f27ea7855f212d332011c2bc0,2026-10-07
e1ca45b741ab6450969d34386539563b,2026-10-07
9b835bd5768dd8d65c4cbfea50a31269,2026-10-07
913172c3e14bb1c1f9c4bf0421d11b8c,2026-10-07
06fbaddbbe7f7b2535b7fe8b9e675217,2026-10-07
e10de03b8a8d25ae612c08d55324992b,2026-10-07
e758d5626d703262e022993b8c1f0058,2026-10-07
05a1bd0f0f8973d5432253ec63b6d30a,2026-10-07
fd276950229925a77f35bcf562b89a6a,2026-10-07
e9808d6809c59c392e8db9017a34dac9,2026-10-07
79d9c62eb4ab193a26fc3dcf88eb5bd5,2026-10-07
e58e1b40ea5a44bea9b33340fc2b2d7f,2026-10-07
4ad83f70c02c350713ef43e071abc620,2026-10-07
96b2c15e4479a77ae97d5b0412784e91,2026-10-07
5aef10a3f820e71126030ced99b82109,2026-10-07
045b2f86e00e3149c261476641410732,2026-10-07
b3c5924d8a8808e1658fe44ab597bbc1,2026-10-07
e9152a43b66f71c6ca9afd681b592d66,2026-10-07
2ea19afe33f1df6bbaf43101cf8bf3e5,2026-10-07
16d4a7e3250e992d0018fff729a3c265,2026-10-07
5f69d27ac55cc6adeea693433ae28f42,2026-10-07
7ca5dd90d7518db46a2e83b3d6ed5217,2026-10-07
6fb0da769d47739608e06345d5d2d94c,2026-10-07
d14d2b453d032168db7033745e65ae39,2026-10-07
b18dd4d932b2a46db4cd64c006deb047,2026-10-07
4feefe5f7c71d5ae10e47d0b8ffc147b,2026-10-07
43e2740a57a1417c1fb6bfa28a5a26e3,2026-10-07
706fbf110bede6e3309e157d1338d9bc,2026-10-07
9276a43f305cf2c28eee8795d5bf1178,2026-10-07
3ed4ce3279b55c82f783eeb2ed5635b1,2026-10-07
6566e05495f78b61b3283c20c5bc5710,2026-10-07
43b1b5cbec65993a2c46ee581607b9af,2026-10-07
3771253ee3875ef4e0cc7ad34d938632,2026-10-07
c0b512d6e50fc6ff18bf3ee96c7c4c90,2026-10-07
ac3ee104bcda20449c6e615482c49969,2026-10-07
7a8b15392ebbb7b90153799a8d4975c8,2026-10-07
823c08bbd4bf31519ffc9031ca5dcd81,2026-10-07
c11450c55a969e97d0c603eaa0a4248b,2026-10-07
e092e391bfa7ab45022a5713462903c1,2026-10-07
96e823909ba876cb3bf18f9df5f30008,2026-10-07
b9878b22096d6ded4ceea6dbdbdbf563,2026-10-07
184f6b00eb8ac3eb369b16e00cded513,2026-10-07
f94545428f49ea6c34fc23309f75368d,2026-10-07
5832a91f49457afe6a5ac8c1319141e7,2026-10-07
7320600bf74664a263e1e18c28dbf18f,2026-10-07
806ae949a33e8357b957ba20b00f1094,2026-10-07
ec7d380aec4ab4458f64df1b69ecbaec,2026-10-07
7ac033c4ba4aa8eb1dd356543c41f760,2026-10-07
7804a157ad9a409a7dd2f76e5660956d,2026-10-07
9211d49b426aa41026631a5766ca8f4a,2026-10-07
ceeb4db1cbab969d8375b5c72f87f4d3,2026-10-07
2d4ff06e56c5225b0b0dce1d2cc15bbb,2026-10-07
606758abcef1a6f9e687f32999b0187b,2026-10-07
a0e482e5132ba9d53c43d8b22c911087,2026-10-07
f5637433e242d447932fb0892d2069d6,2026-10-07
10c78225a2ebecdda3fdda97982bc2cf,2026-10-07
af66622deefc6e5bafbe259ac856e8e9,2026-10-07
883d168b84de691390aec983b9359113,2026-10-07
c4c8b8902d27a51d71d003044337ce59,2026-10-07
2189e30806b8989ba5e33a0d2a96d0b8,2026-10-07
376c79bd01a25562f961bd1de3421c8f,2026-10-07
d3c7eb43fbccce9aed820ca1b275c17b,2026-10-07
04559699aa29c4a8454a3b5cfd56b87f,2026-10-07
e20ec002de0d0f24825a0864e9e22faf,2026-10-07
6055f5e5f59f6a21bcc73ca4a7807678,2026-10-07
c2d5763db4a00df1f0901bc434220ac2,2026-10-07
0e683c7f0fd464d2ad01cbc3d44a653b,2026-10-07
16dcaf2337b940cc9617e6ff0d641792,2026-10-07
1084f4389363213495687436e5ab9df7,2026-10-07
4c95858ee8797455075216a8cb05381e,2026-10-07
d3cbfa21cc51504fd105b3fdfaeca804,2026-10-07
d9342bd4b029465b7fa6a23a071ca7d3,2026-10-07
6f9f7af81446d4e02a660919fc9df99a,2026-10-07
6baf2f10e6e915aa029dbe0a4d0e6654,2026-10-07
98a64c4ec7e1484e73a698548e59beea,2026-10-07
502f60b5cae45c43a0f12d4c20d48d52,2026-10-07
6616a37ebf175cf7c69bf593d248cbe0,2026-10-07
06f45926b1d2a53c7275854c54d5b062,2026-10-07
d0176512fa05e1ef7f02e7f5ab178b85,2026-10-07
ed04be1fa34a43891e77db63a08ef20f,2026-10-07
d9e1749d874d0a6def7a758a1f3ffb57,2026-10-07
7ae81898c1c282c710130acfd9710f48,2026-10-07
62bb0e12b6b03bfd6ee78883424ab4d6,2026-10-07
85b091cd733ac356e921318d5de1256c,2026-10-07
6bd25c3b248872bfbdbe2c763477156a,2026-10-07
08354be72fbc1fee5e6862a6c92a9c2b,2026-10-07
3679747c46281928d03b5b5666cb8b3f,2026-10-07
2483309c3663390b312017e5a19b9e6c,2026-10-07
829b3cef0952110fc56ceb5d2e3acc99,2026-10-07
deafaa92d7fb3845786f49370d2637bb,2026-10-07
bb2db641e7839a459d5cd6c1c36c94e1,2026-10-07
2635aad43b7cff55607e3bd1704fbab1,2026-10-07
347bcb15d467631c63de4233a388d03a,2026-10-07
d9929c8d658444ec816e6ba6f61334bb,2026-10-07
9e948d828bd52b0078bccfb7713ca9dc,2026-10-07
ce59561ae722023c266cd93584ca953f,2026-10-07
ae906963a87f6a0854f66a598870aa89,2026-10-07
c341d11f7f300437d1ef9568f58d5a4a,2026-10-07
bbadd1eba2d53614ceb69cdb5266461a,2026-10-07
c39973fbb5e4323a0bb3cc01e253f6b8,2026-10-07
2c3fabc56a83e49bcc8332ae0c897bec,2026-10-07
a2d13907bb584213cf2648b84a9194d6,2026-10-07
6bfc90e73fa25ca1421a07ba7a1ed44f,2026-10-07
27e9750641be4d8fc481ee78c91223b5,2026-10-07
a7126465e52cd98cea53618c5ee66f81,2026-10-07
b0c21f2d05fe547076260c3e2e23040b,2026-10-07
030fcb02f6b1a910a68c79e19cd94d0c,2026-10-07
d02da1a3cc40055bc82323b676770887,2026-10-07
3233af6ad222f17f3699505ab4a03cca,2026-10-07
163f6118a4c4ed017b4f37ef5f75233f,2026-10-07
5730ba720dffd2f23a0204f24d7086df,2026-10-07
28e52274de6082b3a89edeb9b54c9dd8,2026-10-07
500fecb605e9ac113f81b789223e5323,2026-10-07
6b73706bde5d88caf2357c894b0c5e32,2026-10-07
9fae2cf2055cf6e153147c6eb0269e41,2026-10-07
17735f55a80440e2d37aa5d89aec7230,2026-10-07
68e446959a7b16567ef7bb7b2bacb5f3,2026-10-07
941769bf93fad3ec5342a79fd4bbb074,2026-10-07
2bad55051382fad2d0678ad72809d4c0,2026-10-07
ebc149d41180f5aa2a2a776cd131ef67,2026-10-07
b3116f585c675e2a2eb5dad654e5e71f,2026-10-07
df7514145d045d27af725c7f2da392eb,2026-10-07
4440f4fb7722bb141f6dfc4f87fee95d,2026-10-07
2b78b168431c243f0328a0bc867645c4,2026-10-07
176cd94314e321bd6bdaf73b11db3558,2026-10-07
b102cecc5afab49d866ca7fb38f60f3a,2026-10-07
039b3d1138280192a7b40af0ca588740,2026-10-07
ea71c44fd2b55dee790eda00d3127d7c,2026-10-07
0f66cfd7fb76c5d974afbcec374db901,2026-10-07
0c1d903f5a8ea3e9628770dc7bd66d66,2026-10-07
d625bc57c6dfd27613a86ae98bc985eb,2026-10-07
1d3c5a92cae22ce2a9f688a1a6be5820,2026-10-07
df942bb35317ea108b0e02e5ffa48b13,2026-10-07
e298c671122e34729f2a12f672afb461,2026-10-07
d46dd70b5d25c03a8889720303075e33,2026-10-07
e1cd2606a6f1638f48b8b49adcdf07f7,2026-10-07
c25fb71eef4765c6bf1bc8a61bcad1dc,2026-10-07
3b62946e700e47cc45680cb1d0ae5a27,2026-10-07
d319c0c2cdce36ef8776d3adb423bb0a,2026-10-07
a61b153896d741e7fa6303deada67231,2026-10-07
3589aa6a0a7712ab15c28e3dfeac159a,2026-10-07
2d498f06d1fadc8f99f2bdcba4b97280,2026-10-07
8809d8a08d0570e9334b2fb73e81da9a,2026-10-07
8b072fd977e7439a6943b2b79630d3fb,2026-10-07
ca6cd78e3759e7c26d71bee7fcf83d77,2026-10-07
de049637e1434ecbe94e1d97123e4d41,2026-10-07
b2a6f1f8887e4cbf29ae39346d7d70a8,2026-10-07
2b6b079c7ec4911cc51786d86e5780c1,2026-10-07
438b24b646f143f60ba05a71c7fc8004,2026-10-07
0945b234de24c2d167fc9d92d53c47c6,2026-10-07
899f20ac18463d1889d0ddc10eef093c,2026-10-07
446984ada23aaaa3397c300ef4eec3f0,2026-10-07
0bdb9cf459d2d3c6ee57bebc1ccf7e12,2026-10-07
03368f706ed566e2f312684741eb5f24,2026-10-07
4faa035215bd447b08820a57d303377e,2026-10-07
4d908febd360a92c0ba5aedb86c72a4b,2026-10-07
985972bde1c12bf07fc7a4f167d62992,2026-10-07
ee22988a50ad1e8e32a4ba6e92feea93,2026-10-07
1275c29c91fc9184a56c86bf8ed3f8c1,2026-10-07
7344779bc6f75633374e0d9b44a0d455,2026-10-07
9a128b93f1eeb891dae1433f4b269d20,2026-10-07
42cf77cfa11a251ae48c1bd97b3ce074,2026-10-07
22554f2c4294e9588e4c8385912ba6b6,2026-10-07
7aaf341d556ea4a0f9989b2ed82b3325,2026-10-07
153b6a23930c2cf4fae684a212cedf14,2026-10-07
64b9335f1af59bd636c7a8ba9ab1705d,2026-10-07
0c81353d7b0a75aeeddd323744dd3190,2026-10-07
38a3ab1a0296913d4dd076618e335ed9,2026-10-07
a60614c0716a15ef1e78857b81c9bac9,2026-10-07
c3e342dd712fbf80652a6f6fc3fd4224,2026-10-07
4c0c06c79c65e999f8e88202a254ef8a,2026-10-07
5559ce5c351a89f2dd8dd91b610ab12d,2026-10-07
e845dc127cdc0f5c61486fbdb7a57a1d,2026-10-07
5743d4f9726a55d9b9d48bcd3cdea983,2026-10-07
3c2fddff174917bc26b0dbf505819ece,2026-10-07
e8302ea1e7f535eb12b8e37665bb56b3,2026-10-07
d0f324b4bfc1b86d581fb6cd7c94253e,2026-10-07
dcddb9476d9f34eff4a0e3d4efecd906,2026-10-07
e05c54682b944f54432fe8ed7c4a376e,2026-10-07
230746a014815ea645f5ab04ad8c9635,2026-10-07
90e9972d0e5db97887846f01e09bf90d,2026-10-07
c2f6facd2c6a57562c825ecec23f10e3,2026-10-07
b2a37622a923c2817551f6a370468779,2026-10-07
aad20bd8cffa21d0f0c94889dee73379,2026-10-07
e953d6843c9f268066c0debc71f7d9ee,2026-10-07
f7352ce5272619ece437fe53787281f4,2026-10-07
72851e9be211c2110b54014b7c7181a2,2026-10-07
6ec869879230abc70191b694bb693930,2026-10-07
743920bfa99ac10c1a447c3468402506,2026-10-07
5954c3ceffc513f05190c8eff8c1f821,2026-10-07
1a525c970c77687ec8d3f3a0ae6b9461,2026-10-07
884a0e4851a148bddeee6565ee30ebe4,2026-10-07
c8c5b3b40d86926ceaea92d012fd0123,2026-10-07
30b1bd579221e663c26729b658059890,2026-10-07
a82c477e919dde5c55675d4751a14879,2026-10-07
71f53f9a57dee60df111d90649c82a21,2026-10-07
5cc320c10e77f44a30eb82b35f385063,2026-10-07
104a88cfd17acf7fc94eefaa30294e41,2026-10-07
5dc9d7db3acef33a3cfbfdf5848ae5b8,2026-10-07
d86554a9cc93cd0d93b09b43c6fd4ab9,2026-10-07
e165f1fbcd21a5276bcf5292ea4032f7,2026-10-07
cd18ff7fd1658fdad3d73dfcbcc9f4f7,2026-10-07
fa0b99bd005e83e8975d98e48ec79e53,2026-10-07
7254b105b90191da8c687d0a16119ec0,2026-10-07
a18c117ead4002a7d0dca303e80af1a7,2026-10-07
cda37b433eae2397a5ce4f691baf9c2b,2026-10-07
dedabe836e9956a3770a2368c051cf5e,2026-10-07
ced2ed7f54feeb6a75746d2d3b43aeee,2026-10-07
9fd5bdf286454cfa1bab1a0b0f457b50,2026-10-07
68e5ddd7879f16dca3035964ce763a85,2026-10-07
42213e61a1dea9eb00adb276022c76b3,2026-10-07
fb1ea5e2844266e6eaeb95a9eedc059d,2026-10-07
2444641ef97adc67f2ec0515c48a3783,2026-10-07
05390750163a4b7b2820c20cbaa4d286,2026-10-07
569107325f08d781a907d3e830169f0d,2026-10-07
fc38519a0a42382bd3245af1dfded5f8,2026-10-07
23be19bafc41b287612622cea91babf7,2026-10-07
d921c0549076d9d87603707ec00cb27b,2026-10-07
188884790ee2e7758ee5420fde769755,2026-10-07
fb00c60587aa88dd44a736419a8e428c,2026-10-07
7c293a90ed32f78d24dd37c2bcc7d806,2026-10-07
d6571eb73b681fc95199a51b7fbcfe6a,2026-10-07
2163fac35cebf6b004ecb62af3318cea,2026-10-07
c81f4e7c8f6cbcb6ae6b13d31e3ed197,2026-10-07
93bcbe788242b142368b0d2f2649964b,2026-10-07
f465ef4b150c753e2ae47b3a2e0db904,2026-10-07
6537f7e05e7d0687260eb7ae5e4b91fb,2026-10-07
54c7d60bbdb3d3aad9e9807380e36caf,2026-10-07
de69d4efc16b797ca87e2382d039d60f,2026-10-07
7dbbb9803ba22e66ff2ac1c1a4c67ddb,2026-10-07
80c1791bf464a6905ad7810ad4f804e1,2026-10-07
e91df80d21f95aa1427ec776fbbc785b,2026-10-07
3a666ee080b3af64dc3f351f20792db9,2026-10-07
e4ea3d03ba42454d39bb50f021071332,2026-10-07
2f0d0d21e8097b272623f22582f62add,2026-10-07
8a3e43a7f79024d99d4a06d0b55f09a5,2026-10-07
df97509f55b4f9c904fe85c35000b266,2026-10-07
28ba48725c1c9ed5add3dd75d9a6cbec,2026-10-07
830f212322078348a72a1a78d857d3f2,2026-10-07
415333a8fd5d444a267d2fb319924909,2026-10-07
5a56f53f21c493cdaf822a07ecb6e3c6,2026-10-07
94cd9f0bc257e2ec707bbab19fda6f0b,2026-10-07
98176e23c25c6b723c402b93c596dd84,2026-10-07
d082962343311e93a7082b6b50601532,2026-10-07
efdf55678e73245e24ddc3177fef2080,2026-10-07
8f3c277fb7eca5d82e7f4b947d9d0957,2026-10-07
2965780c0ba4f517ac16c1987193e11e,2026-10-07
1f291d270dce8aa58025b63b62c6ddda,2026-10-07
80f06ddebcdae68c67879b777db92277,2026-10-07
9cd4af64af4fa8d9942c53af516d5e33,2026-10-07
d84899ad9ed0acd50be19ebc132a10d9,2026-10-07
7fced60b1dd37e0e644e8595c16f7f5d,2026-10-07
fad1ef4ee26d34ef6f8e4162a9a336b8,2026-10-07
9ad14051bf56f377ad89794c199a8ba4,2026-10-07
6540790737dfaab26e45ef668f11f550,2026-10-07
1d27f7264c64fe55fe799efa6baa86e9,2026-10-07
92472e5c528f170ffe25343649b8f283,2026-10-07
14c4b67a1dd4af981d5da82a461b85fb,2026-10-07
8e92535acc1b90a7614deaca7ff348c3,2026-10-07
91eeac608a5fcc9490e545c92c9798fc,2026-10-07
590036192428c757a15b6ed761948f6e,2026-10-07
359d48ebfb471b60066e0799a4fb4835,2026-10-07
61359b2ea6ec3b18fa76ba9304731973,2026-10-07
71351b9641e19844be9540bf4e20d66b,2026-10-07
d3d8bb178d062691142958b457d32fe6,2026-10-07
c8199473706c31ac7b2903a8a188108d,2026-10-07
81557e74e2aa948f9270dd9886a00f43,2026-10-07
279fdd9bd75d0ccbd4144d33b7892996,2026-10-07
39acbbc383f5d26b7a592d3c506ce1eb,2026-10-07
af7c33ece21c287887f6880516e9e002,2026-10-07
d596fb9c7cba3e7ca8b4fefa470c49a5,2026-10-07
9af408b302ffcdd7818b3f0a921b3875,2026-10-07
e515c1435deba48112fd75d875a61ac4,2026-10-07
09cada98dd105d38c06cc353e16ca1c7,2026-10-07
ce55511318f9dd5b837c69869e367b66,2026-10-07
ba199ff6e40f11056bfac8c5f6ea5350,2026-10-07
c23f672e9fd4dbcc826ae754bb688b00,2026-10-07
a9701d082e795eafd6d8c610d18cb615,2026-10-07
1904a3983ecc49b845f2ddd0737dbaa8,2026-10-07
d6a4ff6854359f1f1cae26b0c7f6b7d4,2026-10-07
a18b87feb96b35d245bae1db42b668cc,2026-10-07
381850d1143a9378395b3e9de06b8d67,2026-10-07
137a59660cf7f986839b81621e126d70,2026-10-07
b8a17db320ef332c554d0c3754429da7,2026-10-07
0eddefc3c8a792d01aff71979afaaed7,2026-10-07
5b20eb03c9c2fdb7ac178db7d1d5d2af,2026-10-07
fa6034894ac19b0ed01d219aca9260d9,2026-10-07
e925b8e3e07408a27ec8d7538cdf9d01,2026-10-07
f1304726f48092561b28105bff11092a,2026-10-07
f0042acfcedd2d625a44be039591da0c,2026-10-07
040c86b326e103862b659492ff419496,2026-10-07
46ecb55ec94992b0deb6d11b1e8bfad0,2026-10-07
983e335df8b5af37e6f46f2b78cbb695,2026-10-07
e2b6d707529efafea582efbf1c387e84,2026-10-07
554bd576dc0a717e7e80139116128eb0,2026-10-07
1627e97c331bffed7155461a19de0368,2026-10-07
4054dfe3c38818d74fc211ae5f47e035,2026-10-07
2bac682c856a65e176944ef68665adb1,2026-10-07
cc0ad8389a9d58c8b46c3cd5539d78f5,2026-10-07
f592fec9950c9fb0e050d29f44d811c9,2026-10-07
8e2abe8c82e0e478d43f920261a42d8f,2026-10-07
bfb5fab67af3bfb7bd28a4222108139d,2026-10-07
13f5d6431d7c04eb99bd22c20081df43,2026-10-07
f93c462f7d9b9e4f167fc1fcf56857f2,2026-10-07
4c943c51e1f36bacf80d88df49e7be41,2026-10-07
045785105bfc3974bf34df7c226bbdb7,2026-10-07
ddded183626bef8d7a839dbfdf5fbaa2,2026-10-07
fc0a3de8e97c3c421ef52c9efc9ae07e,2026-10-07
6a6cdbfdfece8d74ba6ec203fa55331d,2026-10-07
ac05cfeec82eca6b19d414cbfe5243f0,2026-10-07
16c479c274c66df81bb2e6dbd12dc7f6,2026-10-07
0e6149142079e38541cc13e0dee32117,2026-10-07
57fb71348d6ee319fc2012ee0a5f4c10,2026-10-07
52ae584ed081376aa2b5b15491319dd2,2026-10-07
d9cb030c60a9899984b3e802f502ac8d,2026-10-07
542765b74118380239117f92fb4293b3,2026-10-07
41c3d7bf97a29773006d20b05b4d1989,2026-10-07
69d1bf3bb018838cffc04d9a6a11916c,2026-10-07
d131f3295050405e15f6b4cc1a9301b9,2026-10-07
87e3281a261ece7560997cec4cefd6da,2026-10-07
944374d4d60f448b0364183bfd1c13a8,2026-10-07
debb88e870299161a1dffe8573ccc06b,2026-10-07
abf9584d5bdbe4900ec426a8777c9088,2026-10-07
50fdfe0e897617cd6806d1f3374d4c44,2026-10-07
3760cb73c2b6845142ee137be5bf1fd9,2026-10-07
3cc5b423b196aaa8cc159aeca752801f,2026-10-07
13e342fed30795fdafcda9319393ec6b,2026-10-07
cd616fa8267b3d628070e70af75571fa,2026-10-07
7215fb9ef33c957b7b1cf71c41e91f03,2026-10-07
17f4dacc8faf021512b22a3ed5b64291,2026-10-07
6f76e3bc224123c85ca9e188f7df3685,2026-10-07
ff5a515e7547632e4ebd0fc2b471162f,2026-10-07
5fd65d0125c7c7fe181c787b3d3cd195,2026-10-07
1050981dbd0e67baf19faa1776d59a84,2026-10-07
0d33c4e4772d5f7a474a091e0378467d,2026-10-07
a144acddd49a8950a09c2f17c3267c28,2026-10-07
60407bcafc6d576d0eecb4a3b08d9fb3,2026-10-07
3e2819b0ec78ad0de95647719b47fceb,2026-10-07
e13a65c3bea4f9cc82d77856474951e2,2026-10-07
5ec1c0a206f97c4be888fa89963d7727,2026-10-07
885d5beb9b6818bce6a52f59019e8209,2026-10-07
34cdaa27a5f269cd28769a674d1b8ef2,2026-10-07
81242136eefcdc7d876b0207a549fdf2,2026-10-07
be642a538ba7ab2ba6ddf7d7a51af24d,2026-10-07
1d12920f55c6bbf73d623652cd84d8ef,2026-10-07
2fca029924d194b8bd8b7905827cd3bf,2026-10-07
c6c641b5c8ad3bdd71481bec2515d946,2026-10-07
77d25092f3138705cf6d7fb6e6524141,2026-10-07
e2cff10108aa794007f5c4fae9801685,2026-10-07
5f68f570444c49eeab4d7b58e0ab9862,2026-10-07
8555fe7d81c07d7bb1c06485e87a81ff,2026-10-07
b51411ef537994cb3b21d8e3a3abadf4,2026-10-07
a42f8f598298645128b471d6e0b336ac,2026-10-07
6e701dbfd0de0a6d9c8352bd80d9cb74,2026-10-07
a6385941e8a38ad7f5e3790bdffa9661,2026-10-07
91560699ac41ed9717a443b7e79c3e3b,2026-10-07
cc6e7aa29135a4f86ae39c496c2698ac,2026-10-07
a57b85658a9eda73463c74afd69d754e,2026-10-07
793867d3f5eff66672cb9135afb5cd48,2026-10-07
683f11e4d00608466f47180bd4b5febc,2026-10-07
3f56b150083ce348eea3f35a1a0e49b7,2026-10-07
194af260e0f3c1fd8c145b25e88b0e7a,2026-10-07
72d8602fe80eca9da2fe83e506eafe91,2026-10-07
99309e2f034d6f19030f5fb59c4b1d48,2026-10-07
3af98e2ba574ae8c8d1c02c3b2a7d46e,2026-10-07
16431cb25ad9d8bf4708e41979071c80,2026-10-07
58fb57c81a4ffa53f25c5813b5229f5b,2026-10-07
46c514e06d7387cb6730457ba911d887,2026-10-07
90c8d35f5c37d0cde8a6e032a0d0deaf,2026-10-07
11cc352cffcc9847efd0f34e830e49b9,2026-10-07
ecf62da4e15ddcd297ef99982f58f8e5,2026-10-07
c0698d607d6c5a58977d6b824cffc714,2026-10-07
d5754fe25cbbc820b9c149967bbaaa73,2026-10-07
af40b8f2af52b1286e46dc45d6adcb38,2026-10-07
baa45770dd86e594de7500a6dd22c2bd,2026-10-07
466e5bec435a7b96e1b977693f0a7f44,2026-10-07
c802c1f2368afb52586f908a2f7de4ee,2026-10-07
c211d8e1de2c7b2408f79a90d06dbf13,2026-10-07
a2cae3c8869a2d3583effd7f1dd7094e,2026-10-07
81e4c02c8517ec9737a3345a3009ceb8,2026-10-07
1fed45cf206872d9ea14f65c96cc9990,2026-10-07
f08285767d8532b244c0812ff5baf7ed,2026-10-07
7b3b1ff5b6b704713c39beb797898254,2026-10-07
6de105d3a7eb059090ebe29cfa0fa1e3,2026-10-07
a0fd506053e0bf8836f8179aa71e851b,2026-10-07
007da323787fc507daff3335c5918739,2026-10-07
7709fdb7a081578505f58b5fd4d0b453,2026-10-07
23d6c868e26a527eb680ea8a42a73e3c,2026-10-07
75b35d5283add4e94c55f6344dfcf962,2026-10-07
9774f7cb41705ae11ab293553bf9b8b0,2026-10-07
827b9788bf3f92d791a5e1db71b97d17,2026-10-07
494667e3c26d003807520fad6129145d,2026-10-07
3a4c8bd6dd65e55069f75d35159061cc,2026-10-07
f718adea6ee003f2155425fa77b2b36f,2026-10-07
c4563a5aee998c3d64e626c0f425de2f,2026-10-07
2f74956354f41cf02144e970e40bb8fc,2026-10-07
dbf9b43122f3d0200aa7b21181ee19b2,2026-10-07
8ba6dbd20867f18e77fcf505e38b8c63,2026-10-07
b4802fd463fe652c7eeee11cc81b2918,2026-10-07
9d6026dae429e6f9913833b5aa167293,2026-10-07
1611e8c4256c3e54b0d4b1486095b95c,2026-10-07
d42ca98b909c1dbd0612b5929de17117,2026-10-07
ce55cd1de6dd036e9c929c56b4504982,2026-10-07
dbdfab99fba13a6e0ff5d2490f10b0db,2026-10-07
9c8758d5502040a5282e798fba7a3ba7,2026-10-07
584dcbae0471261d140ba8f4998a33bb,2026-10-07
016c8f866bcfa8422cbfca1dab8d4389,2026-10-07
bc6c630f2acb052791483adfa08b34ab,2026-10-07
3e2633c0acd145fbbcb8b21fb8d979e5,2026-10-07
5e50f28b168e838321c38474afcf1ae9,2026-10-07
06ca3a037406ec6293c86f24f8394835,2026-10-07
cb4de78f39e554a0b4f7a011997d39e9,2026-10-07
c2fdc5203bb0ed45217b29b06e4ae323,2026-10-07
65c85ac9b1b16615310e6e7007591895,2026-10-07
931c08c7fbca098e6df515b35bdbfcec,2026-10-07
569cb6c5225e866651190921cbac9663,2026-10-07
0f54b804ded203b35b4feda557be967e,2026-10-07
fa0dca8ab7496c457b9a9bc301d14fcc,2026-10-07
cbc0728b1a1d4c6a2f60dfe3237c5299,2026-10-07
f5be2cb25b437a28fcd8085237df924f,2026-10-07
89176ea546f78c6115e16bd855d0f37f,2026-10-07
52c915dbc954950032aa577e631dda66,2026-10-07
177531352641eeeeb45490af8fb858c7,2026-10-07
12d03d7cdda85bfbc4d8d77648b01ecf,2026-10-07
5a5e2185f2401a5965b088730719ea50,2026-10-07
64a660b5aebe901d6f57737ae569ccc0,2026-10-07
3773463cfcf161c460ce6cf5517718db,2026-10-07
80b5efb4ebbd66af1a851732c54d8cfb,2026-10-07
c0aa48c89ec9e5d5f617b261a86d3321,2026-10-07
b3f6a9e17c5aded6899edef448d543de,2026-10-07
75e7a6b3544e4b1ce1e74e0a8124e321,2026-10-07
a35ca23959b4fcdff9611638d0613c3f,2026-10-07
f63d1e2d314f4cb899f28c668832313c,2026-10-07
fe51c072431da0f73462399956174f93,2026-10-07
a3a7d89a3cccc87b5dc5b4fc14b001fe,2026-10-07
1c7c94d18e7efe10cb132b6455774963,2026-10-07
f8724cc708f35e26664e8eb5c29b6062,2026-10-07
14a402a87e6e4f6cca97c9b6f2f90d52,2026-10-07
99223a7ff7cc1dabdeaad8f67dd32666,2026-10-07
e77e592f2f8b8c17ffb1012a78d332ea,2026-10-07
9ab348dc0389b52f1aa23ec0806c64a6,2026-10-07
cd03362d3a552ad6b3d590c25e949bf0,2026-10-07
c32f61fea51580dceda3f5c54383ff32,2026-10-07
e9b7abc58f849524468abf570ed2d6e7,2026-10-07
410598ca69e5f3fe6a56287e21554c19,2026-10-07
dbd97580cb62579718f0101d9afe17f7,2026-10-07
53763eab8b2a339a5e33a7d48c1f98d0,2026-10-07
26c5d8a0c1341827786fb25ff3edead4,2026-10-07
5f84f148185907e0aed356aaa57de0c3,2026-10-07
1d55b70a7b63074fce9b38bf7a7a4f35,2026-10-07
39852265a213ea66293f6c24bc128a03,2026-10-07
89d062032bd338e6e6b1bcbad1e5bb7c,2026-10-07
cdf4e164f7653782d4ef48cbafcb53d4,2026-10-07
20f1894ab15a3f2df19737662d5e6b5d,2026-10-07
79e3e863197409f09d570ed98f8212ac,2026-10-07
4dc86cc2d9e9c22f4b9bda5d6c4a07ce,2026-10-07
dabd2120f513e28deee8617dec6af904,2026-10-07
04128168315e076feb7ac47b67f05f4c,2026-10-07
31a165e3668530c889ef2a0484fc1fea,2026-10-07
fbd58c92f5de942a09bff20df317e49a,2026-10-07
799a806ada53dcc578531327373e691d,2026-10-07
8084344772d1665bce5454524c8497c1,2026-10-07
cb9ebf4b9fdb130f1f6da87d9f971480,2026-10-07
6079fe705d64d335351e5bf8754f6aff,2026-10-07
d1574d76a058baa8ff94c4745de2a651,2026-10-07
dedb9be8f585c1c671ed31be0e077b14,2026-10-07
afb90187c581ab396391cc8e8097a46d,2026-10-07
0143bc95f92ca5bcc8a0f1c6b5632f9a,2026-10-07
49a5bcebd8101dc9ce55b20bc5b04188,2026-10-07
f3993a16aa0f3ec13cdc610f79855a87,2026-10-07
b1a6200a5f2faefe12b1075979158aa1,2026-10-07
79f6af3344bda471d150fcdcf6853e15,2026-10-07
e44b873a2d39644451e0b00e5202b09a,2026-10-07
1f1fd69ddbb6f5766683dedbd1d173ce,2026-10-07
538d19edc216d17d163c4311b3eecc00,2026-10-07
0ffaad37474d397e62c209788df2f4df,2026-10-07
c5cf0393e23c555cdd5e7b42e80d42e0,2026-10-07
d553fa7f26e2de41e0a1373f9f9215c8,2026-10-07
c141878f0a6efcc6ce751e8290fccc83,2026-10-07
fd74baf6cbe78f5e2ab00151ec883249,2026-10-07
031e71f29bcc7bbc5c07693b7f73a3d6,2026-10-07
727cfac2f16cda06041c7ae4961acb3f,2026-10-07
d600814d74a60085fcd47e8923fb8f2d,2026-10-07
ac3b7a7736758e89ced2bb09a5fd9578,2026-10-07
bffc1f17f0f7563a3a76df9407e3a7b8,2026-10-07
3953091b263c6e725fae0db61acde203,2026-10-07
f60d794a9b682427158069c810a25556,2026-10-07
055984775f97b997a40f04df3a40dce8,2026-10-07
6e6bd587b67bbcbd39fa4123876dbace,2026-10-07
409a7182bb04c8cfb27d9bfb68d6e54e,2026-10-07
3374aac63a30053b759306a1a039218f,2026-10-07
40d62693be783d007cca4c4b9aea1407,2026-10-07
ce3c47ba0c5cd93634227abb8ef1dc2a,2026-10-07
77bf53ef38d93555103553bfa7c8b234,2026-10-07
750ecac6f154780209b86fb679b97bd4,2026-10-07
5936c9f93498530b897bc70f18e8447a,2026-10-07
4272ef4dbc25253aa2219adf7a4f1605,2026-10-07
331a992f9f3d57e566f7179b77878784,2026-10-07
4a5606e88883adcb8aa2106a633e35eb,2026-10-07
aac55ce00545cdd4d9a9571945d66e2a,2026-10-07
d099946ead10e11564f7b738bcc57d8e,2026-10-07
5bfd35ecc9b6f632343365504ec395bd,2026-10-07
0e3732314ad43b63928ea36afde3db42,2026-10-07
accd5c101442442e10ca6fe1c5d2cac5,2026-10-07
cc4ad1a2050839f871260c4768b21c05,2026-10-07
369b74eebaff09d5cf1361a19e215263,2026-10-07
72d6d57f30cfec868d7fb168282a4a8a,2026-10-07
3cd24aa169d5b05ea02d6391854e80ad,2026-10-07
5e543773a46c7f811c77584d6feb2f95,2026-10-07
29bf4727572cb1338a281c037f059ea9,2026-10-07
ecb6019166be47400f6767e45d6c5f3c,2026-10-07
e2c2cde5d77d009718a2ffbbbb2ff556,2026-10-07
526128b8936c71ea116dd6d483fe2626,2026-10-07
a337cb89bf3f38d13d5205d261b56372,2026-10-07
2f9c7f082a3a84d2520443450e54e0f6,2026-10-07
04217cab31ef9c2cb19c4ba73791fa4f,2026-10-07
5ba27e3e23a702d6d9a11d68df6bc361,2026-10-07
04b1dcd5a60fe9ef6d330abf5c70c019,2026-10-07
6ceeeb1d01244080a617550f4f5d5f20,2026-10-07
0580e7c5302e3ad46e194771f4f22bda,2026-10-07
0f9a91d9c5754e9cd56bfadcd0a58710,2026-10-07
59248ee5de85214391a9cd4fcc4faf03,2026-10-07
d23830ac6f42b38eacb498c973e81946,2026-10-07
a19a5462a467d51ea4a45ddc1b3c1009,2026-10-07
29536b390057bbe532cfc4d173a37aed,2026-10-07
82406913e6e1db408314631743f873b3,2026-10-07
3b5684d0287479c44a2d2db95887a15e,2026-10-07
3eb71236ccff70a9d3c01f4b98b3137f,2026-10-07
487dfb97abeb4107c3afec3196717e91,2026-10-07
051a767dcfe205d8b275dd40b8b222b3,2026-10-07
b0b5286ef94a4d065b5412516a4a3e7a,2026-10-07
475e6e74d4ef07d128e0a9cd79fc7118,2026-10-07
05d93b4b4ef9c6dfb1dc7e555a088d99,2026-10-07
73231f0c7872987dc23a1a5c94ff7f56,2026-10-07
51e00fe82b575e70d609aed65671f7b9,2026-10-07
8eed6c4923fd4c7406f80a30aef162e6,2026-10-07
590de7cb7136a9f8959da1174f2a5c6b,2026-10-07
16efcb9977779c3e5b60de7c802f4c5c,2026-10-07
daa360cea03a02ab6f034602c832da4b,2026-10-07
3d4623aaa9d530918e59af4024279d06,2026-10-07
59be39949211f8696d3135f207fed737,2026-10-07
8a91e8b35d9ae6d2f8a53241e979ec97,2026-10-07
b3ebbe9ff00f6b571212d085900e044c,2026-10-07
4a082e71fa57fb24c33708e642d5ec77,2026-10-07
f11d5bdc1e19471154270eea98255555,2026-10-07
d217dfa107a0b653c40da1e3fee75144,2026-10-07
6d6cf1b63323c34a82b31801405ef141,2026-10-07
c7a767623c4cc455c76ce2e82d85dd99,2026-10-07
348b6b9e28ce0d0d4c74752691ab30b9,2026-10-07
1db78113e57e34cad7590f13d54198f8,2026-10-07
4596f6e2ca6ea5af5b7bb6e79476d3b4,2026-10-07
7f2cbca79cfeef2aeb9618441dccf5cd,2026-10-07
a1e461265a19092ad95231d5b5519706,2026-10-07
e36fcf65e1a03ef37bb8a3bae77c44d9,2026-10-07
083c40e7ab766a5fead70cd8832bb589,2026-10-07
9dbe0216f5087cf84580c22dd1275be3,2026-10-07
1e3c7f2ff63163bc785a96b03c5e881b,2026-10-07
b6de7330e93f4063f71927f8c5f8c196,2026-10-07
5d2f70e436815cd81f829b16e3df1c02,2026-10-07
33f9cc799fa1198d30996a88edb1cad2,2026-10-07
e1090a3f1a0718840c8d2d2108c0662a,2026-10-07
6c7d8eb25b5989c2ddb09aacd35faa5b,2026-10-07
5bdcdbfcd689309a98468c6969bc24fe,2026-10-07
5f6ea30f8b28bdca07263ad629e65b4a,2026-10-07
527183c02e5cfcac06d5d214255b8c8b,2026-10-07
dfcf2303f2ff7361b415d051898ea2a2,2026-10-07
4a82ef34d097cf33b20c36a0216c14b0,2026-10-07
2123d7df2e8eca4225ed221db4077228,2026-10-07
867445faf230ea429ef0d7857ae9ed96,2026-10-07
318944791957add7000a3b9e0e1dfb5c,2026-10-07
c86b54416320173cbb0ff52c41b8f502,2026-10-07
6c622b2a08bd6386f9b23bb69c42d978,2026-10-07
ddb855804b249b8194a2f100a58ed127,2026-10-07
b78bb6c0cacc430f6cf8b22f94d8a2e2,2026-10-07
97340001276dd1ffe3ecaa5218dd8225,2026-10-07
799f8d63d713983b6736f502a8ae2956,2026-10-07
f773e0122679f977f6c05887ff8277e4,2026-10-07
429895708a30722dafe611e9e7999a91,2026-10-07
564ec05ed5a77c141b511f4ed618965f,2026-10-07
a806671c3669ecdd55437b3ffe8ea592,2026-10-07
f5be15c528fe89b745d1c57d63b1f5ad,2026-10-07
5a6a61ed0368de0f0b9823f702d602b1,2026-10-07
ad8914860601a826e40a0d0be1bfa7ea,2026-10-07
a3b171fa2b8d6d8c4fcebd6e14a94d84,2026-10-07
b6900ee8716a8362e374ed0cc0d32fdd,2026-10-07
d84d2fefa782fd9cd2f63950d8b6be84,2026-10-07
a11fa696f3eadfdeda403fd4a42a6e17,2026-10-07
b71e7ca5d9573e1900ce228507bd0f0d,2026-10-07
625ad929fb61f26e689e58f2700ebc42,2026-10-07
9de563f7a302d3542e7783d5d28ff127,2026-10-07
5f4c6b205f1d3c5c9785f151a1e8882d,2026-10-07
5af6d335fcc91a062f2fc5b05330d3b3,2026-10-07
282456a50b818ab68970c51ad937745d,2026-10-07
b8b56e4e1ce5b5976ba48824462091cf,2026-10-07
212b47d467301690c44e264f02dc0f56,2026-10-07
8d7dcb2ded60541ff1ef6746ed9cc73e,2026-10-07
c932974ac22d739b223d10de1cd6b9a1,2026-10-07
8bef72d6b1a43a847e9947ac72030b1f,2026-10-07
b593d360c66f5d40fc2d0be52ff2f076,2026-10-07
410111b04823f75364afa3ccfd05008f,2026-10-07
e7e23a5f51f913dbbae4a9a6edf7f0b0,2026-10-07
406f5f334bcf359f32cdb5643f329347,2026-10-07
ec25130117a9e09eeb120ca0db747e00,2026-10-07
db5d34cecedff2bdd0e59abe27b019f9,2026-10-07
7e54a461cb33e5928a1e4996349d0b37,2026-10-07
fcde0b3528c60653ba792d6c84ea2c39,2026-10-07
ba282f2f381f94aa847be0836ac46f9a,2026-10-07
02938b669db798d581f652c1aec02034,2026-10-07
a8a602aab9fb2be14e68f0fd04c2bc4f,2026-10-07
ebecdff1563c5b55d60a6fb28321fe0d,2026-10-07
13afac1ad9575a3d0f0cde4b727446e1,2026-10-07
b6ab2dd6ef2bcb59693e5749b330d661,2026-10-07
b992fd6cde38a4e1b44c93637bf9510d,2026-10-07
61ec9a6cce704a38f2d57ce6544b9978,2026-10-07
2fcb5676c149a2e068e856703d618e23,2026-10-07
92edd64ea6b269fc34687a441892bbd9,2026-10-07
9ced14a5c1a758fd950281b9caaf53bb,2026-10-07
3acfa9f226a74a2a3c4ba7a399305bc1,2026-10-07
0bf740d697e448f5718b540441d9411d,2026-10-07
be3be2b28aaebe15546282d7162db180,2026-10-07
1418fca4600cc4034c108362af58c59b,2026-10-07
71cda646fe747901af6d4501c20f6955,2026-10-07
4ded9288fb97421b57578fc42ad45669,2026-10-07
9edb2197fa40e9d958362f8c74e51c48,2026-10-07
666c68c449f8c83d274354c3d9ae771b,2026-10-07
799974f0338913af0b983a8171a7e7fb,2026-10-07
87ae387409e53ffcfc12c2a8aa349281,2026-10-07
c4b7d6bec3c4558e91a12b809d1dff1f,2026-10-07
a92e1a940481ff651b3d0f0e001a0b2c,2026-10-07
9cb57a5941fc3aaa10164de6ab369709,2026-10-07
2052fb107fe74cc68555f32671236cd6,2026-10-07
b9cd13caa9457ab536a59797d96b0a05,2026-10-07
f1f905746801f521848406520b84b1a7,2026-10-07
b2c5f69811aa82af5a7812ce21b5a46b,2026-10-07
9ea297b410ebbafaa40181b29fee1652,2026-10-07
c4dd40f8db3418d1b2a8389e85df4a23,2026-10-07
c5135296f57a57a4ba32fbcf1e5f0af1,2026-10-07
cb4445c8923fb72f3c9fb2017d3035b2,2026-10-07
cfb0fcba27cc2150f6e140cb1826e24e,2026-10-07
c623e4dcdbe1785b410bd07157dd37fa,2026-10-07
be2231536bb052dec98693af74eb60c0,2026-10-07
e23800ec78aaf1509938c0c0aa2b8a08,2026-10-07
0ad757bef3ae989fe4314aa5bcb13c1d,2026-10-07
35b2a1c3e6f9fc4375837aeea22bb102,2026-10-07
3d243e4fac244b9226f261b5d48078f7,2026-10-07
f7c5bcd80e37d6eb0ab165cee817d611,2026-10-07
5ef7839991425d44194972577be76be5,2026-10-07
e199a1f05ccc1fcbac6d4e7483c7ccec,2026-10-07
fb582047b348a3e6a715d49b53f63685,2026-10-07
68550d49a520601c0821747cb4948d3f,2026-10-07
4e0a292b480e6b49a870d72452771455,2026-10-07
73c3e5dbc079cf43ffe5d50fcf5ab6ed,2026-10-07
2a6b8d6c9e82cb770402b2b274b8864a,2026-10-07
ba7c3e8cc52356c8d8e474e325d81003,2026-10-07
be6482fdfc54926cdc2cdb1262d311cb,2026-10-07
4efe066ec80785f0f209a8ee8d03ae6e,2026-10-07
0fbb3534e776203215a3d655b1b71f07,2026-10-07
51b665821e7f04c23a8c910e9060557e,2026-10-07
7822c6a770e32a0f2a38c570696bd06a,2026-10-07
79a6506c9366fe5007cc79be2e4578cf,2026-10-07
eabf6c8afb3dbe400309911626795a06,2026-10-07
6ed366cb376c4bc6a891e490ab2ffb7a,2026-10-07
3f530fade20432e07336d06aa57ba032,2026-10-07
d7d5af6dce69095eb4cf72142eaba508,2026-10-07
c6c0285b23f7a16193c74771aac1414f,2026-10-07
41ada8a11ea406adac4c326ae5a362b2,2026-10-07
d27eec6489ae4c43caafa24e7c2656f7,2026-10-07
48d01a5ef426a2906b15ed54fee76a78,2026-10-07
513e70fe3b70b2235540593e0800f0c7,2026-10-07
0d455b6532711064116e8f05c6a67f3c,2026-10-07
9877455246c757be65245921a1b0b792,2026-10-07
5570e6c2794949c83ef1f8a6c4f78049,2026-10-07
21cdcf66b499954d9b3a6054be598b29,2026-10-07
4f79b61b6a5176a31c27e29fd3e7e63a,2026-10-07
db54e00ff467bb0e6f9a8d4f344c0c0f,2026-10-07
a95e67b84a095a7db828bcb27d335a2d,2026-10-07
bbedcb3c55881abd4f631a5dec4fcd9e,2026-10-07
9c03f0db109314c870a56965b4db16be,2026-10-07
a3425c83f3f732fd855cca20f9e12e1d,2026-10-07
2bb3962d27d42db792b8d2376518370b,2026-10-07
dc2b899bf66141ea1b6db9bf2595ee67,2026-10-07
468beea104498641b28249df58cc256a,2026-10-07
637e78b47ab841e06b829bf0443c546a,2026-10-07
28dfc1cb101a2e82bd60fe6e3da522d2,2026-10-07
eff93a8a3b2a500576f11bb9071a2726,2026-10-07
454191aac20b00dffff9d696fd965eb0,2026-10-07
9dca88ba84415922e3bb77e25772fd06,2026-10-07
ce98975fb29ee5c3ccf27ff2355f62e5,2026-10-07
f33983fd631d0866849d5cc91a5fe64c,2026-10-07
5996c84878a6c8bc0724e87183b46335,2026-10-07
8d6d0f9adef884f1867f2a8a70f3e662,2026-10-07
6438b17c02ef8b5fe49c9c8cac037cc8,2026-10-07
15abb05618ffd349ae08d430d4c7f7e6,2026-10-07
e93b7c6711e72a3e215756ef28aa85a3,2026-10-07
7d57a7cfc8166a3ed69c7b022dfcb46e,2026-10-07
8019e8134513f8070c876ebf0699697f,2026-10-07
1419d6197194d073959e17a4b5592964,2026-10-07
4439d65c9f04cb28788849451b671c7e,2026-10-07
b0cf56065f1440fe3ee66be7bbc84d01,2026-10-07
016a8140152378c32510fe7d9e48e328,2026-10-07
45195fe275b5abe72a69d3ecafe1e28f,2026-10-07
14d5486851a3e67281ce569df1a40277,2026-10-07
372576eb2e031e71d2db83c4a6593b13,2026-10-07
381929cee372a8113ff4e0dd4d214cc5,2026-10-07
c7fe0b21885ac38bef770a61c5c2b33c,2026-10-07
71f3df760a2b5d0d86bcacb348dbcf98,2026-10-07
da90fe645595b04fe0bda9883f16c641,2026-10-07
7d0bee23a171f4b1b22159800319dacf,2026-10-07
b5d18497f8618cce23d095c689ae8b4d,2026-10-07
a650047ec94693dc18890d940cfb2362,2026-10-07
4f11dd4411212958d9514ae99a985c8d,2026-10-07
7c944ea36cd6d7c2c6efe6315e89ec09,2026-10-07
03250a7b95858a8d3064b423a6adf9bb,2026-10-07
de47da07f3418962fa61bd87e163a399,2026-10-07
08dce354c11c90054e4c3ba168cb88a5,2026-10-07
5336b5dcd02840999086015b0c710cc7,2026-10-07
243051d984bd6785234476b844b4b732,2026-10-07
ed72f1debb2fb887df00cc60ba2154a2,2026-10-07
2e3abea12e57a0593092a84aa3706452,2026-10-07
2e28d7914d160c1139bd29fa5276cf49,2026-10-07
5c692918e677a567ce903978fcd163c9,2026-10-07
0b507d460e340fe90618fbb20e2ff001,2026-10-07
8ac3c40a4e0ca52733c523afde4b556d,2026-10-07
f4b236bd3efb94fcee896c0bee38394b,2026-10-07
370595fdae071d59ff0c7740b3e958c7,2026-10-07
ded856882a3780aa4ce0a718e9771d24,2026-10-07
78ef0310360778e0c8aacd9b70d1594f,2026-10-07
12b089c208e932efa308a61cd752116c,2026-10-07
3e1d3871f25516e258eb4851d44ce877,2026-10-07
a260d79c4ff6d3d086dedb967357670d,2026-10-07
73e88691dd090b8e5c4ed02569c6f0cf,2026-10-07
ca7f67c39958a250f882ab7f1c5a8b81,2026-10-07
d96db4572e7b087615665d45cf2b1f52,2026-10-07
d9bb55719b86d951e9767012e0118584,2026-10-07
c12647132ccf6ec85bd373129695dbe9,2026-10-07
4aa2bbf91926725b37b5017a00a52e6a,2026-10-07
67cfe336087ff19b05b27ae0bd1fb3a4,2026-10-07
8d05d2575b862d84e19999dd84031135,2026-10-07
2f71aa9db660850b3a50fc9030ab0833,2026-10-07
d5637092e62c39fdb519e67b1534c875,2026-10-07
3f1ee8c944182b0313e08c271c2626ad,2026-10-07
5cd32ace9da2f23b1ce0f554acd7321d,2026-10-07
ce9cf8309e8dcd3453023e74b244f66e,2026-10-07
a367f1294b08f8d1d2aab1dc456e7a6c,2026-10-07
0746132c951eca4e5ddccf1e4150934e,2026-10-07
e10d33a1ade0cdab14274a8bf1f71726,2026-10-07
ef953f2305b2b19ab8926529963c61e7,2026-10-07
e3bc7e363ce847f7fd5fb72e33d3a4fa,2026-10-07
a72ea53cb8e284f480c8cd4be565602a,2026-10-07
b7fe76050d4d8caee238dafd00826471,2026-10-07
b3f2b9f8c099798bfb7842ff543c9cab,2026-10-07
5d30a8ec2be7859f0d610d0fd63caa94,2026-10-07
ba9a9aedce64e3ab248fa776396cd57e,2026-10-07
6ee91dc4d1ace1925da4a9c47bf71c4c,2026-10-07
24796fb73be6db4930db40434d777848,2026-10-07
94d1635132ad57ed38b20f2e4ef2e240,2026-10-07
3ca9a8da7efbf8ac1282375c8222db09,2026-10-07
809cd40700897d813a30024b7dfb9f74,2026-10-07
ba23ae2d7f6faa5c2b78963039fa817f,2026-10-07
6eeeaf5f6d489e156d2f92f6c589743c,2026-10-07
2b04310166435cab347c18010d1f5e2d,2026-10-07
be8fcc977b7e40ab199b39f21f9a654b,2026-10-07
6658a2e8889050870eed2f798c785da1,2026-10-07
c40450ae3a416155c8e277f8e7f2ba85,2026-10-07
e1c09cebda1f2e185118b18087db1199,2026-10-07
e17e577a7041126ee5339a47c3fe15d2,2026-10-07
b206d683921e358d3568216210da3b13,2026-10-07
59ea53d8f44f0bffa67b9b59dbbc708b,2026-10-07
5a9878b8814183e16fecea3f21317eb7,2026-10-07
f87dfc98e1e90ffe7df508b842332e6d,2026-10-07
70a6c4984b08b006503fbc51bbb1472b,2026-10-07
81d89a020cb5d64fa67ddfba301a595b,2026-10-07
9d5fb0ae83a91955e99574ccb3ff7e55,2026-10-07
99b29124fe88908d94301a0252f39578,2026-10-07
b14776803feb925f6e24fd5ee31583e1,2026-10-07
15b35a6a560ba4344e19a3ff035952b9,2026-10-07
17bbcded9174f8e3cf18ff206f7e27ef,2026-10-07
911b71891a9ad20fb720140a91101dd8,2026-10-07
86a0c2e1dd864b719f06acc767d40488,2026-10-07
00f426887465c280566bf7d55ad471be,2026-10-07
498cd340ffd768416c6038247408e79e,2026-10-07
b5bab77b6dc76ed3934ba7eaa858e454,2026-10-07
757266264bb6d742bff62f5cad5b70d1,2026-10-07
88ada1dca06c2aba6307e21f9bcce2aa,2026-10-07
6973ce198e4ad75439b07489f97dd353,2026-10-07
fad00eb68686317544ac5e8338d18b28,2026-10-07
e951b9f4026c58e5b37f4031d18c3617,2026-10-07
4afeda713658f1d36a548422b2e8b378,2026-10-07
7e2cf8ef366dbb899cd02a21bc5c8f91,2026-10-07
7b77a26c68c078f1b76de1f5eca8cdff,2026-10-07
ecac98b7b99f751c1b354047d7ac8b4e,2026-10-07
47500e88e93f1de33cad4432a645187b,2026-10-07
9d87bd6f692bdd289cd2893a8a007471,2026-10-07
a3e0647542274f83160d95669a448eb2,2026-10-07
bce8811f103a5e3ebf0ad3d099452bac,2026-10-07
e6194d911d9b702df4de5a80acaaca65,2026-10-07
355f18fd9b2fa7428cc2a315eaab7b3b,2026-10-07
cb4904853c0a9858d78c444417362efa,2026-10-07
962bd3c8205dfe92878335bf64c83e26,2026-10-07
cc831baa607c92a9310c0390e775c9d2,2026-10-07
cad9e089155faa426b342567ecfaeb63,2026-10-07
60f12701aed55afb8ca14d4f7c8f70ee,2026-10-07
32e6b001a86a473e5e381caf479e83d4,2026-10-07
012f5d47ab06a545ed8839ff59305862,2026-10-07
d80c4fa0d4ed9cda27fe636dae405e71,2026-10-07
596f1b540530e5f95c706fb90aa606fe,2026-10-07
3cecff35b431234a58b18afc8a2f2cf2,2026-10-07
1ff405fa9ea446498affdfe57d6c5b59,2026-10-07
519ee58948e44e68573e392e08d72ee8,2026-10-07
13aebd1a5cf31ad72b308a318c3c9ceb,2026-10-07
de2d8ec694aa1b2636951c1fa44be218,2026-10-07
b6e08d94b30b2475268bb1f3e1b07def,2026-10-07
9cbfcbf45213fead8b23b094a47612be,2026-10-07
09e38d1762c33f4708917ad08a039d66,2026-10-07
6758c89bfc6b2cece868d57299296cb4,2026-10-07
c5e9b671ea505344375c663d04b9721c,2026-10-07
b4bbcf6d46deec4256091efe12a7824d,2026-10-07
e783226734be9beda009ce3b1cda9ab2,2026-10-07
ff9af69b5d5daff7939cf2c36ac51c48,2026-10-07
a99496311d863016b7445aacdbfb1689,2026-10-07
5ef6ce09ab3e7e49796ee78fd69955fb,2026-10-07
f9a77398e8aa7bd925643f4df046f295,2026-10-07
5b25b7e871a20d63681650ccfcd4c9f5,2026-10-07
685f657896e9cdc49b0c4b03f87d350c,2026-10-07
ad9f271c61a440db514ded0254dd9890,2026-10-07
f601fb9d0c107f75bd96058ca600e3c6,2026-10-07
f55c6849831e47e6c3132605302eabaa,2026-10-07
2a848ca5d7e7a0c7973759cc5e5de2e8,2026-10-07
57533c565f907596459b0f6d8ad54118,2026-10-07
aecda52d2313c68cfdaf4fe0dea918ea,2026-10-07
4ece1474c813b4ffb90c86e7fe56e5f7,2026-10-07
41ffe53e164b3c9193cbee38b9231afe,2026-10-07
b5e4a4a11e0591a3cfe7ae07d7f56626,2026-10-07
a1b7b5e6d1b2af2a7772a210f2d0970e,2026-10-07
72ac1807ffb1aaafa8b7418fd9ea4866,2026-10-07
ef35f7e2d8710e7054a34e88609726b4,2026-10-07
94d0c7d31625b86d1347bbedd0a7d491,2026-10-07
be45886c8d371fe112a8708c8cd28b63,2026-10-07
bc67ce1f16e40363e31ae3c572b81ceb,2026-10-07
004cbad97cf51f18a65c90c566d18f54,2026-10-07
430bb340e2ddba318bc7415c8a8559e6,2026-10-07
a7fdc5ec7d25c1bb730655d6f521a20e,2026-10-07
a8d2206c282fac7ddb304a55d16dda4b,2026-10-07
4c52b6ea079f581b2f0cf5f90c244f14,2026-10-07
8ab4d6df016d16fc1f7815f0a8eade32,2026-10-07
635ff4c1555dc8736dd04913e07239d2,2026-10-07
1f718228f43680387b7ba9f4511a3a9c,2026-10-07
ab3378117710cf9d5e6979e26a903fea,2026-10-07
2018d13eac678be1ad2e2c54a2f0ff4f,2026-10-07
231f0468527805c4cba5c315ca302b4d,2026-10-07
b495560b50d7f80530902405e6a256d7,2026-10-07
78262fcf8e5d2e5b5f13de2b6e85a37d,2026-10-07
a35592b1e3f8c95cf0f84f0ae730bb0e,2026-10-07
5c1845226e289123002b918046f8e8cf,2026-10-07
530aa2c98cc1d817d91dcf3fbbcea03b,2026-10-07
f020c243ea9b1b904d4dcbf080d54c54,2026-10-07
f0ad7499cc7e06de383acd530a798cc2,2026-10-07
6aa3a5b22e7aec5bac9d8b85d2f070f2,2026-10-07
904ded6d2a0ee2aa03e1192115ce16ab,2026-10-07
ffa36f389da88a01c801bdd0d8f30b20,2026-10-07
441752953129f76952e07c4c7dfa1c30,2026-10-07
e886099ae3a0db61dfc1b8c33a8e568f,2026-10-07
91fecc5f54c2244cd3ff26bc491da656,2026-10-07
806c63067ee8e3491b15cfdcdd3ca330,2026-10-07
4520b03a5886a0d714153f89fc805076,2026-10-07
24455092bbe3bd2abd96783186308df4,2026-10-07
058f82904a08c5afd4a1cd9aeb658c29,2026-10-07
b162a67e44821e8a3701833a5588b94b,2026-10-07
3167fd7c8072a772b9a7e37e7aff401d,2026-10-07
f80a89e825c58d1838b30fd7b0a3ae4d,2026-10-07
e9dfc87fbec124eb18b6a76c19e545db,2026-10-07
d21b0aaa6e2d1be047fc12e29c84c789,2026-10-07
9b46af8589bd6de559f4121d4be5e0a2,2026-10-07
0fe06dee5ba34be83e9aa2c89bf86e5f,2026-10-07
3eeafb5519ca2cd67f8c9faa0cb3fea0,2026-10-07
aeafc1e9876e94e3f49b5c18cd8529be,2026-10-07
77e7037765d6e96952ed6cd1e6728f57,2026-10-07
3ee5ee8c0d7a6cf6237cfb985b5c3b0b,2026-10-07
69d46178f229d0c20cf2f1e4e606866a,2026-10-07
7b72ef88ab32558e0865a0299aab2326,2026-10-07
27e8d207638ba99a9ef640124c2408f2,2026-10-07
0597490e77ca1b32f32966dbab509cf7,2026-10-07
6e81355c1b69f9ca1e3b3793f84b38b1,2026-10-07
072f9205f93cbb5e459c01a3194ea82d,2026-10-07
ff393d64135a298961ee07822270881a,2026-10-07
34d3b0e622dde618b7ac71f009851070,2026-10-07
0100b340860b1a1c73a1bf699d30f2a3,2026-10-07
92f686ea71e4ec37a1eaed6f2c6e70be,2026-10-07
bdc41b0a63c32c0ab754a6126d37a5fd,2026-10-07
5c5a5ab5ab068fca6067d97f768c053a,2026-10-07
7ad78aee6cb17f342f43cc8c4185f1c9,2026-10-07
5990347b13d528507a6c606f05106eb3,2026-10-07
7f6e618e4b9e748b0060e4f3ec830961,2026-10-07
d46db7fca9b822e5a316761791e0bd43,2026-10-07
8fbb4bec1b37ec1da4d1f56a4d0e4511,2026-10-07
d1f1e8cc91727e829ca94b526b58cefe,2026-10-07
ff7cce0cc4e9f9330eab6d4f2e138f2a,2026-10-07
7a3e87ee1121a21653fba8ecbd4576b2,2026-10-07
b0c98a11f29510509a020ce89f1e585d,2026-10-07
0013f2d1ed6a6e421a5db4671f53a8a3,2026-10-07
a9ce53ae595096106a70d5dd90e538c8,2026-10-07
8f370c975a079b74788269de3983a962,2026-10-07
90d8aaef5f56b80a1c96148462f82cc7,2026-10-07
cce41898d4d1f2e80cd2cfb4c0ff8bf6,2026-10-07
172a149fa6967153c749d0477b603b61,2026-10-07
70a6aefae6f12669f2ccae89d1b76348,2026-10-07
f2ffbe4b887149e1b719ea95212fd0ad,2026-10-07
26f9ca2bb1f6f29e43a88e2e6db84960,2026-10-07
d7a33868a9034dca6e03facb7e5521c8,2026-10-07
933e58e6ed8f2d2c465462242f031f73,2026-10-07
00cb3f377abce3e7fbe4cbc6cccc31bf,2026-10-07
585c9c8feeaf6475fa72786ef2c0821f,2026-10-07
60e3ea344e7c7a72d644de9597b0c6de,2026-10-07
a80429511ea25372e9d8fadd100b4f3a,2026-10-07
24d790db7f0b1f7ac581c53faf0a50e0,2026-10-07
49f2d85c2a8a430d0ac38bea9d080872,2026-10-07
5b51340964ee08ac534e0c28b7156510,2026-10-07
6566983bd9f2a625b6a531207fd5d64e,2026-10-07
1cc464cd93a8a4a3edfb9c8b8ff1a034,2026-10-07
2bb69a6bef3e923bb28996f9e2cb4898,2026-10-07
c1cb16dd9ba72543347a4cd633c3c364,2026-10-07
fa6dc9304b9aee47d627b89aaa62ff2e,2026-10-07
0782d44a7483f707036589fe89e18b53,2026-10-07
b72f92f41e4472a681435f9d38ee8e1e,2026-10-07
63bc52989b027421191234cc12081279,2026-10-07
d8f5ba92336e52c8069fb5cc5310491a,2026-10-07
a41a982cd92c46587a0b8a5c09aaf15a,2026-10-07
3954ff8c5116a59cc4bb9951ccf78aa2,2026-10-07
ea6eecc72dcd3fee7add69cfc8e50213,2026-10-07
da59501d495560fb18c71569f1fe8397,2026-10-07
9ba14c344e4dbc04400bf93cb5a13d9f,2026-10-07
960d351b678917214e5ab3c8d133b5f2,2026-10-07
29c37ca3f5971c8fdd6f386e07652971,2026-10-07
1120b0ed43e0f5c3be88b6b3ac79490c,2026-10-07
899278d115f23b296045a9ecc0ceb96d,2026-10-07
1911b6dd7f1de147a77d4264d021ec30,2026-10-07
e1734eb632d4a2434566a33784c7b505,2026-10-07
84984b718728560656516322829f2a3e,2026-10-07
dfe5889ffba26378a12f496827d4ab77,2026-10-07
6256a1fcd7bbe238356983976c1d10fe,2026-10-07
04d826dc76f99c15809a4bcb9c610332,2026-10-07
ebb17ac2c1980083f4fef53050c6a29a,2026-10-07
0e76c441cae46a2543a38f8ac1bfe046,2026-10-07
ad006e7a4bec5c01f22313c5352c70d8,2026-10-07
445d5747921117943e1f0f4f1ba12325,2026-10-07
e3ba86ca023bf40abad2b0bdd54bb340,2026-10-07
5b2ec2fe9a078210224610706df197b0,2026-10-07
1cda134cc8af0880fe52441a2dff9c2a,2026-10-07
90ad4aab55fc9eb908537c22c2ee30bb,2026-10-07
88753bc2112e1cb1e2bc9a47acad0344,2026-10-07
55ea636507ae7d1b94af6cc157a49f87,2026-10-07
cf33c36023e65dbaefcac732f6a91798,2026-10-07
9abd47265a1f186c2fc9b1e0f150506f,2026-10-07
117e4b2f14b17dc67a3b33517dccb8c8,2026-10-07
1aecfd083abbec0e12b8dba2df48f3f7,2026-10-07
e0c0259d2e0173b3f22771a94d477e0e,2026-10-07
0afef8d33dd44c7ba4b70b8e6755a426,2026-10-07
15eb01e91c3f1d39937a26a2543a1797,2026-10-07
ccaa9f5d20a48fb6cc109e3c206aaabf,2026-10-07
0eb072a483c63a8780bd56544c04f038,2026-10-07
cbf27684f88820a216552035ebec2ea4,2026-10-07
1da008ce0e416ecd2f9b39d483338d12,2026-10-07
9a028c770a3ee80cf4d2333568a14c53,2026-10-07
728352fefaed67ade25c7fb64ed18e20,2026-10-07
1d0c3d117bb9c54a6a45fac40622f1df,2026-10-07
3f823bca4c584c73185ae1b7c2c5fe05,2026-10-07
f307fc8ca17227b40fa11b8169c1112d,2026-10-07
7fc33b82daa93eb4187183ee408747bc,2026-10-07
c6a0fe770259e7a85af5ca9fbfd54825,2026-10-07
10e808d27089cceaa4e3040b7f5d9005,2026-10-07
4c167d4f28c49dedb5cca9233bb74d17,2026-10-07
9c1e0870671fc08ea3edb397b675d642,2026-10-07
33f75bc75a8df93236df34dc954da8e8,2026-10-07
c7704c1b869e7722e75d64a55a54793b,2026-10-07
557001aa9f7ad57cd8fbebc26d7e13c5,2026-10-07
fa2153949a09ab2b17933dacd61d9f1e,2026-10-07
42e6a1dc4be3623c0b0c33132d0827f7,2026-10-07
b5e15bebac22ba8190fc9641d608a5a8,2026-10-07
0002998863909afa11cbdb7db9690126,2026-10-07
0fa86f137b72e3013bf7af8270ef2ec4,2026-10-07
b880e999e5594b7cacf4b2a7df2e9448,2026-10-07
9c32f2fd62a622a1008f097e1d1fea30,2026-10-07
1d8c472b1768bcb47c4dada428d17fa3,2026-10-07
5839e8e116291d4a1872923f92515c1f,2026-10-07
5e3443fae05edf38e36a7b2e9fe0f2fc,2026-10-07
eacebb3adc55ff0861b62d53f5d2884f,2026-10-07
994b78158271ab296d8978d12e1ee723,2026-10-07
7b4dc824a33db028a5547b3fa5bca406,2026-10-07
924a30563c7e925fc0947d4c9d9fa8d2,2026-10-07
d75887f24dd9ad6b8ef94cbf034dd288,2026-10-07
4b1caf0cbcf3b54105e5792213bf7621,2026-10-07
dd7d57945a47aed466f946ddcba34979,2026-10-07
f0d87c37ea15f518551561b88822727a,2026-10-07
b044e014cbfe346c4c2174b9b1220634,2026-10-07
2270ed6d3c909e5bd7e2b596df7c5de9,2026-10-07
2dc1444b10e3367a6a721e768dd3b59e,2026-10-07
b6b630b55d73c6064dbed6417287296f,2026-10-07
b6baae3ce4325f6bb732e56fe7b848d0,2026-10-07
34f535c1ae2294a9363717b2412bbea3,2026-10-07
73a8673141d3ffe7df165d32d552d5bf,2026-10-07
ebb6f700be4a2a9acbbc17fdc9f8a598,2026-10-07
afa9640a9d8e29d3d5c3f264bb45b433,2026-10-07
5e6d86f2b2b4bfad0d876cddd766bd2e,2026-10-07
26b55f49368547e8b71c5b7b947d650b,2026-10-07
857184cb763d636e7f2f55fdf3f02930,2026-10-07
93be39a215cbf382d77b8d2492379067,2026-10-07
c6b62024e00d3302609b53e7d66211f9,2026-10-07
36292a32fe70b5b4339d451b4383c28f,2026-10-07
61ea1ea459bb0e287f1677f26f52454b,2026-10-07
68052571e1ca37f9c7355812d37c79c2,2026-10-07
69e2d395e53b7f95d669701115070f88,2026-10-07
0b46ac2044d53c65d38468b594e1b0f6,2026-10-07
59e08005afe0e355f94c726038aa3785,2026-10-07
a9858a4596472fe9591926297e678809,2026-10-07
6f1afd335ca478f2824e63777862fd96,2026-10-07
77d9725d72c602bcd314087e79f0444e,2026-10-07
39505e2f84cf17b773c53fca18971d47,2026-10-07
082dab9d9a93ead275f00b09f5985ba0,2026-10-07
1bb28ca7a24abbf6462623b5419c782d,2026-10-07
bdaf321a2b208f2ba88ef26fba257cc0,2026-10-07
8b95858e69781d9df7d7cc0a8890b5c1,2026-10-07
e96d28e8fa1889c4442c325a9f1d9eee,2026-10-07
bbb1ce79033310b3571c4bd91577e8ae,2026-10-07
cb27e5901fee7440d9813b78557cff07,2026-10-07
7fe05ba7905e109bfb2498c91c65a330,2026-10-07
4bf8b1cf5a3fb59569294cad8fb7a23f,2026-10-07
8dc729f0c486a6c88455a82d997a764d,2026-10-07
0a361d0ae77b30feea32cb238e4541fe,2026-10-07
19a7fb80c0ea6352edcbf21d0c2f4bb1,2026-10-07
dc5dbef2900ee4fb8bc75301202a4ed4,2026-10-07
6461e1d9d272822905b3c3d0499507d2,2026-10-07
f65f7cb0725424365f4aa4ed08290adc,2026-10-07
203005be5c2f258e841d6017a7fdfd45,2026-10-07
c02398c5e82543f2f480b7d95d492386,2026-10-07
d6c3f2962dd453105f632fc9cb1cac57,2026-10-07
e65179b49bc56d465440348c781a2a30,2026-10-07
07a4061329fc69388debe80fd40b1a11,2026-10-07
1868309f33074711dc89726ec3515c72,2026-10-07
7cdc82180d1db72027aa17c1f68fae91,2026-10-07
73e2196eccfd336699784a38e0191dba,2026-10-07
0d81b6f04886db8f146a2a51c49be380,2026-10-07
190d4c4e51d8236d7a27d0b052db975c,2026-10-07
95c2d07b286aae689467c82a8f5a7e09,2026-10-07
97dc4a3bc258f9daa94e2cdd0ad3ab56,2026-10-07
dbec934f97b71738f58ee2e2a56dcbaf,2026-10-07
879b5921c65ec25f6728eea094942e8a,2026-10-07
63a2861949ee0bd744a8c4a7c18fb581,2026-10-07
55328d176668f42adaf4072fb6d2fcf5,2026-10-07
622812eb86ae9fc3687dd9bedb6b4e87,2026-10-07
49d16ea4aa2f14a36187b7e1fca4132f,2026-10-07
896b22a98316b40b3f3cb0be44d3fa6a,2026-10-07
01707c27f5a240bc269444dcaf185357,2026-10-07
318c355ac3241e3eb8e724c2dc504268,2026-10-07
b8ddb6b8210c8bd587ee129a08cca339,2026-10-07
5c6922cb0185866d4b39f97a0ceac03a,2026-10-07
4569a301a1ec27a6e84a9af9692dd792,2026-10-07
b13cc3d236727c142dd941f90b44b5d3,2026-10-07
1b5f3bd1119e88a7030f042d8e5cbf6d,2026-10-07
da89607e43b27b96ea565a29e8f86e19,2026-10-07
1749f5875f497886126927d04779c42d,2026-10-07
54c127645a8791a38fe6d341d5b6d62c,2026-10-07
9103be29d272b1e7d0a5bb8a22f6cd3c,2026-10-07
d3c68fcecfe0f304bc540b979dc4487f,2026-10-07
f3398ae692d382fd20fbdb08267a8d82,2026-10-07
535e671e01c6399c771911c2f90bd53b,2026-10-07
dbf1eede546f8a63d855c0c8bd12efb9,2026-10-07
61bb1a5a395fab9840b7fdf475e2ff66,2026-10-07
d49277bcbec2f13c595fccb1e89edb12,2026-10-07
cef47e51c67547f11a86eaa565ca6194,2026-10-07
a8128900a052ea1c40beada79b889e3e,2026-10-07
3743ba465012a238909e609b160ac30d,2026-10-07
bc86dfba7e632d7176ad770121c9c30e,2026-10-07
b60eb2f88e9f0d42b7e456fead42b161,2026-10-07
1604bb0df65f03707cacde7c5ec51e4c,2026-10-07
8eda6b9257b05d84838a452c9ec983fc,2026-10-07
d054064ef1d57bed8f713d5d36008cde,2026-10-07
16a6d95498047a01715d866c2a384e19,2026-10-07
234575e8deced45c2ca7eeaee8aabfb2,2026-10-07
f2b56d3e67c800235371098fc4a75c67,2026-10-07
dd9a5b317a26e76fef0f8102449698c4,2026-10-07
51edc7cfb307745914de05d5edf421d7,2026-10-07
d740aa6858ee85a86d0df6614fb30236,2026-10-07
3d66bbd6c2e7b971986b1320dedcacc0,2026-10-07
d2c69de93197b61f2efee104ddf09b4a,2026-10-07
2eb90c8246257bae7ec77b869d97fc07,2026-10-07
1711ba35e4628157e8d4848c14531fe5,2026-10-07
e3b9998412106b77e9dbd4b24d1fe152,2026-10-07
eaabff3bfb367c14e798e5f81af9f26c,2026-10-07
c175bfc8c9fcfddf39118778fa9bf9d2,2026-10-07
0dc51d7c7b4cd445e470ac5b47521118,2026-10-07
62413081423834519681e89212472d5e,2026-10-07
a71945b36c997d70ad56cb713c77eb39,2026-10-07
28df69743a8b5bd466c2b57574be0de5,2026-10-07
dc1f32486af7307d2ec7844ba7cc00a1,2026-10-07
60b3768ef3793a895df9875386670c15,2026-10-07
eead14e4ef28ed830bc3fe55ffaa1d52,2026-10-07
deb6a9c5d554f545e6c7aca4d2e204a0,2026-10-07
4eaf8bcf5f5d56feecb3a0f0cb6c6074,2026-10-07
7ec6aa2edd58dac9cc0873deb1a88993,2026-10-07
70270629a94a645698f8cf500fac4f3d,2026-10-07
74bc966b8f492178f3b8157789662802,2026-10-07
9b549904dbc9f4786552ae73729f458a,2026-10-07
56312fcfb385cd47148304b2774c951c,2026-10-07
ea131bec50cc2027a0f730fcac4f6618,2026-10-07
b4d542fddbdc19d92cc61fba0abe64db,2026-10-07
10bca53fc34c495ee4e61ba467538118,2026-10-07
9f8c3853eb9877e5258d50702ab981ee,2026-10-07
56fb46f4a2d206c7b83436e525e2f1f9,2026-10-07
fac22c620cde5af69ad41d1f06c27b91,2026-10-07
d9209e6e68ff4866bb6d8d6d11df08a2,2026-10-07
f884e236fb3d46df89de188e268c6470,2026-10-07
f5e20ddd58d681eaaa8ac62b7580d686,2026-10-07
7685acbb0e9e8025ca5c25e7bf906a87,2026-10-07
61e3b28b9028f978a8b887360df1392d,2026-10-07
19ac0625d3e3b9d9728ecb76a3b10115,2026-10-07
9a7f64c164de4597b7c4d68461f0231a,2026-10-07
19073cab7192dfd6098b3ae47901c43d,2026-10-07
8f73a526246189c087b4e14ac51e21ce,2026-10-07
24a8a84c481d7500b77af60a530bf412,2026-10-07
76e4027be843cbed72952a2a2e3f2a4c,2026-10-07
8d36ddd368c2989f9952807ebfb58831,2026-10-07
5d13dedd844e426e648a18e357cd4d28,2026-10-07
8ee4e7a6b3792d7097a8195b87425a9e,2026-10-07
33d57bd6b84f3ceb83adff242d21e6e1,2026-10-07
b137e5ec8749c773c29c5d7fad24e33a,2026-10-07
54aefc393bc8066e5f55a42dfaba1c8e,2026-10-07
e9c9f93c1b41a635ee7731183d0de5a1,2026-10-07
ee30571a8bc6750644a88318ae79d8ae,2026-10-07
da57168e76db4534db5bd668e771c40c,2026-10-07
e4451f3e36eacd6fc4f88bdd03d0aa70,2026-10-07
f16d637070281a8584cd730137c24194,2026-10-07
d7681ff7474d76b5f3668065e1f80889,2026-10-07
ab53dd738ce6df44977499e7ab5be330,2026-10-07
527db1ef246146cbe88afb3e60a6633e,2026-10-07
ca59680dd639c3651581e342091822f8,2026-10-07
8e2311fbed753e3e06dfdc5405e3e69b,2026-10-07
5ba646316101370baf616385ebee5d0c,2026-10-07
f8f5e8bae3fda6725b10b5aa5632b586,2026-10-07
f34f91f32f8508511eea81945ad0c8da,2026-10-07
fe6bd103ece4eb9c9c022f8a84a37169,2026-10-07
be7ca03485c4dfa24db05a83046ed911,2026-10-07
6f2cdaf57975ac49e434e611875f6425,2026-10-07
1565fabc8abcbc52927597b4ae345061,2026-10-07
cc086b903b54e15c6a1003799196ac67,2026-10-07
ec6e3b1933625dec08abd471cb3f1687,2026-10-07
dff30cdbd786ab3c369a3aec3ff0b0c9,2026-10-07
73eae83902327b8cc4790a0a3719b4f5,2026-10-07
8ffbe3d4c744f9ccef5daf2f67d5d459,2026-10-07
50e0174095a9ef96c236692d3b47d139,2026-10-07
9890bd5029721386d61580193ccfbc4c,2026-10-07
475c64868b855cc668e12d62661aeb27,2026-10-07
270234f87ca80ab5befab0011ca76e06,2026-10-07
0185a43cbd1d4ab7d2cdd3c2f365203b,2026-10-07
46e34d3d28f2c1d37a23dfa5d0100665,2026-10-07
5718eeb305837004599b86b835fcef22,2026-10-07
055b384ffbdcaadeb1bbbbc118632b2f,2026-10-07
d75b301430a6873568983c257b499edb,2026-10-07
bfb08a8cceb12da01cd8b5d319ec938b,2026-10-07
bc7da976e01119678458925f18656478,2026-10-07
ba8b9d5bf1d19af2830adb0ec9c12e89,2026-10-07
aee09714edc4d9a8f85d663fce4add7b,2026-10-07
a67fbdbca077e512e56ee5853c295e3f,2026-10-07
cf43f96a353e62697dc7cd9dfae61670,2026-10-07
b15dc211d06d9f1466531c9123c0e758,2026-10-07
667cf391dcd69b37d3ca68ad4cea6e07,2026-10-07
2b75e7350f8e1388c338bcb9cf45653e,2026-10-07
755faa7afec9bfac34b68ce7af3c4f3c,2026-10-07
9d010260a2a97a2bdef1407a192cdad1,2026-10-07
83a685780818dbe253137f98da323805,2026-10-07
b93b7f788ac7043b4d9531f1e606a389,2026-10-07
066a2a87fbf53db7a3659886ed9e1d24,2026-10-07
13be6dab2999969727984aa9871a1d3f,2026-10-07
6282235933ea63e44843bfd7c2dc5f2b,2026-10-07
593132179c4484a39e61a9f3d56402dd,2026-10-07
05b0fac6ec166f35423fb12e46b8d941,2026-10-07
0d9ce07ef149ee5230f09ccff7bd74b6,2026-10-07
d74ddcf03d07cc1f38bd84d2bcdf3b84,2026-10-07
01189cf2cad77163598e9441001a7af0,2026-10-07
15056ecd94a08894fbff4da1fa74ebaa,2026-10-07
da4e63a3d5bb3d3e59f677c48f91f396,2026-10-07
5c57cd92f886b165d1bf112b78f146ca,2026-10-07
f160b2d90375870439ac9dec8cd7687b,2026-10-07
f6680cc432ef15ec506b6e574a7175a8,2026-10-07
a33e05cd1c1abb2aa9138818a66cc048,2026-10-07
0fb0a7542aee96765d95b1e9afd94291,2026-10-07
664d0463ad5fcfacf642f0e27659f177,2026-10-07
071fe38f27e2048db9b346debbd12bec,2026-10-07
1b0a1aead2caf9b2757fe0b14083eaf1,2026-10-07
d4a110690f7986a868b04d7f74943855,2026-10-07
ca281646f3e3149acfb333b6745eabdf,2026-10-07
067827fa661d04389a2f82e0c33e2f7f,2026-10-07
dad99981ad572465ae883be7a11ba522,2026-10-07
fc4fb188576cc8382c1459aa7ff2ec5b,2026-10-07
9199a034431505ff5fb5b82b815523bf,2026-10-07
f4cf968ae6e60487a5c1e2720723b7c3,2026-10-07
d092c80828c6feb1eb3aad8a64b5196b,2026-10-07
1f4903503346499fbf21339876c04269,2026-10-07
55fa9b544f51db272621596d37da2428,2026-10-07
d86491a706bd5ae9c0afd4906fc67fe3,2026-10-07
bb1aac3a571300155c6c8b8a148b1938,2026-10-07
ae77de7198cb284e876acff6884cc203,2026-10-07
43e7edc9dd31f2dbf2e3fa1714fd97bd,2026-10-07
cb65c3978b01ce0281dbf4f0d0d2a4e4,2026-10-07
c34e048c51de82a7b16924029eae7ca4,2026-10-07
d1f374e2f6ab945ca6fe147b8b09cda8,2026-10-07
e2617e22fbaf5ff6b4cb14a139c42048,2026-10-07
ade0e58482c36dd0c7b428b0e61cb455,2026-10-07
5bc26c8e772fae882d0694f104428a86,2026-10-07
69a40f30920fa6f18110f281ac6fcf97,2026-10-07
b7b8c155e322a93e0bcdd03805f54a81,2026-10-07
105234384e102d8df2a17234f996b905,2026-10-07
841c0a8e54cc9de813673fe710b9787c,2026-10-07
4e36bd26bbfbed69666da5fd43601791,2026-10-07
72ef4be917992d2b8e38975b648e30fd,2026-10-07
34b9f465046eb7df1348807c414563af,2026-10-07
858e43f0eeb53ebf0c25fb0512b35937,2026-10-07
d03a961102ed05b02a678e29fd22ac28,2026-10-07
9be04f4244ccb728c6204f255af8dedd,2026-10-07
3bb0ffda334e6304ef4f318fcd7b7209,2026-10-07
082c30806e38afbf81f90d3b48d33f0b,2026-10-07
08dcf86bf5f8fb570d30b5a972903952,2026-10-07
85813c18e0f15def1fb9067bc63aaf53,2026-10-07
f6e50843a05a67a7a8479b64713010b6,2026-10-07
80d2dfddbc02e88f16236aea8487b9fc,2026-10-07
9268dfd302570846856ccbe2d548f80e,2026-10-07
02ba78ae1c1209520678fd33f61f72f7,2026-10-07
430cc8675dcd9de7172acb14fdabbe46,2026-10-07
d21729ad526ac6db2a4ad220ddac8318,2026-10-07
60983b31cc0271a507d285bd5c650869,2026-10-07
7b6cae75ec5528351652f902a6efd40f,2026-10-07
794d93d234eca9c064c01a90ac066e14,2026-10-07
ba8683c6db950f36ee91ceee3fd2299a,2026-10-07
952871ba57d5979290be6ccb029739c6,2026-10-07
76bff4013579518c6848b6013cc2b006,2026-10-07
710bcb6d6941a4b0f7735cffc09a511b,2026-10-07
3641aaf03ac7671d0aa6675848edee7e,2026-10-07
94f6dc6edf1479e042132e31ffb59a55,2026-10-07
33319ca5fd1ace122724b13c7c0e1ff5,2026-10-07
08663d3b8a8dd08d3d8984ce8edd2ebd,2026-10-07
9cc256e5bcb9975d0a7641e194086b54,2026-10-07
1198d836f1605018cf1c0434ada12970,2026-10-07
564893f6e6227cf220139f26599efdd6,2026-10-07
9fd7c4ff68cdaa73cd3214a4ed19636b,2026-10-07
2768bd2dc95028319f9c498eecb28e1c,2026-10-07
e50cba658f911a5adcd6e12576341247,2026-10-07
8f099a70375966bbccc91c2a5e7ce678,2026-10-07
8a32e8971e525f1ee3e262f47f76917d,2026-10-07
02b8fb9a679e5cc9fed47597544c8809,2026-10-07
71e46c02db16730ff37c923a04edbc88,2026-10-07
dfbe2cbaafdf69d39c0844efb72bd984,2026-10-07
58280831b334173b28ef3fa529d66af4,2026-10-07
6cf2a5ba8e11df37f924f9d256ca3411,2026-10-07
66a0e0bdd9cff4a153dfca0d82e0b837,2026-10-07
9681bff13b671de77fa045639d3974e2,2026-10-07
d8ca0e6e0d5b96baa54f2227edf1363e,2026-10-07
a7ccd84bde89ee64d590146003fcd64f,2026-10-07
7774982466fdd2cd53bb32ba76bf679e,2026-10-07
299b0be045178fff77ee0c421681de04,2026-10-07
7478729f8d27d4c200a2c33cf9f795cd,2026-10-07
a41b2275f60a27246f2d1c428431aa1b,2026-10-07
0a7468a65fa72ee5524ddc5ca4f656f0,2026-10-07
1c463c5c66334f36a2cf1f02e5a19b6f,2026-10-07
8c2a089d6f3c62dfbffe20e565d6b8f7,2026-10-07
c9a5a07d93c22f69ef1bb9808a493ad1,2026-10-07
27997ca9310e60627695f5cd99ffd781,2026-10-07
8d4a250c54262f665800d67110576532,2026-10-07
f59e925ce5b0f5d5ebf9e03e80c004a6,2026-10-07
9b4065cf20899f502c254717fe6f9014,2026-10-07
98f63f2d46597dd12fbea20cd1d0cad9,2026-10-07
cc9a6058bd780f83a510196c5d6674d8,2026-10-07
886573443e1490ab58d01d0e66c5d5bd,2026-10-07
d75a298327a34e83b05d6763baecef8f,2026-10-07
c75cea31b447feccceb63104f563e7a8,2026-10-07
61a4589d0c4654909e8fbcbd365989e8,2026-10-07
d8dc6e18ddcd7c8f2ccafd729ee23dd8,2026-10-07
d996e6d9139343dda7e3a435a5bf91c4,2026-10-07
6c370b5e93e4cbccf826bb8b80925357,2026-10-07
0c27ad490eed3042c4c286a023450d55,2026-10-07
4fafcf5bc2d152c157dee086b16b0784,2026-10-07
5759148699ebd2fbb5090da34109ab4b,2026-10-07
6bcedaf837c5da2d63c1f3572631dd72,2026-10-07
25651613b32bd28fd4e23cc8115ff3c1,2026-10-07
aad898993436c4ac7f9b3c45b94d80e7,2026-10-07
1c34462863972c5c7cab76c57f5bc84a,2026-10-07
19f3b60beb6341bfc6292f3ba838e478,2026-10-07
9c7b2dfc4e035e38f1d07dcefd4f892c,2026-10-07
b781488a33957de354dd9af6ba21505d,2026-10-07
8dff1c50f3da1bf220952a9d871d5960,2026-10-07
9a476826333a5c0905769c71897ae0b4,2026-10-07
f409d2daba3ead7d0015ddf07510db55,2026-10-07
c9e4da2a54a3e7ec03defd3689a41c51,2026-10-07
777e276c7baabd5033faf651dbe08d89,2026-10-07
78df01ac7fccc8f0fdccda3e5fdb120b,2026-10-07
390aa2788d9d1ac353a9d44a5e93bbfc,2026-10-07
9dd2732b918d067878464d3dce170c79,2026-10-07
3fb7f3be3e5e2f15d3759fb17b53802c,2026-10-07
b8a334acf3f035ddebf86a196cc78124,2026-10-07
5abc4240b1c5f4da971dd8f2029f35af,2026-10-07
12e513c0b20ecad849dc575b5ad80ae0,2026-10-07
421bf1d41b5323739209c163f5d2ebb0,2026-10-07
f8dd3d23020ec9cb70edfb9f87229275,2026-10-07
3adc4c05f0747c06d77de0c9993206e2,2026-10-07
8c7c6f128b030d4481c2652cc152b6cf,2026-10-07
85e199d281d56fb6751cef11ea4dae0d,2026-10-07
a6c26e336daa9022e57bf7fc703a24fd,2026-10-07
87950e3775a826101f7f1570f23b9ac0,2026-10-07
4f7d158166c8c4f4ad79ec189536de46,2026-10-07
acbdcc729f1bf44bb030db8ee2c24b53,2026-10-07
aad919eef8d97e226a0cf16bae99f1fd,2026-10-07
bd92266b2f856b125908c7b023759666,2026-10-07
9a85fd673cc873c4f19241b7ceb1bfa5,2026-10-07
9b02f41475713a925812e871c687f2e0,2026-10-07
cdb13c61069525916f14ed7394581d75,2026-10-07
75bccab463dc5a261f97ef0a385902ab,2026-10-07
4c2d02a66f7a25dbd07469845ff004b0,2026-10-07
5f12f93edf435cdf0fc03072c7f9aef9,2026-10-07
32b89d896a8885af583cf1cc14f489c3,2026-10-07
f0dc024602f5db048f1c41bac5bd81d4,2026-10-07
ea09e92e3026e15325b1a55f70df8ed1,2026-10-07
28e051e17d898abf88f72b57c41d9bc8,2026-10-07
477052d5b1ad9510e1896f25817fe0e7,2026-10-07
bb624b16f126c016dc76818c6bb33b74,2026-10-07
3655dbb93689fec1a7cc1a4b52e3b140,2026-10-07
7b767e9a1b8a9d661e86cad8889c7db1,2026-10-07
18ef82d6d7416cabe16d225bbbc52f41,2026-10-07
44d95c83bfc9aa1f76b2d6ce9fed7521,2026-10-07
a568c7d144744692f65e890982bb6c32,2026-10-07
f28a948c424bc56ff898b2d1908d0b67,2026-10-07
9664fde78fb794e2fd462396402678d5,2026-10-07
a894428f960a4a842c63439efe19cff4,2026-10-07
6acceef0fc7e0d8284cbcfb6ccfd2cc3,2026-10-07
f651c612af0dc78ea5ef21d90c6e54c8,2026-10-07
90ca917c8da35e411f9c0c98483c2603,2026-10-07
bfb4a58f272b1b0d414acd7cbdd55881,2026-10-07
81baf52043d6764978372be10a677f30,2026-10-07
32f263f6859db491c794d8aa30c60312,2026-10-07
772d63ca8088731fe0d928246283bcb1,2026-10-07
def9fdf143c009e4359e12b6d9c2f760,2026-10-07
bcac1a02770cb665a2d7f059ea25d139,2026-10-07
e2c7efe6e528ca7a8478650ea8c85ad8,2026-10-07
4121f9ef70a8302ca0bf987b5332fd5b,2026-10-07
e79d411b78542bf03f89d662225b5602,2026-10-07
bf8e6508203b29dc2170cb180c29d990,2026-10-07
75a1f647c177a179e5c6efcf8f6e3ecc,2026-10-07
602425abff89b5a7f85b6b5a22a06649,2026-10-07
bd123c71ea99df5c760e2cb834c8817a,2026-10-07
5fb29e78a4e0864c8b26514433824657,2026-10-07
f03c692e78c7cfbfe5f2478cb3bd499c,2026-10-07
3f382a357e2bb9defb98e6592a317064,2026-10-07
744a1249d075e31176db1e5931b77d11,2026-10-07
28f0b09e37acab9ffdc6852b259a6312,2026-10-07
8e29eb20c9e5d4a35674e690fc105777,2026-10-07
4cf41dcc1a0f33c79792d7634bc76610,2026-10-07
63972af093a3eecb468827d6b5f4155a,2026-10-07
568927c4af9aeedfa2c4c744a10029b2,2026-10-07
c3187804819f28a1764bccf39af40d75,2026-10-07
07b6da609bcd9897c0307654449c4fa9,2026-10-07
30cfa1bbf46134977591b601ecaf3a01,2026-10-07
366901d8575c1596bb6698a07215dd1a,2026-10-07
2e9f2ad440cf762dd05f48c216700a74,2026-10-07
77a87a27aebf0374f41f95493f2ed36f,2026-10-07
3dd1651c43a1c9f955fa533888b1bbb5,2026-10-07
57cb9b99ec4a3c5f21ae01c4c16b5d1b,2026-10-07
29e33e6165afac1a63ba42eb58bacd06,2026-10-07
18b440ce004c0dde556fd277db87c46f,2026-10-07
fece5b8781c3ca4f86e3d02d100a084a,2026-10-07
fde8c45b3288d6c8bdd35beca0045b6a,2026-10-07
0c2ae42213f37c3baf28256d4d97d63c,2026-10-07
9f9ee4bd51bc832ef8c8875bca6ba20a,2026-10-07
ff3850062b1d8e5073b5950070766989,2026-10-07
6d2590ee0d0808f7091e9390872147c8,2026-10-07
be5057bbab47731c2ecc1ed88b5c9744,2026-10-07
8bf761db5d8ffb4efadfadd7b22e6787,2026-10-07
f0e77ac5942bb05846dd370333fb47d8,2026-10-07
eb47329ebf4f890ad912678a40a8e946,2026-10-07
9d18c96282075fe9108b1e003e741b4f,2026-10-07
443edbc18ccb4f93f43f977688a3d4ef,2026-10-07
a1cff16eb270791b5cf4716ee67057d0,2026-10-07
1957106ac94f07f55d3c0ee72aff346c,2026-10-07
736e1f9e27e57470b50fb3995aca7eb1,2026-10-07
413dc3e617e75aea3be8414d1781bf05,2026-10-07
3b757711ba86c78493baf8f80c142aa1,2026-10-07
5053c989ab90e690b370f53ecf54a576,2026-10-07
77935d7a5c9cc84c678734719a490d9b,2026-10-07
b977ceab889cccaf5c5b1e24f71ce843,2026-10-07
7bb59853ad77bc78d6fc0560c28a3bd9,2026-10-07
44069cbb18b6223318fb4d26bc26e30a,2026-10-07
9beaec573f52142235b8b97a41568b58,2026-10-07
df6b1b3118274bd59bfacb596fc0a4f3,2026-10-07
d2a6eb8fd1db0d779ad3f3bde028279c,2026-10-07
192412443e391d39d27449e75d3338a9,2026-10-07
cf2972950c241b7c9a818eb4b570287e,2026-10-07
9b0ca600a4bb8c785aea885f209be65f,2026-10-07
79c86182207cfec372e77c9ae6f86b43,2026-10-07
93a355fc8cd0a6f420e67b761e8afe4e,2026-10-07
7ba3116d3c1de96093982670ead495af,2026-10-07
3c77b24998c1b291cd7f84f18510ffc7,2026-10-07
7dfe8cf5475341335e2264551413c1d1,2026-10-07
4c59733e6fe73a5996c971b2fc2eb1d8,2026-10-07
6764a694950ee9f46b37b7d72d12dda2,2026-10-07
cb23838a39bd5497cfef3976cb4770a3,2026-10-07
22766dba458f13c8a92abf53445e1ff7,2026-10-07
78f32d45cda74e53edf931153c4d577f,2026-10-07
04607db95dd5b9a4e84578c1b4d9dad5,2026-10-07
414c07caafcb3a7b7f05a6dafaf1c748,2026-10-07
059690aafde76f3bb729c84d07db2605,2026-10-07
de2cd81f67a779dbe468ee5f8c6802be,2026-10-07
909af8531c14e2319062cce96be8adff,2026-10-07
76bffa3e106f8cb8f1b56df2cc1b0d3e,2026-10-07
c15e4f3ceb9a1108bafbeb6676f35e58,2026-10-07
2370012c2d9d100fc960bbd61cedffd1,2026-10-07
d1af4bf36233271a7be02eed9c530b37,2026-10-07
8c5dbcaddd76d32d6ef4c9949ec2e959,2026-10-07
49fa343c3794db6e18a0800b5e7e0627,2026-10-07
b194350703e01386b911cba23c302afe,2026-10-07
3894b2c1c8368abb1ddc139406d9f313,2026-10-07
186680631171976052965d56255efb07,2026-10-07
1c32ce2a67c277d1d15e27a01caa3c54,2026-10-07
c2f93aec532128e957c671151682c1ad,2026-10-07
c2c1264c8c0eeaa463d12cb0864737ee,2026-10-07
86046ec391e4aa76773071ffc5b9c189,2026-10-07
e277912b50c2be7550770884ea4e19e7,2026-10-07
07b78944d1badb5a62633a522ee38781,2026-10-07
894f1d6a7da2dcace3cc6e86af1353f4,2026-10-07
0f0a623414b9e0221ad92506a419fb2a,2026-10-07
34e00b50654f1935ef7f3ff94abab762,2026-10-07
a24de879a2bbdb2c9c10a8bfc7531e8c,2026-10-07
be66f42795e0f9f27082720f1c831a78,2026-10-07
35fc957c91dca6b87e41c480a2af6108,2026-10-07
dd2d6a99079d9b1d69bcdb4d1d434a56,2026-10-07
12bd5d607233a9684b434f429531c4fb,2026-10-07
3088c7b0004f03f2c62383d0ad5f53ac,2026-10-07
aaf106b01d854a71c82ab7336a7063fc,2026-10-07
aeb4727c93cd7f750a6dc291f5509f86,2026-10-07
1b18548c1efefbb8d621125d8b2d6b41,2026-10-07
addae6192626466f1fcd334bf198cd7b,2026-10-07
d80a67cd23ea167a998d7f0b6b8c805e,2026-10-07
6cd3966cb213500da54375e2eb624c3c,2026-10-07
8f5f8ec277b37ddb1358eb1099255815,2026-10-07
57ce0cacf6f85135c6d3bf2884064e25,2026-10-07
82a23598d04bcc47f5efcca69c41c7f8,2026-10-07
759231f7fdce5c4a42ccd66382250ce4,2026-10-07
76b0c86ec3f754889896e925b5c85e17,2026-10-07
33e7634c937c21159ebfd9fca42dac9b,2026-10-07
20f588f2fda03f885d282a27c992a792,2026-10-07
dee386e81c821a6166e97f630f6dbcfd,2026-10-07
c7c1c3f12833d8b07608dc4b8e91d1ec,2026-10-07
d47502fa4e4714070477be7cdeb7ef14,2026-10-07
059b15e6c752ec291b3e7e46e6c53aea,2026-10-07
382b1b1dd539eb2ace8e1425a43219f2,2026-10-07
3a123b99cc4c7b765554402b6e5853c0,2026-10-07
072d74424ba52e02d07b709a7cbfc2d0,2026-10-07
c6726535d7c619c0cd815b5bd1c12da9,2026-10-07
a8e3c71ef1623b35621b40978e416b2e,2026-10-07
5aeb75cb915017a1d492ad4c33692a70,2026-10-07
0febe170bdb357c9af9ef126ab70f532,2026-10-07
431bf5f6bc5e5649ae0493fd8cacd7bc,2026-10-07
30a65f3cb5677215ef476376eadb8a1e,2026-10-07
ba97cf11c8f6cfea3e3b8df968d96d68,2026-10-07
d3a1a717b5a54699ea69dab7d2fb4dde,2026-10-07
f6d8bad37108c956d2fc26f6967c0f99,2026-10-07
c283ee2d6a08631ae812330908b94af1,2026-10-07
99706ed126d961ec245edb95cc59ada9,2026-10-07
3acec373befe2899f4e7840c20f6a7ed,2026-10-07
59f5bb66719006ca04cc20c006a8167a,2026-10-07
73b007448344bd498f38c4279aea3118,2026-10-07
0b0f04e3fc9f2c4f6cd9a713b1acd62e,2026-10-07
bcb68e7f970704a17168be66b2017e30,2026-10-07
99e1d77b7a4b608bf3886bb662c4560f,2026-10-07
84333458ef9eec0a59b95160fd2e9968,2026-10-07
775fb40fbec0baf3a075cad757cdf8da,2026-10-07
e98746aa9c8d1a5c9695988bceecc108,2026-10-07
acc56829c40abad8fd860acfaf43344a,2026-10-07
740d9ae4365d6c7aee3b94590c72abdc,2026-10-07
6a37ff0e4cb5efda8ee8c2633ba27a3e,2026-10-07
396f57a18b2ea578522d6b6f57039032,2026-10-07
e3a2af8dd76035d184f7a9c4404f436b,2026-10-07
2f402db17566725c2a7b0827a1255c21,2026-10-07
c355b7bd929822120f810ecc7fe0a5a3,2026-10-07
ab8abbd204d5c2aa1b0c7635620ba5f6,2026-10-07
451879a8a32c44eedb23f8c7a863ba09,2026-10-07
cbd3a398f4f31761d9682051b8b612d5,2026-10-07
9c70f0c2388fecadcbbfa836c81cafc0,2026-10-07
9e4d2671c03e0ad1d28449bc55bbed19,2026-10-07
7551fd8d63cac36450e6bb2175acb6d5,2026-10-07
cffc5d6b344f2e3c2fcc8c9b69a8a5c8,2026-10-07
6e1df068d7afde1271154c2cb209ccd2,2026-10-07
a5707f6fe5532f4b8b58ab6b91a05bb3,2026-10-07
5a0b13629fcfe8d3bd1e15efb3e0ca95,2026-10-07
080625cbb912248c5ba92428dd22d4eb,2026-10-07
8f4e2b85f5bf044afd912d692118a51b,2026-10-07
001ff8a8799083ff8254930f57d3ba9b,2026-10-07
4836926cb293ef9e5d3839c621656e93,2026-10-07
f9591bdbaf5502ab823f3f2e37579ac2,2026-10-07
8f835aebcee8ffcab993ffe89ccc6405,2026-10-07
05c62225509286440be827befc27ec4e,2026-10-07
2521a9c4b0385817f21f84ebb7754557,2026-10-07
847efef9cc68f88c92024a1346a23402,2026-10-07
0888f516532035e0869fcf40f03b63a4,2026-10-07
6a9c0a09dcce6bcca179993743934747,2026-10-07
5e4745dbabae26d96a9016405cc293b3,2026-10-07
45aedad73814dcb0cdd55b3a0c16a769,2026-10-07
634bab793280d07b4ac78453b2251c46,2026-10-07
a6b729211b3bc2eddabbe54db8a54caa,2026-10-07
725b2fa8a0f9303934a3172cff229aa7,2026-10-07
05de49140d3b17c5b721a682784fee86,2026-10-07
f9af96c2cea4b6318f5588fefc663c38,2026-10-07
6ac23bc4585d3bca478896aa594be1dc,2026-10-07
7678884eb79748c7c186fd6e376982f5,2026-10-07
dfb48fc4dc3e1a1c6f08c358e2e212f3,2026-10-07
13194ee4681cbc16e6e286bb59bd9be4,2026-10-07
8fbbf42ec23b5c44a28d8b67e385bae1,2026-10-07
28f5eb00ac66adcbcb2fa465778ea97e,2026-10-07
e355ca3f90b1d3143d1a3518385cf35f,2026-10-07
da193ec4a791ef4809ab23222f8b5adc,2026-10-07
253d5374cd6e83fdd0bead4ed9e679c7,2026-10-07
13e3da6a1d0e9ad2dd50e682f63d11b4,2026-10-07
ee87fb2318820f8f302349ddf7abd4d4,2026-10-07
2bb53f35acd4dde1df403c6b4ff3e960,2026-10-07
6688e30d2a90043e9f2fc18398ed0bcb,2026-10-07
8232ef8ffef9945990fcc5f6c722dc8e,2026-10-07
19680f5f5c2adeba52843f352879f2b5,2026-10-07
4e4fb1e17f4ca669b06977a202d9e689,2026-10-07
39dd9d7496ba1c78858dcbe0ea04c5e1,2026-10-07
7f3eb590138decac4e2e6fa2ba4b1aba,2026-10-07
28ff4a00641442f1a293e58f4e883628,2026-10-07
3984b66aab61e70fbfe275c9a756ae63,2026-10-07
4ba319079a1d48e2908da3fc0875df80,2026-10-07
3c2389530a5b25ffe9b77369e35c6b58,2026-10-07
b43612e2fdcab41b25d0b47435e3d403,2026-10-07
832ba7aaf0433dd50e14894719ba33d9,2026-10-07
dea71454176f527e43a9a57faff8c950,2026-10-07
429d1e7893a052527f8815ed4ac7662b,2026-10-07
5194b7f737e47cef772a2433e0f8b22d,2026-10-07
ddb6e6f214ca880a7ddf2977c72483cd,2026-10-07
b9e3963b9d60b55b71c88ade5b40a647,2026-10-07
597e27c00f9d3afdc3f65569ce49effa,2026-10-07
92bc98a2debfca6db8d595c88dce337e,2026-10-07
9934d6fb19b550d939027341f8911970,2026-10-07
e499919656cb44dc110c0b36e62ac6e0,2026-10-07
2010ceee804f5ad0783079aa5803d5dc,2026-10-07
9b45db2df24e50f5413d5f62ebe0f75c,2026-10-07
19115448401a27149b93836f5b4b2db2,2026-10-07
2e8273130193b5d45aca566b2b3d7514,2026-10-07
ed412f90ae96795fbabac5104cf610be,2026-10-07
bd04d2214f81011923465c393452abe7,2026-10-07
c94faf6fe9c0f916158cf20d0104776a,2026-10-07
ce67c1556a58d526739a9a56e68275a5,2026-10-07
a4632d51e54eb48ca411809abc7d848e,2026-10-07
9982757b4d67683c9daa462d7be67af0,2026-10-07
8c0ed87039628dc8f135cdac9b3c0452,2026-10-07
11363893a0c365a8052543e41a718d1b,2026-10-07
a14bd853637f42a98fc2984436ecb19d,2026-10-07
92820eeef48150bc4a4bf8269c763d13,2026-10-07
8f5c87c6c76fb57c31ce0333301023de,2026-10-07
4c684d80b2289a1a7e0f1b111418b78a,2026-10-07
406c3030a6daf8c4696e3466223a7c46,2026-10-07
88eeaf5668ec7e12b8dbafe829e30f8c,2026-10-07
ed6c4814210ada8e07c1a394ad836e35,2026-10-07
284d334d089535087a16dd929ef24bb9,2026-10-07
2a2caa11be8625642f935853819eb37c,2026-10-07
1104807182a02ae041e522886cf6e4d3,2026-10-07
a0428c9d1645ec20c279386c5d713181,2026-10-07
626b34bca9ce72a881565d9432f0f8d5,2026-10-07
e0c2d506084bf3c100de3c61966c75a5,2026-10-07
7288d833de3ec7812d91f5d5fb09cf42,2026-10-07
eab0f4b11caf8ae4ce5fd49937d1ba02,2026-10-07
604f4330093fcc4179b06a34bf854deb,2026-10-07
5f680a594e43bbca81761ab89a66ab57,2026-10-07
9d5dbe555bac62ad580af6661a46d751,2026-10-07
1a63428f5a7bab6d4a431ba9eb5adf40,2026-10-07
df7e1acd9887f01f869a18b7eef7ba06,2026-10-07
a39ebe257e7431797ca448b38f18e3b0,2026-10-07
a480d1bd80671cd6af966531a7c3975e,2026-10-07
657c22435abcf9e497bbea9e02ad95bf,2026-10-07
c57aa85276556ae7bbcff56f97174d60,2026-10-07
c4452263f5e623567d653272c0c9219b,2026-10-07
15017952445da1bb3bc08b95c414baf1,2026-10-07
f66090af535c84e09f6d95f063b1e709,2026-10-07
2f72c91256d5dad890d5754f6fd0b32f,2026-10-07
50188147dc500ad7dfc7917b1dd2f628,2026-10-07
4d860deb84ac02e1e9fa12be7a31a701,2026-10-07
c78ddf78db86d3151ec2d2d4983a8b94,2026-10-07
6e5bed10630ef6331ea64b9d1ec0fcdb,2026-10-07
b9af27daccca087c62ca2001492d95e9,2026-10-07
a53c13c8fab7c639eab8d480f316a899,2026-10-07
8a83a686b75cc9f489586c4736445317,2026-10-07
c21b37cb3a46277c64ba94d99566d2b5,2026-10-07
1cbb589edbb8ecaccdef4a2c7819a9eb,2026-10-07
81112d7d8825244be242df09182081f7,2026-10-07
240ccbbf3098f6600eba9006c107add0,2026-10-07
12ac63284bb01c4f883e0f69d280b9ae,2026-10-07
054f37511c85d6e33e47dda7264e6042,2026-10-07
7c97963a2ed906ef6404ad707f819164,2026-10-07
46a33299b60b2c31433ee7b89624135c,2026-10-07
80c72ce9c7d96dae7ff5511fb9d87754,2026-10-07
e9a94e5845f7dc3d68e951fabf91b7fc,2026-10-07
e4a4db0a6849289775b95173f70b825d,2026-10-07
7eee832f071bd0424f6a1ff7373209ab,2026-10-07
dcaf23c1a368d2cd06fbc93502e07675,2026-10-07
62d9e767d4885f2877fc68b60961e0c0,2026-10-07
26ed0acc389e2fedb2de7b2d06403ef3,2026-10-07
70621f949ba3433515943e185608b118,2026-10-07
315cf4fef38658437a74b66f8b540277,2026-10-07
e2f4147b721ba77d5abf7cd74c60c51e,2026-10-07
9182c249e3d77cc07f0015013de7d3f6,2026-10-07
8893587289add60b7a82bbd13970b545,2026-10-07
b8bd220aeabfd2f2c6f5dc8bcc60e226,2026-10-07
6b25265c7a69550a3264875a4da8efd6,2026-10-07
1cce16ee92a26af6df6c20cf019ac863,2026-10-07
c32f850643fc39d24e2a27d5aca2460f,2026-10-07
bdee28bbaef16b07a6755ab5657e35d4,2026-10-07
814bda611380c1addbc3a6a585a8356a,2026-10-07
648ada8f09a0c6fc0d06ff65c741000e,2026-10-07
7d41092caf435d4fae6a27e9199a5871,2026-10-07
259f1af7c1ff19db48d5199f9bce7ca0,2026-10-07
7da63769732b4df9d3c5157ba6c74e50,2026-10-07
26294613955589b13a1fbc2511dc1ff5,2026-10-07
1f0aa7478e675d8a58bdebeb57379efa,2026-10-07
2a0bc678375158adb77d2623678825a8,2026-10-07
ade08d99e9e76adbe4893224a24e4e64,2026-10-07
12e3202608957eb4eadefa2dd0bdd03f,2026-10-07
fed7f364f30307013b2cfb3e00317314,2026-10-07
3bea8bc0a4785f57ea58f2ee6e97d1e3,2026-10-07
f89c7acf422bbaabc3e169abbf4f1cc0,2026-10-07
4ddab003a3ef4ab091044df7a70be515,2026-10-07
b4975a63618c4f1505d2035843b72f6c,2026-10-07
f4427e06b3408b0e1fa4d40727686a5d,2026-10-07
4d515afb778d5de0c5faf2732d3dcccf,2026-10-07
06ae1a6afa0b0b79eb92d98513b9b6e8,2026-10-07
074f13f7421fa6ae67b4935b3c9c4f36,2026-10-07
eefb2c729faa96c01384d94ee5fc6fbb,2026-10-07
c9ed2cdb8f97916c5a309e01065551de,2026-10-07
288ec464d669f883754c76a67c65d8e4,2026-10-07
4b12a4fe0392575744cc99006536ce32,2026-10-07
0f941e97d13a6a96f65265d1554c1761,2026-10-07
d20fe04b1073f13b2fd1658948775503,2026-10-07
4b303ffd772baff954331fa7a19510d4,2026-10-07
edaf668525a5fa179c8f4e2f83c50ac7,2026-10-07
d725406cbafe108b4f03daeb5ffe9b24,2026-10-07
31743329586dd4a799ede82a9f6f2687,2026-10-07
a2ac2a7318321fc820c2febb44b917ee,2026-10-07
d2df6bf20ed8bd45be8ccfc55851713c,2026-10-07
04ff31a307a245940eed13dfa0711ca2,2026-10-07
424ac3244800190bd3fcb21c6d8d0f87,2026-10-07
c07fecff70f3ba772af7487cbdeea64c,2026-10-07
4325f25ee8b6baf9e6998fbf81679ca9,2026-10-07
25256a556d91d2d88f2ecdd332ad619d,2026-10-07
eb086849c0f2d3d6a908996fc9bd5ebd,2026-10-07
847a4d633e85657671582d6936c92bb7,2026-10-07
657edb98bacd93a24a38d4759432c5ed,2026-10-07
b0d470c4e3fc0af79cc32d72e00cb362,2026-10-07
de69a5e5801ac9b332cb82af850be7aa,2026-10-07
b2443f5a306c24824bd24b6e39d7b73a,2026-10-07
e6e203c45426041d38d46e43245b0caa,2026-10-07
12451031554e38241f81634070677eba,2026-10-07
fbf9c23d5ca49e941df7eec4abe3dcbe,2026-10-07
a412705fc61edf7ca68dc333fa7ad745,2026-10-07
64c35d7aae64379214cdbaed0bdbc0b1,2026-10-07
e29f3216c663b45de199d4db4b89e2e5,2026-10-07
5a84f055a798d7c5949b46478b87ad93,2026-10-07
9d6fc5f7f79e66015140c7dfafddc681,2026-10-07
bd03a211dfe734aea24e934fd137f105,2026-10-07
e0358bfe3340f50ed87ca25adb985242,2026-10-07
9f40ec7c9185d3c9c02f07b7a9cf4e64,2026-10-07
46a215e8ead6c75453441222cc5804a2,2026-10-07
98cdd876bfbdf1468e195a103675dd31,2026-10-07
6a573a2387be2d5fbbf5f2cc09a87d31,2026-10-07
3a3abbcf5030f2d01bbd33bf46b2f4f4,2026-10-07
1bbe028b1d7f3538085fc7304487dd0f,2026-10-07
fd86761b38b28329fcf5c2d78f1bcc61,2026-10-07
dff8b4488d0092b9a3c16e9c467fa2c9,2026-10-07
8d617913a92929e0feddbde99b7cb34c,2026-10-07
a968fcedfb6e770197cc5cfc33352548,2026-10-07
c3d3ec87e5fdf3f69b121f7a71ad8777,2026-10-07
ce7dbb1f5d219a2a569f7dd0d1a9df58,2026-10-07
ff046717884b4c6bc6bdabcf23fa8b88,2026-10-07
b0cc949fd206350b185627e219fffb72,2026-10-07
af69153c0ca43fcf8b4cc50a70cafae1,2026-10-07
03297407d19218eba9f3566025eba752,2026-10-07
55238a9eb5763e78c725ff657015bc66,2026-10-07
a688c52bd3ca91fbcf758c2eb95ad220,2026-10-07
3c4627986f60eabdffb5258865a72738,2026-10-07
a112f3c2dc06b0368ea8e4bbaa4427dc,2026-10-07
fbb40aadd77d78e86a2ce93b76594b1e,2026-10-07
fd1ad2490628c08cbf845fbfe129f772,2026-10-07
505ea3b5a3dd715bff4a662ee5ab086f,2026-10-07
6eeb787428f6ab861babf409039c7db9,2026-10-07
80d04c41d700cb77c91023be3b3c0612,2026-10-07
8ddc0b26b938b7e92789d65c6aaf9222,2026-10-07
8c6fd65454a42af1976de5f2a4efad0b,2026-10-07
0888a9a87dbf47f27eaf5854e209583c,2026-10-07
12e09e17a8616fc919a7abe36af118a3,2026-10-07
d7ed598505c629aaa710381e9c14d98c,2026-10-07
0a1bda5b0bccdc55b020c8da1d1f7bec,2026-10-07
4b56314f68c1e14aa6c167ccbb371f8e,2026-10-07
7d74fcfdf38c33d3729e977e93b30781,2026-10-07
f3d70152082d14972f64005aba5eb718,2026-10-07
9d96613d238077def1a8e6ebb1241a18,2026-10-07
0874bb1a2b86baf7e51986af119ce852,2026-10-07
46de704c06732fe199f6cc3c4f080e56,2026-10-07
4756aed0801f25b9d7aaa666ad9d8906,2026-10-07
ea4aa9183fe484bf9697922758b4b1fe,2026-10-07
d6120009259347e28c525e96b4a5a6af,2026-10-07
6896388ea5c23f7c27aef3a86df5ff34,2026-10-07
949868d759133ba828a7036c3e898ab7,2026-10-07
5dc50819ab9f7609afe00cd3bdd226d0,2026-10-07
cd05b5f984b094a5073a5331eced4390,2026-10-07
6c5f489e12d264df97489057e45fc565,2026-10-07
2f91c668282b7c8b3e525d88eaa99cd8,2026-10-07
79034b6bea8a2854b858014240acc321,2026-10-07
8f6980ae71cdea6708453ff0d3c3aa16,2026-10-07
fb3319a5cbf33652f4fa59c9d7f27d08,2026-10-07
6a84e012b7582fbd156a97405f14e473,2026-10-07
6540ed0c47ab4f22ca72bd1327c79e58,2026-10-07
6913f372656eecd6e28ca2e1ccceaf71,2026-10-07
6e3012f21e7e0d74aa629d5374115dad,2026-10-07
8456b1432acb251a0eff810720eae110,2026-10-07
a0177976306e6a94f7daa63350433c07,2026-10-07
18a143640a793e3f15c54f945280c6ea,2026-10-07
313418d46092e368fd8ccbebfa150082,2026-10-07
0dcc8a57aff0178d701d11e1f8a6f50c,2026-10-07
b3a0e47d338cbb743ef154d8ed46dd4c,2026-10-07
6f971122d404bed7016fbda7c38eb2e8,2026-10-07
45e72d6394100759b69b8026e1c8555d,2026-10-07
237ac88ef48761ed878e8ad83f389e7e,2026-10-07
ed7e55f0bea53c330c99615a861f2769,2026-10-07
f614adeaa4816095e06f32634a996d3f,2026-10-07
4fca32a96bc0d3b80c43c71e6718b243,2026-10-07
95f25812e1e7728f94a0eaa39985e10c,2026-10-07
e8d75577a4ff128aa25bdb98426877c0,2026-10-07
6de64358e92a5ddd679dbc577e623dd3,2026-10-07
b91d1404abcc842f8752fb1fea28a7c9,2026-10-07
e4c5ebcd112b6373ae770d7282e9ca1e,2026-10-07
28ff52a27fa1de24be71cbeae6ca0a60,2026-10-07
c95ea5454e7fff926fb81843ab2cb866,2026-10-07
11367aaf4deef4349997a9e39237dc87,2026-10-07
be3b379be6be8bdc3dce86c90caf2fd3,2026-10-07
1b28f172b93190f11964ee656404c89c,2026-10-07
3575287ad3862f21f6127f316e27669c,2026-10-07
34f12610c93c99f5ee803968faeb9088,2026-10-07
972104391a85ee48471c72e5ea8276cc,2026-10-07
b4a607cfc4bfccf44868a56c47b32615,2026-10-07
979dbf6a52f61185a5f42c7c03f7ad6f,2026-10-07
f0b38ab2ed8b835efde02f86f9312cff,2026-10-07
fa2dbd1575b7a5a6312d61c8a7c49bed,2026-10-07
a41def51f2b07ec41aebab33434c77f5,2026-10-07
2adac59826d373d66980c03dc513cba5,2026-10-07
a4fdeaecbf76501bf5c2a7d89b2d1baf,2026-10-07
393656a168c54f36d6e149976041618a,2026-10-07
090172304af81cf999442506a50489b8,2026-10-07
480302918236d2232adbf3aa5e6d0031,2026-10-07
279af183af317455d1d361416092db59,2026-10-07
bb633f816065b6c54d55e0c96088e285,2026-10-07
1e0175914b0698767bb56411f49c629f,2026-10-07
dcc5259b54132a47e4a0536756935d62,2026-10-07
0eeaf23a05cbd38e447514612978be7b,2026-10-07
72f1e7b19573dd50a6959132e1f1c908,2026-10-07
13690d121fb2794253a49f0497cddfed,2026-10-07
75045b0bd0c6d22f7998613398c805be,2026-10-07
8e6ea9614fd7b44a9a82ba634dec350e,2026-10-07
4e53a72a076aeae025152bafdac62fc0,2026-10-07
e7c4bd95462e7a6224c9ff9bee6d0791,2026-10-07
02f606f1315902c8e2d517ee7b2efff7,2026-10-07
1703d959774ba323024ec5db96ea9ac9,2026-10-07
6dc7489ac6dbcbb9ca19b0a6aeb80ec4,2026-10-07
b12d8cc46bfd1fcd24a2b37d2ec51cc7,2026-10-07
0f65dff9e03f2f382ef5201135713fc8,2026-10-07
727d1f069f7b59424b0e516ac7d77ae7,2026-10-07
b25ba21f0466bd07f3b6982789a66d76,2026-10-07
1c94b69c9d87051c7d920601cce88727,2026-10-07
fe0720b88ab34788bb0b107c80be6cc6,2026-10-07
0a5db8aef414cf84965cb54146643eca,2026-10-07
7e85d0482c55bd88847fc85e6f1f5397,2026-10-07
8cd150890bc9e79039524b5ae212fd80,2026-10-07
4eed5c121b16b7b66f988e313e6dcc2e,2026-10-07
1e6d736c7367f02b1759c33dadb77b2b,2026-10-07
ec9b01b0b3dffd3cbd3927674350d082,2026-10-07
48895a265c813d3c3b72e0a7ded29760,2026-10-07
d39de8ed214f0aca5585db593b43ec0d,2026-10-07
8381d2a36f69ad2f0d74e2e8ece5d55d,2026-10-07
86f199b60cb709741ca4f40b45f513f0,2026-10-07
7b38797fc737f7b69f78fd867c1c96e2,2026-10-07
2a59871e08cf8e40e4178e89d77334b7,2026-10-07
04ff1919d82bae5a63da76f164a222a4,2026-10-07
cfe9ac256271add1203e7c57fba920a5,2026-10-07
66ab5244b25b6f8b7f411c57548014a8,2026-10-07
5dcc473c98dce58dc5a88703f30e747a,2026-10-07
119d139af5f12441d2040b47f4afe2d9,2026-10-07
ccc61c7d7d994abebf167f15056ed379,2026-10-07
b97aace367a237a8c8a7f31165056f25,2026-10-07
1ed750a6a7ee5d061b6aa79d3037d067,2026-10-07
2e372f4cf2da0e8dcd773eb176babe8c,2026-10-07
1f064a390b154a07092e428743b6ff4d,2026-10-07
87a694b89301ddfe6fcbdb93a260167a,2026-10-07
1e459bd89fe97fbc568143dc23b0e024,2026-10-07
013c3e7d3a623ed06552c6244db897b0,2026-10-07
736f77f380caa230ddccba95a6ba8de1,2026-10-07
22248dcda7ff8ab8ed686fbea5ad2bb1,2026-10-07
6aa8a26a037cb9aa573f39c09aad8bae,2026-10-07
59f4a6c0ad231cf858bbee07c52478eb,2026-10-07
54de28347cac19893adccb2ed1097e0b,2026-10-07
6a2497746feb188043186766272a70cd,2026-10-07
38467bd53c4571f8c0df6209c8bdd955,2026-10-07
0fab3ebbe0e8c600e01f73e569e2f7eb,2026-10-07
0ffe901c81cce0299499c53c28b1606d,2026-10-07
7aea878cce0eb1800f67aaf91f125f0e,2026-10-07
0cf046750d0f566fe61867d97960446e,2026-10-07
c6cf637778e9eaee6282532a8342edee,2026-10-07
334ee18469b80b96a25c770fa3a78803,2026-10-07
d893bbb5bf7a6c16d72b75564e339d7e,2026-10-07
889c0263a46eaba20c48fb7b67fe53b8,2026-10-07
2f13f1d6f43e3821af82c31e8a2369f8,2026-10-07
2352e7743a585dc03bd89af2cb0550a2,2026-10-07
96f4bff473f6192b3d82df1ab56ebdfa,2026-10-07
093be5aee4270267fa59c71fedd06211,2026-10-07
d5b9a8bdc17d19d1c76a5d71f65b3337,2026-10-07
30d5c8530bc1ccac2b99f382d3b8097d,2026-10-07
889e6e65ffd456b46c36219ae4ef8172,2026-10-07
f87fadf5dabfce80b02b5d2ff1c1af74,2026-10-07
83f495f33782dafac7f9cc76a428ae23,2026-10-07
ab29f25a22af8ffeb0aefc3feb17f392,2026-10-07
daa1f1d701dc88f239024eb7209998bb,2026-10-07
19836ee9da546fa00ec28b157904429c,2026-10-07
375c6994d2427f65b62f595ad1744920,2026-10-07
7e9acb98db4edebb6f161a6f2dfbc368,2026-10-07
bc96f846d745bfb532773a4edd86f6e8,2026-10-07
6c2556967ea8894fd845f931d1ffd97b,2026-10-07
f2041b4d813876814db08ddcd2d93df4,2026-10-07
5d2a674218e05b1df96f42660118a715,2026-10-07
3a6b60c722f45b20d1dbd38ee68a59eb,2026-10-07
d3888b482732fdde59e972b15e534e0e,2026-10-07
c5acc532cba1ce59e8b8720fbb6aff06,2026-10-07
c47d36f70416e7c471ec53b4464057fe,2026-10-07
6dcf328d9fe33ee346af1974050eceb5,2026-10-07
2c255ed5dbb9bd05ec9aeacb5c1024a0,2026-10-07
cd93ee69aa54f2e7432172847d7f5972,2026-10-07
84390ff2721d7659d399fd463efabdd7,2026-10-07
bff5cc46541780101d7531fc76e12eca,2026-10-07
85cdd944020337827b28b888c4c9bd47,2026-10-07
a96e0045431fd7bac33683de034f8677,2026-10-07
303da012be3ebf3f01712aaf76aebada,2026-10-07
6f91d6a7fde2eedb5fafb3e152c3f126,2026-10-07
97e2bd2e4382e97a69ba7140a80f26e6,2026-10-07
aa38fa1feae33fb83e7fcaa03d1f29a2,2026-10-07
bf7071663e02ef184b8781bb50d3ef2f,2026-10-07
71b85b5a8d91519c0affe86a1005121b,2026-10-07
d18ec821b3be312615ed0a61997f28d6,2026-10-07
ea53b04e7463e0462b05ac37c1324f52,2026-10-07
c56a04d5cbd7dae558d9adcb883d55a9,2026-10-07
c028799003ab083577ab380c2d41c614,2026-10-07
e38aa269b2785e0ddde37105767e0f8b,2026-10-07
1b8f7c182d8cac90b895a48eb443f3e1,2026-10-07
47b2f3aa46078f4acd840933bb1503c3,2026-10-07
b1e4984e24d61462f419fba99590354a,2026-10-07
93ca586e35fbd056f605e52c26161590,2026-10-07
117062cb1eb15b1333e142025c97de7f,2026-10-07
78f680aa948272df745b34203cfce498,2026-10-07
3c8ef6bc37b3ee1f033577b58ccac52e,2026-10-07
ce3138a07de5fbdad2767800600a7db7,2026-10-07
5ceb0b2d9fd60385287c2e13b6a6039c,2026-10-07
75a06c7a785a4abe926aff47624c6008,2026-10-07
cfd4845fc8d97dcdc9dc68444c0ea809,2026-10-07
1a1fe10fe53c7ecd79bf0461385176e7,2026-10-07
8e2337cfc2adb7f7b173a4578c8a7a10,2026-10-07
d875e3af51d456fb8e563b450be50d07,2026-10-07
07cdcf76af353809a0a44dc022dd4c70,2026-10-07
f8eabd6a22c2b13965d00e542b74bd03,2026-10-07
36cec9f165479e46d43ed84595fe9112,2026-10-07
bd0d100cd90cfaf99a130e7255b00984,2026-10-07
f04ba5e0e5613eaa9fa66112e1dac400,2026-10-07
dbfa31528c8d3b989a01bab645cee008,2026-10-07
54bc59022f50df14fde14f13c6d7e0c7,2026-10-07
160abd437f5a8bdd67866bcabed088ee,2026-10-07
13d2ff2a32437fd0b9a8777c98e929f0,2026-10-07
24308bac669fc6c88e747bb17f30798d,2026-10-07
e1a3c349056c3001c33b045f88fba250,2026-10-07
e4cb73eb2e3529ddb6fae0b43b0e61f4,2026-10-07
a33e0c8d55f248bd8acfae18f79e357e,2026-10-07
78b7f7ca8ba55da4f29d067ac5b85a44,2026-10-07
2fee0f3c3010d12b03112fac73db0f53,2026-10-07
7cd34d90c7dd8e2b93008c76deec6bf4,2026-10-07
ca94e60817622d5edaaac8f150a7d097,2026-10-07
f9e6e94afe4c5b2dd5001f8f9b184d12,2026-10-07
965bf3de6b8efe26309e5cd08d47e9c8,2026-10-07
daca565bba23f25ead2230fc5954c86b,2026-10-07
068c78394287c2bbf1be0fc7b2b1bc69,2026-10-07
088e30bf67ddf49e12560a60d86cd3be,2026-10-07
2b638a7f6f5e1e8e47efb06e20b3a75d,2026-10-07
ffce79773fbae7a6617bed2495575566,2026-10-07
9550f094602373c26d4e5903fe0969d4,2026-10-07
27255375ea534d6431390c196110fea1,2026-10-07
82a93dd91b7224c22627b7c01c346952,2026-10-07
2449b9ddd40b505002f910826cf1511e,2026-10-07
f682b90f56fcb21a2d5a701ed5a8fe42,2026-10-07
2abf3df2b446eb7cabfed982972354d2,2026-10-07
81b815d26405932494cdd9c85ebc0895,2026-10-07
f9a748457a8df95ec4d1d86ca323883f,2026-10-07
07654da390ccccfedf93903f3ab48455,2026-10-07
00a9668cefb76c9a3f9acbfe4ab6bbd7,2026-10-07
e547853283f65209c37dabda8c460390,2026-10-07
102cdc8be7f821d8a9064a486d5ad913,2026-10-07
e359442523ac2c3725e68d4dc6c9f51c,2026-10-07
277b9ae6a85e48517ce18a4289dd9e96,2026-10-07
2a1d38b3f8c92da8c298928f8a5f97bd,2026-10-07
e4ef3713c5ae94bc0b527be07c83b2a0,2026-10-07
2a2e3429f0f9abb067872fb55288e2e9,2026-10-07
391f79cac7f6eef01e4448a470090f8d,2026-10-07
efd5b45b16be20ce93ee79c0497d6228,2026-10-07
665fa4a6d1aac2dd6eb30dd397378927,2026-10-07
4656eea15663bc5c87b8ee960c19686f,2026-10-07
b0dad0b51eb943b92adcd0cd0b71cfc3,2026-10-07
fb3d6ea650a605a46332fa9a0832ecfd,2026-10-07
837ab18a72620ff8ffbb53fd72cb4b1c,2026-10-07
e8237060fdff2a793de999740099b75c,2026-10-07
e1528e7ae068a041af3885a4e77b973f,2026-10-07
3a8260c30427b944a4609b9c6e837fee,2026-10-07
324102f78b1a6d862e38e2f1770032cc,2026-10-07
c8acf5a565cb498303162948a7aad3aa,2026-10-07
286ff6796383455b6dfdac8be2bcacdf,2026-10-07
516b34874193e6b66a654500e1609814,2026-10-07
4594ed2d202c0189eaf2a75025e5d9fb,2026-10-07
f9890cbd3e83adac7a7911b654cea680,2026-10-07
dcdedbaf8f684171107dab61d17596bd,2026-10-07
455dd40d77b003acd0903097b3a4e533,2026-10-07
19f5f8ef6e043bb6e91fcc198dd4be34,2026-10-07
48c7ecb4aa2ef76552dd7336d6b44189,2026-10-07
5a3e1ba8bdc7a294f983465d58fa635a,2026-10-07
ca5dc7ed4638b37e7723070f7b01a712,2026-10-07
7558e953741f819704beaa453ccf6ebe,2026-10-07
f0aca2b8f55edf83ab1a0e554b6603db,2026-10-07
368e43487094761e6ef4a746f0c81801,2026-10-07
81e6a35078d648c1e974e6a18360728a,2026-10-07
9130386a643354d732b515594977adf8,2026-10-07
fe19f9dfbd1502431e7b8155ef9da0d7,2026-10-07
cecb3f3fc7a90e4f9668671bdd7fbfc0,2026-10-07
6059dc73e34ec48ec0b1201171395d35,2026-10-07
6d54afba91b656d518c7e03258b04c38,2026-10-07
c803cc000dee2cd976ee919d4fa9293d,2026-10-07
6c435c9d170def8063ce827824f9ff15,2026-10-07
f6647315df895e72e1f6a0f425612723,2026-10-07
e72430b7463ebe0e9e6e9d0a72abb0b8,2026-10-07
3721c53d895b4a8801185a5d1c7cf8dc,2026-10-07
56e092f65fc3b0df9008c808376ee5be,2026-10-07
df1499bb4c7fe76a654a73008dc283a6,2026-10-07
f1482ec45e003f2a02b04d51accf7457,2026-10-07
5a63b13512232f02e3f673ecc03d2016,2026-10-07
a873da0278d9501a76834a6aa2adf046,2026-10-07
2bb48b34fab2cfcae862b15dbc32166c,2026-10-07
b7176730b48507285868e8f1d1da35e2,2026-10-07
64468c9166d88930fdc0b48052df75c2,2026-10-07
d6703945f8e3b53a8168a85d8370ead6,2026-10-07
84e38a595e460be35adc83e334884c1c,2026-10-07
c4b0ac5d55349645fed618e561ffeeed,2026-10-07
977367cecbcab0984912abad6cbe1c4a,2026-10-07
4cccbf5c40a9604341e52ef7abc5e99e,2026-10-07
c4833692299473f90595d783eacf77bf,2026-10-07
0ab5dc99d41502fb256f8130d3cd8ffe,2026-10-07
5c5873575f14fbdd5add04d0b60526bc,2026-10-07
698e2632157513ed1ab9135af9ce073c,2026-10-07
8730b4fa0aab3fd8e9cc0c6ad7eb9c8e,2026-10-07
50375a89778d33bef0eaed4ab9ca0e90,2026-10-07
df4838fb0d428dda456bba62cec1956b,2026-10-07
457a022de30e8767fe2822305f599c7d,2026-10-07
50b08f03de285d3a13d5641f2b0496c7,2026-10-07
86e28bf739028411fd63f64547028bd7,2026-10-07
0675d0cfff3e3c07a6f18dfbfdd89c51,2026-10-07
32688cfe7f73727ff1dbeee10d674d3b,2026-10-07
455ff0025f7e802999b2e8a4767caa00,2026-10-07
edf93e085937423a17cbb3aedd13ed9c,2026-10-07
cc4400893038b6ed5d0920d62ea23324,2026-10-07
cf63fe5b6841bc60f1e9e8ed0eb08821,2026-10-07
d669379639747bd0d9d967e7ee5b0849,2026-10-07
143f6489a12935415909ac8b12a7babe,2026-10-07
f492e046d97a18ab4cf5330ec7eee6ac,2026-10-07
5273a18758cafa44dd09db70bd9127dd,2026-10-07
f36fd52a4477a51ee1d6dfe662ede4b0,2026-10-07
dcc2f147526ded0cc05a27ad208419ac,2026-10-07
837f9b1b961e623865398f34730e6899,2026-10-07
1a792688a7ff309dd2abee56503a71e0,2026-10-07
35e5b3312737f9bc157f5ef00824b027,2026-10-07
b8c1c615e2addd448728f84a51eefb64,2026-10-07
b0a1d304a7e84bd9fd8aa004a7bd6301,2026-10-07
d015d7cefa1e55bcd84461a356bd751a,2026-10-07
a59f3da9c123887a01659c84f8ca2668,2026-10-07
8252e66e982bc328733a823c6edb7778,2026-10-07
75069414dba08bf8fe6233d99840b22f,2026-10-07
0056f5e6ac2628e16967b7fd7afa1a03,2026-10-07
1e84a84d21c724b1237afe563e3982c2,2026-10-07
ec309b3714074561ce4f9db981ed544c,2026-10-07
0caf025121faa7ee8e779923ebbdcdf7,2026-10-07
421d055d4613d872d7f6de4177f40dd6,2026-10-07
0fd7700b9b681bc10d7c6aa49c48170c,2026-10-07
ec911517fac98f005bf2d749441916ff,2026-10-07
727fed44cbc8b7be938c0fc5e363d994,2026-10-07
38a75a6f467d04dee9ff61aed36b5e6b,2026-10-07
bbaf2da3de817d2d6e380cab55a715d7,2026-10-07
0561f79e2918b639b667541cf68f4459,2026-10-07
2ba8c649028acb07d3a820501aa0b120,2026-10-07
ee4c7bc546f158bc4c1022181cce2ea7,2026-10-07
164fde3e1f7a4d3f30881ab286a54f1d,2026-10-07
ab2627f8e34add33b0c1cee7e50da3bf,2026-10-07
5f46684ae089aa8b8bcf7248007b2fc7,2026-10-07
68450c58fd6d4dbba3a254161f0d1d85,2026-10-07
ff99ea4e95a4aeeecc491e7f3a850455,2026-10-07
84d616160a4b4c7ea374d76c5269d2d4,2026-10-07
e9fb24b4111ac009d4ece8ababd69cd3,2026-10-07
cfe97a97ed6881d9f517214bd60a3b99,2026-10-07
23b43bdb9997b8aeabbe957fe0778a08,2026-10-07
663104d990edc72e0796515f0e5e97ba,2026-10-07
19b1cb9b54fb29247f8a525a5512af7c,2026-10-07
679d94682e0c03b7fded24d2fb0b9bb3,2026-10-07
9d3b8e4d8ccba24b1a31cde0728f05d9,2026-10-07
c8a1fe0feface57db63ff4819f1ecc8a,2026-10-07
5efe9c522c1864a1a563fa32b89f7409,2026-10-07
7229fefa447e41c3e6b857c93ae66900,2026-10-07
2445dab6f7fbcbda2774816ee986073c,2026-10-07
b4e305f6936f22e329231b39ae87ac5d,2026-10-07
a7bc97e43bd82d71a4849104c53e1aa1,2026-10-07
34028fadab0b7384aa153c03cab88598,2026-10-07
689038a76b2cfc859eb517d43b385ee6,2026-10-07
9b1285e0bbe628838e0f35dc06db18a8,2026-10-07
64bab176f50f5c9fffd514a8acff532d,2026-10-07
2b71dd42dc35c693ed97de42aba77367,2026-10-07
3b2e7eec683ae9356872cb074b44e97d,2026-10-07
231c4f44a59a0d504ed83f900fde26bf,2026-10-07
db7f95fe7424b9affec202a7807125f4,2026-10-07
0c002c56716ee04adef9cc3dd9068ffc,2026-10-07
09e350984b3522bf110956915514d618,2026-10-07
73366483373b3df6bb993870b468dc68,2026-10-07
3db5f934c74b510577f7b7c004d45c23,2026-10-07
3d82d1021113d7c7569fdc9ac6fa65b2,2026-10-07
d04afb0f9c8ade6268cf9c7c7a59bc36,2026-10-07
defd092f1dc4c50272161cdabb15c0bf,2026-10-07
5ff855b8967a4eba6c11fe18b0219d1a,2026-10-07
c8c06d9f08008ecb86349bff8a2243cc,2026-10-07
91a6789aec18fe567f94777770175419,2026-10-07
4fab38b99b7332686997837f4722f150,2026-10-07
86955fc2a6e1b18d4a5969d2285a73c3,2026-10-07
e1bbce0baf2ad5a1fdab66040480afac,2026-10-07
2f37a5b908fdaa71028bce867d261b56,2026-10-07
09c9d551d7b03c0c5d8a2917d2ff9aaa,2026-10-07
973cd90f381941a9d386dba02cc0595a,2026-10-07
0b0cd757c28834bd75df9242d72207a5,2026-10-07
dcbb8845deb2f3dbf8678c69530c4a1d,2026-10-07
1b6f75dee6d73b7c0e5cd3aa0289c735,2026-10-07
f56df26705654c7a3501cd304e421fd1,2026-10-07
59d4fd49242b879393d3723bf7462291,2026-10-07
fc0ef817e24ddeb366593a66abe11c64,2026-10-07
8945fcbddc467078b0c3b3eeec2b6e9d,2026-10-07
47a9acb34a0e982a1d5a40e942c0d0a6,2026-10-07
d93cf9c73e0db673f2ff2f2fca86afd8,2026-10-07
1713992166be5a361560396ddd0cc39e,2026-10-07
9a503729bebb9b65715f164026b38a6a,2026-10-07
87ea29ad116588c9f33954352dc0e9e2,2026-10-07
538eb43aff3722f898e0a2aef321c0a9,2026-10-07
3fc41c468456e768b5d1ef8ab8fa0876,2026-10-07
57e96667eca0dc62a2d8260229c48ba2,2026-10-07
715acce8b8c63257bb4c3f37b9cbac99,2026-10-07
d41463bf55c6b83a3b0a65b0be276e7d,2026-10-07
a80d476d3ff29ee6560e56ee54685580,2026-10-07
ba461f6c42de79273a72703a5eb53104,2026-10-07
cd8e7ae50111d586221831e48377252c,2026-10-07
29764df6368167259f448dc19d8482d1,2026-10-07
fa9da84cf626b6a4c4766d4212f2a301,2026-10-07
c2d52d3409346a36923a12a2c3e00d2a,2026-10-07
20b3adf3e953a53ca1d283e39485436e,2026-10-07
5ea325c97af0a623a72f5874a0f2789a,2026-10-07
8f0d800c75c754380209492430588212,2026-10-07
cedced58619778819272f7af045ff8fb,2026-10-07
542901d459c38979cf2b15995a7782d0,2026-10-07
1b54b33ec6508c047dcd1964ea1b4d34,2026-10-07
33fe69cbf1e55262e53ba5de8a68bd3d,2026-10-07
280e266d06916520d58f90c834889509,2026-10-07
4e4eec8ea56b97e79bf9d9a34fbc0c75,2026-10-07
438689e81289604530401107d57b1d88,2026-10-07
dbaaaefc4eafae0934af4519a4d9341d,2026-10-07
cce35b2762d6978b034016d2e06443e0,2026-10-07
2d3c6461d8fcf11377be436b652a2300,2026-10-07
c56b676cc23636c3497cc8370d5149a8,2026-10-07
69d06c44c2a31670832c683d6ecda835,2026-10-07
72f6b2ce77004f7b724dc2dc94dac7fa,2026-10-07
9c8e6c1d794aebc7a74da80b9c54a225,2026-10-07
50e8b7241ad214cc1a33f9cd78617df0,2026-10-07
2b5d89aa18367a4f6a0fceb96668e6cd,2026-10-07
3261bce052a2e2c4355311126b75120d,2026-10-07
5dd0faf98b1221b9895d86e9212a50ad,2026-10-07
d98a16d14ef028674a5ff95cdf603a8f,2026-10-07
4bd076cbe8f4a84da62a9749eea30c96,2026-10-07
e1df0a5784eeabc51c5384f09c0fac87,2026-10-07
47ab75c909aecb7a90ef7f38d3b14441,2026-10-07
af681d323089303c35f3135d9f999d76,2026-10-07
be4f3110f8e873547989cb995f41f3c4,2026-10-07
f37e763e68d817e68fd0387305bb9029,2026-10-07
655f532043e38e06fed340559fd7ddd1,2026-10-07
9a53045f9cdbf85f08a3882577e91690,2026-10-07
b1c5f04d2e2182af84f40e9b98388127,2026-10-07
afd6a1b483e4c186ab1940592be45595,2026-10-07
b4083abf4129a01072dcfe427e52e518,2026-10-07
fcfb7df29e10b3c6ccb8b7c4fec759ae,2026-10-07
bf874a45efefc170d1da05ff729aa9ff,2026-10-07
c5a931acee7444fbcef991104f599b95,2026-10-07
0c9a5d3d9ba9787ee2a01ed7347641d0,2026-10-07
dd3b4c183f2e38b19c06f3d4ba7b4b06,2026-10-07
8ab2dbb1cb29e3418a4ad08b1f670084,2026-10-07
d81e377742372d9e38633cd02029351b,2026-10-07
f0ff7810bfc478806749ce74923c40a7,2026-10-07
fe448c67eec7be59f0d88cf7e9d2d5b5,2026-10-07
051e630d064eade53504ba7d0b8cca6d,2026-10-07
5e2e206bade8881d1f7eecc772c75580,2026-10-07
01a83d13a1245f73788f119fb7955424,2026-10-07
f255faedfb61b461cf606c17259e6ab7,2026-10-07
a32352bc53d5a173fbabade51bcbf6d8,2026-10-07
7a8fb664c2fd9439834b50a50395bda0,2026-10-07
4b328ba506b18eb0b0d5245fe53200b2,2026-10-07
524b1b2f0d78ead3dc289106f1278d58,2026-10-07
6016f1020a95d6a6982e517205067478,2026-10-07
b44b8262d68539575ece03e988f0957f,2026-10-07
bc557b704db6d10b6db583bfdedac07f,2026-10-07
d802a846e8f48b0d63dc5cf80302732b,2026-10-07
9d40886e57fbc94cd017721b3b353593,2026-10-07
988c805b07559bccc6d5c0eb3d6a0d9b,2026-10-07
cdc84d4d9fc3ab46ea2d564b0f166115,2026-10-07
24146c6f6689ebf2da273388d5517f49,2026-10-07
eaefb70c2ab3cffae2a81e31db404b07,2026-10-07
88f3ae6029aba2f1bbd86934fadb1d1e,2026-10-07
d9885d013a5444f7b94ae72d25b50bcd,2026-10-07
74ef79368eadc47e7ad5ad6c44849980,2026-10-07
3fc3aa632659dc2d08d0d0b789d29974,2026-10-07
72a2bb8fd72ba8e33f347907daabe71b,2026-10-07
2018717b071a3ac8a55c36ed54695d5f,2026-10-07
8d56978373f815d48b1ba31cfc470c50,2026-10-07
2d74f341cb969f763f08484e01865b52,2026-10-07
ef104c6f77c86ef81b4710bf61e4a616,2026-10-07
19e34d32695c18393ecffd03fee4c56b,2026-10-07
73f66759f471eca922e6c712d01ba665,2026-10-07
012e079932c1a83655640693c8e868ba,2026-10-07
88432169983b1b6d9a39966d19dfc95d,2026-10-07
03c77913b55b731c1d14d80a416f2acc,2026-10-07
50ed1d002add7334e5b3a21c2aaa7a56,2026-10-07
720482e4974f9f2065a3791f9395798f,2026-10-07
079810b4a2dcb4d1beee5f0aac4e2726,2026-10-07
441746fdb63238ebf9059081557d7e2d,2026-10-07
e00f74aa06704b67a9acba25b1c415f8,2026-10-07
13a2a08b508851733e134c9be621e03c,2026-10-07
f18f84d2dee05927aaae63b20a37ffc4,2026-10-07
7ba2fca0e761fcac447ada336db36967,2026-10-07
9279faee3fded9409da943c3570c2509,2026-10-07
7950e0877ea62669b99887ddbe2ccc94,2026-10-07
821d27935dc28221c131715e809afa18,2026-10-07
cf77155a28eb7b94edf8cda7b80a8239,2026-10-07
fcc403507bf386a04672126d28f040cf,2026-10-07
e603d14718e5b7447735cf49e55ad020,2026-10-07
c7d284e2e15d21156e74864664e5afd8,2026-10-07
3e353689e452b5f0831295ce9c1c55d6,2026-10-07
999a9ad829414e705444a68960c7e668,2026-10-07
325594af0899b5f756aab63e3543ad88,2026-10-07
7e06f0e44609b3bc4210cf99e1527ec3,2026-10-07
7e0396ed48c8c3c5a9f30a9533210747,2026-10-07
763356333dd85562adf45a79449dcb57,2026-10-07
74160af58478b22921995d8714ed36e9,2026-10-07
7d94a1695f679adeb378adaf514eba21,2026-10-07
244036d726b94aaa9dccaf4162439e09,2026-10-07
6dd2c941168543253dcaaae6a411cc9a,2026-10-07
e8d279880e08b295c5729d44da71932a,2026-10-07
3858d8ba2b0163beee90ae8c1c60890b,2026-10-07
0b6768aec93bf36401db93f2a1dad29c,2026-10-07
ee7cf57695ef92a78ef64bf247ae6dc9,2026-10-07
134c5a1760b7de0f11a4e5a273995eec,2026-10-07
c52c5c5fcf1074b6d269aed4262153fb,2026-10-07
8b019a4ee999341f94314a2b1d55dd76,2026-10-07
ede7295563b56855bce355810f62f3d4,2026-10-07
99999270394ee40afb234bd3a9b2b82e,2026-10-07
b12ab9351765278afca0c51caaa729e7,2026-10-07
e5b638e434ed4480acc730129f9cdc6a,2026-10-07
fd69d23151233cc0d8e39eaafe8cc78f,2026-10-07
5af051b9d207b60de23d48db17481aa2,2026-10-07
5561999319b23e90db1f2f5586731c2f,2026-10-07
aa67711faee60d72cf28ca0c7ecc7a07,2026-10-07
ad106aa0a3cdf7ecf25bac844033d059,2026-10-07
80f0443a6b1f1ad7530dd50f77e260b5,2026-10-07
effc46f2339146e23b8c9ea24b46394b,2026-10-07
808d48ef8211c19cddf15a11c065ec78,2026-10-07
c662de6ceadeac92e1a8200631d3cb09,2026-10-07
c35f1a63086259ee2359f7250db90a5e,2026-10-07
54b451ce42e437b094977fca74040053,2026-10-07
277f41478096408064f477e61c74b751,2026-10-07
987ddd66785ddc63d0d5e50e6fc45c7e,2026-10-07
e518781f2e80a4e1b9789888b6c37cf0,2026-10-07
e84c8f9d534e7a46f6170b78c53359ad,2026-10-07
ec64997a8b5a986bdbf61a7898a27e52,2026-10-07
0dea52ee98a1c560d903c6bd69689aa8,2026-10-07
48a284636d25472f0a4d855942f74f12,2026-10-07
dd8626f11bce1ca4102b9a169b206ac4,2026-10-07
49af1d6d7820b2d7f18723b767d7870a,2026-10-07
9f689bad3105daecf6e3923191c10314,2026-10-07
062f861d018e9963cccf210e4df02844,2026-10-07
5fe8323a3e6e08632ad9b678e7ea97f3,2026-10-07
0fdadb3989f341e71472039475e1c08e,2026-10-07
bb189efeb85820df531c130ef556b16a,2026-10-07
b83e59591b1c5ba9cf7fa40a5a5e1650,2026-10-07
151693d9fab41afeca21aaa8ce351a10,2026-10-07
e9e3174f86ce79d92336749262afe38b,2026-10-07
63456becdc096e8c6baa6fb9842ab8e0,2026-10-07
f9da4d02dece66eca25e2ab017d11a52,2026-10-07
8bfe4188f1963b06a55d88bf3c129f33,2026-10-07
3f3799e8d8f2c1b57ce5ebc4b54977dc,2026-10-07
d3511cc8cfb7944937a391868e1d3b2c,2026-10-07
8d0815c9bcdaf14e81b738694d1787cb,2026-10-07
924cc0efa186b90eb5a2045c958560f1,2026-10-07
a75b8c2c377cf0ecfaeda1a6e94aecf0,2026-10-07
f3647a79fffff350e972880647fae9bd,2026-10-07
017525196c3252fc3a48f4c662bb6634,2026-10-07
963541b67e8ed4c333942e4b7674ec52,2026-10-07
e128ac35627dbb8a7b02660fddbf1fed,2026-10-07
4222de0005ee6dcffe729aa4f3096cae,2026-10-07
f9eaac183f4a4382001ef6995c4b162f,2026-10-07
43c5ed3d8be020faf62911bc905ad122,2026-10-07
78e718ee7118c3e44a82eb75a3869063,2026-10-07
d29f9c45492d1ba5a9e1b30f085e38b9,2026-10-07
8cd312120b541857167324b4396ee94e,2026-10-07
6d9a587f19497b66560dd412ac6ff909,2026-10-07
e463074919aa89371d0a35a1d06a3fb4,2026-10-07
c8f49573bf108a362f0d7e1672637802,2026-10-07
b6af6acce7e6638e15a79a2d432baa21,2026-10-07
a0f7392ae84e11d463bfa3444000a17e,2026-10-07
884eb523f87bb609ef7c532ba7cd2460,2026-10-07
6c0485cf6b3a688135fe9c81ec1172f7,2026-10-07
40fe8ac194c7b6b66ad5b7cf78719ca9,2026-10-07
8fdf021a7a4ae564e1556a03a567ce13,2026-10-07
627434830baa30d00d882b3bbe6fe1db,2026-10-07
6600a19830b98488c8e0f9bd293d95a7,2026-10-07
fec82798c453fe5cdb84075899b887f3,2026-10-07
176c056cd40afb4e3a3d8ea755dfdd2b,2026-10-07
50c3c0a9e5dbb6aa28defc3749d593d3,2026-10-07
559b07c02cc14b5bf9875259ca8dbc43,2026-10-07
e8beffbfcc97d8945826582b259f2760,2026-10-07
3df220f44a72b56f80337287f9948e32,2026-10-07
c710662b28155c9a5460e45cbde0decb,2026-10-07
7d193fcad34fb7d9345ec39d291f904f,2026-10-07
0dcb11115de84c71cf2c69b8b3ff160f,2026-10-07
1cfff1c90845965b1442cfa5488d7983,2026-10-07
7a8ed2de8dc7a04c9eab80122785a98a,2026-10-07
0db92d88117a4442b7e860bf8ab3c0ec,2026-10-07
be55534dac970dcaeb22afc666cf5dcf,2026-10-07
3d1c0ddbe9f1dedb47079a8f91a4ab61,2026-10-07
c36015dcd979c035cc972a83d968f00d,2026-10-07
51d3b3927d14b24540e4255fa8734708,2026-10-07
dc0197144a4a7cec270e5ee45e0968ee,2026-10-07
48e437ee037ebf279e4ea84818ff69fb,2026-10-07
949174be0552a09789322f8146bbc419,2026-10-07
195bfa755bfad5ef420a6a078f77b2a3,2026-10-07
f00cca86da5a2f0c7f161304fd4675a6,2026-10-07
fb6b3e26e9696ec526a10a7ac71e16db,2026-10-07
0b35698246b2ef701e404c601f56f8cd,2026-10-07
d6a118827d9ffb82388b95c0b3556f9f,2026-10-07
6515e65df8895e625a629b3186289894,2026-10-07
b527fe9add008ed56ef27fac3edad043,2026-10-07
7ca93e4b69bb59677395860c4d46b852,2026-10-07
5e12bea1a418d685182f5f1f1fe9c8c8,2026-10-07
3a759408bb0a5e236615b9e182148631,2026-10-07
581d6b9d87c7dadcf22da9bd466c7077,2026-10-07
949f807b0c869ea007f436c083cc6422,2026-10-07
94d64bd3cb7ece52addbff319b4f7403,2026-10-07
e32f796e9dd3fd779de1071c24430760,2026-10-07
71691c418a1c83d41ddb26da310a8164,2026-10-07
647f13687f700af59ca3a70c1c75d53b,2026-10-07
eccf3d3d7024074c9b5a5910795e093f,2026-10-07
7275c98e170ab870b486ea5317dcc80d,2026-10-07
fdd6520efd6da5b8e5a2a1e858aafa84,2026-10-07
aa9d126e572d63150b529b033f8e276c,2026-10-07
f4842221150c4d7caa6f71defad786bd,2026-10-07
e264099f1c34af9b2411134f55b881e0,2026-10-07
565347955d2a041f4450f560ad77a5db,2026-10-07
adc5ad2b91b99801c447668099d7a378,2026-10-07
d0acf845ec83eb65af1f8afaf0b5fa7c,2026-10-07
072e9a4398c3d36d8351efb0f7ad7ab1,2026-10-07
fb6caf6d46f47b6bf0272299e8f07f72,2026-10-07
46b6145d9f6f7e95ca5e14d75506eb7a,2026-10-07
0a9aede41f0284c6924e26000d21aed2,2026-10-07
1ad250e3d3b1367d85cf4b32884299f2,2026-10-07
ce1f437f5ad501b04d24f700b6c1df99,2026-10-07
67188aa1618609054c58b597f9ef7d53,2026-10-07
8d44be76e9056ec46e71283f84f03326,2026-10-07
527fa672f150235f1bcb8bb0ec410380,2026-10-07
e5c7e43ff2fd5e89843b39b2b173391a,2026-10-07
e0fe4f3fd5918f1e7af3afdf1ae03c4a,2026-10-07
8c6dec90c881c2c3a10d57a12394e466,2026-10-07
bd38c15f9df1d8bc31446a9d69e0128b,2026-10-07
6a20c1b8a6600eb41418c828cc9fc6a1,2026-10-07
acb1db81829a5acb4a8b5c133b48a430,2026-10-07
8fa146c65b0b91eb83677466d371da4c,2026-10-07
96a55c6d3dbbcf377de472e91eafa56d,2026-10-07
5f3a47f3646c2dece17615cd2e66073c,2026-10-07
7179439d1999ce4902039f86b3377982,2026-10-07
0e0f7a557358a3272a05365733343fb1,2026-10-07
83f8e0e9fd53127807a1a9896509b2c8,2026-10-07
342aa8b558c1f6d902e16d2d0b74b5dc,2026-10-07
1c0a55db7bf393d084c2f45a0c755915,2026-10-07
2a470b7f57d148459a859a2b2daea1f9,2026-10-07
bd67437f8dfe7fa475ff4d3e1664ae5c,2026-10-07
d5fb3d0c8cca89d207bae6e41d932506,2026-10-07
bb68ed9222c51fec97a4f823c2c3c3a7,2026-10-07
d7b13c69ef215630f39c679196bebf93,2026-10-07
07af5833ab423874d8a27379791cb22d,2026-10-07
a2eb2ffad3ff1b91c06b4991100b7167,2026-10-07
040a8a1b91e83da16f70099aac9f5530,2026-10-07
88631e60abf76e56e266a1345cac4e06,2026-10-07
f7e4e434deb91e914dd1171a580b501e,2026-10-07
3ed9be0da2c129b0da7a47461b70f842,2026-10-07
50ebd72b41f7a97d0a3f1d4ce92b9305,2026-10-07
9692966aae53121dd772721187ffe54a,2026-10-07
8b064d0bffaa528ff020acb8ccde67e6,2026-10-07
a264e4f11ea08e1f58bf15088527f59b,2026-10-07
e4b2849ede4aa06822839f17843516fe,2026-10-07
e89eeb6fd6ac27751dc2e9d0c676d4a1,2026-10-07
abfcb58eb54b2c99ffdad7f97fa69eb8,2026-10-07
c77ae76d0887de70e0d228deed3cdefd,2026-10-07
8e1576c6ae09cf6ff448e28083252b76,2026-10-07
3c56dd24c3fbb9159a509206d2138382,2026-10-07
867af384534eb4094d9618dbe041f1de,2026-10-07
1781fe5ed9b9331e5f20a1006a03cb80,2026-10-07
ef9a25d15aafd264cd4426012ccd09be,2026-10-07
2218986affd7b1b04ffcc764b2646553,2026-10-07
8c004fa727c7f9b6cba6635087ec742d,2026-10-07
3907310c42c2a89e2bc28dcae642b8fa,2026-10-07
12f901142341a250badec5968be8b75a,2026-10-07
32c62f8f289980c3336a956b69e09979,2026-10-07
47c49635a0815d5fb3d17718225a691b,2026-10-07
51bec8431056275e81caec9c0ec6d4e1,2026-10-07
b9aa150769861c30d631ac3962473e86,2026-10-07
07b33ac8cf7e1ff459758e09fd9dad90,2026-10-07
dbe21743fd1e47fd925a2fe164c3c56d,2026-10-07
787bc9627b6373c5810ef25ff3ea4409,2026-10-07
a6044f4139117e4e3191a5077c887e6a,2026-10-07
879ff0233101f2c64402d2c1ea7ef097,2026-10-07
03c6948e1c501a792c5d39540b1eebf9,2026-10-07
26a3245265234be466f31920c3a2c861,2026-10-07
754a90e21a82ae341009039f1f85ff65,2026-10-07
d3ba3e495b2265bbcfa34d5d19a4fedd,2026-10-07
f2de8a0dcb135b365595df95e29fe050,2026-10-07
3c3ed1c310d64c8726ad751b0698f150,2026-10-07
3094d51c88bcf1d4436358bcd6289450,2026-10-07
527d8fe6b6f376d9cf3b0de3e09b0e2a,2026-10-07
a831297db928a484d97a6af296858551,2026-10-07
df03bfc43d98184f496363a1a51b0c76,2026-10-07
5ed248111f36c9653f091a5cff619383,2026-10-07
ec6785dd594c0960ed40b5aa8f7a3c71,2026-10-07
0ac75b2756ec2c91f408bd0591158d96,2026-10-07
39c32ca52f13ef724944822af50bd48c,2026-10-07
b079330491ccbbad42ac9d0d887dbfbb,2026-10-07
e2f34728f59344b5652366477ad244fc,2026-10-07
762567c227d9513d43b65d08c66cd50c,2026-10-07
8200ac8cfc923f798016cea0afcab166,2026-10-07
9edd8509c9091d00f9b6265624fe23ec,2026-10-07
f6e00746746ed26e3530c68cbb3e7bf1,2026-10-07
6f4f96acccffb58cf16f17035bae2ffa,2026-10-07
2aa0905d33cc80c6e32deaa61bbd3d25,2026-10-07
7ae5be3f4f5f687794c8327eb1491cd5,2026-10-07
6e08f1f966286ec02d0797e156fddbe6,2026-10-07
33234d703edfecfdd223a0613d59858e,2026-10-07
f5dffc728a5d61afd05042c6faba028c,2026-10-07
781b44a7d0870878cb96805e65d18589,2026-10-07
af8d61ed1c500ff1d1282d691027f516,2026-10-07
20ad7931e40de27948021e37352d42b6,2026-10-07
00d1879c4e792ea7f9a25ca9387cb35d,2026-10-07
8d9f0411c3b959b6cd1ba7b1bbbedcac,2026-10-07
9df17828c5d42c6eca5fb5af188c3f70,2026-10-07
eae10402a41a028d0b41cc856ee7e0e8,2026-10-07
4fc2f507e48dd310b6add7b3923ff377,2026-10-07
d280817305a7b2cd4db9e696f6f19c81,2026-10-07
4b782b982067d8b408ae3aa6dd18e6d8,2026-10-07
d10c8e87da9cf77b80a947f7aa49a5a9,2026-10-07
804cd95a918449d9f171fb4de931668b,2026-10-07
e91f829887759830d3fdbfac4eacd96c,2026-10-07
f486271fb1596a4176371600b80462be,2026-10-07
326417ecde3657318d83c88fb05d4848,2026-10-07
a2368e6f0df9186b450297ff55190541,2026-10-07
6308972779bfe45c307bb12ecffbe38d,2026-10-07
8fbc1ba90c21778fc39c7f7fdeb17e1d,2026-10-07
52ec161414e01430417f50d446cc71f9,2026-10-07
96c7bfcad7f0568f8c8d1ad747d57b21,2026-10-07
593037b59afd10a47ae5789273d2ff12,2026-10-07
d954bbb4e40535f83346cf4f584e9bd9,2026-10-07
131457848ea44094e4cd86c54f79bb29,2026-10-07
b1afe90767496cd86582c6672ac0989d,2026-10-07
52184e5487b053d5adde58dec93ba732,2026-10-07
7203d1546aac5e6910d6ab084d0864fb,2026-10-07
75cd1e5117e1bd140c153329c6a21761,2026-10-07
0738781e9667cffa518459a870baa7ab,2026-10-10
2560226dc6a4e15f3b1153254720d2dd,2026-10-10
521b00ae4702f0efef779ab11a0a4adc,2026-10-10
d6c4843fe66ea4cfede22ce1c29767e3,2026-10-10
4b1164a715fb66ba93112184dabdb3ab,2026-10-10
19a8429ad24d40b5cb48afbd195c6ee7,2026-10-10
e8eed7ed9ef721851a341e857fec88cd,2026-10-10
7c1fa407807c19e152f0d9ba985391cf,2026-10-10
25f217036478df269f92c968e08b4e25,2026-10-10
4602f5dedecd4843bcc94f9c7b754510,2026-10-10
6d81ec331fb5283a93233772bba66e85,2026-10-10
a3d1764288644bf6c71cc4db7255c64e,2026-10-10
5eba7a41bf51dd7cd490571c1b1a025a,2026-10-10
d94bd206a15bb1a554d52cab9da20381,2026-10-10
09e4d142e45c57be8242da385cc841c0,2026-10-10
6e563b88b917431f53ce674e50e75412,2026-10-10
5b60e770a89a7c3f83012fb2445791ab,2026-10-10
fea5180223295abac4c1cef08b077d04,2026-10-10
56e276ff9d15959a550f2ca2a1a92a04,2026-10-10
3b3ae2401eb7f720b22b31aaaabd9e84,2026-10-10
2aaea553b639ab86a7f074eb15e95475,2026-10-10
fc0be504e25abcd2f5126857156e4d68,2026-10-10
00a280447568c7d36390c2ea54923abb,2026-10-10
24ce3897657c7ea27cd5444f5b221bd2,2026-10-10
1b3f2b7f052f2463ea9d9e900c92b817,2026-10-10
8cfb9570d935f45eb4e6ed304cc36316,2026-10-10
8632bd905b97af605eddaf0c08b74c6c,2026-10-10
072530429f56bf3b7d758e25e8c18d6b,2026-10-10
b35400b9c977ce1d56d4113884bad700,2026-10-10
0087e62ac8da60682f0d522a62b31b19,2026-10-10
f34a814ae195e13763f28c0111f39acb,2026-10-10
9beebcf896bbc1915243d74a7470ed4b,2026-10-10
a06ab1065c444398b079c11c92062a16,2026-10-10
7d497c1a7dde77dd69b5c8c005b0ecea,2026-10-10
7f2396d35209d6b213602f622c80b57a,2026-10-10
9f6676461c9895a226464fdb4ee5690b,2026-10-10
14c2e83562be10c4a1567c7721e6bd54,2026-10-10
3dfe88a00072e1ccbe141dd3e5bd884b,2026-10-10
9fa6cc17540c5e4fa5fd896cf8e12ff0,2026-10-10
fb358da930a9792d7c176de9983f2b79,2026-10-10
cca8353fa7784651d37e1a209d6fc4ec,2026-10-10
ddcf2efe05aa72d21923f0aa33732993,2026-10-10
b4412922d1415b25b2404f595e1182bd,2026-10-10
ae2002eb0837a7753b8234dd7d4f565b,2026-10-10
4970350921d9c73d1e27a10ef5e3ea5c,2026-10-10
a7dec75525fbe826c9dfa1e03f1a7cfb,2026-10-10
f14dda7591a54a2a8f8c226e21070698,2026-10-10
2f02594fc03588615d92b5a02fa1fdd2,2026-10-10
4d17d6d7aea3a08448ae9f091f8f6449,2026-10-10
f19ef8cdc3c9ca07e23766c3f82e7d5a,2026-10-10
81175760c96801f778a0f3a90fc7d776,2026-10-10
78d69bb96e5ece1d24e45e7d7ad71a91,2026-10-10
82e55e79c10e11d43d21dc904de18bfb,2026-10-10
6c39fa142fed5132fc91b8cd55d4eb8a,2026-10-10
686ea05767b2ae947a2a7e7053d8f174,2026-10-10
f8236fabfa6c9b104bb10375b4b9c782,2026-10-10
5578d0eb4fcb88ccabef65ec943e529b,2026-10-10
a3649e1af481a576c4a8f233158a45a5,2026-10-10
fe82479a2bbd582aa6323343497430b1,2026-10-10
685b98a6f7d7342b2d5d0746cd5ee363,2026-10-10
693b0fe2e8aa47035603abd36b310ae1,2026-10-10
105743efe46041665271347f8a5dd032,2026-10-10
baac41a84e4fae73fd21012403f7faa5,2026-10-10
f444f3c7484bd537578afdfd637eecf1,2026-10-10
60487215946c1cf27731177af60573a0,2026-10-10
b04b1e4fec03895ddf03fa44f2445e8d,2026-10-10
480460b9230d0ebcd9cd69b8b35685d1,2026-10-10
017f32a4bccdb8f3209f175849a8db2f,2026-10-10
121b031fc7e0260abbd549635c6d1d60,2026-10-10
08a3f237538be887ded924bd9dfbbf61,2026-10-10
64970843f69adb28c71bf514b8bcf603,2026-10-10
314a3cffa574acef288bfa9322587fe8,2026-10-10
d4d58eb972fa796a83a87e3b1acc0098,2026-10-10
59922058ac6adea7be21d26e99da87be,2026-10-10
5e9ed9b2e3886c2cc4fd0983ca8dd82f,2026-10-10
9a7892906bfb36ce4fafe2740450dd94,2026-10-10
9ae54a6379243dc5807205c13400c5fd,2026-10-10
0634a8019e56ce9d4935183f5c729b27,2026-10-10
9086577167e4b84bd88a43caa62100b1,2026-10-10
f0412774ab2cf736391503fe98b86767,2026-10-10
0af812a76d095f65bcd530bae230eee9,2026-10-10
de2b7bd5aa641a1c2f99f2b03616ac06,2026-10-10
8f05607da2004c5850b2aac22e92d7b1,2026-10-10
f43bb8ea33db562c4b8c0d596bc4c88e,2026-10-10
e267fe8c4d2df14f949d05565a1813c4,2026-10-10
6bfe907fce02bc93c6766bd9d24fd1ea,2026-10-10
833bda8bcebfc50fbec014ce5e0feb5a,2026-10-10
5659841ac4b3bb8089bf214a41c6bc07,2026-10-10
564d147b66b4c1eed65dc9270b4772a6,2026-10-10
02ac0dfd57c571efdcef05bc17c1f0ea,2026-10-10
1792c0ae5f148541aaff25fbc9bd0cb3,2026-10-10
ee1389744b622777e2b3450a86015367,2026-10-10
7b382bd90e5c54995320cdca6be9f4eb,2026-10-10
cdada8746f397810326b15baddb0c2d4,2026-10-10
a4be210da28e995d724296e7b971169e,2026-10-10
822c3e40fbd471eba4f3491479d52fdd,2026-10-10
34284a4a5d2f74d18da9bcd79198afbc,2026-10-10
b721060ccc892e70fde88b133e6630c3,2026-10-10
29292ae21e3290806ec29aad0524cb4d,2026-10-10
84582423fd64ccffa4e932a63315602a,2026-10-10
a35f007635a02a9dc94ce20045a3074f,2026-10-10
97b808142d50b00527fda422bf916748,2026-10-10
ad2c8bab6d871343dc5d87ad9bf28c83,2026-10-10
2b87f9cde0e7b1904e1c3ca5477a4638,2026-10-10
1671de7110a722c3eb758caa2bc46d85,2026-10-10
3586e90d0c83ce3a66dae687498c6a98,2026-10-10
c91313056a522a81e0da0312c37ed500,2026-10-10
e271375f327496aa1277fe3cba1ff968,2026-10-10
558e06a6e4d07950e650de4e024b07f6,2026-10-10
4e4dda186d5dfd4bfb118f96c7ca4f2c,2026-10-10
00a272e1dd83343003e9a229db61e0ed,2026-10-10
fd8f30481c007c16c8573c70c1432a73,2026-10-10
97f0f39ea9c8e315f33c06f21b2775b8,2026-10-10
f77b46a1df0adbbd713c026cd247d564,2026-10-10
64346854ae440e3ed9b5c7b7fbdcdc22,2026-10-10
9b56ba35d1f1c29fc01fc77256a82ffa,2026-10-10
4ed09b9073ae473f0e67f81ed96c6b1c,2026-10-10
6d02f1a3ce29dd8603bcafa8dae48ef8,2026-10-10
cbd54fa998892de714b0d0ebeae4429b,2026-10-10
4c1ce67af664508e685c834e20c8a91b,2026-10-10
b9697777b43cc1b54672abf8e835b346,2026-10-10
19cc4a506fc28f42f9697c6a4d90f44f,2026-10-10
4f3413752b669a7b6e6d7f2cd39841e2,2026-10-10
95c9d312e0526b0312ff21946b8250cc,2026-10-10
1f32adbf128f4aadee2b29c912d26414,2026-10-10
c001361240c8bfc9b7b24d17addf8d0b,2026-10-10
df7cb46b1c7f35486ed0491bea4600d7,2026-10-10
0c8c4d615eef0fc29761e758d1da9da4,2026-10-10
4112aa52af3b23be9ec8ca31808e25b9,2026-10-10
c971327c7a4c47fecde610015d601de9,2026-10-10
40821ba4b862461227f452566eb83ae0,2026-10-10
e61ed9b38ff28903b7a445fafd62ec20,2026-10-10
df3bc70f8ad9b808950fdb65175dc12b,2026-10-10
a637c24decdfd882785115ad01242ea7,2026-10-10
bdfc32d84fe2b43dafba285063843eb3,2026-10-10
1bf32bdde2a28d0fd1480498d3217a94,2026-10-10
45829c1bae2161b41dfa709c5df0632e,2026-10-10
69c6b1a38e9a33996d7c1c9e6ae5c024,2026-10-10
7e3119d5fad719e49101d934f6c7941e,2026-10-10
90bf8d1b48c49a3f1ca3969d27146f31,2026-10-10
40c945e97561ef36fb7eb9b5498e4277,2026-10-10
436731c39172ffa4005ffd398932fadd,2026-10-10
a315fa1ea979e679e02f53f206b104ee,2026-10-10
62c829fb6d60caf341d0413b0b606282,2026-10-10
2146c7b7c70a156e1715e1a7824009e1,2026-10-10
c6ceef2be7ac27236e38dccac6004c01,2026-10-10
28a20a0de441e22b36539c0e9488875e,2026-10-10
a2450e7598950ae9287a128eb0554864,2026-10-10
eb8767c1224ed35d0f14204b61a3b2d8,2026-10-10
eb1a1d55628923fe306b472c925558a2,2026-10-10
93f66d7090e1483b8da51587a40124bb,2026-10-10
21b10dc0184bd889e81b8dff1ef1acf6,2026-10-10
fb22203feb8336f67a999484187361ef,2026-10-10
7832e433a8aa234cc4489eb6a595d30a,2026-10-10
dba13cf4ae615aeab253fd2279df630d,2026-10-10
8b5680a05a6b9d43560339615f72d6b0,2026-10-10
2d0d424fdb92009992147fc0acb54057,2026-10-10
d945370b007d4ad2b94094b3143898d8,2026-10-10
a2de4b8f48ebb6baed07df334e2ce0c2,2026-10-10
123dd21fad7f35c0b12467c202dcff87,2026-10-10
2c566ed5f27c1701cf7ec81fa2bb3e35,2026-10-10
943cffbb10072c2043eb4b85eeeb6383,2026-10-10
f808ac0c5a36f13e02ebad6922943af2,2026-10-10
5fdd9baa1b97fe52913325cc8603d513,2026-10-10
c26e19d3a9e49aa952e8798ed0a540ca,2026-10-10
21d8beb8819e1149b3f19075e67a9501,2026-10-10
d6fb1ca9456137ce0bf00a476c88f4e5,2026-10-10
e2c88d99b42fcb0d778f022557588290,2026-10-10
8e9abf4936f0d7c4affb365341f3e7e4,2026-10-10
e394d34a3991c4b1a67bc24b2d0426c6,2026-10-10
c83c72271b744bc59a1e8b53b759d11c,2026-10-10
ec2dc766c3f08e073b41e78b6b80ceeb,2026-10-10
6ddff1f835e44936496f1c20ecdf5214,2026-10-10
b088b27fd6c344dc5ed67bd7c11b2f02,2026-10-10
b35e23d149f2f8e681ee530868ca7e5e,2026-10-10
fb65044c540e4f25ae6e9a9196dc9237,2026-10-10
25e097fdcdc87b97ddb3e0146bc35d30,2026-10-10
a63f32b2c104311e4b25bd94451e9db4,2026-10-10
8e09140d519e720a3f4340ed12945bc9,2026-10-10
0a670640ac8d2b40eeff08a0f1f30c7a,2026-10-10
306fab30dee0279b01f1d2f715f3fe8d,2026-10-10
46e8d6f910b9eaad042d366010ca1a09,2026-10-10
c7fdf73424b2e140d9f4a956f0d0354f,2026-10-10
04aff997805863cf87d88f1e48ef056c,2026-10-10
78ff7fdc4a90caec731c4264d59fb105,2026-10-10
ac0632eb8ce78c80229bcc70ae84b16d,2026-10-10
c69d3d8857d4e5c2ca69c1f201bf45b5,2026-10-10
3f841b1456d31ff6071bf4a015631bf3,2026-10-10
c895dea4d19f84beca48d6f76c98dfbe,2026-10-10
9b7fda4524aa12e5f6b8d289284f75a3,2026-10-10
6733db2accd1750259d7e549ccfc53c4,2026-10-10
99cfc672b00e7fc1ff4ecb686a619c57,2026-10-10
