OBJECTID,id,ORGANIZATION_ID,ORGOP_LINE_ID,WELL_CLASS_TYPE_CODE,well,well_num,township,EFFECTIVE_DATE,api,OPERATION_TYPE_CODE,issue_date,spud,status,WELL_STATUS_DATE,ORIGINAL_COMPLETION_DATE,LAST_RECOMPLETION_DATE,LAST_TEST_DATE,ORPHANED_FLAG,PRODUCT_TYPE_CODE,CLASSIFICATION,UNIT_WELL_FLAG,EXEMPT_29E_FLAG,FIELD_ID,LEASE_NUM,MUD_DENSITY,USDW_VALUE,AREA_USDW_VALUE,SOURCE_AREA_USDW_VALUE,MAX_SIP,SIP_ASSIGNED_DATE,SOURCE_OF_SIP_VALUE,INJECTION_RATE,COMMENTS,LOCATION,section,MERIDIAN,range,PARISH_CODE,lat,lon,depth,LEGEND,DISTRICT_CODE,INSPECTION_DATE,INSPECTION_YEAR_INDEX,SECTION,INJECTION_VOLUME,LOG_REVIEWED_FLAG,ORPHAN_STATUS_CODE,ORPHAN_STATUS_DATE,field,operator,parish,SCOUT_WELL_STATUS_CODE,SCOUT_REPORT_DATE,SCOUT_MEASURED_DEPTH,SCOUT_TRUE_VERTICAL_DEPTH,LUW_CODE,LUW_TYPE_CODE,LUW_NAME,LW_REC_STATUS,SURFACE_LAMBERT_X,SURFACE_LAMBERT_Y,SURFACE_COORD_SYSTEM_CODE,SURFACE_ZONE,SURFACE_UTM83_X,SURFACE_UTM83_Y,UPPER_PERFS,LOWER_PERFS,SANDS,RESERVOIRS,FORMATIONS,HYPERLINK,GIS_UPD_DATE,status_desc,dirwell,SCOUT_DETAIL,MINERAL_INTEREST_FLAG,STATE_INTEREST_FLAG,DOC_ACCESS,STATE_ZONE,COASTAL_PERMIT_NUM,SE_ANNO_CAD_DATA,TRUE_VERTICAL_DEPTH
239341,255678,P344,1,,VUB;MINERAL RESOURCES DEV I,002,07S,2026-05-22 05:00:00,17019224180000,01,2026-05-22 05:00:00,,01,2026-05-22 05:00:00,,,,,00,,,,7315,,0.0,,0.0,,,,,0.0,,"S 66 D 04' 57"" E 14,050.78' FROM NGS MON. ""DEQUINCY HIGH SCHOOL CORS ARP"", SEC 20-T07S-R10W.",020,W,10W,10,30.436190647,-93.404230307,14000.0,01,,,,020,,,,,PERKINS,"PIE LA OPERATING, LLC",CALCASIEU,01,2026-05-22 05:00:00,14000.0,,,,,,1347440.0,649300.0,01,S,461184.392551161,3367189.78135732,,,,,,"https://sonlite.dnr.state.la.us/ords/apex/r/sonris_pub/sonris_data_portal/well-profile?clear=CR,9000&ig[ig_master]_well_serial_num=255678",2026-07-18 09:05:38,PERMITTED,,"S 66 D 04' 57"" E 14,050.78' FROM NGS MON. ""DEQUINCY HIGH SCHOOL CORS ARP"", SEC 20-T07S-R10W.",,,https://sonlite.dnr.state.la.us/ords/r/sonris/ucmsearch/finddocuments?qtype=eq&idx=xwellserialnumber&val=255678,SOUTH,,,14000.0
239722,255679,E5724,1,,ANKERSON,A-039,22N,2026-05-27 05:00:00,17017370420000,01,2026-05-27 05:00:00,,01,2026-05-27 05:00:00,,,,,00,,,,2152,,0.0,,0.0,,,,,0.0,,2428' FSL & 900' FWL OF SEC 21-T22N-R15W.,021,W,15W,09,32.883882255,-93.92801917,1200.0,01,,,,021,,,,,CADDO PINE ISLAND,"EGH OPERATING, LLC",CADDO,01,2026-05-27 05:00:00,1200.0,,,,,,1561630.0,809385.0,01,N,413193.365826481,3638795.94712055,,,,,,"https://sonlite.dnr.state.la.us/ords/apex/r/sonris_pub/sonris_data_portal/well-profile?clear=CR,9000&ig[ig_master]_well_serial_num=255679",2026-07-18 09:05:38,PERMITTED,,2428' FSL & 900' FWL OF SEC 21-T22N-R15W.,,,https://sonlite.dnr.state.la.us/ords/r/sonris/ucmsearch/finddocuments?qtype=eq&idx=xwellserialnumber&val=255679,NORTH,,,1200.0
239723,255680,E5724,1,,ANKERSON,A-040,22N,2026-05-27 05:00:00,17017370430000,01,2026-05-27 05:00:00,,01,2026-05-27 05:00:00,,,,,00,,,,2152,,0.0,,0.0,,,,,0.0,,2334' FSL & 1023' FWL OF SEC 21-T22N-R15W.,021,W,15W,09,32.883625649,-93.927614505,1200.0,01,,,,021,,,,,CADDO PINE ISLAND,"EGH OPERATING, LLC",CADDO,01,2026-05-27 05:00:00,1200.0,,,,,,1561753.0,809290.0,01,N,413230.969391862,3638767.16595054,,,,,,"https://sonlite.dnr.state.la.us/ords/apex/r/sonris_pub/sonris_data_portal/well-profile?clear=CR,9000&ig[ig_master]_well_serial_num=255680",2026-07-18 09:05:38,PERMITTED,,2334' FSL & 1023' FWL OF SEC 21-T22N-R15W.,,,https://sonlite.dnr.state.la.us/ords/r/sonris/ucmsearch/finddocuments?qtype=eq&idx=xwellserialnumber&val=255680,NORTH,,,1200.0
239724,255681,E5724,1,,CASON,A-009,22N,2026-05-27 05:00:00,17017370440000,01,2026-05-27 05:00:00,,01,2026-05-27 05:00:00,,,,,00,,,,2152,,0.0,,0.0,,,,,0.0,,2481' FNL & 598' FEL OF SEC 20-T22N-R15W.,020,W,15W,09,32.885023617,-93.932887311,1200.0,01,,,,020,,,,,CADDO PINE ISLAND,"EGH OPERATING, LLC",CADDO,01,2026-05-27 05:00:00,1200.0,,,,,,1560141.0,809820.0,01,N,412739.103498061,3638926.49871456,,,,,,"https://sonlite.dnr.state.la.us/ords/apex/r/sonris_pub/sonris_data_portal/well-profile?clear=CR,9000&ig[ig_master]_well_serial_num=255681",2026-07-18 09:05:38,PERMITTED,,2481' FNL & 598' FEL OF SEC 20-T22N-R15W.,,,https://sonlite.dnr.state.la.us/ords/r/sonris/ucmsearch/finddocuments?qtype=eq&idx=xwellserialnumber&val=255681,NORTH,,,1200.0
239725,255682,E5724,1,,STRIEF,A-003,22N,2026-05-27 05:00:00,17017370450000,01,2026-05-27 05:00:00,,01,2026-05-27 05:00:00,,,,,00,,,,2152,,0.0,,0.0,,,,,0.0,,1269' FNL & 2154' FEL OF SEC 30-T22N-R15W.,030,W,15W,09,32.873800467,-93.955471622,1200.0,01,,,,030,,,,,CADDO PINE ISLAND,"EGH OPERATING, LLC",CADDO,01,2026-05-27 05:00:00,1200.0,,,,,,1553153.0,805829.0,01,N,410615.255263684,3637701.15543971,,,,,,"https://sonlite.dnr.state.la.us/ords/apex/r/sonris_pub/sonris_data_portal/well-profile?clear=CR,9000&ig[ig_master]_well_serial_num=255682",2026-07-18 09:05:38,PERMITTED,,1269' FNL & 2154' FEL OF SEC 30-T22N-R15W.,,,https://sonlite.dnr.state.la.us/ords/r/sonris/ucmsearch/finddocuments?qtype=eq&idx=xwellserialnumber&val=255682,NORTH,,,1200.0
239726,255683,E5724,1,,WILLIAMS,A-003,22N,2026-05-27 05:00:00,17017370460000,01,2026-05-27 05:00:00,,01,2026-05-27 05:00:00,,,,,00,,,,2152,,0.0,,0.0,,,,,0.0,,1270' FNL & 2482' FEL OF SEC 30-T22N-R15W.,030,W,15W,09,32.741696883,-98.500570827,1200.0,01,,,,030,,,,,CADDO PINE ISLAND,"EGH OPERATING, LLC",CADDO,01,2026-05-27 05:00:00,1200.0,,,,,,155826.0,805832.0,01,N,-15663.1680443937,3636064.67844121,,,,,,"https://sonlite.dnr.state.la.us/ords/apex/r/sonris_pub/sonris_data_portal/well-profile?clear=CR,9000&ig[ig_master]_well_serial_num=255683",2026-07-18 09:05:38,PERMITTED,,1270' FNL & 2482' FEL OF SEC 30-T22N-R15W.,,,https://sonlite.dnr.state.la.us/ords/r/sonris/ucmsearch/finddocuments?qtype=eq&idx=xwellserialnumber&val=255683,NORTH,,,1200.0
239727,255684,E4161,1,,HA RA SUJ;SWN PROD 13-24 HC,001,12N,2026-05-28 05:00:00,17081219460000,01,2026-05-28 05:00:00,,01,2026-05-28 05:00:00,,,,,00,,,,5955,,0.0,,0.0,,,,,0.0,,"263' FNL, 411' FEL, SEC 014-T12N-R09W.  PBHL: 25' FSL, 650' FWL, SEC 24-T12N-R09W",014,W,09W,41,32.030607626,-93.25668279,23975.0,-1,,,,014,,,,,LIBERTY,"ENSIGHT IV ENERGY MANAGEMENT, LLC",RED RIVER,01,2026-05-28 05:00:00,23975.0,,,,,,1765566.0,496882.0,01,N,475762.960485901,3543857.12021102,,,,,,"https://sonlite.dnr.state.la.us/ords/apex/r/sonris_pub/sonris_data_portal/well-profile?clear=CR,9000&ig[ig_master]_well_serial_num=255684",2026-07-18 09:05:38,PERMITTED,,"263' FNL, 411' FEL, SEC 014-T12N-R09W.  PBHL: 25' FSL, 650' FWL, SEC 24-T12N-R09W",,,https://sonlite.dnr.state.la.us/ords/r/sonris/ucmsearch/finddocuments?qtype=eq&idx=xwellserialnumber&val=255684,NORTH,,,12981.0
239064,255685,E1152,1,,HA RA SU89;CHC27&22&15-17-15HC,001-ALT,17N,2026-05-29 05:00:00,17017370470000,01,2026-05-29 05:00:00,,01,2026-05-29 05:00:00,,,,,00,,Y,,4313,,0.0,,0.0,,,,,0.0,,348' FSL & 1118' FEL OF SEC 27-T17N-R15W.  PBHL: 100' FNL & 832' FEL OF SEC 15-T17N-R15W.,027,W,15W,09,32.428773046,-93.886628766,35000.0,-1,3N,,,027,,,,,GREENWOOD-WASKOM,EXPAND OPERATING LLC,CADDO,01,2026-05-29 05:00:00,35000.0,,,,,,1572218.0,643648.0,01,N,416643.821831907,3588309.43477982,,,,,,"https://sonlite.dnr.state.la.us/ords/apex/r/sonris_pub/sonris_data_portal/well-profile?clear=CR,9000&ig[ig_master]_well_serial_num=255685",2026-07-18 09:05:38,PERMITTED,,348' FSL & 1118' FEL OF SEC 27-T17N-R15W.  PBHL: 100' FNL & 832' FEL OF SEC 15-T17N-R15W.,,,https://sonlite.dnr.state.la.us/ords/r/sonris/ucmsearch/finddocuments?qtype=eq&idx=xwellserialnumber&val=255685,NORTH,,,14000.0
239065,255686,E1152,1,,HA RA SU81;CHC34&3&10-17-15HC,001-ALT,17N,2026-05-29 05:00:00,17017370480000,01,2026-05-29 05:00:00,,01,2026-05-29 05:00:00,,,,,00,,Y,,4313,,0.0,,0.0,,,,,0.0,,"348'  FSL & 1138' FEL OF SEC 27-T17N-R15W, GREENWOOD WASKOM FIELD.  PBHL: 100' FSL & 625' FEL OF SEC 10-16N-R15W, METCALF FIELD.",027,W,15W,09,32.428772343,-93.88669358,35000.0,-1,3N,,,027,,,,,GREENWOOD-WASKOM,EXPAND OPERATING LLC,CADDO,01,2026-05-29 05:00:00,35000.0,,,,,,1572198.0,643648.0,01,N,416637.7274823581,3588309.40737643,,,,,,"https://sonlite.dnr.state.la.us/ords/apex/r/sonris_pub/sonris_data_portal/well-profile?clear=CR,9000&ig[ig_master]_well_serial_num=255686",2026-07-18 09:05:38,PERMITTED,,"348'  FSL & 1138' FEL OF SEC 27-T17N-R15W, GREENWOOD WASKOM FIELD.  PBHL: 100' FSL & 625' FEL OF SEC 10-16N-R15W, METCALF FIELD.",,,https://sonlite.dnr.state.la.us/ords/r/sonris/ucmsearch/finddocuments?qtype=eq&idx=xwellserialnumber&val=255686,NORTH,,,14000.0
239066,255687,A1169,1,,HA RA SU136;KUHN 24&36-18-15HC,001,18N,2026-05-28 05:00:00,17017370490000,01,2026-05-28 05:00:00,,01,2026-05-28 05:00:00,,,,,00,,Y,,4313,,0.0,,0.0,,,,,0.0,,825' FNL & 2143' FEL OF SEC 24-T18N-R15W. PBHL: 1752' FSL & 1001' FWL OF SEC 36-T18N-R15W.,024,W,15W,09,32.541370227,-93.852986093,30000.0,-1,3N,,,024,,,,,GREENWOOD-WASKOM,"APEX NATURAL GAS, LLC",CADDO,01,2026-05-28 05:00:00,30000.0,,,,,,1583109.0,684478.0,01,N,419906.642151462,3600765.78048222,,,,,,"https://sonlite.dnr.state.la.us/ords/apex/r/sonris_pub/sonris_data_portal/well-profile?clear=CR,9000&ig[ig_master]_well_serial_num=255687",2026-07-18 09:05:38,PERMITTED,,825' FNL & 2143' FEL OF SEC 24-T18N-R15W. PBHL: 1752' FSL & 1001' FWL OF SEC 36-T18N-R15W.,,,https://sonlite.dnr.state.la.us/ords/r/sonris/ucmsearch/finddocuments?qtype=eq&idx=xwellserialnumber&val=255687,NORTH,,,13000.0
239067,255688,A1169,1,,HA RA SU136;KUHN 24&36-18-15HC,002-ALT,18N,2026-05-28 05:00:00,17017370500000,01,2026-05-28 05:00:00,,01,2026-05-28 05:00:00,,,,,00,,Y,,4313,,0.0,,0.0,,,,,0.0,,850' FNL & 2143' FEL OF SEC 24-T18N-R15W.  PBHL: 1776' FSL & 2261' FWL OF SEC 36-T18N-R15W.,024,W,15W,09,32.541301517,-93.85298508,30000.0,-1,3N,,,024,,,,,GREENWOOD-WASKOM,"APEX NATURAL GAS, LLC",CADDO,01,2026-05-28 05:00:00,30000.0,,,,,,1583109.0,684453.0,01,N,419906.676251102,3600758.16274248,,,,,,"https://sonlite.dnr.state.la.us/ords/apex/r/sonris_pub/sonris_data_portal/well-profile?clear=CR,9000&ig[ig_master]_well_serial_num=255688",2026-07-18 09:05:38,PERMITTED,,850' FNL & 2143' FEL OF SEC 24-T18N-R15W.  PBHL: 1776' FSL & 2261' FWL OF SEC 36-T18N-R15W.,,,https://sonlite.dnr.state.la.us/ords/r/sonris/ucmsearch/finddocuments?qtype=eq&idx=xwellserialnumber&val=255688,NORTH,,,13000.0
239068,255689,A1169,1,,KUHN 24&36-18-15HC,003,18N,2026-05-28 05:00:00,17017370510000,01,2026-05-28 05:00:00,,01,2026-05-28 05:00:00,,,,,00,,Y,,4313,,0.0,,0.0,,,,,0.0,,875 FNL & 2142' FEL OF SEC 24-T18N-R15W.  PBHL: 1300' FSL & 1840' FEL OF SEC 25-T18N-R15W.,024,W,15W,09,32.541232807,-93.852984068,30000.0,-1,3N,,,024,,,,,GREENWOOD-WASKOM,"APEX NATURAL GAS, LLC",CADDO,01,2026-05-28 05:00:00,30000.0,,,,,,1583109.0,684428.0,01,N,419906.710350861,3600750.54500265,,,,,,"https://sonlite.dnr.state.la.us/ords/apex/r/sonris_pub/sonris_data_portal/well-profile?clear=CR,9000&ig[ig_master]_well_serial_num=255689",2026-07-18 09:05:38,PERMITTED,,875 FNL & 2142' FEL OF SEC 24-T18N-R15W.  PBHL: 1300' FSL & 1840' FEL OF SEC 25-T18N-R15W.,,,https://sonlite.dnr.state.la.us/ords/r/sonris/ucmsearch/finddocuments?qtype=eq&idx=xwellserialnumber&val=255689,NORTH,,,13000.0
239069,255690,A1169,1,,KUHN 24&36-18-15HC,004,18N,2026-05-28 05:00:00,17017370520000,01,2026-05-28 05:00:00,,01,2026-05-28 05:00:00,,,,,00,,Y,,4313,,0.0,,0.0,,,,,0.0,,900' FNL & 2142' FEL OF SEC 24-T18N-R15W.  PBHL: 1825' FSL & 580' FEL OF SEC 36-T18N-R15W.,024,W,15W,09,30.848009241,-93.828481627,30000.0,-1,3N,,,024,,,,,GREENWOOD-WASKOM,"APEX NATURAL GAS, LLC",CADDO,01,2026-05-28 05:00:00,30000.0,,,,,,1583109.0,68443.0,01,N,420781.636814373,3413051.42983125,,,,,,"https://sonlite.dnr.state.la.us/ords/apex/r/sonris_pub/sonris_data_portal/well-profile?clear=CR,9000&ig[ig_master]_well_serial_num=255690",2026-07-18 09:05:38,PERMITTED,,900' FNL & 2142' FEL OF SEC 24-T18N-R15W.  PBHL: 1825' FSL & 580' FEL OF SEC 36-T18N-R15W.,,,https://sonlite.dnr.state.la.us/ords/r/sonris/ucmsearch/finddocuments?qtype=eq&idx=xwellserialnumber&val=255690,NORTH,,,13000.0
239797,255691,A1203,1,,WW FARMS 34-3-10HC,001,15N,2026-06-02 05:00:00,17013223560000,01,2026-06-02 05:00:00,,01,2026-06-02 05:00:00,,,,,00,,,,9803,,0.0,,0.0,,,,,0.0,,954' FNL & 41' FWL OF SEC 34-T15N-R9W.  PBHL: 100' FSL & 380' FWL OF SEC 10-T14N-R9W.,034,W,09W,07,32.247770859,-93.288685506,23000.0,-1,,,,034,,,,,WOODARDVILLE,ADAMAS ENERGY LLC,BIENVILLE,07,2026-07-15 05:00:00,2013.0,,,,,,1756224.0,575950.0,01,N,472805.643817355,3567936.31687546,,,,,,"https://sonlite.dnr.state.la.us/ords/apex/r/sonris_pub/sonris_data_portal/well-profile?clear=CR,9000&ig[ig_master]_well_serial_num=255691",2026-07-18 09:05:38,PERMITTED,,"SCOUT CODE 7: 7/7/2026 TUES. 6:00 AM - ;  7/8/2026 WED. 6:00 AM - ;  7/9/2026 THURS. 6:00 AM - LEVEL RIG. RUN IN HOLEW/BHA #1. DRILL F/120' T/1853' (1723'DRILLED IN 13.5 HRS). ROTATE 1643' IN 12.5 HRS. SLIDE 90' IN 1 HR.;  7/10/2026 FRI. 6:00 AM - DRILL F/1853' T/2013' (160' IN 2 HRS). ROTATE 93' IN 1.25 HRS. SLIDE 67' IN .75 HRS. PERFORM CLEAN UP CYCLE, PUMP 40 BBL  OF LCM SWEEP AROUND. TOOH F/2013' T/500'. SPOT 40 BBL LCM PILL. L/D DIR TOOLS. LAY OUT DIVERTER. RU CSG CREW. RIH W/SUF CSF F/SHOE T/2010'. WASH DOWN AS NEEDED. CIRC PIPE CAPACITY. L/D LANDING JNT.RELEASE TO WW FAMRS 34-3-10 #2 @ 6:00 7/10/26.;  7/11/2026 SAT. 6:00 AM - NO ACTIVITY;  7/12/2026 SUN. 6:00 AM - NO ACTIVITY;  7/13/2026 MON. 6:00 AM - NO ACTIVITY",,,https://sonlite.dnr.state.la.us/ords/r/sonris/ucmsearch/finddocuments?qtype=eq&idx=xwellserialnumber&val=255691,NORTH,,,12000.0
239796,255692,A1203,1,,WW FARMS 34-3-10HC,002,15N,2026-06-02 05:00:00,17013223570000,01,2026-06-02 05:00:00,,01,2026-06-02 05:00:00,,,,,00,,,,9803,,0.0,,0.0,,,,,0.0,,963' FNL & 64' FWL OF SEC 34-T15N-R9W.  PBHL: 100' FSL & 1465' FWL OF SEC 10-T14N-R9W.,034,W,09W,07,32.2477466,-93.288607666,23000.0,-1,,,,034,,,,,WOODARDVILLE,ADAMAS ENERGY LLC,BIENVILLE,05,2026-07-15 05:00:00,4789.0,,,,,,1756248.0,575941.0,01,N,472812.969228011,3567933.608126,,,,,,"https://sonlite.dnr.state.la.us/ords/apex/r/sonris_pub/sonris_data_portal/well-profile?clear=CR,9000&ig[ig_master]_well_serial_num=255692",2026-07-18 09:05:38,PERMITTED,,"SCOUT CODE 5: 7/7/2026 TUES. 6:00 AM - M/U BHA & DRILL 17.5 "" HOLE TO 180', P/U NMDC & 8"" SPIRAL DC, RACK BACK & TROUBLE SHOOT DRAWWORKS. M/U HWDP & 8"" COLLARS & RIH. DRILL F/120' T/1413' (1293' IN 8.75 HRS). ROTATE 1165' IN 7 HRS. SLIDE 128' IN 1.75 HRS. ;  7/8/2026 WED. 6:00 AM - DRILL F/1413' T/2015' (602' IN 6.5 HRS). ROTATE 554' IN 5.5 HRS. SLIDE 48' IN 1 HRS. CIRCULATE BOTTOMS UP, TOOH TO RUN SURFACE CSG.  BACKREAM TIGHT HOLE F/1320' T/1100', ND DIVERTER, RIG UP CSG CREW, RUN 13 3/8"" CSG T/2012'. ,;  7/9/2026 THURS. 6:00 AM - CIRC CSG CAPACITY, BACK OUT & LAYDOWN JNT, RELEASE RIG TO WW FARMS 34-3-10 #1.;  7/10/2026 FRI. 6:00 AM - ;  7/11/2026 SAT. 6:00 AM - WALK RIG FROM WW FARMSS 34-3-10 HC #1 & CENTER. TEST BOP & RELATED EQUIPMENT.;  7/12/2026 SUN. 6:00 AM - TEST ON MPD FAILED ON HIGH TEST, LEAKING UNDER POLLUTION PAN. FOUND DAMAGE RING GASKET UNDER POLLLUTION PAN. TEST ORBIT VALVES 250/1500 FOR 5 MIN EACH. TEST MPD CHOKES 250/1500 FOR 5 MIN. PULL TEST PLUG. TEST CSG T/1500 PSI FOR 30 MIN. P/U DIR BHA. TIH W/1650'. INSTALL RCD. TIH F/1650' T/1880'. PUMP THROUGH CHOKE MANINFOLD. DRILL OUT FLOAT EQUIP& 10' NEW FORMATION. PERFORM FIT. DRILL F/2015' T/2512' (497' IN 5.25 HRS). ROTATE 341' IN 3.75 HRS, SLIDE 156' IN 1.5 HRS.;  7/13/2026 MON. 6:00 AM - DRILL F/2512' T/4789' (2277' IN 22.75 HRS. ROTATE 2202' IN 19.5 HRS. SLIDE 75' IN 3.5 HRS.",,,https://sonlite.dnr.state.la.us/ords/r/sonris/ucmsearch/finddocuments?qtype=eq&idx=xwellserialnumber&val=255692,NORTH,,,12000.0
238815,255693,A1169,1,,HA RA SUAA;CRDL 9&28-16-14HC,001,16N,2026-06-09 05:00:00,17017370530000,01,2026-06-09 05:00:00,,01,2026-06-09 05:00:00,,,,,00,,,,2428,,0.0,,0.0,,,,,0.0,,635' FSL & 2148' FWL OF SEC 9-T16N-R14W. PBHL: 1320' FNL & 430' FWL OF SEC 28-T17N-R14W.,009,W,14W,09,32.385739932,-93.807763473,35000.0,-1,,,,009,,,,,CEDAR GROVE,"APEX NATURAL GAS, LLC",CADDO,01,2026-06-09 05:00:00,35000.0,,,,,,1596361.0,627691.0,01,N,424022.496967477,3583480.2305984,,,,,,"https://sonlite.dnr.state.la.us/ords/apex/r/sonris_pub/sonris_data_portal/well-profile?clear=CR,9000&ig[ig_master]_well_serial_num=255693",2026-07-18 09:05:38,PERMITTED,,635' FSL & 2148' FWL OF SEC 9-T16N-R14W. PBHL: 1320' FNL & 430' FWL OF SEC 28-T17N-R14W.,,,https://sonlite.dnr.state.la.us/ords/r/sonris/ucmsearch/finddocuments?qtype=eq&idx=xwellserialnumber&val=255693,NORTH,,,13500.0
238816,255694,A1169,1,,HA RA SUAA;CRDL 9&28-16-14HC,002-ALT,16N,2026-06-09 05:00:00,17017370540000,01,2026-06-09 05:00:00,,01,2026-06-09 05:00:00,,,,,00,,,,2428,,0.0,,0.0,,,,,0.0,,658' FSL & 2159 FWL OF SEC 9-T16N-R14W.  PBHL: 1320' FNL & 1535' FWL OF SEC 28-T17N-R14W.,009,W,14W,09,32.385800798,-93.807725462,35000.0,-1,,,,009,,,,,CEDAR GROVE,"APEX NATURAL GAS, LLC",CADDO,01,2026-06-09 05:00:00,35000.0,,,,,,1596373.0,627713.0,01,N,424026.123273398,3583486.95084115,,,,,,"https://sonlite.dnr.state.la.us/ords/apex/r/sonris_pub/sonris_data_portal/well-profile?clear=CR,9000&ig[ig_master]_well_serial_num=255694",2026-07-18 09:05:38,PERMITTED,,658' FSL & 2159 FWL OF SEC 9-T16N-R14W.  PBHL: 1320' FNL & 1535' FWL OF SEC 28-T17N-R14W.,,,https://sonlite.dnr.state.la.us/ords/r/sonris/ucmsearch/finddocuments?qtype=eq&idx=xwellserialnumber&val=255694,NORTH,,,13500.0
238817,255695,A1169,1,,HA RA SUAA;CRDL 9&28-16-14HC,003-ALT,16N,2026-06-09 05:00:00,17017370550000,01,2026-06-09 05:00:00,,01,2026-06-09 05:00:00,,,,,00,,,,2428,,0.0,,0.0,,,,,0.0,,680 FSL & 2170' FWL OF SEC 9-T16N-R14W.  PBHL: 1320' FNL & 2631' FEL OF SEC 28-T17N-R14W.,009,W,14W,09,32.385861631,-93.807690691,35000.0,-1,,,,009,,,,,CEDAR GROVE,"APEX NATURAL GAS, LLC",CADDO,01,2026-06-09 05:00:00,35000.0,,,,,,1596384.0,627735.0,01,N,424029.444864337,3583493.6697077,,,,,,"https://sonlite.dnr.state.la.us/ords/apex/r/sonris_pub/sonris_data_portal/well-profile?clear=CR,9000&ig[ig_master]_well_serial_num=255695",2026-07-18 09:05:38,PERMITTED,,680 FSL & 2170' FWL OF SEC 9-T16N-R14W.  PBHL: 1320' FNL & 2631' FEL OF SEC 28-T17N-R14W.,,,https://sonlite.dnr.state.la.us/ords/r/sonris/ucmsearch/finddocuments?qtype=eq&idx=xwellserialnumber&val=255695,NORTH,,,13500.0
238818,255696,A1169,1,,HA RA SUAA;CRDL 9&28-16-14HC,004-ALT,16N,2026-06-09 05:00:00,17017370560000,01,2026-06-09 05:00:00,,01,2026-06-09 05:00:00,,,,,00,,,,2428,,0.0,,0.0,,,,,0.0,,1044' FSL & 2339' FWL OF SEC 9-T16N-R14W.  PBHL: 1320' FNL & 1535' FEL OF SEC 28-T17N-R14W.,009,W,14W,09,32.38685691,-93.807137892,35000.0,-1,,,,009,,,,,CEDAR GROVE,"APEX NATURAL GAS, LLC",CADDO,01,2026-06-09 05:00:00,35000.0,,,,,,1596559.0,628095.0,01,N,424082.274597169,3583603.60789828,,,,,,"https://sonlite.dnr.state.la.us/ords/apex/r/sonris_pub/sonris_data_portal/well-profile?clear=CR,9000&ig[ig_master]_well_serial_num=255696",2026-07-18 09:05:38,PERMITTED,,1044' FSL & 2339' FWL OF SEC 9-T16N-R14W.  PBHL: 1320' FNL & 1535' FEL OF SEC 28-T17N-R14W.,,,https://sonlite.dnr.state.la.us/ords/r/sonris/ucmsearch/finddocuments?qtype=eq&idx=xwellserialnumber&val=255696,NORTH,,,13500.0
238819,255697,A1169,1,,HA RA SUAA;CRDL 9&28-16-14HC,005-ALT,16N,2026-06-09 05:00:00,17017370570000,01,2026-06-09 05:00:00,,01,2026-06-09 05:00:00,,,,,00,,,,2428,,0.0,,0.0,,,,,0.0,,1067' FSL & 2349' FWL OF SEC 9-T16N-R14W.  PBHL: 1320' FNL & 430' FEL OF SEC 28-T17N-R14W.,009,W,14W,09,32.386920458,-93.807106398,35000.0,-1,,,,009,,,,,CEDAR GROVE,"APEX NATURAL GAS, LLC",CADDO,01,2026-06-09 05:00:00,35000.0,,,,,,1596569.0,628118.0,01,N,424085.290097321,3583610.63010148,,,,,,"https://sonlite.dnr.state.la.us/ords/apex/r/sonris_pub/sonris_data_portal/well-profile?clear=CR,9000&ig[ig_master]_well_serial_num=255697",2026-07-18 09:05:38,PERMITTED,,1067' FSL & 2349' FWL OF SEC 9-T16N-R14W.  PBHL: 1320' FNL & 430' FEL OF SEC 28-T17N-R14W.,,,https://sonlite.dnr.state.la.us/ords/r/sonris/ucmsearch/finddocuments?qtype=eq&idx=xwellserialnumber&val=255697,NORTH,,,13500.0
240137,255698,M170,1,,J SU44;LIMEKILN ETAL,007,22N,2026-06-22 05:00:00,17017370580000,01,2026-06-12 05:00:00,2026-06-15 05:00:00,31,2026-06-22 05:00:00,,,,,00,,,,2152,,0.0,,0.0,,,,,0.0,,1150' FNL & 2475' FEL OF SEC 34-T22N-R15W.,034,W,15W,09,32.859482508,-93.904731866,3500.0,3100,,,,034,,,,,CADDO PINE ISLAND,MARTIN PRODUCTION COMPANY,CADDO,31,2026-06-22 05:00:00,3500.0,,,,,,1568664.0,800414.0,01,N,415348.543747408,3636071.98704131,,,,,,"https://sonlite.dnr.state.la.us/ords/apex/r/sonris_pub/sonris_data_portal/well-profile?clear=CR,9000&ig[ig_master]_well_serial_num=255698",2026-07-18 09:05:38,SHUT-IN DRY HOLE -FUTURE UTILITY  NO PRODUCT SPECIFIED,,"(PWH)  SCOUT CODE 31: 6/16/2026 TUES. 6:00 AM - DRILLING AT 2,314';  6/17/2026 WED. 6:00 AM - DRILLING AT 2,709';  6/18/2026 THURS. 6:00 AM - DRILLING AT 2,846';  6/19/2026 FRI. 6:00 AM - DRILLING AT 3,073';  6/20/2026 SAT. 6:00 AM - DRILLING AT 3,347;  6/21/2026 SUN. 6:00 AM - TD WELL AT 3,500.  TOH.  MIRU LOGGING SOLUTIONS AND LOG WELL.  TIH W/ DRILL PIPE TO CONDITION HOLE.;  6/22/2026 MON. 6:00 AM - TOH LAYING DOWN DRILL PIPE.  MIRU DOC CASING CREW - RUN 5-1/2"" 17 AND 20# L-80 LTC CASING TO 3,494'.  MIRU DOC CEMENT CREW.  TEST LINES, PUMP 365 SACKS CLASS A AND 110 SACKS CLASS H CEMENT.  4 BARRELS CEMENT RETURN TO SURFACE.  TEST CASING TO 1,500 PSI.  SET CASING IN SLIPS.  RDMO DOC.  MAKE CUT ON CASING AND INSTALL WELLHEAD.  RELEASE RIG AT 06:00.",,,https://sonlite.dnr.state.la.us/ords/r/sonris/ucmsearch/finddocuments?qtype=eq&idx=xwellserialnumber&val=255698,NORTH,,,3500.0
240134,255700,C332,1,,HA RB SUNN;BAGLEY ET AL 35 HU,002-ALT,13N,2026-06-11 05:00:00,17031275960000,01,2026-06-11 05:00:00,,01,2026-06-11 05:00:00,,,,,00,,,,1464,,0.0,,0.0,,,,,0.0,,"309' FNL & 2263' FWL, SEC 35-T13N-R15W.  PBHL: 100' FNL & 1410' FEL, SEC 35-T13N-R15W.",035,W,15W,16,30.801513438,-93.858373534,25000.0,-1,,,,035,,,,,BETHANY LONGSTREET,"COMSTOCK OIL & GAS--LA, LLC",DE SOTO,01,2026-06-11 05:00:00,25000.0,,,,,,1573516.0,51647.0,01,N,417883.74885771,3407919.96682244,,,,,,"https://sonlite.dnr.state.la.us/ords/apex/r/sonris_pub/sonris_data_portal/well-profile?clear=CR,9000&ig[ig_master]_well_serial_num=255700",2026-07-18 09:05:38,PERMITTED,,"309' FNL & 2263' FWL, SEC 35-T13N-R15W.  PBHL: 100' FNL & 1410' FEL, SEC 35-T13N-R15W.",,,https://sonlite.dnr.state.la.us/ords/r/sonris/ucmsearch/finddocuments?qtype=eq&idx=xwellserialnumber&val=255700,NORTH,,,13000.0
240135,255701,C332,1,,HA RB SUNN;BAGLEY ET AL 35 HU,003-ALT,13N,2026-06-11 05:00:00,17031275970000,01,2026-06-11 05:00:00,,01,2026-06-11 05:00:00,,,,,00,,,,1464,,0.0,,0.0,,,,,0.0,,"309' FNL &  2243' FWL, SEC 35-T13N-R15W.  PBHL: 100' FNL & 450' FWL, SEC 35-T13N-R15W.",035,W,15W,16,32.078093851,-93.877231683,25000.0,-1,,,,035,,,,,BETHANY LONGSTREET,"COMSTOCK OIL & GAS--LA, LLC",DE SOTO,01,2026-06-11 05:00:00,25000.0,,,,,,1573496.0,516048.0,01,N,417209.6652039071,3549428.46362303,,,,,,"https://sonlite.dnr.state.la.us/ords/apex/r/sonris_pub/sonris_data_portal/well-profile?clear=CR,9000&ig[ig_master]_well_serial_num=255701",2026-07-18 09:05:38,PERMITTED,,"309' FNL &  2243' FWL, SEC 35-T13N-R15W.  PBHL: 100' FNL & 450' FWL, SEC 35-T13N-R15W.",,,https://sonlite.dnr.state.la.us/ords/r/sonris/ucmsearch/finddocuments?qtype=eq&idx=xwellserialnumber&val=255701,NORTH,,,13000.0
239595,976375,B1147,1,5-SC,BBEH SWD,001,12S,2026-05-29 05:00:00,17023882030000,01,2026-05-29 05:00:00,,02,2026-05-29 05:00:00,,,,,00,II,,,1624,,0.0,,1040.0,PER SN 130223,,,,,,"SL: S 51°47'52"" W 13,953.82' FROM NGS MONUMENT ""GUM""",08,W,12W,12,30.033794608,-93.613935125,,02,,,,08,,,,,BLACK BAYOU,"BBEH OPERATING, LLC",CAMERON,,,,,,,,,1278452.0,504242.0,01,S,440806.88147985,3322688.81071526,,,,,,"https://sonlite.dnr.state.la.us/ords/apex/r/sonris_pub/sonris_data_portal/well-profile?clear=CR,9000&ig[ig_master]_well_serial_num=976375",2026-07-18 09:05:38,APPROVAL TO CONSTRUCT INJECTION WELL,,,,,https://sonlite.dnr.state.la.us/ords/r/sonris/ucmsearch/finddocuments?qtype=eq&idx=xwellserialnumber&val=976375,SOUTH,,,
240077,976376,B1147,1,5-SC,BBEH SWD,002,12S,2026-05-29 05:00:00,17023882040000,01,2026-05-29 05:00:00,,02,2026-05-29 05:00:00,,,,,00,II,,,1624,,0.0,,1040.0,PER SN 130223,,,,,,"SL: S 51°41'26"" W 13,977.08' FROM NGS MONUMENT ""GUM""",08,W,12W,12,30.033698274,-93.613939243,,02,,,,08,,,,,BLACK BAYOU,"BBEH OPERATING, LLC",CAMERON,,,,,,,,,1278450.0,504207.0,01,S,440806.427168761,3322678.13790986,,,,,,"https://sonlite.dnr.state.la.us/ords/apex/r/sonris_pub/sonris_data_portal/well-profile?clear=CR,9000&ig[ig_master]_well_serial_num=976376",2026-07-18 09:05:38,APPROVAL TO CONSTRUCT INJECTION WELL,,,,,https://sonlite.dnr.state.la.us/ords/r/sonris/ucmsearch/finddocuments?qtype=eq&idx=xwellserialnumber&val=976376,SOUTH,,,
240078,976377,B1147,1,5-SC,BBEH SWD,003,12S,2026-05-29 05:00:00,17023882050000,01,2026-05-29 05:00:00,,02,2026-05-29 05:00:00,,,,,00,II,,,1624,,0.0,,1040.0,PER SN 130223,,,,,,"SL: 51°35'01""W 14,000.40' FROM NGS MONUMENT ""GUM""",08,W,12W,12,30.03360194,-93.613943361,,02,,,,08,,,,,BLACK BAYOU,"BBEH OPERATING, LLC",CAMERON,,,,,,,,,1278448.0,504172.0,01,S,440805.9728578361,3322667.46510444,,,,,,"https://sonlite.dnr.state.la.us/ords/apex/r/sonris_pub/sonris_data_portal/well-profile?clear=CR,9000&ig[ig_master]_well_serial_num=976377",2026-07-18 09:05:38,APPROVAL TO CONSTRUCT INJECTION WELL,,,,,https://sonlite.dnr.state.la.us/ords/r/sonris/ucmsearch/finddocuments?qtype=eq&idx=xwellserialnumber&val=976377,SOUTH,,,
240079,976378,B1147,1,5-SC,BBEH SWD,004,12S,2026-05-29 05:00:00,17023882060000,01,2026-05-29 05:00:00,,02,2026-05-29 05:00:00,,,,,00,II,,,1624,,0.0,,930.0,PER SN 148268,,,,,,"S 34°59'25"" W 13,847.69' FROM NGS MONUMENT ""GUM""",08,W,12W,12,30.026492772,-93.604206912,,02,,,,08,,,,,BLACK BAYOU,"BBEH OPERATING, LLC",CAMERON,,,,,,,,,1281477.0,501526.0,01,S,441740.583323487,3321874.69106202,,,,,,"https://sonlite.dnr.state.la.us/ords/apex/r/sonris_pub/sonris_data_portal/well-profile?clear=CR,9000&ig[ig_master]_well_serial_num=976378",2026-07-18 09:05:38,APPROVAL TO CONSTRUCT INJECTION WELL,,,,,https://sonlite.dnr.state.la.us/ords/r/sonris/ucmsearch/finddocuments?qtype=eq&idx=xwellserialnumber&val=976378,SOUTH,,,
240080,976379,B1147,1,5-SC,BBEH SWD,005,12S,2026-05-29 05:00:00,17023882070000,01,2026-05-29 05:00:00,,02,2026-05-29 05:00:00,,,,,00,II,,,1624,,0.0,,930.0,PER SN 148268,,,,,,"S 35°00'30"" W 13,882.59' FROM NGS MONUMENT ""GUM""",08,W,12W,12,30.026419983,-93.604281112,,02,,,,08,,,,,BLACK BAYOU,"BBEH OPERATING, LLC",CAMERON,,,,,,,,,1281453.0,501500.0,01,S,441733.386108924,3321866.66295067,,,,,,"https://sonlite.dnr.state.la.us/ords/apex/r/sonris_pub/sonris_data_portal/well-profile?clear=CR,9000&ig[ig_master]_well_serial_num=976379",2026-07-18 09:05:38,APPROVAL TO CONSTRUCT INJECTION WELL,,,,,https://sonlite.dnr.state.la.us/ords/r/sonris/ucmsearch/finddocuments?qtype=eq&idx=xwellserialnumber&val=976379,SOUTH,,,
240081,976380,B1147,1,5-SC,BBEH SWD,006,12S,2026-05-29 05:00:00,17023882080000,01,2026-05-29 05:00:00,,02,2026-05-29 05:00:00,,,,,00,II,,,1624,,0.0,,925.0,FROM E-LOG OF SN 148917 (1292' AWAY FROM PROPOSED WELL),,,,,,"SURFACE LOCATION BEING S 35° 01' 35"" W 13,917.50' FROM NGS MONUMENT ""GUM"", LOCATED IN S08, T12S-R12W, PROPOSED BOTTOM HOLE LOCATION BEING S 16° 28' 46"" E 1,916.00' FROM SURFACE LOCATION RESIDING IN SECTION 8, T12S-R12W. CAMERON PARISH, LA.",08,W,12W,12,30.026347194,-93.604355311,,02,,,,08,,,,,BLACK BAYOU,"BBEH OPERATING, LLC",CAMERON,,,,,,,,,1281429.0,501474.0,01,S,441726.188894367,3321858.63483916,,,,,,"https://sonlite.dnr.state.la.us/ords/apex/r/sonris_pub/sonris_data_portal/well-profile?clear=CR,9000&ig[ig_master]_well_serial_num=976380",2026-07-18 09:05:38,APPROVAL TO CONSTRUCT INJECTION WELL,,,,,https://sonlite.dnr.state.la.us/ords/r/sonris/ucmsearch/finddocuments?qtype=eq&idx=xwellserialnumber&val=976380,SOUTH,,,
240082,976381,B1147,1,5-SC,BBEH SWD,007,12S,2026-05-29 05:00:00,17023882090000,01,2026-05-29 05:00:00,,02,2026-05-29 05:00:00,,,,,00,II,,,1624,,0.0,,925.0,FROM E-LOG OF SN 133325 (1281' AWAY FROM PROPOSED WELL),,,,,,"SURFACE LOCATION BEING S 31° 52' 58"" W 15,705.81' FROM NGS MONUMENT ""GUM"", LOCATED IN S17, T12S-R12W, PROPOSED BOTTOM HOLE LOCATION BEING S 38° 33' 10"" E 1,299.07' FROM SURFACE LOCATION RESIDING IN S17, T12S-R12W. CAMERON PARISH, LA.",17,W,12W,12,30.020999611,-93.605203793,,02,,,,17,,,,,BLACK BAYOU,"BBEH OPERATING, LLC",CAMERON,,,,,,,,,1281122.0,499535.0,01,S,441641.242136217,3321266.49277266,,,,,,"https://sonlite.dnr.state.la.us/ords/apex/r/sonris_pub/sonris_data_portal/well-profile?clear=CR,9000&ig[ig_master]_well_serial_num=976381",2026-07-18 09:05:38,APPROVAL TO CONSTRUCT INJECTION WELL,,,,,https://sonlite.dnr.state.la.us/ords/r/sonris/ucmsearch/finddocuments?qtype=eq&idx=xwellserialnumber&val=976381,SOUTH,,,
240083,976382,B1147,1,5-SC,BBEH SWD,008,12S,2026-05-29 05:00:00,17023882100000,01,2026-05-29 05:00:00,,02,2026-05-29 05:00:00,,,,,00,II,,,1624,,0.0,,925.0,FROM E-LOG OF SN 133325 (1268' AWAY FROM PROPOSED WELL),,,,,,"SURFACE LOCATION BEING S 31° 47' 30"" W 15,730.63' FROM NGS MONUMENT ""GUM"", LOCATED IN S17, T12S-R12W, PROPOSED BOTTOM HOLE LOCATION BEING S 20° 52' 47"" E 2,132.07' FROM SURFACE LOCATION RESIDING IN S17, T12S-R12W. CAMERON PARISH, LA.",17,W,12W,12,30.020906572,-93.605176388,,02,,,,17,,,,,BLACK BAYOU,"BBEH OPERATING, LLC",CAMERON,,,,,,,,,1281130.0,499501.0,01,S,441643.830255305,3321256.1689704,,,,,,"https://sonlite.dnr.state.la.us/ords/apex/r/sonris_pub/sonris_data_portal/well-profile?clear=CR,9000&ig[ig_master]_well_serial_num=976382",2026-07-18 09:05:38,APPROVAL TO CONSTRUCT INJECTION WELL,,,,,https://sonlite.dnr.state.la.us/ords/r/sonris/ucmsearch/finddocuments?qtype=eq&idx=xwellserialnumber&val=976382,SOUTH,,,
240084,976383,B1147,1,5-SC,BBEH SWD,009,12S,2026-05-29 05:00:00,17023882110000,01,2026-05-29 05:00:00,,02,2026-05-29 05:00:00,,,,,00,II,,,1624,,0.0,,925.0,FROM E-LOG OF SN 133325 (1256' AWAY FROM PROPOSED WELL),,,,,,"SURFACE LOCATION BEING S 31° 42' 04"" W 15,755.46' FROM NGS MONUMENT ""GUM"", LOCATED IN S17, T12S-R12W, PROPOSED BOTTOM HOLE LOCATION BEING S 04° 10' 25"" W 2,287.87' FROM SURFACE LOCATION RESIDING IN S17, T12S-R12W. CAMERON PARISH, LA.",17,W,12W,12,30.020810783,-93.605148921,,02,,,,17,,,,,BLACK BAYOU,"BBEH OPERATING, LLC",CAMERON,,,,,,,,,1281138.0,499466.0,01,S,441646.422805393,3321245.54048442,,,,,,"https://sonlite.dnr.state.la.us/ords/apex/r/sonris_pub/sonris_data_portal/well-profile?clear=CR,9000&ig[ig_master]_well_serial_num=976383",2026-07-18 09:05:38,APPROVAL TO CONSTRUCT INJECTION WELL,,,,,https://sonlite.dnr.state.la.us/ords/r/sonris/ucmsearch/finddocuments?qtype=eq&idx=xwellserialnumber&val=976383,SOUTH,,,
239345,976384,P245,1,12-B,PP-CW,006,03S,2026-05-20 05:00:00,17039880350000,01,2026-05-20 05:00:00,,02,2026-05-20 05:00:00,,,,,00,III,,,7381,,0.0,,222.0,SN 973317 ~1160' FROM PP-CW #6,2160.0,2026-05-20 05:00:00,"DIESEL, 0.9 MAX GRADIENT",,,"N 00° 13' E 2219.2"" AND N 89° 48' W 156.9' FROM THE SE CORNER OF SECTION 35, T3S - R1W, EVANGELINE PARISH",035,W,01W,20,30.750307359,-92.449980335,,02,,,,035,,,,,PINE PRAIRIE,PINE PRAIRIE ENERGY CENTER LLC,EVANGELINE,,,,,,,,,1649251.0,759360.0,01,S,552644.916884729,3402059.45295217,,,,,,"https://sonlite.dnr.state.la.us/ords/apex/r/sonris_pub/sonris_data_portal/well-profile?clear=CR,9000&ig[ig_master]_well_serial_num=976384",2026-07-18 09:05:38,APPROVAL TO CONSTRUCT INJECTION WELL,,,,,https://sonlite.dnr.state.la.us/ords/r/sonris/ucmsearch/finddocuments?qtype=eq&idx=xwellserialnumber&val=976384,SOUTH,,,
239346,976385,P245,1,12-B,PP-CW,007,03S,2026-05-20 05:00:00,17039880360000,01,2026-05-20 05:00:00,,02,2026-05-20 05:00:00,,,,,00,III,,,7381,,0.0,,222.0,SN 973317 ~2305' FROM PP-CW #7,2160.0,2026-05-20 05:00:00,"DIESEL, 0.9 MAX GRADIENT",178.6,,"N 00° 12' 30"" E 1629.05' AND N 89° 47' 30"" W 1232.29'. FROM THE SE CORNER OF SECTION 35, T3S-R1W, EVANGELINE PARISH",035,W,01W,20,30.74866746,-92.453390253,,02,,,,035,,,,,PINE PRAIRIE,PINE PRAIRIE ENERGY CENTER LLC,EVANGELINE,,,,,,,,,1648174.0,758774.0,01,S,552319.4196464451,3401876.11703481,,,,,,"https://sonlite.dnr.state.la.us/ords/apex/r/sonris_pub/sonris_data_portal/well-profile?clear=CR,9000&ig[ig_master]_well_serial_num=976385",2026-07-18 09:05:38,APPROVAL TO CONSTRUCT INJECTION WELL,,,,,https://sonlite.dnr.state.la.us/ords/r/sonris/ucmsearch/finddocuments?qtype=eq&idx=xwellserialnumber&val=976385,SOUTH,,,
240857,976391,6105,1,5-SC,DOE WH-SWD,2F,12S,2026-06-05 05:00:00,17023882120000,01,2026-06-05 05:00:00,,02,2026-06-05 05:00:00,,,,,00,II,,,4379,,0.0,,945.0,SN 971141,1475.0,2026-05-12 05:00:00,EATON W/ (FW 1.18 SG -9.841PPG) @ TOP OH 6620' TVD,,,"SHL LOCATED S00°49'37""W-8800.51' AND S89°10'23""E-1176.43' FROM A FOUND COTTON SPINDLE AT THE SE CORNER OF S20,T12S,R10W; BHL LOCATED S00°49'37W-8809.63' AND S89°10'23""E-644.20' FROM A FOUND COTTON SPINDLE AT THE SE CORNER OF SEC20,T12S,R10W",33,W,10W,12,29.969514089,-93.3969175,,02,,,,33,,,,,"HACKBERRY, WEST",U.S. DEPARTMENT OF ENERGY,CAMERON,,,,,,,,,1346688.0,479568.0,01,S,461706.375624573,3315473.53396586,,,,,,"https://sonlite.dnr.state.la.us/ords/apex/r/sonris_pub/sonris_data_portal/well-profile?clear=CR,9000&ig[ig_master]_well_serial_num=976391",2026-07-18 09:05:38,APPROVAL TO CONSTRUCT INJECTION WELL,,,,,https://sonlite.dnr.state.la.us/ords/r/sonris/ucmsearch/finddocuments?qtype=eq&idx=xwellserialnumber&val=976391,SOUTH,,,
240858,976392,6105,1,5-SC,DOE WH-SWD,2G,12S,2026-06-05 05:00:00,17023882130000,01,2026-06-05 05:00:00,,02,2026-06-05 05:00:00,,,,,00,II,,,4379,,0.0,,945.0,SN 971141,1245.0,2026-05-12 05:00:00,EATON W/ (FW 1.18 SG OR 9.84PPG) @ TOP OH TVD 5992',,,"SHL LOCATED S00°49'37""W-8800.51' AND S89°10'23""E-1176.43' FROM A FOUND COTTON SPINDLE AT THE SE CORNER OF S20,T12S,R10W; BHL LOCATED S00°49'37W-8717.28' AND S89°10'23""E-777.13' FROM A FOUND COTTON SPINDLE AT THE SE CORNER OF SEC20,T12S,R10W",33,W,10W,12,29.969514039,-93.396920658,,02,,,,33,,,,,"HACKBERRY, WEST",U.S. DEPARTMENT OF ENERGY,CAMERON,,,,,,,,,1346687.0,479568.0,01,S,461706.070948135,3315473.52953311,,,,,,"https://sonlite.dnr.state.la.us/ords/apex/r/sonris_pub/sonris_data_portal/well-profile?clear=CR,9000&ig[ig_master]_well_serial_num=976392",2026-07-18 09:05:38,APPROVAL TO CONSTRUCT INJECTION WELL,,,,,https://sonlite.dnr.state.la.us/ords/r/sonris/ucmsearch/finddocuments?qtype=eq&idx=xwellserialnumber&val=976392,SOUTH,,,
241051,976396,D188,1,,DELHI UNIT SWD,026-1,17N,2026-06-30 05:00:00,17065000600000,01,2026-06-04 05:00:00,,01,2026-06-04 05:00:00,,,,,00,,,,3294,,0.0,,0.0,,,,,0.0,,516' SOUTH AND 3407' WEST OF THE NORTHEAST CORNEROF SECTION 20.,020,W,10E,33,32.447971121,-91.469731941,,01,,,,020,,,,,DELHI,"DENBURY ONSHORE, LLC",MADISON,01,2026-06-04 05:00:00,,,,,,,2317866.0,649406.0,01,N,643842.129062511,3591122.44002946,,,,,,"https://sonlite.dnr.state.la.us/ords/apex/r/sonris_pub/sonris_data_portal/well-profile?clear=CR,9000&ig[ig_master]_well_serial_num=976396",2026-07-18 09:05:38,PERMITTED,,516' SOUTH AND 3407' WEST OF THE NORTHEAST CORNEROF SECTION 20.,,,https://sonlite.dnr.state.la.us/ords/r/sonris/ucmsearch/finddocuments?qtype=eq&idx=xwellserialnumber&val=976396,NORTH,,,
190810,14523,K072,1,,NELSON,002,13N,2014-08-31 05:00:00,17081009770000,01,2031-02-15 06:00:00,,30,2014-08-31 05:00:00,,,,Y,00,,N,N,9715,,,0.0,,,,,,,,,031,W,10W,41,32.067760717,-93.431332137,,3000,,,,031,,,23,2010-06-20 05:00:00,WILDCAT-NO LA SHREVEPORT DIST,KANSAS & GULF CO.,RED RIVER,,,,,,,,,1711561.0,510823.0,01,N,459288.809014381,3548027.21983712,,,,,,"https://sonlite.dnr.state.la.us/ords/apex/r/sonris_pub/sonris_data_portal/well-profile?clear=CR,9000&ig[ig_master]_well_serial_num=14523",2026-07-29 09:05:20,PLUGGED AND ABANDONED  NO PRODUCT SPECIFIED,,,N,N,https://sonlite.dnr.state.la.us/ords/r/sonris/ucmsearch/finddocuments?qtype=eq&idx=xwellserialnumber&val=14523,NORTH,,,
229046,255699,H032,1,,WB 8-11 RA SU;CATTLE FARM ETAL,001,22S,2026-06-15 05:00:00,17075246170000,01,2026-06-15 05:00:00,,01,2026-06-15 05:00:00,,,,,00,,N,,9309,,0.0,,0.0,,,,,0.0,,"N 06 D 08' 34"" E 10,792' FROM NGS MON. ""GRAND"" SEC 20-T22S-R31E.  PBHL: N 72 D 50' 07"" W 3,484' FROM PROP SHL, SEC 19-T22S-R31E.",020,,31E,38,29.160834834,-89.34716104,12155.0,-1,1W,,,020,,,,,WEST BAY,HILCORP ENERGY COMPANY,PLAQUEMINES,06,2026-07-07 05:00:00,12057.0,,,,,,2633979.0,185104.0,01,S,855361.4079086541,3231329.37747003,,,,,,"https://sonlite.dnr.state.la.us/ords/apex/r/sonris_pub/sonris_data_portal/well-profile?clear=CR,9000&ig[ig_master]_well_serial_num=255699",2026-07-29 09:05:20,PERMITTED,,"RAN 7 5/8"" CST TO 12,047' W/ 829 SXS CMT; N/U BOP'S ; TIH W / 4 1/2"" DP; L/D DP; INSTALL DRY HOLE TREE; WOCR",,Y,https://sonlite.dnr.state.la.us/ords/r/sonris/ucmsearch/finddocuments?qtype=eq&idx=xwellserialnumber&val=255699,SOUTH,,,10840.0
227924,255702,A1188,1,,WX A RC SU118;SHIRLEY ETAL,002,07N,2026-06-22 05:00:00,17059269210000,01,2026-06-22 05:00:00,,01,2026-06-22 05:00:00,,,,,00,,,,2384,,0.0,,0.0,,,,,0.0,,1070' FNL & 330' FWL OF SEC 30-T7N-R4E.,030,W,04E,30,31.560762217,-92.109034408,4600.0,01,,,,030,,,,,CATAHOULA LAKE,ASHER GIDEON LLC,LA SALLE,06,2026-07-12 05:00:00,4500.0,,,,,,2121820.0,325373.0,01,N,584556.72942788,3492095.30563914,,,,,,"https://sonlite.dnr.state.la.us/ords/apex/r/sonris_pub/sonris_data_portal/well-profile?clear=CR,9000&ig[ig_master]_well_serial_num=255702",2026-07-29 09:05:20,PERMITTED,,"CLEAN MUD TANK, CLEAN MP SUCTION LINES, DRAIN FRAC TANK & RIG WATER TANK, CLEAN LOCATION, MOVE MUD CHEMICALS.
STATUS DATE: 07/12/2026",,,https://sonlite.dnr.state.la.us/ords/r/sonris/ucmsearch/finddocuments?qtype=eq&idx=xwellserialnumber&val=255702,NORTH,,,4600.0
227925,255703,E4161,1,,HA RA SU146;TALIAFERRO 33-4H,002-ALT,17N,2026-06-22 05:00:00,17119223070000,01,2026-06-22 05:00:00,,01,2026-06-22 05:00:00,,,,,00,,Y,,3608,,0.0,,0.0,,,,,0.0,,"123' FNL, 860' FWL OF SEC 33-T17N-R10W.  PBHL: 25' FSL, 2022' FWL OF SEC 4-T16N-R10W.",033,W,10W,60,32.424630225,-93.404351867,23263.0,-1,3N,,,033,,,,,ELM GROVE,"ENSIGHT IV ENERGY MANAGEMENT, LLC",WEBSTER,01,2026-06-22 05:00:00,23263.0,,,,,,1721003.0,640568.0,01,N,461983.738652713,3587576.25889803,,,,,,"https://sonlite.dnr.state.la.us/ords/apex/r/sonris_pub/sonris_data_portal/well-profile?clear=CR,9000&ig[ig_master]_well_serial_num=255703",2026-07-29 09:05:20,PERMITTED,,"123' FNL, 860' FWL OF SEC 33-T17N-R10W.  PBHL: 25' FSL, 2022' FWL OF SEC 4-T16N-R10W.",,,https://sonlite.dnr.state.la.us/ords/r/sonris/ucmsearch/finddocuments?qtype=eq&idx=xwellserialnumber&val=255703,NORTH,,,11035.0
227926,255704,N1171,1,,BCI,035,12N,2026-06-23 05:00:00,17127229790000,01,2026-06-23 05:00:00,,01,2026-06-23 05:00:00,,,,,00,,,,4786,,0.0,,0.0,,,,,0.0,,714' FNL & 544' FWL OF THE NW/4 OF THE NW/4 OF SEC 25-T12N-R02W.,025,W,02W,64,31.998667256,-92.532910823,1250.0,01,,,,025,,,,,JOYCE,"NORTHLAND OPERATING, LLC",WINN,01,2026-06-23 05:00:00,1250.0,,,,,,1989847.0,484446.0,01,N,544119.9232862691,3540383.26621441,,,,,,"https://sonlite.dnr.state.la.us/ords/apex/r/sonris_pub/sonris_data_portal/well-profile?clear=CR,9000&ig[ig_master]_well_serial_num=255704",2026-07-29 09:05:20,PERMITTED,,714' FNL & 544' FWL OF THE NW/4 OF THE NW/4 OF SEC 25-T12N-R02W.,,,https://sonlite.dnr.state.la.us/ords/r/sonris/ucmsearch/finddocuments?qtype=eq&idx=xwellserialnumber&val=255704,NORTH,,,1250.0
227542,255705,A1188,1,,SHIRLEY ETAL,003,07N,2026-07-08 05:00:00,17059269220000,01,2026-06-23 05:00:00,,01,2026-06-23 05:00:00,,,,,00,,,,2384,,0.0,,0.0,,,,,0.0,,"1157' FNL & 202' FWL OF SEC 30-T7N-R4E. PBHL: FROM SEC 41-7N-R4E RUN N 19 D 1' 18"" W 363' & N 70D 58' 42"" E 120' FO LOC STAKE LOC IN SEC 30-T7N-R4E.",041,W,04E,30,31.560521553,-92.109443178,4600.0,-1,,,,041,,,,,CATAHOULA LAKE,ASHER GIDEON LLC,LA SALLE,06,2026-07-28 05:00:00,4500.0,,,,,,2121693.0,325285.0,01,N,584518.150954601,3492068.3145068,,,,,,"https://sonlite.dnr.state.la.us/ords/apex/r/sonris_pub/sonris_data_portal/well-profile?clear=CR,9000&ig[ig_master]_well_serial_num=255705",2026-07-29 09:05:20,PERMITTED,,"FINISH RUNNING 5.5"" CSG TO 4437'. M/U CMT HEAD & CIRCULATE 5.5"" CSG W/ RIG PUMP WHILE R/D CSG CREW, & R/U ASI. R/U ASI CEMENTER & CMT 5.5"" CSG W/ 350 SXS ALC LIGHT, DISP W/ 103BBLS FW, BUMP PLUG @ 1100 PSI. R/D ASI, & SET SLIPS ON 5.5"" CSG W/ 60K. L/D M/H, KELLY, R/D V-DOOR, & MOVE CATWALK TRAILER. N/D BOP, MAKE ROUGH CUT ON 5.5"" CSG, BREAK COMPANION FLANGE, L/D BOP, MAKE FINAL CUT ON CSG. CAP 5.5"" CSG & INSTALL PACKOFF ON WELL HEAD. LOAD OUT MUD CHEMICALS, CLEAN MUD TANKS. INSPECTS DRILL COLLARS & SUBS, LOAD OUT DC, LOAD OUT HWDP. LOAD OUT JARS, CLEAN LOCATION, DUMP FRAC TANK & RIG WATER TANK. STATUS DATE: 07/28/26",,,https://sonlite.dnr.state.la.us/ords/r/sonris/ucmsearch/finddocuments?qtype=eq&idx=xwellserialnumber&val=255705,NORTH,,,4600.0
227927,255706,A1169,1,,LA MIN 8&20-11-11HC,002,11N,2026-06-23 05:00:00,17012759800000,01,2026-06-23 05:00:00,,01,2026-06-23 05:00:00,,,,,00,,,,7651,,0.0,,0.0,,,,,0.0,,2532' FNL & 2169' FEL OF SEC 8-T11N-R11W.  PBHL:  1976' FSL &1486' FWL OF SEC 20-T11N-R11W.,008,W,11W,16,31.954672462,-93.515768153,27500.0,-1,,,,008,,,,,RED RIVER-BULL BAYOU,"APEX NATURAL GAS, LLC",DE SOTO,01,2026-06-23 05:00:00,27500.0,,,,,,1685023.0,469917.0,01,N,451258.698052723,3535527.60458737,,,,,,"https://sonlite.dnr.state.la.us/ords/apex/r/sonris_pub/sonris_data_portal/well-profile?clear=CR,9000&ig[ig_master]_well_serial_num=255706",2026-07-29 09:05:20,PERMITTED,,2532' FNL & 2169' FEL OF SEC 8-T11N-R11W.  PBHL:  1976' FSL &1486' FWL OF SEC 20-T11N-R11W.,,,https://sonlite.dnr.state.la.us/ords/r/sonris/ucmsearch/finddocuments?qtype=eq&idx=xwellserialnumber&val=255706,NORTH,,,13000.0
227928,255707,A1169,1,,LA MIN 8&20-11-11HC,003,11N,2026-06-23 05:00:00,17031275990000,01,2026-06-23 05:00:00,,01,2026-06-23 05:00:00,,,,,00,,,,7651,,0.0,,0.0,,,,,0.0,,2507' FNL & 2144' FEL OF SEC 8-T11N-R11W.  PBHL: 2274' FNL & 2512' FWL OF SEC 20-T11N-R11W.,008,W,11W,16,32.229624751,-93.518719246,27500.0,-1,,,,008,,,,,RED RIVER-BULL BAYOU,"APEX NATURAL GAS, LLC",DE SOTO,01,2026-06-23 05:00:00,27500.0,,,,,,1685048.0,569942.0,01,N,451126.406239683,3566006.31583442,,,,,,"https://sonlite.dnr.state.la.us/ords/apex/r/sonris_pub/sonris_data_portal/well-profile?clear=CR,9000&ig[ig_master]_well_serial_num=255707",2026-07-29 09:05:20,PERMITTED,,2507' FNL & 2144' FEL OF SEC 8-T11N-R11W.  PBHL: 2274' FNL & 2512' FWL OF SEC 20-T11N-R11W.,,,https://sonlite.dnr.state.la.us/ords/r/sonris/ucmsearch/finddocuments?qtype=eq&idx=xwellserialnumber&val=255707,NORTH,,,13000.0
227929,255708,A1169,1,,LA MIN 8&20-11-11HC,004,11N,2026-06-23 05:00:00,17031276000000,01,2026-06-23 05:00:00,,01,2026-06-23 05:00:00,,,,,00,,,,7651,,0.0,,0.0,,,,,0.0,,2532' FNL & 2144' FEL OF SEC 8-T11N-R11W.  PBHL:  2243' FNL & 2542' FWL OF SEC 20-T11N-R11W.,008,W,11W,16,31.954673106,-93.515687548,27500.0,-1,,,,008,,,,,RED RIVER-BULL BAYOU,"APEX NATURAL GAS, LLC",DE SOTO,01,2026-06-23 05:00:00,27500.0,,,,,,1685048.0,469917.0,01,N,451266.315856714,3535527.63969627,,,,,,"https://sonlite.dnr.state.la.us/ords/apex/r/sonris_pub/sonris_data_portal/well-profile?clear=CR,9000&ig[ig_master]_well_serial_num=255708",2026-07-29 09:05:20,PERMITTED,,2532' FNL & 2144' FEL OF SEC 8-T11N-R11W.  PBHL:  2243' FNL & 2542' FWL OF SEC 20-T11N-R11W.,,,https://sonlite.dnr.state.la.us/ords/r/sonris/ucmsearch/finddocuments?qtype=eq&idx=xwellserialnumber&val=255708,NORTH,,,13000.0
227930,255709,A1169,1,,LA MIN 8&20-11-11HC,005,11N,2026-06-23 05:00:00,17031276010000,01,2026-06-23 05:00:00,,01,2026-06-23 05:00:00,,,,,00,,,,7651,,0.0,,0.0,,,,,0.0,,290' FNL & 874' FEL OF SEC 8-T11N-R11W. PBHL: 1267' FNL & 1712' FEL OF SEC 20-T11N-R11W.,008,W,11W,16,31.96080884,-93.511595139,27500.0,-1,,,,008,,,,,RED RIVER-BULL BAYOU,"APEX NATURAL GAS, LLC",DE SOTO,01,2026-06-23 05:00:00,27500.0,,,,,,1686338.0,472137.0,01,N,451656.277026763,3536205.91199375,,,,,,"https://sonlite.dnr.state.la.us/ords/apex/r/sonris_pub/sonris_data_portal/well-profile?clear=CR,9000&ig[ig_master]_well_serial_num=255709",2026-07-29 09:05:20,PERMITTED,,290' FNL & 874' FEL OF SEC 8-T11N-R11W. PBHL: 1267' FNL & 1712' FEL OF SEC 20-T11N-R11W.,,,https://sonlite.dnr.state.la.us/ords/r/sonris/ucmsearch/finddocuments?qtype=eq&idx=xwellserialnumber&val=255709,NORTH,,,13000.0
227931,255710,A1169,1,,LA MIN 8&20-11-11HC,006,11N,2026-06-23 05:00:00,17031276020000,01,2026-06-23 05:00:00,,01,2026-06-23 05:00:00,,,,,00,,,,7651,,0.0,,0.0,,,,,0.0,,315' FNL & 873' FEL OF SEC 8-T11N-R11W. PBHL: 1236' FNL & 1682' FEL OF SEC 20-T11N-R11W.,008,W,11W,16,31.960740117,-93.511594386,27500.0,-1,,,,008,,,,,RED RIVER-BULL BAYOU,"APEX NATURAL GAS, LLC",DE SOTO,01,2026-06-23 05:00:00,27500.0,,,,,,1686338.0,472112.0,01,N,451656.312129817,3536198.29419366,,,,,,"https://sonlite.dnr.state.la.us/ords/apex/r/sonris_pub/sonris_data_portal/well-profile?clear=CR,9000&ig[ig_master]_well_serial_num=255710",2026-07-29 09:05:20,PERMITTED,,315' FNL & 873' FEL OF SEC 8-T11N-R11W. PBHL: 1236' FNL & 1682' FEL OF SEC 20-T11N-R11W.,,,https://sonlite.dnr.state.la.us/ords/r/sonris/ucmsearch/finddocuments?qtype=eq&idx=xwellserialnumber&val=255710,NORTH,,,13000.0
227932,255711,A1169,1,,LA MIN 5&20-11-11HC,001,11N,2026-06-23 05:00:00,17031276030000,01,2026-06-23 05:00:00,,01,2026-06-23 05:00:00,,,,,00,,,,7651,,0.0,,0.0,,,,,0.0,,290' FNL & 849' FEL OF SEC 8-T11N-R11W.  PBHL: 196' FNL & 656' FEL OF SEC 20-T11N-R11W.,008,W,11W,16,31.954039341,-94.156355028,27500.0,-1,,,,008,,,,,RED RIVER-BULL BAYOU,"APEX NATURAL GAS, LLC",DE SOTO,01,2026-06-23 05:00:00,27500.0,,,,,,1486363.0,472136.0,01,N,390718.349811739,3535924.99820972,,,,,,"https://sonlite.dnr.state.la.us/ords/apex/r/sonris_pub/sonris_data_portal/well-profile?clear=CR,9000&ig[ig_master]_well_serial_num=255711",2026-07-29 09:05:20,PERMITTED,,290' FNL & 849' FEL OF SEC 8-T11N-R11W.  PBHL: 196' FNL & 656' FEL OF SEC 20-T11N-R11W.,,,https://sonlite.dnr.state.la.us/ords/r/sonris/ucmsearch/finddocuments?qtype=eq&idx=xwellserialnumber&val=255711,NORTH,,,13000.0
228265,255712,B3780,1,,CV RA SUC;WEISER 30-19 H,001-ALT,18N,2026-06-24 05:00:00,17017370020000,01,2026-06-24 05:00:00,,01,2026-06-24 05:00:00,,,,,00,,,,4313,,0.0,,0.0,,,,,0.0,,629' FNL & 524' FEL OF SEC 30-T18N-R16W.  PBHL: 330' FNL & 821' FWL OF SEC 19-T18N-R16W.  (REPERMIT OF SERIAL #255452 - EXPIRED),030,W,16W,09,32.529026808,-94.03750822,15900.0,-1,,,,030,,,,,GREENWOOD-WASKOM,"BROOKSTON ENERGY, INC.",CADDO,01,2026-06-24 05:00:00,15900.0,,,,,,1526186.0,680746.0,01,N,402566.394348967,3599551.17169902,,,,,,"https://sonlite.dnr.state.la.us/ords/apex/r/sonris_pub/sonris_data_portal/well-profile?clear=CR,9000&ig[ig_master]_well_serial_num=255712",2026-07-29 09:05:20,PERMITTED,,629' FNL & 524' FEL OF SEC 30-T18N-R16W.  PBHL: 330' FNL & 821' FWL OF SEC 19-T18N-R16W.  (REPERMIT OF SERIAL #255452 - EXPIRED),,,https://sonlite.dnr.state.la.us/ords/r/sonris/ucmsearch/finddocuments?qtype=eq&idx=xwellserialnumber&val=255712,NORTH,,,9650.0
227933,255713,A1169,1,,LA MIN 5&20-11-11HC,002,11N,2026-06-23 05:00:00,17031276050000,01,2026-06-23 05:00:00,,01,2026-06-23 05:00:00,,,,,00,,,,7651,,0.0,,0.0,,,,,0.0,,315' FNL & 849' FEL OF SEC 8-T11N-R11W.  PBHL: 166' FNL & 626' FEL OF SEC 20-T11N-R11W.,008,W,11W,16,31.96073801,-93.511513746,27500.0,-1,,,,008,,,,,RED RIVER-BULL BAYOU,"APEX NATURAL GAS, LLC",DE SOTO,01,2026-06-23 05:00:00,27500.0,,,,,,1686363.0,472111.0,01,N,451663.931333771,3536198.02458476,,,,,,"https://sonlite.dnr.state.la.us/ords/apex/r/sonris_pub/sonris_data_portal/well-profile?clear=CR,9000&ig[ig_master]_well_serial_num=255713",2026-07-29 09:05:20,PERMITTED,,315' FNL & 849' FEL OF SEC 8-T11N-R11W.  PBHL: 166' FNL & 626' FEL OF SEC 20-T11N-R11W.,,,https://sonlite.dnr.state.la.us/ords/r/sonris/ucmsearch/finddocuments?qtype=eq&idx=xwellserialnumber&val=255713,NORTH,,,1300.0
228266,255714,B3780,1,,CV RA SUB;WEISER 29-32 HC,001,18N,2026-06-24 05:00:00,17017370040000,01,2026-06-24 05:00:00,,01,2026-06-24 05:00:00,,,,,00,,,,4313,,0.0,,0.0,,,,,0.0,,631' FNL & 474' FEL OF SEC 30-T18N-R16W.  PBHL: 330' FSL & 1159' FWL OF SEC 32-T18N-R16W. (REPERMIT OF SERIAL #255473 - EXPIRED),030,W,16W,09,32.529020473,-94.037349117,19900.0,-1,,,,030,,,,,GREENWOOD-WASKOM,"BROOKSTON ENERGY, INC.",CADDO,01,2026-06-24 05:00:00,19900.0,,,,,,1526235.0,680743.0,01,N,402581.329789001,3599550.32397267,,,,,,"https://sonlite.dnr.state.la.us/ords/apex/r/sonris_pub/sonris_data_portal/well-profile?clear=CR,9000&ig[ig_master]_well_serial_num=255714",2026-07-29 09:05:20,PERMITTED,,631' FNL & 474' FEL OF SEC 30-T18N-R16W.  PBHL: 330' FSL & 1159' FWL OF SEC 32-T18N-R16W. (REPERMIT OF SERIAL #255473 - EXPIRED),,,https://sonlite.dnr.state.la.us/ords/r/sonris/ucmsearch/finddocuments?qtype=eq&idx=xwellserialnumber&val=255714,NORTH,,,9650.0
228267,255715,B3780,1,,CV RA SUC;WEISER 30-31 HC,001-ALT,18N,2026-06-24 05:00:00,17017370030000,01,2026-06-24 05:00:00,,01,2026-06-24 05:00:00,,,,,00,,,,4313,,0.0,,0.0,,,,,0.0,,630' FNL & 499' FEL OF SEC 30-T18N-R16W.  PBHL: 330' FSL & 907' FWL OF SEC 31-T18N-R16W. (REPERMIT OF SERIAL #255453 - EXPIRED),030,W,16W,09,32.529022286,-94.037427023,19700.0,-1,,,,030,,,,,GREENWOOD-WASKOM,"BROOKSTON ENERGY, INC.",CADDO,01,2026-06-24 05:00:00,19700.0,,,,,,1526211.0,680744.0,01,N,402574.015107939,3599550.5961528,,,,,,"https://sonlite.dnr.state.la.us/ords/apex/r/sonris_pub/sonris_data_portal/well-profile?clear=CR,9000&ig[ig_master]_well_serial_num=255715",2026-07-29 09:05:20,PERMITTED,,630' FNL & 499' FEL OF SEC 30-T18N-R16W.  PBHL: 330' FSL & 907' FWL OF SEC 31-T18N-R16W. (REPERMIT OF SERIAL #255453 - EXPIRED),,,https://sonlite.dnr.state.la.us/ords/r/sonris/ucmsearch/finddocuments?qtype=eq&idx=xwellserialnumber&val=255715,NORTH,,,9650.0
229442,255716,C332,1,,HA RA SU131;CTSWLD 20-29-32 HC,001-ALT,16N,2026-06-24 05:00:00,17015254230000,01,2026-06-24 05:00:00,,01,2026-06-24 05:00:00,,,,,00,,Y,,3608,,0.0,,0.0,,,,,0.0,,"569' FNL & 1223' FWL, SEC 20-T16N-R10W.  PBHL:  100' FSL & 940' FWL, SEC 32-T16N-R10W.",020,W,10W,08,32.365337485,-93.420180138,30000.0,-1,3N,,,020,,,,,ELM GROVE,"COMSTOCK OIL & GAS--LA, LLC",BOSSIER,01,2026-06-24 05:00:00,30000.0,,,,,,1715936.0,619039.0,01,N,460469.764614621,3581009.36066176,,,,,,"https://sonlite.dnr.state.la.us/ords/apex/r/sonris_pub/sonris_data_portal/well-profile?clear=CR,9000&ig[ig_master]_well_serial_num=255716",2026-07-29 09:05:20,PERMITTED,,"569' FNL & 1223' FWL, SEC 20-T16N-R10W.  PBHL:  100' FSL & 940' FWL, SEC 32-T16N-R10W.",,,https://sonlite.dnr.state.la.us/ords/r/sonris/ucmsearch/finddocuments?qtype=eq&idx=xwellserialnumber&val=255716,NORTH,,,15000.0
229443,255717,C332,1,,HA RA SU131;CTSWLD 20-29-32 HC,002-ALT,16N,2026-06-24 05:00:00,17015254240000,01,2026-06-24 05:00:00,,01,2026-06-24 05:00:00,,,,,00,,Y,,3608,,0.0,,0.0,,,,,0.0,,"569' FNL & 1243' FWL, SEC 20-T16N-R10W.  PBHL:  100' FSL & 2185' FWL, SEC 32-T16N-R10W.",020,W,10W,08,32.365337952,-93.420115366,30000.0,-1,3N,,,020,,,,,ELM GROVE,"COMSTOCK OIL & GAS--LA, LLC",BOSSIER,01,2026-06-24 05:00:00,30000.0,,,,,,1715956.0,619039.0,01,N,460475.858613796,3581009.38848255,,,,,,"https://sonlite.dnr.state.la.us/ords/apex/r/sonris_pub/sonris_data_portal/well-profile?clear=CR,9000&ig[ig_master]_well_serial_num=255717",2026-07-29 09:05:20,PERMITTED,,"569' FNL & 1243' FWL, SEC 20-T16N-R10W.  PBHL:  100' FSL & 2185' FWL, SEC 32-T16N-R10W.",,,https://sonlite.dnr.state.la.us/ords/r/sonris/ucmsearch/finddocuments?qtype=eq&idx=xwellserialnumber&val=255717,NORTH,,,15000.0
229444,255718,C332,1,,HA RA SU131;CTSWLD 20-29-32 HC,003-ALT,16N,2026-06-24 05:00:00,17015254250000,01,2026-06-24 05:00:00,,01,2026-06-24 05:00:00,,,,,00,,Y,,3608,,0.0,,0.0,,,,,0.0,,"569' FNL & 1263' FWL, SEC 20-T16N-R10W.  PBHL: 100' FSL & 1850' FEL, SEC 32-T16N-R10W.",020,W,10W,08,32.365338419,-93.420050593,30000.0,-1,3N,,,020,,,,,ELM GROVE,"COMSTOCK OIL & GAS--LA, LLC",BOSSIER,01,2026-06-24 05:00:00,30000.0,,,,,,1715976.0,619039.0,01,N,460481.952612935,3581009.41630339,,,,,,"https://sonlite.dnr.state.la.us/ords/apex/r/sonris_pub/sonris_data_portal/well-profile?clear=CR,9000&ig[ig_master]_well_serial_num=255718",2026-07-29 09:05:20,PERMITTED,,"569' FNL & 1263' FWL, SEC 20-T16N-R10W.  PBHL: 100' FSL & 1850' FEL, SEC 32-T16N-R10W.",,,https://sonlite.dnr.state.la.us/ords/r/sonris/ucmsearch/finddocuments?qtype=eq&idx=xwellserialnumber&val=255718,NORTH,,,15000.0
229445,255719,C332,1,,HA RA SUZ;BURFORD 32-29 HC,001-ALT,14N,2026-06-24 05:00:00,17031276040000,01,2026-06-24 05:00:00,,01,2026-06-24 05:00:00,,,,,00,,,,4541,,0.0,,0.0,,,,,0.0,,"343' FSL & 2019' FEL, SEC 32-T14N14W. PBHL: 1100' FNL & 450' FEL, SEC 29-T14N-R14W.",032,W,14W,16,32.152209078,-93.822172101,23000.0,-1,,,,032,,,,,HOLLY,"COMSTOCK OIL & GAS--LA, LLC",DE SOTO,01,2026-06-24 05:00:00,23000.0,,,,,,1590877.0,542795.0,01,N,422468.853238347,3557603.16729166,,,,,,"https://sonlite.dnr.state.la.us/ords/apex/r/sonris_pub/sonris_data_portal/well-profile?clear=CR,9000&ig[ig_master]_well_serial_num=255719",2026-07-29 09:05:20,PERMITTED,,"343' FSL & 2019' FEL, SEC 32-T14N14W. PBHL: 1100' FNL & 450' FEL, SEC 29-T14N-R14W.",,,https://sonlite.dnr.state.la.us/ords/r/sonris/ucmsearch/finddocuments?qtype=eq&idx=xwellserialnumber&val=255719,NORTH,,,15000.0
229446,255720,C332,1,,HA RA SUZ;BURFORD 32-29 HC,002-ALT,14N,2026-06-24 05:00:00,17031276060000,01,2026-06-24 05:00:00,,01,2026-06-24 05:00:00,,,,,00,,,,4541,,0.0,,0.0,,,,,0.0,,"343' FSL & 2039' FEL, SEC 32-T14N-R14W.  PBHL: 2050' FNL & 1600' FEL, SEC 29-T14N-R14W.",032,W,14W,16,32.152211156,-93.822236761,23000.0,-1,,,,032,,,,,HOLLY,"COMSTOCK OIL & GAS--LA, LLC",DE SOTO,01,2026-06-24 05:00:00,23000.0,,,,,,1590857.0,542796.0,01,N,422462.757379531,3557603.44420202,,,,,,"https://sonlite.dnr.state.la.us/ords/apex/r/sonris_pub/sonris_data_portal/well-profile?clear=CR,9000&ig[ig_master]_well_serial_num=255720",2026-07-29 09:05:20,PERMITTED,,"343' FSL & 2039' FEL, SEC 32-T14N-R14W.  PBHL: 2050' FNL & 1600' FEL, SEC 29-T14N-R14W.",,,https://sonlite.dnr.state.la.us/ords/r/sonris/ucmsearch/finddocuments?qtype=eq&idx=xwellserialnumber&val=255720,NORTH,,,15000.0
229447,255721,C332,1,,HA RA SUZ;BURFORD 32-29 HC,003-ALT,14N,2026-06-24 05:00:00,17031276070000,01,2026-06-24 05:00:00,,01,2026-06-24 05:00:00,,,,,00,,,,4541,,0.0,,0.0,,,,,0.0,,"343' FSL & 2059' FEL, SEC 32-T14N-R14W.  PBHL: 2200' FSL & 2600' FWL, SEC 29-T14N-R14W.",032,W,14W,16,32.152210485,-93.822301381,22000.0,-1,,,,032,,,,,HOLLY,"COMSTOCK OIL & GAS--LA, LLC",DE SOTO,01,2026-06-24 05:00:00,22000.0,,,,,,1590837.0,542796.0,01,N,422456.662911296,3557603.41638898,,,,,,"https://sonlite.dnr.state.la.us/ords/apex/r/sonris_pub/sonris_data_portal/well-profile?clear=CR,9000&ig[ig_master]_well_serial_num=255721",2026-07-29 09:05:20,PERMITTED,,"343' FSL & 2059' FEL, SEC 32-T14N-R14W.  PBHL: 2200' FSL & 2600' FWL, SEC 29-T14N-R14W.",,,https://sonlite.dnr.state.la.us/ords/r/sonris/ucmsearch/finddocuments?qtype=eq&idx=xwellserialnumber&val=255721,NORTH,,,15000.0
229448,255722,C332,1,,HA RA SUZ;BURFORD 32-29 HC,004-ALT,14N,2026-06-24 05:00:00,17031276080000,01,2026-06-24 05:00:00,,01,2026-06-24 05:00:00,,,,,00,,,,4541,,0.0,,0.0,,,,,0.0,,"343' FSL & 2079' FEL, SEC 32-T14N-R14W.  PBHL: 800' FSL & 900' FWL OF SEC 29-T14N-R14W.",032,W,14W,16,32.152212563,-93.822366041,21000.0,-1,,,,032,,,,,HOLLY,"COMSTOCK OIL & GAS--LA, LLC",DE SOTO,05,2026-07-23 05:00:00,,,,,,,1590817.0,542797.0,01,N,422450.567052334,3557603.69329939,,,,,,"https://sonlite.dnr.state.la.us/ords/apex/r/sonris_pub/sonris_data_portal/well-profile?clear=CR,9000&ig[ig_master]_well_serial_num=255722",2026-07-29 09:05:20,PERMITTED,,SCOUT CODE 5: 7/14/2026 TUES. 6:00 AM - WORKING ON BAGLEY 33 HU #3 ALT.;  7/15/2026 WED. 6:00 AM - WORKING ON BAGLEY 33 HU #3 ALT.;  7/16/2026 THURS. 6:00 AM - RIG MOVE OPERATIONS: RIG DOWN ON BAGLEY 33 HU #3 ALT & RIG UP ON BURFORD 32-29 HC #4 ALT. ;  7/17/2026 FRI. 6:00 AM - R/U ON LOCATION.;  7/18/2026 SAT. 6:00 AM - R/U ON LOCATION.;  7/19/2026 SUN. 6:00 AM - R/U ON LOCATION.;  7/20/2026 MON. 6:00 AM - R/U ON LOCATION.,,,https://sonlite.dnr.state.la.us/ords/r/sonris/ucmsearch/finddocuments?qtype=eq&idx=xwellserialnumber&val=255722,NORTH,,,13000.0
229449,255723,J1211,1,,HA RA SUW;SOUTH MAN 36-1-12HC,006-ALT,10N,2026-06-24 05:00:00,17085227250000,01,2026-06-24 05:00:00,,01,2026-06-24 05:00:00,,,,,00,,,,7405,,0.0,,0.0,,,,,0.0,,334' FNL & 807' FEL OF SEC 36-T10N-R13W.  PBHL: 0 FSL & 910' FEL OF SEC 12-T9N-R13W.,036,W,13W,43,31.815393413,-93.647726068,28500.0,-1,,,,036,,,,,PLEASANT HILL,"JERA UPSTREAM AMERICA, LLC",SABINE,05,2026-07-22 05:00:00,11170.0,,,,,,1643563.0,419664.0,01,N,438695.961125503,3520156.42823529,,,,,,"https://sonlite.dnr.state.la.us/ords/apex/r/sonris_pub/sonris_data_portal/well-profile?clear=CR,9000&ig[ig_master]_well_serial_num=255723",2026-07-29 09:05:20,PERMITTED,,"SCOUT CODE 5: 7/14/2026 TUES. 6:00 AM - DRILL TO 7,323'.;  7/15/2026 WED. 6:00 AM - DRILL TO 7,384', CIRC. AND RAISE M.W. TO 10.5#, POOH, CHANGE BIT AND MOTOR, TIH TO 6,100', REAM 6,100' TO 7,384', DRILL TO 7,673'.;  7/16/2026 THURS. 6:00 AM - DRILL TO 9,222'.;  7/17/2026 FRI. 6:00 AM - DRILL TO 9,242', CIRC., POOH, CHANGE BIT AND MOTOR, TIH TO 6,000', REAM IN HOLE TO 6,650', TIH TO 9,158', REAM TO 9,242', ( HAD PRESSURE INCREASE-TROUBLE SHOOT ) DRILL F/ 9,242' TO 9,262' W/ REDUCED RATE, CIRC. B/U, BACKREAM OOH TO 5,700'.;  7/18/2026 SAT. 6:00 AM - BACKREAM OOH TO 5,168' ( PACKED OFF-LOST RETURNS, WORK STRING DOWN, ESTABLISHED CIRCULATION ) BACK REAM OOH TO 4,425', POOH ON ELEVATORS, CHANGE BIT AND MOTOR, TIH TO 7,018', CIRC. B/U, TIH TO 8,967', REAM TO 9,262', DRILL TO 9,701'.;  7/19/2026 SUN. 6:00 AM - DRILL TO 10,597'.;  7/20/2026 MON. 6:00 AM - DRILL TO 11,170', CIRC. TO CONFIRM ICP ( CONFIRMED), WIPER TRIP TO 9,073', TIH TO 9,500', SERVICE RIG, REPAIR ST-80 HOSE, TIH TO 11,040', REAM TO 11,170', CIRC., WAIT ON ELECTRICIAN TO FIX DERRICK LIGHTS, FLOW CHECK-WELL STATIC, SLUG PIPE AND POOH",,,https://sonlite.dnr.state.la.us/ords/r/sonris/ucmsearch/finddocuments?qtype=eq&idx=xwellserialnumber&val=255723,NORTH,,,12500.0
229450,255724,J1211,1,,HA RA SUW;SOUTH MAN 36-1-12HC,007-ALT,10N,2026-06-24 05:00:00,17085227260000,01,2026-06-24 05:00:00,,01,2026-06-24 05:00:00,,,,,00,,,,7405,,0.0,,0.0,,,,,0.0,,334' FNL & 787' FEL OF SEC 36-T10N-R13W. PBHL: 0' FSL & 580' FEL OF SEC 12-T9N-R13W.,036,W,13W,43,31.815391246,-93.647661647,29000.0,-1,,,,036,,,,,PLEASANT HILL,"JERA UPSTREAM AMERICA, LLC",SABINE,07,2026-07-15 05:00:00,2000.0,,,,,,1643583.0,419663.0,01,N,438702.056874666,3520156.15173985,,,,,,"https://sonlite.dnr.state.la.us/ords/apex/r/sonris_pub/sonris_data_portal/well-profile?clear=CR,9000&ig[ig_master]_well_serial_num=255724",2026-07-29 09:05:20,PERMITTED,,"SCOUT CODE 7: 7/7/2026 TUES. 6:00 AM - RIG UP H&P 444.;  7/8/2026 WED. 6:00 AM - FINISH RIG UP, INTALL CELLAR PUMPS, L/O BHA, P/U DIR. TOOLS, TAG @ 120', FIX LEAK ON DIVERTER, SPUD WELL @ 18:00  7/7/2026, DRILL SURFACE TO 1,948'.;  7/9/2026 THURS. 6:00 AM - DRILL TO 2,000', CIRC. HOLE CLEAN, POOH, RACK BACK BHA,N/D FLOWLINE AND DIVERTER, R/U CASING CREW AND RUN 13-3/8'' J-55, 54.5#, BTC CASING TO 1,989', LAND ON CONDUCTOR, CIRC. CASING. CEMENT CASING, PERFORM TOPOUT , R/D CEMENT EQUIPMENT, SERVICE RIG, TROUBLE SHOOT HMI VIDEO AND CONTROL LOSS, BACKOUT LANDING JT.;  7/10/2026 FRI. 6:00 AM - R/D THIRD PARTY EQUIPMENT, REPOSITION RISER FOR WALK, INSTALL WELLHEAD, TEST SEALS TO 5,000 PSI, ISTALL NIGHT CAP. RELEASE RIG TO SOUTH MAN 36-1-12HC 006 (SN: 255723 )TO DRILL SURFACE AND INTERMEDIATE SECTIONS @ 09:00 7/9/2026;  7/11/2026 SAT. 6:00 AM - NO ACTIVITY;  7/12/2026 SUN. 6:00 AM - NO ACTIVITY;  7/13/2026 MON. 6:00 AM - NO ACTIVITY",,,https://sonlite.dnr.state.la.us/ords/r/sonris/ucmsearch/finddocuments?qtype=eq&idx=xwellserialnumber&val=255724,NORTH,,,13000.0
229451,255725,A1169,1,,LA MIN 8&20-11-11HC,001,11N,2026-06-25 05:00:00,17031276090000,01,2026-06-25 05:00:00,,01,2026-06-25 05:00:00,,,,,00,,,,7651,,0.0,,0.0,,,,,0.0,,2507' FNL & 2169' FEL OF SEC 8-T11N-R11W.  PBHL:  1945' FSL & 1456' FWL OF SEC 20-T11N-R11W.,008,W,11W,16,31.954741184,-93.515768909,27500.0,-1,,,,008,,,,,RED RIVER-BULL BAYOU,"APEX NATURAL GAS, LLC",DE SOTO,01,2026-06-25 05:00:00,27500.0,,,,,,1685023.0,469942.0,01,N,451258.662943858,3535535.22239162,,,,,,"https://sonlite.dnr.state.la.us/ords/apex/r/sonris_pub/sonris_data_portal/well-profile?clear=CR,9000&ig[ig_master]_well_serial_num=255725",2026-07-29 09:05:20,PERMITTED,,2507' FNL & 2169' FEL OF SEC 8-T11N-R11W.  PBHL:  1945' FSL & 1456' FWL OF SEC 20-T11N-R11W.,,,https://sonlite.dnr.state.la.us/ords/r/sonris/ucmsearch/finddocuments?qtype=eq&idx=xwellserialnumber&val=255725,NORTH,,,13000.0
229452,255726,A1169,1,,HA RA SUE;MOMENTUM 5-12-12HU,001,12N,2026-06-25 05:00:00,17031276100000,01,2026-06-25 05:00:00,,01,2026-06-25 05:00:00,,,,,00,,,,7651,,0.0,,0.0,,,,,0.0,,551' FSL & 2528' FEL OF SEC 5-T12N-R12W.  PBHL: 100' FSL & 430' FWL OF SEC 5-T12N-R12W.,005,W,12W,16,32.050470013,-93.619122697,25000.0,-1,,,,005,,,,,RED RIVER-BULL BAYOU,"APEX NATURAL GAS, LLC",DE SOTO,07,2026-07-22 05:00:00,2165.0,,,,,,1653330.0,505079.0,01,N,441552.107690499,3546197.51668357,,,,,,"https://sonlite.dnr.state.la.us/ords/apex/r/sonris_pub/sonris_data_portal/well-profile?clear=CR,9000&ig[ig_master]_well_serial_num=255726",2026-07-29 09:05:20,PERMITTED,,SCOUT CODE 7: 7/14/2026 TUES. 6:00 AM - NO ACTIVITY;  7/15/2026 WED. 6:00 AM - NO ACTIVITY;  7/16/2026 THURS. 6:00 AM - NO ACTIVITY;  7/17/2026 FRI. 6:00 AM - NO ACTIVITY;  7/18/2026 SAT. 6:00 AM - NO ACTIVITY;  7/19/2026 SUN. 6:00 AM - NO ACTIVITY;  7/20/2026 MON. 6:00 AM - NO ACTIVITY,,,https://sonlite.dnr.state.la.us/ords/r/sonris/ucmsearch/finddocuments?qtype=eq&idx=xwellserialnumber&val=255726,NORTH,,,13500.0
229453,255727,A1169,1,,HA RA SUE;MOMENTUM 5-12-12HU,002-ALT,12N,2026-06-25 05:00:00,17031276110000,01,2026-06-25 05:00:00,,01,2026-06-25 05:00:00,,,,,00,,,,7651,,0.0,,0.0,,,,,0.0,,551' FSL & 2557' FEL OF SEC 5-T12N-R12W.  PBHL: 100' FSL & 460' FEL OF SEC 5-T12N-R12W.,005,W,12W,16,32.050470723,-93.619042009,25000.0,-1,,,,005,,,,,RED RIVER-BULL BAYOU,"APEX NATURAL GAS, LLC",DE SOTO,05,2026-07-23 05:00:00,9152.0,,,,,,1653355.0,505079.0,01,N,441559.7255740151,3546197.55166812,,,,,,"https://sonlite.dnr.state.la.us/ords/apex/r/sonris_pub/sonris_data_portal/well-profile?clear=CR,9000&ig[ig_master]_well_serial_num=255727",2026-07-29 09:05:20,PERMITTED,,"SCOUT CODE 5: 7/14/2026 TUES. 6:00 AM - POOH F/2,248' T/BHA. P/U BHA. TIH T/2,750';  7/15/2026 WED. 6:00 AM - TIH F/2,750' T/7,890';  7/16/2026 THURS. 6:00 AM - TIH F/7,890' T/8,349'. DRILL F/8,349' T/8,606'. POOH F/8,606' T/7,300';  7/17/2026 FRI. 6:00 AM - POOH F/7,300' T/BHA & L/D. P/U BHA. TIH T/7,900';  7/18/2026 SAT. 6:00 AM - TIH F/7,900' T/8,606'. DRILL F/8,606' T/8,687'. POOH T/ BHA. L/D BHA.;  7/19/2026 SUN. 6:00 AM - P/U BHA. TIH T/8,687'. DRILL F/8,687' T/8,944';  7/20/2026 MON. 6:00 AM - DRILL F/8,944' T/9500'. POOH T/650'",,,https://sonlite.dnr.state.la.us/ords/r/sonris/ucmsearch/finddocuments?qtype=eq&idx=xwellserialnumber&val=255727,NORTH,,,13500.0
229454,255728,A1169,1,,HA RA SUE;MOMENTUM 5-12-12HU,003-ALT,12N,2026-06-25 05:00:00,17031276120000,01,2026-06-25 05:00:00,,01,2026-06-25 05:00:00,,,,,00,,,,7651,,0.0,,0.0,,,,,0.0,,291' FSL & 2577' FEL OF SEC 5-T12N-R12W. PBHL: 100' FSL & 930' FEL OF SEC 5-T12N-R12W.,005,W,12W,16,32.049755289,-93.619117258,25000.0,-1,,,,005,,,,,RED RIVER-BULL BAYOU,"APEX NATURAL GAS, LLC",DE SOTO,07,2026-07-06 05:00:00,2281.0,,,,,,1653329.0,504819.0,01,N,441552.1668188591,3546118.28929169,,,,,,"https://sonlite.dnr.state.la.us/ords/apex/r/sonris_pub/sonris_data_portal/well-profile?clear=CR,9000&ig[ig_master]_well_serial_num=255728",2026-07-29 09:05:20,PERMITTED,,"SCOUT CODE 7: 6/30/2026 TUES. 6:00 AM - MOB TO MOMENTUM PAD ;  7/1/2026 WED. 6:00 AM - RIG UP ON MOMNETUM PAD.;  7/2/2026 THURS. 6:00 AM - RIG UP ON MOMNETUM PAD.;  7/3/2026 FRI. 6:00 AM - RIG UP ON MOMNETUM PAD.;  7/4/2026 SAT. 6:00 AM - RIG ACCEPTED 8:00 7/3/26. P/U BHA. DRILL F/113' T/2,180';  7/5/2026 SUN. 6:00 AM - POOH T/BIT. TIH T/2,180'. DRILL T/2,281'. POOH T/BHA. R/U CASING EQUIPMENT. RUN CASING TO 2,261'. R/U CEMENT.  ;  7/6/2026 MON. 6:00 AM - PUMP CEMENT. INSTALL WELL HEAD & NIGHT CAP. PREP TO SKID RIG.",,,https://sonlite.dnr.state.la.us/ords/r/sonris/ucmsearch/finddocuments?qtype=eq&idx=xwellserialnumber&val=255728,NORTH,,,13500.0
229455,255729,A1169,1,,HA RA SUE;MOMENTUM 5-12-12HU,004-ALT,12N,2026-06-25 05:00:00,17031276130000,01,2026-06-25 05:00:00,,01,2026-06-25 05:00:00,,,,,00,,,,7651,,0.0,,0.0,,,,,0.0,,291' FSL & 2552' FEL OF SEC 5-T12N-R12W.  PBHL: 100' FSL & 930' FEL OF SEC 5-T12N-R12W.,005,W,12W,16,32.049755998,-93.619036571,25000.0,-1,,,,005,,,,,RED RIVER-BULL BAYOU,"APEX NATURAL GAS, LLC",DE SOTO,05,2026-07-22 05:00:00,6252.0,,,,,,1653354.0,504819.0,01,N,441559.78470259,3546118.32427711,,,,,,"https://sonlite.dnr.state.la.us/ords/apex/r/sonris_pub/sonris_data_portal/well-profile?clear=CR,9000&ig[ig_master]_well_serial_num=255729",2026-07-29 09:05:20,PERMITTED,,"SCOUT CODE 5: 7/14/2026 TUES. 6:00 AM - DRILL F/8,252' TO 8,299', CBU, TOOH TO SURFACE.;  7/15/2026 WED. 6:00 AM - PICKUP FISHING BHA, TIH TO 6,577'. ;  7/16/2026 THURS. 6:00 AM - TIH F/ 6,577' TO 8,241'. TAG FISH AT 8,241'. TOOH TO 650'.;  7/17/2026 FRI. 6:00 AM - TOOH TO SURFACE. NO FISH, P/U DIRECTIONAL BHA, TIH TO 2,937'.;  7/18/2026 SAT. 6:00 AM - TIH F/2,937' TO 3,435' PERFORM SIDETRACK PROCEDURE (NO SUCCESS) TOOH F/3,435' TO 2,945'. BEGIN SIDETRACK.;  7/19/2026 SUN. 6:00 AM - DRILL SIDE TRACK F/2,945' TO 4,560'.;  7/20/2026 MON. 6:00 AM - DRILL F/4,560' TO 6,252'.",,,https://sonlite.dnr.state.la.us/ords/r/sonris/ucmsearch/finddocuments?qtype=eq&idx=xwellserialnumber&val=255729,NORTH,,,13500.0
229456,255730,C8025,1,,SLL&O,003,10S,2026-06-25 05:00:00,17019224190000,01,2026-06-25 05:00:00,,01,2026-06-25 05:00:00,,,,,00,,,,1392,,0.0,,0.0,,,,,0.0,,"N 49 D 24' 38"" E 4882.29' FROM NGS MON ""10 V 47""  FALLING IN SEC 34-T10S-R6W.",034,W,06W,10,30.135296693,-92.964377311,11900.0,01,,,,034,,,,,"BELL CITY, EAST",COTEAU ENERGY LLC,CALCASIEU,01,2026-06-25 05:00:00,11900.0,,,,,,1484482.0,537643.0,01,S,503431.055909329,3333778.01209371,,,,,,"https://sonlite.dnr.state.la.us/ords/apex/r/sonris_pub/sonris_data_portal/well-profile?clear=CR,9000&ig[ig_master]_well_serial_num=255730",2026-07-29 09:05:20,PERMITTED,,"N 49 D 24' 38"" E 4882.29' FROM NGS MON ""10 V 47""  FALLING IN SEC 34-T10S-R6W.",,,https://sonlite.dnr.state.la.us/ords/r/sonris/ucmsearch/finddocuments?qtype=eq&idx=xwellserialnumber&val=255730,SOUTH,,,11900.0
228121,255731,M1236,1,,J D SITTIG ET UX,001,07S,2026-06-25 05:00:00,17001223230000,01,2026-06-25 05:00:00,,01,2026-06-25 05:00:00,,,,,00,,,,7686,,0.0,,0.0,,,,,0.0,,"N 70 D 08' 41"" E 15,869.06' FROM USC&GS MONU. ""HORACE 1974"", SEC 20-T7S-R1W.  PBHL: S 35 D 00' 32"" W 928.08' FROM SURF LOC, SEC 20-T7S-R1W.",020,W,01W,01,30.430437911,-92.495204447,10500.0,-1,,,,020,,,,,RICHIE,"MINERAL U OPERATING, LLC",ACADIA,27,2026-07-27 05:00:00,9393.0,,,,,,1633865.0,643167.0,01,S,548475.189428132,3366591.0843601,,,,,,"https://sonlite.dnr.state.la.us/ords/apex/r/sonris_pub/sonris_data_portal/well-profile?clear=CR,9000&ig[ig_master]_well_serial_num=255731",2026-07-29 09:05:20,PERMITTED,,"SET 200 SXS CMT PLUG F/8588' TO 8028'; SET 280 SXS CMT PLUG F/2760'-2227' UP INSIDE THE 9-5/8"" SURF CSG SHOE; WAITING ON ORDERS TO SIDETRACK",,,https://sonlite.dnr.state.la.us/ords/r/sonris/ucmsearch/finddocuments?qtype=eq&idx=xwellserialnumber&val=255731,SOUTH,,,10350.0
228122,255732,E1152,1,,HA RA SUH;MES 27&22&15-11-11HC,001-ALT,11N,2026-06-29 05:00:00,17031276140000,01,2026-06-29 05:00:00,,01,2026-06-29 05:00:00,,,,,00,,,,2584,,0.0,,0.0,,,,,0.0,,872' FSL & 1813' FEL OF SEC 27-T11N-R11W.  PBHL: 100' FNL & 1940' FEL OF SEC 15-T11N-R11W.,027,W,11W,16,31.905840089,-93.480667262,35000.0,-1,,,,027,,,,,CHEMARD LAKE,EXPAND OPERATING LLC,DE SOTO,01,2026-06-29 05:00:00,35000.0,,,,,,1695748.0,452054.0,01,N,454551.833945054,3530099.61329316,,,,,,"https://sonlite.dnr.state.la.us/ords/apex/r/sonris_pub/sonris_data_portal/well-profile?clear=CR,9000&ig[ig_master]_well_serial_num=255732",2026-07-29 09:05:20,PERMITTED,,872' FSL & 1813' FEL OF SEC 27-T11N-R11W.  PBHL: 100' FNL & 1940' FEL OF SEC 15-T11N-R11W.,,,https://sonlite.dnr.state.la.us/ords/r/sonris/ucmsearch/finddocuments?qtype=eq&idx=xwellserialnumber&val=255732,NORTH,,,14000.0
228123,255733,E1152,1,,HA RA SUH;MES 27&22&15-11-11HC,002-ALT,11N,2026-06-29 05:00:00,17031276150000,01,2026-06-29 05:00:00,,01,2026-06-29 05:00:00,,,,,00,,,,2584,,0.0,,0.0,,,,,0.0,,852' FSL & 1811' FEL OF SEC 27-T11N-R11W.  PBHL: 100' FNL & 558' FEL OF SEC 15-T11N-R11W.,027,W,11W,16,31.905785111,-93.480666678,35000.0,-1,,,,027,,,,,CHEMARD LAKE,EXPAND OPERATING LLC,DE SOTO,01,2026-06-29 05:00:00,35000.0,,,,,,1695748.0,452034.0,01,N,454551.862071205,3530093.51907212,,,,,,"https://sonlite.dnr.state.la.us/ords/apex/r/sonris_pub/sonris_data_portal/well-profile?clear=CR,9000&ig[ig_master]_well_serial_num=255733",2026-07-29 09:05:20,PERMITTED,,852' FSL & 1811' FEL OF SEC 27-T11N-R11W.  PBHL: 100' FNL & 558' FEL OF SEC 15-T11N-R11W.,,,https://sonlite.dnr.state.la.us/ords/r/sonris/ucmsearch/finddocuments?qtype=eq&idx=xwellserialnumber&val=255733,NORTH,,,14000.0
228127,255734,A1203,1,,WAERSTAD 1H,002,14N,2026-06-30 05:00:00,17081219470000,01,2026-06-30 05:00:00,,01,2026-06-30 05:00:00,,,,,00,,Y,,8918,,0.0,,0.0,,,,,0.0,,286' FSL & 874' FEL OF SEC 1-T14N-R12W. PBHL: 100' FNL & 1810' FEL OF SEC 1-T14N-R12W.,001,W,12W,41,32.223920696,-93.545866341,17500.0,-1,3NW,,,001,,,,,THORN LAKE,ADAMAS ENERGY LLC,RED RIVER,01,2026-06-30 05:00:00,17500.0,,,,,,1676634.0,567947.0,01,N,448565.368717585,3565386.70270122,,,,,,"https://sonlite.dnr.state.la.us/ords/apex/r/sonris_pub/sonris_data_portal/well-profile?clear=CR,9000&ig[ig_master]_well_serial_num=255734",2026-07-29 09:05:20,PERMITTED,,286' FSL & 874' FEL OF SEC 1-T14N-R12W. PBHL: 100' FNL & 1810' FEL OF SEC 1-T14N-R12W.,,,https://sonlite.dnr.state.la.us/ords/r/sonris/ucmsearch/finddocuments?qtype=eq&idx=xwellserialnumber&val=255734,NORTH,,,12900.0
228124,255735,D188,1,,DELHI HOLT BRYANT SU;DELHI UT,073-1,17N,2026-06-25 05:00:00,17083004160000,01,2026-06-25 05:00:00,,01,2026-06-25 05:00:00,,,,,00,,Y,,3294,,0.0,,0.0,,,,,0.0,,698' N & 1773' E OF THE SW CORNER OF SEC 23-T17N-R9E. (REDRILL OF SERIAL # 030685 - P&A'D),023,W,09E,42,32.436868173,-91.52107381,3388.0,01,3N,,,023,,,,,DELHI,"DENBURY ONSHORE, LLC",RICHLAND,01,2026-06-25 05:00:00,3388.0,,,,,,2302065.0,645220.0,01,N,639032.678622831,3589823.48180884,,,,,,"https://sonlite.dnr.state.la.us/ords/apex/r/sonris_pub/sonris_data_portal/well-profile?clear=CR,9000&ig[ig_master]_well_serial_num=255735",2026-07-29 09:05:20,PERMITTED,,698' N & 1773' E OF THE SW CORNER OF SEC 23-T17N-R9E. (REDRILL OF SERIAL # 030685 - P&A'D),,,https://sonlite.dnr.state.la.us/ords/r/sonris/ucmsearch/finddocuments?qtype=eq&idx=xwellserialnumber&val=255735,NORTH,,,3388.0
228125,255736,D188,1,,DELHI HOLT BRYANT SU;DELHI UT,045-1,17N,2026-06-25 05:00:00,17083000430000,01,2026-06-25 05:00:00,,01,2026-06-25 05:00:00,,,,,00,,Y,,3294,,0.0,,0.0,,,,,0.0,,1782' N & 720' W OF THE SE CORNER OF SEC 13-T17N-R9E. (REDRILL OF SERIAL #032220 - P&A'D),013,W,09E,42,32.454723024,-91.49468799,3380.0,01,3N,,,013,,,,,DELHI,"DENBURY ONSHORE, LLC",RICHLAND,01,2026-06-25 05:00:00,3380.0,,,,,,2310145.0,651790.0,01,N,641485.522523276,3591837.64915174,,,,,,"https://sonlite.dnr.state.la.us/ords/apex/r/sonris_pub/sonris_data_portal/well-profile?clear=CR,9000&ig[ig_master]_well_serial_num=255736",2026-07-29 09:05:20,PERMITTED,,1782' N & 720' W OF THE SW CORNER OF SEC 13-T17N-R9E. (REDRILL OF SERIAL #032220 - P&A'D),,,https://sonlite.dnr.state.la.us/ords/r/sonris/ucmsearch/finddocuments?qtype=eq&idx=xwellserialnumber&val=255736,NORTH,,,3380.0
228126,255737,D188,1,,DELHI HOLT BRYANT SU;DELHI UT,045-2,17N,2026-06-25 05:00:00,17083000440000,01,2026-06-25 05:00:00,,01,2026-06-25 05:00:00,,,,,00,,Y,,3294,,0.0,,0.0,,,,,0.0,,1525' N & 771' W OF SE CORNER OF SEC 13-T17N-R9E. (REDRILL OF SERIAL #033890 - P&A'D),013,W,09E,42,32.454020665,-91.494857775,3380.0,01,3N,,,013,,,,,DELHI,"DENBURY ONSHORE, LLC",RICHLAND,01,2026-06-25 05:00:00,3380.0,,,,,,2310095.0,651534.0,01,N,641470.660679355,3591759.55581575,,,,,,"https://sonlite.dnr.state.la.us/ords/apex/r/sonris_pub/sonris_data_portal/well-profile?clear=CR,9000&ig[ig_master]_well_serial_num=255737",2026-07-29 09:05:20,PERMITTED,,1525' N & 771' W OF SE CORNER OF SEC 13-T17N-R9E. (REDRILL OF SERIAL #033890 - P&A'D),,,https://sonlite.dnr.state.la.us/ords/r/sonris/ucmsearch/finddocuments?qtype=eq&idx=xwellserialnumber&val=255737,NORTH,,,3380.0
228130,255738,A1203,1,,HA RA SU110;COWLEY 2-11 HC,001,17N,2026-06-30 05:00:00,17015254260000,01,2026-06-30 05:00:00,,01,2026-06-30 05:00:00,,,,,00,,Y,,3608,,0.0,,0.0,,,,,0.0,,"272' FSL & 2313' FEL OF SEC 35-T17N-R13W.  PBHL: S 9974.33' & W 2158.57' FROM NE CORNER OF SEC 2, LOC IN SEC 3-T16N-R13W.",035,W,13W,08,32.411220804,-93.67199608,17600.0,-1,3N,,,035,,,,,ELM GROVE,ADAMAS ENERGY LLC,BOSSIER,01,2026-06-30 05:00:00,17600.0,,,,,,1638369.0,636481.0,01,N,436810.683689252,3586216.52168417,,,,,,"https://sonlite.dnr.state.la.us/ords/apex/r/sonris_pub/sonris_data_portal/well-profile?clear=CR,9000&ig[ig_master]_well_serial_num=255738",2026-07-29 09:05:20,PERMITTED,,"272' FSL & 2313' FEL OF SEC 35-T17N-R13W.  PBHL: S 9974.33' & W 2158.57' FROM NE CORNER OF SEC 2, LOC IN SEC 3-T16N-R13W.",,,https://sonlite.dnr.state.la.us/ords/r/sonris/ucmsearch/finddocuments?qtype=eq&idx=xwellserialnumber&val=255738,NORTH,,,12400.0
228131,255739,A1203,1,,HA RA SU110;COWLEY 2-11 HC,002-ALT,17N,2026-06-30 05:00:00,17015254270000,01,2026-06-30 05:00:00,,01,2026-06-30 05:00:00,,,,,00,,Y,,3608,,0.0,,0.0,,,,,0.0,,272' FSL & 2288' FEL OF SEC 35-T17N-R13W. PBHL: S 9992.86'  & W1025.08' FROM NE CORNER OF SEC 2-T16N-R13W.,035,W,13W,08,32.411221547,-93.671915076,17600.0,-1,3N,,,035,,,,,ELM GROVE,ADAMAS ENERGY LLC,BOSSIER,01,2026-06-30 05:00:00,17600.0,,,,,,1638394.0,636481.0,01,N,436818.301367782,3586216.55617792,,,,,,"https://sonlite.dnr.state.la.us/ords/apex/r/sonris_pub/sonris_data_portal/well-profile?clear=CR,9000&ig[ig_master]_well_serial_num=255739",2026-07-29 09:05:20,PERMITTED,,272' FSL & 2288' FEL OF SEC 35-T17N-R13W. PBHL: S 9992.86'  & W1025.08' FROM NE CORNER OF SEC 2-T16N-R13W.,,,https://sonlite.dnr.state.la.us/ords/r/sonris/ucmsearch/finddocuments?qtype=eq&idx=xwellserialnumber&val=255739,NORTH,,,12400.0
228128,255740,E1152,1,,HA RA SUVV;RUSH 11&14-11-9 H,001-ALT,11N,2026-06-30 05:00:00,17081219480000,01,2026-06-30 05:00:00,,01,2026-06-30 05:00:00,,,,,00,,Y,,7644,,0.0,,0.0,,,,,0.0,,832' FNL & 2329' FEL OF SEC 11-T11N-R9W. PBHL: 815' FSL & 463' FEL OF SEC 14-T11N-R9W.,011,W,09W,41,31.956080928,-93.263924016,35000.0,-1,3NW,,,011,,,,,REDOAK LAKE,EXPAND OPERATING LLC,RED RIVER,01,2026-06-30 05:00:00,35000.0,,,,,,1763131.0,469788.0,01,N,475059.051348153,3535598.01551924,,,,,,"https://sonlite.dnr.state.la.us/ords/apex/r/sonris_pub/sonris_data_portal/well-profile?clear=CR,9000&ig[ig_master]_well_serial_num=255740",2026-07-29 09:05:20,PERMITTED,,832' FNL & 2329' FEL OF SEC 11-T11N-R9W. PBHL: 815' FSL & 463' FEL OF SEC 14-T11N-R9W.,,,https://sonlite.dnr.state.la.us/ords/r/sonris/ucmsearch/finddocuments?qtype=eq&idx=xwellserialnumber&val=255740,NORTH,,,14000.0
228129,255741,E1152,1,,HA RA SUVV;RUSH 11&14&52-11-9H,001-ALT,11N,2026-06-30 05:00:00,17081219490000,01,2026-06-30 05:00:00,,01,2026-06-30 05:00:00,,,,,00,,Y,,7644,,0.0,,0.0,,,,,0.0,,832' FNL & 2349' FEL OF SEC 11-T11N-R9W.  PBHL: 820' FNL & FEL OF SEC 52-T11N-R9W.,011,W,09W,41,31.956625129,-93.167258462,35000.0,-1,3NW,,,011,,,,,REDOAK LAKE,EXPAND OPERATING LLC,RED RIVER,01,2026-06-30 05:00:00,35000.0,,,,,,1793111.0,469788.0,01,N,484194.101569281,3535640.14324702,,,,,,"https://sonlite.dnr.state.la.us/ords/apex/r/sonris_pub/sonris_data_portal/well-profile?clear=CR,9000&ig[ig_master]_well_serial_num=255741",2026-07-29 09:05:20,PERMITTED,,832' FNL & 2349' FEL OF SEC 11-T11N-R9W.  PBHL: 820' FNL & FEL OF SEC 52-T11N-R9W.,,,https://sonlite.dnr.state.la.us/ords/r/sonris/ucmsearch/finddocuments?qtype=eq&idx=xwellserialnumber&val=255741,NORTH,,,14000.0
227565,255742,A1169,1,,TIMBER 8&20-11-11HC,001,11N,2026-06-30 05:00:00,17031276160000,01,2026-06-30 05:00:00,,01,2026-06-30 05:00:00,,,,,00,,,,7651,,0.0,,0.0,,,,,0.0,,922' FNL & 859' FWL OF SEC 17-T11N-R11W.  PBHL: 874' FSL & 400' FWL OF SEC 20-T11N-R11W.,017,W,11W,16,31.944745868,-93.522894007,27500.0,-1,,,,017,,,,,RED RIVER-BULL BAYOU,"APEX NATURAL GAS, LLC",DE SOTO,01,2026-06-30 05:00:00,27500.0,,,,,,1682779.0,466327.0,01,N,450579.965981159,3534430.53558761,,,,,,"https://sonlite.dnr.state.la.us/ords/apex/r/sonris_pub/sonris_data_portal/well-profile?clear=CR,9000&ig[ig_master]_well_serial_num=255742",2026-07-29 09:05:20,PERMITTED,,922' FNL & 859' FWL OF SEC 17-T11N-R11W.  PBHL: 874' FSL & 400' FWL OF SEC 20-T11N-R11W.,,,https://sonlite.dnr.state.la.us/ords/r/sonris/ucmsearch/finddocuments?qtype=eq&idx=xwellserialnumber&val=255742,NORTH,,,13000.0
227956,255743,A1169,1,,TIMBER 8&20-11-11HC,002,11N,2026-06-30 05:00:00,17031276170000,01,2026-06-30 05:00:00,,01,2026-06-30 05:00:00,,,,,00,,,,7651,,0.0,,0.0,,,,,0.0,,947' FNL & 859' FWL OF SEC 17-T1N-R11W.  PBHL: 905' FSL & 430' FWL OF SEC 20-T11N-R11W.,017,W,11W,16,31.94467712,-93.52289647,27500.0,-1,,,,017,,,,,RED RIVER-BULL BAYOU,"APEX NATURAL GAS, LLC",DE SOTO,01,2026-06-30 05:00:00,27500.0,,,,,,1682778.0,466302.0,01,N,450579.696387354,3534422.91637166,,,,,,"https://sonlite.dnr.state.la.us/ords/apex/r/sonris_pub/sonris_data_portal/well-profile?clear=CR,9000&ig[ig_master]_well_serial_num=255743",2026-07-29 09:05:20,PERMITTED,,947' FNL & 859' FWL OF SEC 17-T1N-R11W.  PBHL: 905' FSL & 430' FWL OF SEC 20-T11N-R11W.,,,https://sonlite.dnr.state.la.us/ords/r/sonris/ucmsearch/finddocuments?qtype=eq&idx=xwellserialnumber&val=255743,NORTH,,,13000.0
227958,255744,C8025,1,,DEROUEN ET AL,001,10S,2026-06-30 05:00:00,17019224200000,01,2026-06-30 05:00:00,,01,2026-06-30 05:00:00,,,,,00,,,,1392,,0.0,,0.0,,,,,0.0,,"N 49 D 51' 34"" E 4849.88' FROM NGS MON ""10 V 47"" FALLING IN SEC 34-T10S-R6W.  PBHL: S 48 D 28' 45"" E 1717.44' FROM SURF.",034,W,06W,10,30.135159219,-92.96437506,12075.0,-1,,,,034,,,,,"BELL CITY, EAST",COTEAU ENERGY LLC,CALCASIEU,01,2026-06-30 05:00:00,12075.0,,,,,,1484482.0,537593.0,01,S,503431.277512322,3333762.77858345,,,,,,"https://sonlite.dnr.state.la.us/ords/apex/r/sonris_pub/sonris_data_portal/well-profile?clear=CR,9000&ig[ig_master]_well_serial_num=255744",2026-07-29 09:05:20,PERMITTED,,"N 49 D 51' 34"" E 4849.88' FROM NGS MON ""10 V 47"" FALLING IN SEC 34-T10S-R6W.  PBHL: S 48 D 28' 45"" E 1717.44' FROM SURF.",,,https://sonlite.dnr.state.la.us/ords/r/sonris/ucmsearch/finddocuments?qtype=eq&idx=xwellserialnumber&val=255744,SOUTH,,,11148.0
227959,255745,A1203,1,,HA RA SU110;COWLEY 2-11 HC,003-ALT,17N,2026-06-30 05:00:00,17015254280000,01,2026-06-30 05:00:00,,01,2026-06-30 05:00:00,,,,,00,,Y,,3608,,0.0,,0.0,,,,,0.0,,"272' FSL & 2263' FEL OF SEC 35-T17N-R13W.  PBHL: S 10009.11' & W 30.80' FROM THE NE CORNER OF SEC 2-T16N-R13W, LOC IN SEC 3-T16N-R13W.",035,W,13W,08,32.41122229,-93.671834072,17600.0,-1,3N,,,035,,,,,ELM GROVE,ADAMAS ENERGY LLC,BOSSIER,01,2026-06-30 05:00:00,17600.0,,,,,,1638419.0,636481.0,01,N,436825.919046221,3586216.59067174,,,,,,"https://sonlite.dnr.state.la.us/ords/apex/r/sonris_pub/sonris_data_portal/well-profile?clear=CR,9000&ig[ig_master]_well_serial_num=255745",2026-07-29 09:05:20,PERMITTED,,"272' FSL & 2263' FEL OF SEC 35-T17N-R13W.  PBHL: S 10009.11' & W 30.80' FROM THE NE CORNER OF SEC 2-T16N-R13W, LOC IN SEC 3-T16N-R13W.",,,https://sonlite.dnr.state.la.us/ords/r/sonris/ucmsearch/finddocuments?qtype=eq&idx=xwellserialnumber&val=255745,NORTH,,,12400.0
227957,255746,H032,1,,LW 21 RA SU;SL 212 A,014,20S,2026-06-29 05:00:00,17075246180000,01,2026-06-29 05:00:00,,01,2026-06-29 05:00:00,,,,,00,,Y,,5759,,0.0,,0.0,,,,,0.0,,"N 10 D 56' 31"" E 14,120' FROM NGS MON. ""WASH"", TO LOC IN SEC 1-T20S-R26E. PBHL: S 57 D 10' 22"" E 1,052' FROM SURF LOC AND LOC IN SEC 1-T20S-R26E.",001,,26E,38,29.401859872,-89.78827042,12077.0,-1,1W,,,001,,,,,LAKE WASHINGTON,HILCORP ENERGY COMPANY,PLAQUEMINES,27,2026-07-20 05:00:00,11810.0,,,,,,2492015.0,270575.0,01,S,811689.760912509,3256801.18768095,,,,,,"https://sonlite.dnr.state.la.us/ords/apex/r/sonris_pub/sonris_data_portal/well-profile?clear=CR,9000&ig[ig_master]_well_serial_num=255746",2026-07-29 09:05:20,PERMITTED,,"DRL 9-7/8"" PROD HOLE SECTION F/6191'-11810'; CIRC HOLE CLEAN; EIPER TRIP F/11810'-8867'; TIH F/8867' TO 11810'; CIRC HOLE CLEAN; POOH F/11810'; L/D DIRECTIONAL BHA; INSTALL CSG RAMS; RIG UP AND RUN  7-5/8"" 29.7# P110-ICY BTC CASING TO 11,810' (1 JOINT SHOE TRACK), CIRCULATE SURFACE TO SURFACE, RIG UP AND PERFORM CMT OPERATIONS; PUMP 5 BBLS OF 12.0 PPG TUNED III SPACER; TST LINES TO 5000 PSI; PUMP 35 BBLS OF 12.0 PPG TUNED III SPACER; DROP BTM PLUG; KICK OUT WITH 5 BBLS OF TUNED III SPACER; MIX AND PUMP 908 SXS (259 BBLS AT 12.5 PPG, YIELD 1.599)NEOCEM LEAD CMT, MIX AND PUMP 612 SXS (143 BBLS AT 14.5 PPG, YIELD 1.31); FLUSH PUMPS AND LINES; DROP TOP PLUG, PUMP 5 BBLS FRESH WATER; DISPLACE WITH 534 BBLS OF 8.8 PPG FSW; BUMPED PLUG @ 02:25 HRS 7/19/2026 WITH 4800 PSI (1700 PSI OVER CIRCULATING PRESSURE), RIG DOWN CEMENT HEAD, BACK OFF LANDING JOINT FROM RSH-1 WELLHEAD AND LAYDOWN JOINT, WASH OFF HANGER, INSTALL PACK-OFF AND TEST SAME TO 5,000 PSI, PERFORM PULL TEST WITH 25K OVER, FLUSH ALL SURFACE LINES, TEST 7-5/8"" 29.7# P110-ICY CASING TO 3,000 PSI ON CHART FOR 30 MINUTES (GOOD TEST), LAY DOWN DRILL PIPE FROM DERRICK, CLEAN RIG TANKS OF OIL BASE MUD, BEGIN RIGGING DOWN DERRICK
",,,https://sonlite.dnr.state.la.us/ords/r/sonris/ucmsearch/finddocuments?qtype=eq&idx=xwellserialnumber&val=255746,SOUTH,,,12000.0
229014,255747,6126,1,,HERRING,007,22N,2026-07-01 05:00:00,17017370590000,01,2026-07-01 05:00:00,,01,2026-07-01 05:00:00,,,,,00,,,,2152,,0.0,,0.0,,,,,0.0,,2076' FSL & 1412' FWL OF SEC 24-T22N-R15W.,024,W,15W,09,32.882946885,-93.874701358,1200.0,01,,,,024,,,,,CADDO PINE ISLAND,UNIVERSAL OIL CO.,CADDO,01,2026-07-01 05:00:00,1200.0,,,,,,1577994.0,808833.0,01,N,418180.003570595,3638649.64536415,,,,,,"https://sonlite.dnr.state.la.us/ords/apex/r/sonris_pub/sonris_data_portal/well-profile?clear=CR,9000&ig[ig_master]_well_serial_num=255747",2026-07-29 09:05:20,PERMITTED,,2076' FSL & 1412' FWL OF SEC 24-T22N-R15W.,,,https://sonlite.dnr.state.la.us/ords/r/sonris/ucmsearch/finddocuments?qtype=eq&idx=xwellserialnumber&val=255747,NORTH,,,1200.0
229015,255748,W1235,1,,HA RA SU90;MARSTON 32-29H,001,18N,2026-07-01 05:00:00,17119223080000,01,2026-07-01 05:00:00,,01,2026-07-01 05:00:00,,,,,00,,,,8358,,0.0,,0.0,,,,,0.0,,1004' FSL & 851' FWL OF SEC 33-T18N-R10W.  PBHL: 5' FNL & 380' FEL OF SEC 29-T18N-R10W.,033,W,10W,60,32.500621394,-93.409213111,25500.0,-1,,,,033,,,,,SLIGO,"WNR HAYNESVILLE OPERATING, LLC",WEBSTER,01,2026-07-01 05:00:00,25500.0,,,,,,1719735.0,668226.0,01,N,461558.985257772,3596001.75566272,,,,,,"https://sonlite.dnr.state.la.us/ords/apex/r/sonris_pub/sonris_data_portal/well-profile?clear=CR,9000&ig[ig_master]_well_serial_num=255748",2026-07-29 09:05:20,PERMITTED,,1004' FSL & 851' FWL OF SEC 33-T18N-R10W.  PBHL: 5' FNL & 380' FEL OF SEC 29-T18N-R10W.,,,https://sonlite.dnr.state.la.us/ords/r/sonris/ucmsearch/finddocuments?qtype=eq&idx=xwellserialnumber&val=255748,NORTH,,,14500.0
229016,255749,W1235,1,,HA RA SUK;JOHNSONTRUST29-32HC,001-ALT,12N,2026-07-01 05:00:00,17031273900000,01,2026-07-01 05:00:00,,01,2026-07-01 05:00:00,,,,,00,,,,8575,,0.0,,0.0,,,,,0.0,,1505' FEL & 306' FNL OF SEC 29-T12N-R13W.  PBHL:  380' FEL & 5' FSL OF SEC 32-T12N-R13W. (REDRILL OF SERIAL #254683 - EXPIRED),029,W,13W,16,32.004732684,-93.718718624,22400.0,-1,,,,029,,,,,SPIDER,"WNR HAYNESVILLE OPERATING, LLC",DE SOTO,07,2026-07-16 05:00:00,1855.0,,,,,,1622288.0,488775.0,01,N,432115.885711773,3541185.93633639,,,,,,"https://sonlite.dnr.state.la.us/ords/apex/r/sonris_pub/sonris_data_portal/well-profile?clear=CR,9000&ig[ig_master]_well_serial_num=255749",2026-07-29 09:05:20,PERMITTED,,"SCOUT CODE 7: 7/7/2026 TUES. 6:00 AM - FINISH RIGGING UP, SPUD WELL, TRIP FOR MWD, SDFW;  7/8/2026 WED. 6:00 AM - XO MWD, TIH, DRILL SURFACE TO TD AT 1,855';  7/9/2026 THURS. 6:00 AM - RUN AND CEMENT 13-3/8"" 54.5# J-55 BTC CASING TO 1,846' AND HANG OFF MANDREL.  CEMENT CASING WITH 329.6 BBL LEAD, 130.9 BBL TAIL, 279 BBL DISPLACEMENT.  127 BBLS GOOD CEMENT BACK TO SURFACE.  WOC, RIG DOWN CEMENTERS.  N/D DIVERTER SYSTEM.  RR 7/8/26 @ 21:00.  WALK TO #2 WELL.;  7/10/2026 FRI. 6:00 AM - ;  7/11/2026 SAT. 6:00 AM - ;  7/12/2026 SUN. 6:00 AM - ;  7/13/2026 MON. 6:00 AM -",,,https://sonlite.dnr.state.la.us/ords/r/sonris/ucmsearch/finddocuments?qtype=eq&idx=xwellserialnumber&val=255749,NORTH,,,11194.0
229017,255750,W1235,1,,HA RA SUK;JOHNSONTRUSTS29-32HC,002-ALT,12N,2026-07-01 05:00:00,17031273910000,01,2026-07-01 05:00:00,,01,2026-07-01 05:00:00,,,,,00,,,,8575,,0.0,,0.0,,,,,0.0,,1504' FEL & 326' FNL OF SEC 29-T12N-R13W.  PBHL: 480' FEL & 5' FSL OF SEC 32-T12S-R13W. (REDRILL OF SERIAL #254684 - EXPIRED),029,W,13W,16,32.004677707,-93.718717898,21800.0,-1,,,,029,,,,,SPIDER,"WNR HAYNESVILLE OPERATING, LLC",DE SOTO,05,2026-07-23 05:00:00,9151.0,,,,,,1622288.0,488755.0,01,N,432115.913730232,3541179.8419306,,,,,,"https://sonlite.dnr.state.la.us/ords/apex/r/sonris_pub/sonris_data_portal/well-profile?clear=CR,9000&ig[ig_master]_well_serial_num=255750",2026-07-29 09:05:20,PERMITTED,,"SCOUT CODE 5: 7/14/2026 TUES. 6:00 AM - DRILL 12.25"" HOLE TO 4,858';  7/15/2026 WED. 6:00 AM - DRILL 12.25"" HOLE TO 6,409';  7/16/2026 THURS. 6:00 AM - DRILL 12.25"" HOLE TO 7,435', DERRICK INSPECTION;  7/17/2026 FRI. 6:00 AM - DRILL 12.25"" HOLE TO 7,668'.  TOH FOR ROP, X/O BHA AND TIH.   FUNCTION TEST BOPS: BLINDS, PIPE AND ANNULAR.;  7/18/2026 SAT. 6:00 AM - TIH, BEGAN LOSING FLUID AT 3,910', TAGGED AT 5431'WASHING AND REAMING.  WIH TO 7500'. TOTAL LOSSES 530 BBL;  7/19/2026 SUN. 6:00 AM - REGAIN RETURNS AND BEGIN DRILLING INTERMEDIATE FROM 7,668' TO 8,375'.  LOSSES FOR DAY: 232 BBL;  7/20/2026 MON. 6:00 AM - DRILL 12.25"" HOLE TO 9,151",,,https://sonlite.dnr.state.la.us/ords/r/sonris/ucmsearch/finddocuments?qtype=eq&idx=xwellserialnumber&val=255750,NORTH,,,10544.0
229018,255751,E1152,1,,HA RA SUQQ;SAN 3&10-10-12 HC,001-ALT,10N,2026-07-01 05:00:00,17031276180000,01,2026-07-01 05:00:00,,01,2026-07-01 05:00:00,,,,,00,,,,7405,,0.0,,0.0,,,,,0.0,,477' FNL & 2008' FWL OF SEC 3-T10N-R12W.  PBHL: 100' FSL & 866' FWL OF SEC 10-T10N-R12W.,003,W,12W,16,31.887784541,-93.587586818,35000.0,-1,,,,003,,,,,PLEASANT HILL,EXPAND OPERATING LLC,DE SOTO,01,2026-07-01 05:00:00,35000.0,,,,,,1662506.0,445803.0,01,N,444431.36187059,3528148.0898642,,,,,,"https://sonlite.dnr.state.la.us/ords/apex/r/sonris_pub/sonris_data_portal/well-profile?clear=CR,9000&ig[ig_master]_well_serial_num=255751",2026-07-29 09:05:20,PERMITTED,,477' FNL & 2008' FWL OF SEC 3-T10N-R12W.  PBHL: 100' FSL & 866' FWL OF SEC 10-T10N-R12W.,,,https://sonlite.dnr.state.la.us/ords/r/sonris/ucmsearch/finddocuments?qtype=eq&idx=xwellserialnumber&val=255751,NORTH,,,14000.0
229019,255752,E1152,1,,HA RA SUQQ;SAN 3&10-10-12 HC,002-ALT,10N,2026-07-01 05:00:00,17031276190000,01,2026-07-01 05:00:00,,01,2026-07-01 05:00:00,,,,,00,,,,7405,,0.0,,0.0,,,,,0.0,,465' FNL & 2024' FWL OF SEC 3-T10N-R12W.  PBHL: 100' FSL & 2030' FWL OF SEC 10-T10N-R12W.,003,W,12W,16,31.887820691,-93.587538911,35000.0,-1,,,,003,,,,,PLEASANT HILL,EXPAND OPERATING LLC,DE SOTO,01,2026-07-01 05:00:00,35000.0,,,,,,1662521.0,445816.0,01,N,444435.9142991441,3528152.07226591,,,,,,"https://sonlite.dnr.state.la.us/ords/apex/r/sonris_pub/sonris_data_portal/well-profile?clear=CR,9000&ig[ig_master]_well_serial_num=255752",2026-07-29 09:05:20,PERMITTED,,465' FNL & 2024' FWL OF SEC 3-T10N-R12W.  PBHL: 100' FSL & 2030' FWL OF SEC 10-T10N-R12W.,,,https://sonlite.dnr.state.la.us/ords/r/sonris/ucmsearch/finddocuments?qtype=eq&idx=xwellserialnumber&val=255752,NORTH,,,14000.0
229020,255753,E1152,1,,HA RA SUQQ;SAN 3&10-10-12 HC,003-ALT,10N,2026-07-01 05:00:00,17031276200000,01,2026-07-01 05:00:00,,01,2026-07-01 05:00:00,,,,,00,,,,7405,,0.0,,0.0,,,,,0.0,,452' FNL & 2039' FWL OF SEC 3-T10N-R12W.  PBHL: 100' FSL & 2078' FEL OF SEC 10-T10N-R12W,003,W,12W,16,31.887854119,-93.587487749,35000.0,-1,,,,003,,,,,PLEASANT HILL,EXPAND OPERATING LLC,DE SOTO,01,2026-07-01 05:00:00,35000.0,,,,,,1662537.0,445828.0,01,N,444440.772849779,3528155.75135995,,,,,,"https://sonlite.dnr.state.la.us/ords/apex/r/sonris_pub/sonris_data_portal/well-profile?clear=CR,9000&ig[ig_master]_well_serial_num=255753",2026-07-29 09:05:20,PERMITTED,,452' FNL & 2039' FWL OF SEC 3-T10N-R12W.  PBHL: 100' FSL & 2078' FEL OF SEC 10-T10N-R12W,,,https://sonlite.dnr.state.la.us/ords/r/sonris/ucmsearch/finddocuments?qtype=eq&idx=xwellserialnumber&val=255753,NORTH,,,14000.0
229021,255754,E1152,1,,HA RA SUFF;ALVA 34&27&22&15 HC,001-ALT,11N,2026-07-01 05:00:00,17031276210000,01,2026-07-01 05:00:00,,01,2026-07-01 05:00:00,,,,,00,,,,4319,,0.0,,0.0,,,,,0.0,,1874' FNL & 1708' FWL OF SEC 34-T11N-R11W.  PBHL: 811' FSL & 1755' FWL OF SEC 15-T11N-R11W.,034,W,11W,16,31.898313256,-93.486300936,35000.0,-1,,,,034,,,,,GROGAN,EXPAND OPERATING LLC,DE SOTO,01,2026-07-01 05:00:00,35000.0,,,,,,1693975.0,449332.0,01,N,454015.409477586,3529267.69593249,,,,,,"https://sonlite.dnr.state.la.us/ords/apex/r/sonris_pub/sonris_data_portal/well-profile?clear=CR,9000&ig[ig_master]_well_serial_num=255754",2026-07-29 09:05:20,PERMITTED,,1874' FNL & 1708' FWL OF SEC 34-T11N-R11W.  PBHL: 811' FSL & 1755' FWL OF SEC 15-T11N-R11W.,,,https://sonlite.dnr.state.la.us/ords/r/sonris/ucmsearch/finddocuments?qtype=eq&idx=xwellserialnumber&val=255754,NORTH,,,14000.0
229022,255755,E1152,1,,HA RA SUFF;ALVA 34&3-11-11 HC,003-ALT,11N,2026-07-01 05:00:00,17031276220000,01,2026-07-01 05:00:00,,01,2026-07-01 05:00:00,,,,,00,,,,4319,,0.0,,0.0,,,,,0.0,,1856' FNL & 1718' FWL OF SEC 34-T11N-R11W.  PBHL: 100' FSL & 1672' FWL OF SEC 3-T10N-R11W.,034,W,11W,16,31.898360238,-93.486269213,35000.0,-1,,,,034,,,,,GROGAN,EXPAND OPERATING LLC,DE SOTO,01,2026-07-01 05:00:00,35000.0,,,,,,1693985.0,449349.0,01,N,454018.432677544,3529272.89008929,,,,,,"https://sonlite.dnr.state.la.us/ords/apex/r/sonris_pub/sonris_data_portal/well-profile?clear=CR,9000&ig[ig_master]_well_serial_num=255755",2026-07-29 09:05:20,PERMITTED,,1856' FNL & 1718' FWL OF SEC 34-T11N-R11W.  PBHL: 100' FSL & 1672' FWL OF SEC 3-T10N-R11W.,,,https://sonlite.dnr.state.la.us/ords/r/sonris/ucmsearch/finddocuments?qtype=eq&idx=xwellserialnumber&val=255755,NORTH,,,14000.0
229023,255756,E1152,1,,HA RA SUFF;ALVA 34&3-11-11 HC,004-ALT,11N,2026-07-01 05:00:00,17031276230000,01,2026-07-01 05:00:00,,01,2026-07-01 05:00:00,,,,,00,,,,4319,,0.0,,0.0,,,,,0.0,,1839' FNL & 1728' FWL OF SEC 34-T11N-R11W.  PBHL: 100' FSL & 2561' FWL OF SEC 3-T10N-R11W.,034,W,11W,16,31.898407221,-93.486237489,35000.0,-1,,,,034,,,,,GROGAN,EXPAND OPERATING LLC,DE SOTO,01,2026-07-01 05:00:00,35000.0,,,,,,1693995.0,449366.0,01,N,454021.455877521,3529278.08424606,,,,,,"https://sonlite.dnr.state.la.us/ords/apex/r/sonris_pub/sonris_data_portal/well-profile?clear=CR,9000&ig[ig_master]_well_serial_num=255756",2026-07-29 09:05:20,PERMITTED,,1839' FNL & 1728' FWL OF SEC 34-T11N-R11W.  PBHL: 100' FSL & 2561' FWL OF SEC 3-T10N-R11W.,,,https://sonlite.dnr.state.la.us/ords/r/sonris/ucmsearch/finddocuments?qtype=eq&idx=xwellserialnumber&val=255756,NORTH,,,14000.0
229024,255757,M331,1,,ARMELISE A,001,12S,2026-07-02 05:00:00,17007205340000,01,2026-07-02 05:00:00,,01,2026-07-02 05:00:00,,,,,00,,,,7010,,0.0,,0.0,,,,,0.0,,"S 33 D 31' 12"" W 12,981.13' FROM USC&GS MON. ""KESSLER RESET"", SEC 43-T12S-13E.  PBHL: N 21 D 05' 50"" E 1,500.57' FROM SURF LOC, SEC 43-T12S-R13E.",043,W,13E,04,30.00602354,-91.095437481,8100.0,-1,1W,,,043,,,,,NAPOLEONVILLE,"MANTLE OIL & GAS, LLC",ASSUMPTION,05,2026-07-27 05:00:00,4669.0,,,,,,2075335.0,487040.0,01,S,683696.5870567809,3320980.00256388,,,,,,"https://sonlite.dnr.state.la.us/ords/apex/r/sonris_pub/sonris_data_portal/well-profile?clear=CR,9000&ig[ig_master]_well_serial_num=255757",2026-07-29 09:05:20,PERMITTED,,DRLD TO 7423'; CIRC BTMS/UP 4 TIMES; GOT SUTCK; PACKOFF; 90° OFF BTM; BACKED OFF AT 6554'; LOGGED THE WELL FROM 6532' TO SURF; PUMPED 500' SIDETRACK PLUG FROM 4100'-3600'.,,,https://sonlite.dnr.state.la.us/ords/r/sonris/ucmsearch/finddocuments?qtype=eq&idx=xwellserialnumber&val=255757,SOUTH,,,7500.0
229382,255758,E8566,1,,J.W. BRIGGS FEE B,032,22N,2026-07-06 05:00:00,17017370600000,01,2026-07-06 05:00:00,,01,2026-07-06 05:00:00,,,,,00,,,,2152,,0.0,,0.0,,,,,0.0,,"281' FNL & 811' FEL 349 WLL 1092' SLL, SEC 30-T22N-R15W.",030,W,15W,09,32.876518042,-93.951160085,1200.0,01,,,,030,,,,,CADDO PINE ISLAND,"ETHYL GAS COMPANY, LLC",CADDO,01,2026-07-06 05:00:00,1200.0,,,,,,1554490.0,806800.0,01,N,411021.331735729,3637998.79409211,,,,,,"https://sonlite.dnr.state.la.us/ords/apex/r/sonris_pub/sonris_data_portal/well-profile?clear=CR,9000&ig[ig_master]_well_serial_num=255758",2026-07-29 09:05:20,PERMITTED,,"281' FNL & 811' FEL 349 WLL 1092' SLL, SEC 30-T22N-R15W.",,,https://sonlite.dnr.state.la.us/ords/r/sonris/ucmsearch/finddocuments?qtype=eq&idx=xwellserialnumber&val=255758,NORTH,,,1200.0
229383,255759,E8566,1,,J.W. BRIGGS FEE B,033,22N,2026-07-06 05:00:00,17017370610000,01,2026-07-06 05:00:00,,01,2026-07-06 05:00:00,,,,,00,,,,2152,,0.0,,0.0,,,,,0.0,,"156' FNL & 811' FEL 349 WLL 1217' SLL, SEC 30-T22N-R15W.",030,W,15W,09,32.876861615,-93.951159023,1200.0,01,,,,030,,,,,CADDO PINE ISLAND,"ETHYL GAS COMPANY, LLC",CADDO,01,2026-07-06 05:00:00,1200.0,,,,,,1554492.0,806925.0,01,N,411021.774349929,3638036.883103,,,,,,"https://sonlite.dnr.state.la.us/ords/apex/r/sonris_pub/sonris_data_portal/well-profile?clear=CR,9000&ig[ig_master]_well_serial_num=255759",2026-07-29 09:05:20,PERMITTED,,"156' FNL & 811' FEL 349 WLL 1217' SLL, SEC 30-T22N-R15W.",,,https://sonlite.dnr.state.la.us/ords/r/sonris/ucmsearch/finddocuments?qtype=eq&idx=xwellserialnumber&val=255759,NORTH,,,1200.0
229384,255760,B6983,1,,HA RA SU91;MITCHL14-23-26-35HC,001-ALT,16N,2026-07-06 05:00:00,17015254290000,01,2026-07-06 05:00:00,,01,2026-07-06 05:00:00,,,,,00,,,,3608,,0.0,,0.0,,,,,0.0,,275' FNL & 1580' FEL OF SEC 23-T16N-R11W. PBHL: 100' FSL & 1666' FEL OF SEC 35-T16N-R11W.,023,W,11W,08,32.365896636,-93.463625644,27807.0,-1,,,,023,,,,,ELM GROVE,BPX OPERATING COMPANY,BOSSIER,01,2026-07-06 05:00:00,27807.0,,,,,,1702524.0,619359.0,01,N,456382.675556626,3581088.21861959,,,,,,"https://sonlite.dnr.state.la.us/ords/apex/r/sonris_pub/sonris_data_portal/well-profile?clear=CR,9000&ig[ig_master]_well_serial_num=255760",2026-07-29 09:05:20,PERMITTED,,275' FNL & 1580' FEL OF SEC 23-T16N-R11W. PBHL: 100' FSL & 1666' FEL OF SEC 35-T16N-R11W.,,,https://sonlite.dnr.state.la.us/ords/r/sonris/ucmsearch/finddocuments?qtype=eq&idx=xwellserialnumber&val=255760,NORTH,,,11709.0
228264,255761,B6983,1,,HA RA SU91;MITCHL14-23-26-35HC,002-ALT,16N,2026-07-06 05:00:00,17015254300000,01,2026-07-06 05:00:00,,01,2026-07-06 05:00:00,,,,,00,,,,3608,,0.0,,0.0,,,,,0.0,,305' FNL & 1581' FEL OF SEC 23-T16N-R11W.  PBHL: 100' FSL & 528' FEL OF SEC 35-T16N-R11W.,023,W,11W,08,32.365814152,-93.463628019,27912.0,-1,,,,023,,,,,ELM GROVE,BPX OPERATING COMPANY,BOSSIER,01,2026-07-06 05:00:00,27912.0,,,,,,1702523.0,619329.0,01,N,456382.41254015,3581079.07619316,,,,,,"https://sonlite.dnr.state.la.us/ords/apex/r/sonris_pub/sonris_data_portal/well-profile?clear=CR,9000&ig[ig_master]_well_serial_num=255761",2026-07-29 09:05:20,PERMITTED,,305' FNL & 1581' FEL OF SEC 23-T16N-R11W.  PBHL: 100' FSL & 528' FEL OF SEC 35-T16N-R11W.,,,https://sonlite.dnr.state.la.us/ords/r/sonris/ucmsearch/finddocuments?qtype=eq&idx=xwellserialnumber&val=255761,NORTH,,,11668.0
227622,255762,B6983,1,,HA RA SUZ;WHIT CORP 19-30-31HC,002-ALT,10N,2026-07-07 05:00:00,17085226330000,01,2026-07-07 05:00:00,,01,2026-07-07 05:00:00,,,,,00,,,,2872,,0.0,,0.0,,,,,0.0,,330' FNL & 1285' FWL OF SEC 19-T10N-R13W.  PBHL: 100' FSL & 839' FWL OF SEC 31-T10N-R13W. (REPERMIT OF SERIAL #253749 - EXPIRED),019,W,13W,43,31.844311929,-93.743539848,27797.0,-1,,,,019,,,,,CONVERSE,BPX OPERATING COMPANY,SABINE,01,2026-07-07 05:00:00,27797.0,,,,,,1613925.0,430511.0,01,N,429649.391659914,3523419.90898,,,,,,"https://sonlite.dnr.state.la.us/ords/apex/r/sonris_pub/sonris_data_portal/well-profile?clear=CR,9000&ig[ig_master]_well_serial_num=255762",2026-07-29 09:05:20,PERMITTED,,330' FNL & 1285' FWL OF SEC 19-T10N-R13W.  PBHL: 100' FSL & 839' FWL OF SEC 31-T10N-R13W. (REPERMIT OF SERIAL #253749 - EXPIRED),,,https://sonlite.dnr.state.la.us/ords/r/sonris/ucmsearch/finddocuments?qtype=eq&idx=xwellserialnumber&val=255762,NORTH,,,11682.0
227623,255763,B6983,1,,HA RA SUZ;WHIT CORP 19-30-31HC,003-ALT,10N,2026-07-07 05:00:00,17085227270000,01,2026-07-07 05:00:00,,01,2026-07-07 05:00:00,,,,,00,,,,2872,,0.0,,0.0,,,,,0.0,,330' FNL & 1315' FWL OF SEC 19-T10N-R13W. PBHL: 100' FSL & 524' FWL OF SEC 31-10N-R13W.,019,W,13W,43,31.844312875,-93.74344324,28000.0,-1,,,,019,,,,,CONVERSE,BPX OPERATING COMPANY,SABINE,01,2026-07-07 05:00:00,28000.0,,,,,,1613955.0,430511.0,01,N,429658.53330847,3523419.95128431,,,,,,"https://sonlite.dnr.state.la.us/ords/apex/r/sonris_pub/sonris_data_portal/well-profile?clear=CR,9000&ig[ig_master]_well_serial_num=255763",2026-07-29 09:05:20,PERMITTED,,330' FNL & 1315' FWL OF SEC 19-T10N-R13W. PBHL: 100' FSL & 524' FWL OF SEC 31-10N-R13W.,,,https://sonlite.dnr.state.la.us/ords/r/sonris/ucmsearch/finddocuments?qtype=eq&idx=xwellserialnumber&val=255763,NORTH,,,12122.0
227624,255764,B6983,1,,HA RA SUZ;WHIT CORP 19-30-31HC,004-ALT,10N,2026-07-07 05:00:00,17085227280000,01,2026-07-07 05:00:00,,01,2026-07-07 05:00:00,,,,,00,,,,2872,,0.0,,0.0,,,,,0.0,,330' FNL & 1345' FWL OF SEC 19-T10N-R13W.  PBHL:  100' FSL & 2047' FWL OF SEC 31-T10N-R13W.,019,W,13W,43,31.844313821,-93.743346631,27747.0,-1,,,,019,,,,,CONVERSE,BPX OPERATING COMPANY,SABINE,01,2026-07-07 05:00:00,27747.0,,,,,,1613985.0,430511.0,01,N,429667.674956877,3523419.99358861,,,,,,"https://sonlite.dnr.state.la.us/ords/apex/r/sonris_pub/sonris_data_portal/well-profile?clear=CR,9000&ig[ig_master]_well_serial_num=255764",2026-07-29 09:05:20,PERMITTED,,330' FNL & 1345' FWL OF SEC 19-T10N-R13W.  PBHL:  100' FSL & 2047' FWL OF SEC 31-T10N-R13W.,,,https://sonlite.dnr.state.la.us/ords/r/sonris/ucmsearch/finddocuments?qtype=eq&idx=xwellserialnumber&val=255764,NORTH,,,11672.0
227625,255765,B6983,1,,HA RA SUZ;WHIT CORP 19-30-31HC,005-ALT,10N,2026-07-07 05:00:00,17085227290000,01,2026-07-07 05:00:00,,01,2026-07-07 05:00:00,,,,,00,,,,2872,,0.0,,0.0,,,,,0.0,,330' FNL & 1375' FWL OF SEC 19-T10N-R13W.  PBHL: 100' FSL & 1731' FWL OF SEC 31-T10N-R13W.,019,W,13W,43,31.844314767,-93.743250023,28157.0,-1,,,,019,,,,,CONVERSE,BPX OPERATING COMPANY,SABINE,01,2026-07-07 05:00:00,28157.0,,,,,,1614015.0,430511.0,01,N,429676.816605146,3523420.0358929,,,,,,"https://sonlite.dnr.state.la.us/ords/apex/r/sonris_pub/sonris_data_portal/well-profile?clear=CR,9000&ig[ig_master]_well_serial_num=255765",2026-07-29 09:05:20,PERMITTED,,330' FNL & 1375' FWL OF SEC 19-T10N-R13W.  PBHL: 100' FSL & 1731' FWL OF SEC 31-T10N-R13W.,,,https://sonlite.dnr.state.la.us/ords/r/sonris/ucmsearch/finddocuments?qtype=eq&idx=xwellserialnumber&val=255765,NORTH,,,12112.0
227628,255766,C019,1,,MCCARTNEY,003,10N,2026-07-08 05:00:00,17059269230000,01,2026-07-08 05:00:00,,01,2026-07-08 05:00:00,,,,,00,,,,7130,,0.0,,0.0,,,,,0.0,,2448' FSL & 862' FNL OF SEC 12-T10N-R2E.,012,W,02E,30,31.861710418,-92.224759829,2900.0,01,,,,012,,,,,OLLA,"CHADCO, INC.",LA SALLE,01,2026-07-08 05:00:00,2900.0,,,,,,2085498.0,434733.0,01,N,573336.2677239251,3525369.41040413,,,,,,"https://sonlite.dnr.state.la.us/ords/apex/r/sonris_pub/sonris_data_portal/well-profile?clear=CR,9000&ig[ig_master]_well_serial_num=255766",2026-07-29 09:05:20,PERMITTED,,2448' FSL & 862' FNL OF SEC 12-T10N-R2E.,,,https://sonlite.dnr.state.la.us/ords/r/sonris/ucmsearch/finddocuments?qtype=eq&idx=xwellserialnumber&val=255766,NORTH,,,2900.0
227541,255767,S257,1,,BLACKSTONE 13 W,001,02N,2026-07-10 05:00:00,17009206830000,01,2026-07-10 05:00:00,,01,2026-07-10 05:00:00,,,,,00,,,,7030,,0.0,,0.0,,,,,0.0,,"2,469' FSL & 2587' FWL OF SEC 13-2N-R6E.",013,W,06E,05,31.14772348,-91.814038551,8200.0,01,,,,013,,,,,NATCHITOCHES ISLAND,"SKRIVANOS ENGINEERING, INC.",AVOYELLES,05,2026-07-28 05:00:00,5722.0,,,,,,2214650.0,175590.0,01,N,613047.94135489,3446578.81807204,,,,,,"https://sonlite.dnr.state.la.us/ords/apex/r/sonris_pub/sonris_data_portal/well-profile?clear=CR,9000&ig[ig_master]_well_serial_num=255767",2026-07-29 09:05:20,PERMITTED,,R/S. DRILL F/5281' T/5628'. DRILL F/5628' T/5722'. CIRCULATE IN BUILD A SLUG. BIT TRIP. POOH & BREAK BIT OFF. MAKE UP NEW BIT & TIH.,,,https://sonlite.dnr.state.la.us/ords/r/sonris/ucmsearch/finddocuments?qtype=eq&idx=xwellserialnumber&val=255767,SOUTH,,,8200.0
227760,255768,C4563,1,,SL 1365,098,000,2026-07-10 05:00:00,17714202530000,01,2026-07-10 05:00:00,,01,2026-07-10 05:00:00,,,,,00,,,,0415,,0.0,,0.0,,,,,0.0,,7945.69' FEL & 6966.90' FSL OF BAY MARCHAND BLK 1.  PBHL: 4728.58' FEL & 6658.92' FSL OF BAY MARCHAND BLK 1,000,W,000,29,29.10744531,-90.152072845,3977.0,-1,1W,,,000,,,,,BAY MARCHAND BLOCK 2 OFFSHORE,"CANTIUM, LLC",LAFOURCHE,05,2026-07-27 05:00:00,8652.0,,,,,,2377282.0,162139.0,01,S,777161.111227158,3223242.27334221,,,,,,"https://sonlite.dnr.state.la.us/ords/apex/r/sonris_pub/sonris_data_portal/well-profile?clear=CR,9000&ig[ig_master]_well_serial_num=255768",2026-07-29 09:05:20,PERMITTED,,"DRLD/SLIDE/SURVEY 13-3/8"" SURF HOLE TO SECTION TD @ 2965'; RUN 10-3/4"" CSG TO 2964' W/825 SXS CMT; BUMPED; FLOATS HELD; BREAK STACK; SET SLIPS; CUT CSG; TST BOPS 7/22/2026; TST 10-3/4"" CSG TO 1250 PSI FOR 30 MINUTES; P/U 9-7/8"" BIT AND BHA; DISPLACE WELL TO 10.4 PPG OBM; DRL SHOE AND 10' NEW FORMATION; PERFORM FIT TO 13.3 PPG EMW; DRL TO 8652'.",,Y,https://sonlite.dnr.state.la.us/ords/r/sonris/ucmsearch/finddocuments?qtype=eq&idx=xwellserialnumber&val=255768,OFFSHORE,,,7544.0
227761,255769,L250,1,,CRIS R-21000 RA SUA;GODCHAUX,001,14S,2026-07-13 05:00:00,17113226100000,01,2026-07-13 05:00:00,,01,2026-07-13 05:00:00,,,,,00,,,,6116,,0.0,,0.0,,,,,0.0,,"S 06 D 58' 47"" E-8,521.54' FROM NGS MON. ""GODCHAUX"" IN SEC 24-T14S-R3E.  PBHL: S 60 D 26' 35"" E- 2,086.77' FROM THE SL IN SEC 19-T14S-R4E.",024,W,03E,57,29.808500839,-92.107427252,20237.0,-1,,,,024,,,,,LIVE OAK,"LLOX, L.L.C.",VERMILION,01,2026-07-13 05:00:00,20237.0,,,,,,1754546.0,415961.0,01,S,586253.156030563,3297899.99336549,,,,,,"https://sonlite.dnr.state.la.us/ords/apex/r/sonris_pub/sonris_data_portal/well-profile?clear=CR,9000&ig[ig_master]_well_serial_num=255769",2026-07-29 09:05:20,PERMITTED,,"S 06 D 58' 47"" E-8,521.54' FROM NGS MON. ""GODCHAUX"" IN SEC 24-T14S-R3E.  PBHL: S 60 D 26' 35"" E- 2,086.77' FROM THE SL IN SEC 19-T14S-R4E.",,,https://sonlite.dnr.state.la.us/ords/r/sonris/ucmsearch/finddocuments?qtype=eq&idx=xwellserialnumber&val=255769,SOUTH,,,19750.0
228581,255770,W228,1,,WX RA SUA;REYES 36,001,01N,2026-07-16 05:00:00,17079205560000,01,2026-07-16 05:00:00,,01,2026-07-16 05:00:00,,,,,00,,,,6565,,0.0,,0.0,,,,,0.0,,651' FSL & 158/2' FWL OF SEC 36-T1N-R2W. PBHL:  981' FSL & 2222' FWL OF SEC 36-T1N-R2W.,036,W,02W,40,33.010041492,-93.722075379,11600.0,-1,,,,036,,,,,MASTERS CREEK,WAGNER OIL LOUISIANA,RAPIDES,01,2026-07-16 05:00:00,11600.0,,,,,,1625372.0,854516.0,01,N,432553.637023598,3652631.68690769,,,,,,"https://sonlite.dnr.state.la.us/ords/apex/r/sonris_pub/sonris_data_portal/well-profile?clear=CR,9000&ig[ig_master]_well_serial_num=255770",2026-07-29 09:05:20,PERMITTED,,651' FSL & 158/2' FWL OF SEC 36-T1N-R2W. PBHL:  981' FSL & 2222' FWL OF SEC 36-T1N-R2W.,,,https://sonlite.dnr.state.la.us/ords/r/sonris/ucmsearch/finddocuments?qtype=eq&idx=xwellserialnumber&val=255770,SOUTH,,,11600.0
228582,255771,B9046,1,,WILBERT MINERAL GROUP LLC,012,09S,2026-07-16 05:00:00,17047211650000,01,2026-07-16 05:00:00,,01,2026-07-16 05:00:00,,,,,00,,,,0576,,0.0,,0.0,,,,,0.0,,"N 76 D 53' 11"" W 36178.08' FROM NGS MON ""178 2 RESET"" FALLING IN SEC 53-T9S-R11W.  PBHL: N 35 D 00' 00"" E 250.00' FROM SURF IN SEC 53-T9S-R11E. (REPERMIT OF SERIAL #254711-EXPIRED)",052,,11E,24,30.308227954,-91.312143308,4350.0,-1,1W,,,052,,,,,BAYOU CHOCTAW,"BURRITE OPERATING, LLC",IBERVILLE,01,2026-07-16 05:00:00,4350.0,,,,,,2006725.0,596865.0,01,S,662296.054814312,3354146.90417611,,,,,,"https://sonlite.dnr.state.la.us/ords/apex/r/sonris_pub/sonris_data_portal/well-profile?clear=CR,9000&ig[ig_master]_well_serial_num=255771",2026-07-29 09:05:20,PERMITTED,,"N 76 D 53' 11"" W 36178.08' FROM NGS MON ""178 2 RESET"" FALLING IN SEC 53-T9S-R11W.  PBHL: N 35 D 00' 00"" E 250.00' FROM SURF IN SEC 53-T9S-R11E. (REPERMIT OF SERIAL #254711-EXPIRED)",,,https://sonlite.dnr.state.la.us/ords/r/sonris/ucmsearch/finddocuments?qtype=eq&idx=xwellserialnumber&val=255771,SOUTH,,,4300.0
228047,255772,A1188,1,,SHIRLEY ETAL,004,07N,2026-07-17 05:00:00,17059269240000,01,2026-07-17 05:00:00,,01,2026-07-17 05:00:00,,,,,00,,,,2384,,0.0,,0.0,,,,,0.0,,"1152' FNL & 228' FWL OF SEC 30-T7N-R4E.  PBHL: FROM SE CORNER OF SEC 41-T7N-R4E RUN N 19 D 01' 18"" W 333',  SEC 30-T17N-R4E.",030,W,04E,30,31.560532302,-92.109362866,4600.0,-1,,,,030,,,,,CATAHOULA LAKE,ASHER GIDEON LLC,LA SALLE,01,2026-07-17 05:00:00,4600.0,,,,,,2121718.0,325289.0,01,N,584525.763540453,3492069.56792872,,,,,,"https://sonlite.dnr.state.la.us/ords/apex/r/sonris_pub/sonris_data_portal/well-profile?clear=CR,9000&ig[ig_master]_well_serial_num=255772",2026-07-29 09:05:20,PERMITTED,,"1152' FNL & 228' FWL OF SEC 30-T7N-R4E.  PBHL: FROM SE CORNER OF SEC 41-T7N-R4E RUN N 19 D 01' 18"" W 333' & N 70 D 58' 42"" E 124' TO LOC STAKE, SEC 30-T7N-R4E.",,,https://sonlite.dnr.state.la.us/ords/r/sonris/ucmsearch/finddocuments?qtype=eq&idx=xwellserialnumber&val=255772,NORTH,,,4600.0
228048,255773,F139,1,,J O LONG ETAL,015,06S,2026-07-16 05:00:00,17077206380000,01,2026-07-16 05:00:00,,01,2026-07-16 05:00:00,,,,,00,,,,3913,,0.0,,0.0,,,,,0.0,,"N 65 D 54' 48"" W 10,972.18' FROM NGS MON. ""BOMER"" FALLING IN SEC 29-T6S-R8E.",029,W,08E,39,32.567640304,-92.803701697,8600.0,01,,,,029,,,,,FORDOCHE,"FORDOCHE OPERATING COMPANY, LLC",POINTE COUPEE,01,2026-07-16 05:00:00,8600.0,,,,,,1906484.0,691564.0,01,N,518426.29954264,3603374.1565376,,,,,,"https://sonlite.dnr.state.la.us/ords/apex/r/sonris_pub/sonris_data_portal/well-profile?clear=CR,9000&ig[ig_master]_well_serial_num=255773",2026-07-29 09:05:20,PERMITTED,,"N 65 D 54' 48"" W 10,972.18' FROM NGS MON. ""BOMER"" FALLING IN SEC 29-T6S-R8E.",,,https://sonlite.dnr.state.la.us/ords/r/sonris/ucmsearch/finddocuments?qtype=eq&idx=xwellserialnumber&val=255773,SOUTH,,,8600.0
228049,255774,S1132,1,,MILLS,017,10N,2026-07-16 05:00:00,17059269250000,01,2026-07-16 05:00:00,,01,2026-07-16 05:00:00,,,,,00,,,,7130,,0.0,,0.0,,,,,0.0,,881' FSL & 1540' FWL OF SEC 33-T10N-R2E.,033,W,02E,30,31.799062683,-92.274070286,2850.0,01,,,,033,,,,,OLLA,SIGNAL OPERATING L.L.C.,LA SALLE,01,2026-07-16 05:00:00,2850.0,,,,,,2070237.0,411909.0,01,N,568717.879876357,3518393.05818199,,,,,,"https://sonlite.dnr.state.la.us/ords/apex/r/sonris_pub/sonris_data_portal/well-profile?clear=CR,9000&ig[ig_master]_well_serial_num=255774",2026-07-29 09:05:20,PERMITTED,,881' FSL & 1540' FWL OF SEC 33-T10N-R2E.,,,https://sonlite.dnr.state.la.us/ords/r/sonris/ucmsearch/finddocuments?qtype=eq&idx=xwellserialnumber&val=255774,NORTH,,,2850.0
229678,255775,B257,1,,WEEKS NB,001,08N,2026-07-17 05:00:00,17029233300000,01,2026-07-17 05:00:00,,01,2026-07-17 05:00:00,,,,,00,,,,0194,,0.0,,0.0,,,,,0.0,,90' FSL & 330 FEL OF NW/4 OF THE SW/4 OF SEC 8-T8N-R8E.,008,W,08E,15,31.683607555,-91.681465636,4950.0,01,,,,008,,,,,BALLINA,"BAY GAS, LLC",CONCORDIA,01,2026-07-17 05:00:00,4950.0,,,,,,2254652.0,370800.0,01,N,624973.37042677,3506122.20809971,,,,,,"https://sonlite.dnr.state.la.us/ords/apex/r/sonris_pub/sonris_data_portal/well-profile?clear=CR,9000&ig[ig_master]_well_serial_num=255775",2026-07-29 09:05:20,PERMITTED,,90' FSL & 330 FEL OF NW/4 OF THE SW/4 OF SEC 8-T8N-R8E.,,,https://sonlite.dnr.state.la.us/ords/r/sonris/ucmsearch/finddocuments?qtype=eq&idx=xwellserialnumber&val=255775,NORTH,,,4950.0
227688,255776,C359,1,,TREMONT LBR CO,A-C-12,09N,2026-07-17 05:00:00,17059242560000,01,2026-07-17 05:00:00,,01,2026-07-17 05:00:00,,,,,00,,,,7130,,0.0,,0.0,,,,,0.0,,"600' FSL & 50' FEL OF THE NE/4 OF THE SW/4, SEC 3-T9N-R2E. (REDRILL OF SERIAL #209578- P&A)",003,W,02E,30,31.787316329,-92.2536742,2700.0,01,,,,003,,,,,OLLA,"C.T.R. OIL, INC.",LA SALLE,01,2026-07-17 05:00:00,2700.0,,,,,,2076583.0,407650.0,01,N,570657.595952656,3517104.12858985,,,,,,"https://sonlite.dnr.state.la.us/ords/apex/r/sonris_pub/sonris_data_portal/well-profile?clear=CR,9000&ig[ig_master]_well_serial_num=255776",2026-07-29 09:05:20,PERMITTED,,"600' FSL & 50' FEL OF THE NE/4 OF THE SW/4, SEC 3-T9N-R2E. (REDRILL OF SERIAL #209578- P&A)",,,https://sonlite.dnr.state.la.us/ords/r/sonris/ucmsearch/finddocuments?qtype=eq&idx=xwellserialnumber&val=255776,NORTH,,,2700.0
229679,255777,E4161,1,,HA RA SU67;FRANKS 11-2 HC,001-ALT,16N,2026-07-20 05:00:00,17017370620000,01,2026-07-20 05:00:00,,01,2026-07-20 05:00:00,,,,,00,,,,3608,,0.0,,0.0,,,,,0.0,,"219' FSL & 1510' FWL, THEORETICAL SEC 3-T16N-R13W. PBHL: 25' FSL & 400' FWL OF THEORETICAL SEC 2-T16N-R13W.",003,W,13W,09,32.383338473,-93.675016331,21014.0,-1,,,,003,,,,,ELM GROVE,"ENSIGHT IV ENERGY MANAGEMENT, LLC",CADDO,01,2026-07-20 05:00:00,21014.0,,,,,,1637327.0,626348.0,01,N,436507.166004598,3583127.47867027,,,,,,"https://sonlite.dnr.state.la.us/ords/apex/r/sonris_pub/sonris_data_portal/well-profile?clear=CR,9000&ig[ig_master]_well_serial_num=255777",2026-07-29 09:05:20,PERMITTED,,"219' FSL & 1510' FWL, THEORETICAL SEC 3-T16N-R13W. PBHL: 25' FSL & 400' FWL OF THEORETICAL SEC 2-T16N-R13W.",,,https://sonlite.dnr.state.la.us/ords/r/sonris/ucmsearch/finddocuments?qtype=eq&idx=xwellserialnumber&val=255777,NORTH,,,10846.0
229680,255778,E4161,1,,HA RA SUD;SWN PROD 14-23 HC,002-ALT,12N,2026-07-21 05:00:00,17081219500000,01,2026-07-21 05:00:00,,01,2026-07-21 05:00:00,,,,,00,,,,2332,,0.0,,0.0,,,,,0.0,,263' FNL & 431' FEL OF SEC 14-T12N-R9W.  PBHL: 50' FSL & 1750' FEL OF SEC 23-T12N-R9W.,014,W,09W,41,32.030607242,-93.256747328,23326.0,-1,,,,014,,,,,CARROLL CREEK,"ENSIGHT IV ENERGY MANAGEMENT, LLC",RED RIVER,01,2026-07-21 05:00:00,23326.0,,,,,,1765546.0,496882.0,01,N,475756.866387504,3543857.09213964,,,,,,"https://sonlite.dnr.state.la.us/ords/apex/r/sonris_pub/sonris_data_portal/well-profile?clear=CR,9000&ig[ig_master]_well_serial_num=255778",2026-07-29 09:05:20,PERMITTED,,263' FNL & 431' FEL OF SEC 14-T12N-R9W.  PBHL: 50' FSL & 1750' FEL OF SEC 23-T12N-R9W.,,,https://sonlite.dnr.state.la.us/ords/r/sonris/ucmsearch/finddocuments?qtype=eq&idx=xwellserialnumber&val=255778,NORTH,,,12984.0
228871,255779,T040,1,,LAVESPERE,022,10N,2026-07-21 05:00:00,17127229800000,01,2026-07-21 05:00:00,,01,2026-07-21 05:00:00,,,,,00,,,,7850,,0.0,,0.0,,,,,0.0,,1170' FSL & 1220' FEL OF SEC 17-T0N-R1E.,017,W,01E,64,31.843713938,-92.385125867,2000.0,01,,,,017,,,,,SALT,"ADDIE, JAMES & JOHN THORNTON",WINN,01,2026-07-21 05:00:00,2000.0,,,,,,2035719.0,428097.0,01,N,558176.9450290981,3523277.47957904,,,,,,"https://sonlite.dnr.state.la.us/ords/apex/r/sonris_pub/sonris_data_portal/well-profile?clear=CR,9000&ig[ig_master]_well_serial_num=255779",2026-07-29 09:05:20,PERMITTED,,1170' FSL & 1220' FEL OF SEC 17-T0N-R1E.,,,https://sonlite.dnr.state.la.us/ords/r/sonris/ucmsearch/finddocuments?qtype=eq&idx=xwellserialnumber&val=255779,NORTH,,,2000.0
228872,255780,T040,1,,LAVESPERE,023,10N,2026-07-21 05:00:00,17127229810000,01,2026-07-21 05:00:00,,01,2026-07-21 05:00:00,,,,,00,,,,7850,,0.0,,0.0,,,,,0.0,,1220' FSL & 1020' FEL OF SEC 12-T10N-R1E.,017,W,01E,64,31.843848076,-92.384500926,2000.0,01,,,,017,,,,,SALT,"ADDIE, JAMES & JOHN THORNTON",WINN,01,2026-07-21 05:00:00,2000.0,,,,,,2035913.0,428146.0,01,N,558235.991178334,3523292.68271265,,,,,,"https://sonlite.dnr.state.la.us/ords/apex/r/sonris_pub/sonris_data_portal/well-profile?clear=CR,9000&ig[ig_master]_well_serial_num=255780",2026-07-29 09:05:20,PERMITTED,,1220' FSL & 1020' FEL OF SEC 12-T10N-R1E.,,,https://sonlite.dnr.state.la.us/ords/r/sonris/ucmsearch/finddocuments?qtype=eq&idx=xwellserialnumber&val=255780,NORTH,,,2000.0
228873,255781,T040,1,,LAVESPERE,024,10N,2026-07-21 05:00:00,17127229820000,01,2026-07-21 05:00:00,,01,2026-07-21 05:00:00,,,,,00,,,,7850,,0.0,,0.0,,,,,0.0,,1220' FSL & 820' FEL OF SEC 17-T10S-R1E.,017,W,01E,64,31.843847488,-92.38385683,2000.0,01,,,,017,,,,,SALT,"ADDIE, JAMES & JOHN THORNTON",WINN,01,2026-07-21 05:00:00,2000.0,,,,,,2036113.0,428146.0,01,N,558296.934343645,3523292.96318578,,,,,,"https://sonlite.dnr.state.la.us/ords/apex/r/sonris_pub/sonris_data_portal/well-profile?clear=CR,9000&ig[ig_master]_well_serial_num=255781",2026-07-29 09:05:20,PERMITTED,,1220' FSL & 820' FEL OF SEC 17-T10S-R1E.,,,https://sonlite.dnr.state.la.us/ords/r/sonris/ucmsearch/finddocuments?qtype=eq&idx=xwellserialnumber&val=255781,NORTH,,,2000.0
228874,255782,T040,1,,LAVESPERE,025,10N,2026-07-21 05:00:00,17127229830000,01,2026-07-21 05:00:00,,01,2026-07-21 05:00:00,,,,,00,,,,7850,,0.0,,0.0,,,,,0.0,,1220' FSL & 620' FEL OFSEC 17-T10N-R1E.,017,W,01E,64,31.843844148,-92.383212737,2000.0,01,,,,017,,,,,SALT,"ADDIE, JAMES & JOHN THORNTON",WINN,01,2026-07-21 05:00:00,2000.0,,,,,,2036313.0,428145.0,01,N,558357.878916656,3523292.93894233,,,,,,"https://sonlite.dnr.state.la.us/ords/apex/r/sonris_pub/sonris_data_portal/well-profile?clear=CR,9000&ig[ig_master]_well_serial_num=255782",2026-07-29 09:05:20,PERMITTED,,1220' FSL & 620' FEL OFSEC 17-T10N-R1E.,,,https://sonlite.dnr.state.la.us/ords/r/sonris/ucmsearch/finddocuments?qtype=eq&idx=xwellserialnumber&val=255782,NORTH,,,2000.0
228441,255783,1230,1,,THAD EDWARDS,015,22N,2026-07-22 05:00:00,17017370630000,01,2026-07-22 05:00:00,,01,2026-07-22 05:00:00,,,,,00,,,,2152,,0.0,,0.0,,,,,0.0,,454' FNL & 1500' FEL IN SEC 36-T22N-R16W.,036,W,16W,09,32.86146304,-93.970617146,1100.0,01,,,,036,,,,,CADDO PINE ISLAND,D. L. & BARBARA W. CHILES,CADDO,01,2026-07-22 05:00:00,1100.0,,,,,,1548442.0,801403.0,01,N,409185.753840042,3636346.30319751,,,,,,"https://sonlite.dnr.state.la.us/ords/apex/r/sonris_pub/sonris_data_portal/well-profile?clear=CR,9000&ig[ig_master]_well_serial_num=255783",2026-07-29 09:05:20,PERMITTED,,454' FNL & 1500' FEL IN SEC 36-T22N-R16W.,,,https://sonlite.dnr.state.la.us/ords/r/sonris/ucmsearch/finddocuments?qtype=eq&idx=xwellserialnumber&val=255783,NORTH,,,1100.0
229563,255784,A1169,1,,HA RA SUE;MOMENTUM 5-12-12HU,005,12N,2026-07-24 05:00:00,17031276240000,01,2026-07-24 05:00:00,,01,2026-07-24 05:00:00,,,,,00,,,,7651,,0.0,,0.0,,,,,0.0,,551' FSL & 2607' FEL OF SEC 5-T12N-R12W. PBHL: 100' FSL & 430' FWL OF SEC 5-T12N-R12W,005,W,12W,16,32.050469303,-93.619203385,25000.0,-1,,,,005,,,,,RED RIVER-BULL BAYOU,"APEX NATURAL GAS, LLC",DE SOTO,01,2026-07-24 05:00:00,25000.0,,,,,,1653305.0,505079.0,01,N,441544.489806896,3546197.48169904,,,,,,"https://sonlite.dnr.state.la.us/ords/apex/r/sonris_pub/sonris_data_portal/well-profile?clear=CR,9000&ig[ig_master]_well_serial_num=255784",2026-07-29 09:05:20,PERMITTED,,551' FSL & 2607' FEL OF SEC 5-T12N-R12W. PBHL: 100' FSL & 430' FWL OF SEC 5-T12N-R12W,,,https://sonlite.dnr.state.la.us/ords/r/sonris/ucmsearch/finddocuments?qtype=eq&idx=xwellserialnumber&val=255784,BAD,,,13500.0
229564,255785,A1169,1,,HA RA SUE;MOMENTUM 5-12-12HU,006-ALT,12N,2026-07-24 05:00:00,17031276250000,01,2026-07-24 05:00:00,,01,2026-07-24 05:00:00,,,,,00,,,,7651,,0.0,,0.0,,,,,0.0,,291' FSL & 2527' FEL OF SEC 5-T12N-R12W. PBHL: 100' FSL & 930' FEL OF SEC 5-T12N-R12W.,005,W,12W,16,32.049756708,-93.618955884,25000.0,-1,,,,005,,,,,RED RIVER-BULL BAYOU,"APEX NATURAL GAS, LLC",DE SOTO,01,2026-07-24 05:00:00,25000.0,,,,,,1653379.0,504819.0,01,N,441567.402586236,3546118.35926255,,,,,,"https://sonlite.dnr.state.la.us/ords/apex/r/sonris_pub/sonris_data_portal/well-profile?clear=CR,9000&ig[ig_master]_well_serial_num=255785",2026-07-29 09:05:20,PERMITTED,,291' FSL & 2527' FEL OF SEC 5-T12N-R12W. PBHL: 100' FSL & 930' FEL OF SEC 5-T12N-R12W.,,,https://sonlite.dnr.state.la.us/ords/r/sonris/ucmsearch/finddocuments?qtype=eq&idx=xwellserialnumber&val=255785,BAD,,,13500.0
229565,255786,E1152,1,,EGC 27&34-9-8 HC,001,09N,2026-07-24 05:00:00,17069205630000,01,2026-07-24 05:00:00,,01,2026-07-24 05:00:00,,,,,00,,,,7734,,0.0,,0.0,,,,,0.0,,2089' FSL & 540' FEL OF SEC 27-T9N-R8W. PBHL: 100' FSL & 430' FEL OF SEC 34-T9N-R8W.,027,W,08W,35,31.733917137,-93.171746425,35000.0,-1,,,,027,,,,,ROBELINE,EXPAND OPERATING LLC,NATCHITOCHES,01,2026-07-24 05:00:00,35000.0,,,,,,1791217.0,388786.0,01,N,483730.947768538,3510955.85915527,,,,,,"https://sonlite.dnr.state.la.us/ords/apex/r/sonris_pub/sonris_data_portal/well-profile?clear=CR,9000&ig[ig_master]_well_serial_num=255786",2026-07-29 09:05:20,PERMITTED,,2089' FSL & 540' FEL OF SEC 27-T9N-R8W. PBHL: 100' FSL & 430' FEL OF SEC 34-T9N-R8W.,,,https://sonlite.dnr.state.la.us/ords/r/sonris/ucmsearch/finddocuments?qtype=eq&idx=xwellserialnumber&val=255786,BAD,,,14000.0
229566,255787,0492,1,,BAYOU STATE OWENS,014,22N,2026-07-23 05:00:00,17017370640000,01,2026-07-23 05:00:00,,01,2026-07-23 05:00:00,,,,,00,,,,2152,,0.0,,0.0,,,,,0.0,,2492' FNL & 279' FWL OF SEC 21-T22N-R15W.,021,W,15W,09,32.884997708,-93.930033396,1100.0,01,,,,021,,,,,CADDO PINE ISLAND,BAYOU STATE OIL CORPORATION,CADDO,01,2026-07-23 05:00:00,1100.0,,,,,,1561017.0,809799.0,01,N,413006.038886483,3638921.26972538,,,,,,"https://sonlite.dnr.state.la.us/ords/apex/r/sonris_pub/sonris_data_portal/well-profile?clear=CR,9000&ig[ig_master]_well_serial_num=255787",2026-07-29 09:05:20,PERMITTED,,2492' FNL & 279' FWL OF SEC 21-T22N-R15W.,,,https://sonlite.dnr.state.la.us/ords/r/sonris/ucmsearch/finddocuments?qtype=eq&idx=xwellserialnumber&val=255787,BAD,,,1100.0
229567,255788,0492,1,,JOLLEY B,032,22N,2026-07-24 05:00:00,17017370650000,01,2026-07-24 05:00:00,,01,2026-07-24 05:00:00,,,,,00,,,,2152,,0.0,,0.0,,,,,0.0,,2322' FSL & 1851' FEL OF SEC 21-T22N-R15W.,021,W,15W,09,32.883553418,-93.919750072,1100.0,01,,,,021,,,,,CADDO PINE ISLAND,BAYOU STATE OIL CORPORATION,CADDO,01,2026-07-24 05:00:00,1100.0,,,,,,1564167.0,809232.0,01,N,413966.56468587,3638752.71843006,,,,,,"https://sonlite.dnr.state.la.us/ords/apex/r/sonris_pub/sonris_data_portal/well-profile?clear=CR,9000&ig[ig_master]_well_serial_num=255788",2026-07-29 09:05:20,PERMITTED,,2322' FSL & 1851' FEL OF SEC 21-T22N-R15W.,,,https://sonlite.dnr.state.la.us/ords/r/sonris/ucmsearch/finddocuments?qtype=eq&idx=xwellserialnumber&val=255788,BAD,,,1100.0
229568,255789,0492,1,,JOLLEY B,033,22N,2026-07-24 05:00:00,17017370660000,01,2026-07-24 05:00:00,,01,2026-07-24 05:00:00,,,,,00,,,,2152,,0.0,,0.0,,,,,0.0,,2072' FSL & 1851' FEL OF SEC21-T22N-R15W.,021,W,15W,09,32.882866276,-93.919752431,1100.0,01,,,,021,,,,,CADDO PINE ISLAND,BAYOU STATE OIL CORPORATION,CADDO,01,2026-07-24 05:00:00,1100.0,,,,,,1564163.0,808982.0,01,N,413965.679942395,3638676.5410325,,,,,,"https://sonlite.dnr.state.la.us/ords/apex/r/sonris_pub/sonris_data_portal/well-profile?clear=CR,9000&ig[ig_master]_well_serial_num=255789",2026-07-29 09:05:20,PERMITTED,,2072' FSL & 1851' FEL OF SEC21-T22N-R15W.,,,https://sonlite.dnr.state.la.us/ords/r/sonris/ucmsearch/finddocuments?qtype=eq&idx=xwellserialnumber&val=255789,BAD,,,1100.0
229569,255790,0492,1,,OWENS,038,22N,2026-07-24 05:00:00,17017370670000,01,2026-07-24 05:00:00,,01,2026-07-24 05:00:00,,,,,00,,,,2152,,0.0,,0.0,,,,,0.0,,2140' FSL & 2034' FWL OF SEC 21-T22N-R15W.,021,W,15W,09,32.883076741,-93.924325773,1100.0,01,,,,021,,,,,CADDO PINE ISLAND,BAYOU STATE OIL CORPORATION,CADDO,01,2026-07-24 05:00:00,1100.0,,,,,,1562760.0,809077.0,01,N,413538.075256679,3638703.61218692,,,,,,"https://sonlite.dnr.state.la.us/ords/apex/r/sonris_pub/sonris_data_portal/well-profile?clear=CR,9000&ig[ig_master]_well_serial_num=255790",2026-07-29 09:05:20,PERMITTED,,2140' FSL & 2034' FWL OF SEC 21-T22N-R15W.,,,https://sonlite.dnr.state.la.us/ords/r/sonris/ucmsearch/finddocuments?qtype=eq&idx=xwellserialnumber&val=255790,BAD,,,1100.0
229570,255791,E4161,1,,HA RA SUD;SWN PROD 14-23 HC,003-ALT,12N,2026-07-24 05:00:00,17081219510000,01,2026-07-24 05:00:00,,01,2026-07-24 05:00:00,,,,,00,,,,2332,,0.0,,0.0,,,,,0.0,,208' FNL & 413' FEL OF SEC 14-T12N-R9W. PBHL: 25' FSL & 1450' FEL OF SEC 23-T12N-R9W.,014,W,09W,41,32.030758817,-93.256684029,24081.0,-1,,,,014,,,,,CARROLL CREEK,"ENSIGHT IV ENERGY MANAGEMENT, LLC",RED RIVER,01,2026-07-24 05:00:00,24081.0,,,,,,1765566.0,496937.0,01,N,475762.883289705,3543873.87898204,,,,,,"https://sonlite.dnr.state.la.us/ords/apex/r/sonris_pub/sonris_data_portal/well-profile?clear=CR,9000&ig[ig_master]_well_serial_num=255791",2026-07-29 09:05:20,PERMITTED,,208' FNL & 413' FEL OF SEC 14-T12N-R9W. PBHL: 25' FSL & 1450' FEL OF SEC 23-T12N-R9W.,,,https://sonlite.dnr.state.la.us/ords/r/sonris/ucmsearch/finddocuments?qtype=eq&idx=xwellserialnumber&val=255791,BAD,,,13751.0
229571,255792,B6983,1,,HA RD SUU;CASON 32-29-20HC,001-ALT,13N,2026-07-24 05:00:00,17081219520000,01,2026-07-24 05:00:00,,01,2026-07-24 05:00:00,,,,,00,,,,7651,,0.0,,0.0,,,,,0.0,,301' FNL & 2455' FWL OF SEC 15-T13N-R10W.  PBHL: 477' FSL & 1571' FWL OF SEC 20-T14N-R10W.,05,W,10W,41,32.147626932,-93.416708239,24351.0,-1,,,,05,,,,,RED RIVER-BULL BAYOU,BPX OPERATING COMPANY,RED RIVER,01,2026-07-24 05:00:00,24351.0,,,,,,1716338.0,539832.0,01,N,460702.724248926,3556875.25560602,,,,,,"https://sonlite.dnr.state.la.us/ords/apex/r/sonris_pub/sonris_data_portal/well-profile?clear=CR,9000&ig[ig_master]_well_serial_num=255792",2026-07-29 09:05:20,PERMITTED,,301' FNL & 2455' FWL OF SEC 15-T13N-R10W.  PBHL: 477' FSL & 1571' FWL OF SEC 20-T14N-R10W.,,,https://sonlite.dnr.state.la.us/ords/r/sonris/ucmsearch/finddocuments?qtype=eq&idx=xwellserialnumber&val=255792,BAD,,,12512.0
229572,255793,B6983,1,,HA RD SUU;CASON 32-29-20HC,002-ALT,13N,2026-07-24 05:00:00,17081219530000,01,2026-07-24 05:00:00,,01,2026-07-24 05:00:00,,,,,00,,,,7651,,0.0,,0.0,,,,,0.0,,329' FNL & 2444' FWL OF SEC 5-T13N-R10W. PBHL: 100' FNL & 2567' FWL OF SEC 20-T14N-R10W.,005,W,10W,41,32.147552435,-93.416746273,28915.0,-1,,,,005,,,,,RED RIVER-BULL BAYOU,BPX OPERATING COMPANY,RED RIVER,01,2026-07-24 05:00:00,28915.0,,,,,,1716326.0,539805.0,01,N,460699.105523094,3556867.01174555,,,,,,"https://sonlite.dnr.state.la.us/ords/apex/r/sonris_pub/sonris_data_portal/well-profile?clear=CR,9000&ig[ig_master]_well_serial_num=255793",2026-07-29 09:05:20,PERMITTED,,329' FNL & 2444' FWL OF SEC 5-T13N-R10W. PBHL: 100' FNL & 2567' FWL OF SEC 20-T14N-R10W.,,,https://sonlite.dnr.state.la.us/ords/r/sonris/ucmsearch/finddocuments?qtype=eq&idx=xwellserialnumber&val=255793,BAD,,,12514.0
229573,255794,B6983,1,,HA RD SUU;CASON 32-29-20HC,003-ALT,13N,2026-07-24 05:00:00,17081219540000,01,2026-07-24 05:00:00,,01,2026-07-24 05:00:00,,,,,00,,,,7651,,0.0,,0.0,,,,,0.0,,357' FNL & 2433' FWL OF SEC 5-T13N-R10W.  PBHL: 100' FNL & 1740' FEL OF SEC 20-T14N-R10W.,005,W,10W,41,32.147475212,-93.416781049,28803.0,-1,,,,005,,,,,RED RIVER-BULL BAYOU,BPX OPERATING COMPANY,RED RIVER,01,2026-07-24 05:00:00,28803.0,,,,,,1716315.0,539777.0,01,N,460695.792902278,3556858.46457661,,,,,,"https://sonlite.dnr.state.la.us/ords/apex/r/sonris_pub/sonris_data_portal/well-profile?clear=CR,9000&ig[ig_master]_well_serial_num=255794",2026-07-29 09:05:20,PERMITTED,,357' FNL & 2433' FWL OF SEC 5-T13N-R10W.  PBHL: 100' FNL & 1740' FEL OF SEC 20-T14N-R10W.,,,https://sonlite.dnr.state.la.us/ords/r/sonris/ucmsearch/finddocuments?qtype=eq&idx=xwellserialnumber&val=255794,BAD,,,12520.0
229574,255795,B6983,1,,HA RD SUU;CASON 32-29-20HC,004-ALT,13N,2026-07-24 05:00:00,17081219550000,01,2026-07-24 05:00:00,,01,2026-07-24 05:00:00,,,,,00,,,,7651,,0.0,,0.0,,,,,0.0,,385' FNL & 2423' FWL OF SEC 5-T13N-R10W.  PBHL: 100' FNL & 430' FEL OF SEC 20-T14N-R10W.,005,W,10W,41,32.147397989,-93.416815824,29007.0,-1,,,,005,,,,,RED RIVER-BULL BAYOU,BPX OPERATING COMPANY,RED RIVER,01,2026-07-24 05:00:00,29007.0,,,,,,1716304.0,539749.0,01,N,460692.480281484,3556849.91740757,,,,,,"https://sonlite.dnr.state.la.us/ords/apex/r/sonris_pub/sonris_data_portal/well-profile?clear=CR,9000&ig[ig_master]_well_serial_num=255795",2026-07-29 09:05:20,PERMITTED,,385' FNL & 2423' FWL OF SEC 5-T13N-R10W.  PBHL: 100' FNL & 430' FEL OF SEC 20-T14N-R10W.,,,https://sonlite.dnr.state.la.us/ords/r/sonris/ucmsearch/finddocuments?qtype=eq&idx=xwellserialnumber&val=255795,BAD,,,12520.0
227782,976389,V032,1,12-B,GED STORAGE,004,10S,2026-06-22 05:00:00,17019882300000,01,2026-06-22 05:00:00,,02,2026-06-22 05:00:00,,,,,00,III,,,9228,,0.0,,825.0,SN 136726 ~788' AWAY FROM WELL PER JOK,,,,,,"FROM S.E. CORNER OF SEC 33,T10S, R12W, CALCASIEU PARISH, LA,THEN NORTH 00D 52' 18"" E, ALONG THE E LINE OF SEC 33 FOR 1291.24 FT, THEN N 89D 07' 42"" W PERPENDICULAR TO E LINE OF SEC 33 FOR 1614.96 FT",033,W,12W,10,30.143364111,-93.592749263,,02,,,,033,,,,,VINTON,"VINTON DOME STORAGE HUB, LLC",CALCASIEU,,,,,,,,,1285940.0,543948.0,01,S,442912.548851461,3334819.7221653,,,,,,"https://sonlite.dnr.state.la.us/ords/apex/r/sonris_pub/sonris_data_portal/well-profile?clear=CR,9000&ig[ig_master]_well_serial_num=976389",2026-07-29 09:05:20,APPROVAL TO CONSTRUCT INJECTION WELL,,,,,https://sonlite.dnr.state.la.us/ords/r/sonris/ucmsearch/finddocuments?qtype=eq&idx=xwellserialnumber&val=976389,SOUTH,,,
227783,976390,V032,1,12-B,GED STORAGE,005,10S,2026-06-22 05:00:00,17019882310000,01,2026-06-22 05:00:00,,02,2026-06-22 05:00:00,,,,,00,III,,,9228,,0.0,,860.0,SN 137277 ~ 891' AWAY FROM WELL PER JOK,,,,,,"FROM S.E. CORNER OF S.E. QUARTER OF SEC 33, T10S, R 12 WEST, CALCASIEU PARISH, LA, THEN N 00D 52' 18"" E ALONG E LINE OF SEC 33, FOR 1469.07 FT.",033,W,12W,10,30.141763241,-93.592279422,,02,,,,033,,,,,VINTON,"VINTON DOME STORAGE HUB, LLC",CALCASIEU,,,,,,,,,1286077.0,543363.0,01,S,442956.879002595,3334642.08919003,,,,,,"https://sonlite.dnr.state.la.us/ords/apex/r/sonris_pub/sonris_data_portal/well-profile?clear=CR,9000&ig[ig_master]_well_serial_num=976390",2026-07-29 09:05:20,APPROVAL TO CONSTRUCT INJECTION WELL,,,,,https://sonlite.dnr.state.la.us/ords/r/sonris/ucmsearch/finddocuments?qtype=eq&idx=xwellserialnumber&val=976390,SOUTH,,,
229116,976393,L1104,1,33,LOUISIANA GREEN FUELS,W-N1,14N,2026-06-25 05:00:00,17021880190000,01,2026-06-25 05:00:00,,02,2026-06-25 05:00:00,,,,,00,VI,,,9709,,0.0,,1068.0,PROJECT AREA USDW,,,,,,"932 FEET WEST AND 384 FEET SOUTH OF THE NORTHEAST CORNER OF SECTION 24, T14N-R3E, CALDWELL PARISH, LOUISIANA",24,W,3E,11,32.188299434,-92.110008903,,02,,,,24,,,,,WILDCAT-NO LA MONROE DIST,LOUISIANA GREEN FUELS LLC,CALDWELL,,,,,,,,,2120695.0,553645.0,01,N,583893.630329339,3561654.6867014,,,,,,"https://sonlite.dnr.state.la.us/ords/apex/r/sonris_pub/sonris_data_portal/well-profile?clear=CR,9000&ig[ig_master]_well_serial_num=976393",2026-07-29 09:05:20,APPROVAL TO CONSTRUCT INJECTION WELL,,,,,https://sonlite.dnr.state.la.us/ords/r/sonris/ucmsearch/finddocuments?qtype=eq&idx=xwellserialnumber&val=976393,NORTH,,,
229117,976394,L1104,1,33,LOUISIANA GREEN FUELS,W-N2,14N,2026-06-25 05:00:00,17021880200000,01,2026-06-25 05:00:00,,02,2026-06-25 05:00:00,,,,,00,VI,,,9709,,0.0,,1068.0,PROJECT AREA USDW,,,,,,"1736 FEET EAST AND 862 FEET SOUTH OF THE NORTHWEST CORNER OF SECTION 21, T14N-R4E, CALDWELL PARISH, LOUISIANA",21,W,4E,11,32.187044059,-92.069304119,,02,,,,21,,,,,WILDCAT-NO LA MONROE DIST,LOUISIANA GREEN FUELS LLC,CALDWELL,,,,,,,,,2133289.0,553236.0,01,N,587731.9518249091,3561548.00529646,,,,,,"https://sonlite.dnr.state.la.us/ords/apex/r/sonris_pub/sonris_data_portal/well-profile?clear=CR,9000&ig[ig_master]_well_serial_num=976394",2026-07-29 09:05:20,APPROVAL TO CONSTRUCT INJECTION WELL,,,,,https://sonlite.dnr.state.la.us/ords/r/sonris/ucmsearch/finddocuments?qtype=eq&idx=xwellserialnumber&val=976394,NORTH,,,
229118,976395,L1104,1,33,LOUISIANA GREEN FUELS,W-S2,14N,2026-06-25 05:00:00,17021880210000,01,2026-06-25 05:00:00,,02,2026-06-25 05:00:00,,,,,00,VI,,,9709,,0.0,,1068.0,PROJECT AREA USDW,,,,,,"2521 FEET WEST AND 498 FEET NORTH OF THE SOUTHEAST CORNER OF SECTION 43, T14N-R4E, CALDWELL PARISH, LOUISIAN",43,W,4E,11,32.164115639,-92.087689723,,02,,,,43,,,,,WILDCAT-NO LA MONROE DIST,LOUISIANA GREEN FUELS LLC,CALDWELL,,,,,,,,,2127633.0,544873.0,01,N,586020.323206049,3558991.50185793,,,,,,"https://sonlite.dnr.state.la.us/ords/apex/r/sonris_pub/sonris_data_portal/well-profile?clear=CR,9000&ig[ig_master]_well_serial_num=976395",2026-07-29 09:05:20,APPROVAL TO CONSTRUCT INJECTION WELL,,,,,https://sonlite.dnr.state.la.us/ords/r/sonris/ucmsearch/finddocuments?qtype=eq&idx=xwellserialnumber&val=976395,NORTH,,,
229775,976397,0492,1,5,WEATHERBEE SWD,004,19N,2026-07-01 05:00:00,17015881750000,01,2026-07-01 05:00:00,,02,2026-07-01 05:00:00,,,,,00,II,,,1432,,0.0,,150.0,PER SN 186645,70.0,2026-07-01 05:00:00,EATON W/ FW 1.015 SG @ TOP OH 465',,,"LOCATED 960 FT FNL AND 1375 FT FEL IN SEC 14, TWN 19N, RGE 11W, BOSSIER PARISH, LA",014,W,11W,08,32.641949226,-93.467105031,,02,,,,014,,,,,BELLEVUE,BAYOU STATE OIL CORPORATION,BOSSIER,,,,,,,,,1702346.0,719797.0,01,N,456189.39734589,3611690.86590985,,,,,,"https://sonlite.dnr.state.la.us/ords/apex/r/sonris_pub/sonris_data_portal/well-profile?clear=CR,9000&ig[ig_master]_well_serial_num=976397",2026-07-29 09:05:20,APPROVAL TO CONSTRUCT INJECTION WELL,,,,,https://sonlite.dnr.state.la.us/ords/r/sonris/ucmsearch/finddocuments?qtype=eq&idx=xwellserialnumber&val=976397,NORTH,,,
229370,976398,C087,1,5,ESTATE OF MERVINE KAHN LLC SWD,001,08S,2026-07-02 05:00:00,17001222800000,01,2026-07-02 05:00:00,,02,2026-07-02 05:00:00,,,,,00,II,,,1776,,0.0,,1350.0,PER SN 17274,960.0,2026-06-11 05:00:00,EATON W/ FW 8.824PPG @ TOP PERF 4340',,,"FROM THE NGS MON ""BENOIT"" GO S76D 27' W-14,328' TO THE SURF LOC, THENCE S34D 19' E-153' TO THE BHL.",033,W,03E,01,30.306343819,-91.988949104,,02,,,,033,,,,,"BOSCO, SOUTH",CAMEX OPERATING COMPANY,ACADIA,,,,,,,,,1793155.0,596771.0,01,S,597215.118310732,3353164.38404057,,,,,,"https://sonlite.dnr.state.la.us/ords/apex/r/sonris_pub/sonris_data_portal/well-profile?clear=CR,9000&ig[ig_master]_well_serial_num=976398",2026-07-29 09:05:20,APPROVAL TO CONSTRUCT INJECTION WELL,,,,,https://sonlite.dnr.state.la.us/ords/r/sonris/ucmsearch/finddocuments?qtype=eq&idx=xwellserialnumber&val=976398,SOUTH,,,
227544,976399,S391,1,5,KELIANG TRADING SWD,001,05S,2026-07-15 05:00:00,17011880330000,01,2026-07-15 05:00:00,,02,2026-07-15 05:00:00,,,,,00,II,,,8326,,0.0,,2945.0,FROM E-LOG OF SN 80263 (3116' AWAY) PER MEA 03/13/2026,1605.0,2026-07-14 05:00:00,EATON W/ 1.0162 SG-8.475 PPG @ TOP PERF 5830',,,"PROPOSED SHL BEING N85°24'58""W 21,159' FROM NGS MON. ""VILLE"", TO LOCATION IN SECTION 19, T05S-R10W, BEAUREGARD PARISH, LA.",19,W,10W,06,30.60966931,-93.432971116,,02,,,,19,,,,,SINGER,"SQUARE MILE ENERGY, L.L.C.",BEAUREGARD,,,,,,,,,1339540.0,712549.0,01,S,458498.359404629,3386424.6412942,,,,,,"https://sonlite.dnr.state.la.us/ords/apex/r/sonris_pub/sonris_data_portal/well-profile?clear=CR,9000&ig[ig_master]_well_serial_num=976399",2026-07-29 09:05:20,APPROVAL TO CONSTRUCT INJECTION WELL,,,,,https://sonlite.dnr.state.la.us/ords/r/sonris/ucmsearch/finddocuments?qtype=eq&idx=xwellserialnumber&val=976399,SOUTH,,,
