key,operator,county,well_name,well_num,issue_date,spud_date,status
0917214,"MAXIMUS OPERATING, LTD.",ANDERSON,GIBSON,1,2026-07-16,,
0916200,"PERFORMANCE OPERATING PARTNERS,",ANDERSON,EDENS-BOWYER (AW),1H,2026-07-08,,
0917354,"WEATHERS EXPLORATION, INC.",ANDERSON,SHERIDAN,1,2026-07-22,,
0917006,COG OPERATING LLC,ANDREWS,MABEE DDA A29,1109MH,2026-07-13,,
0917007,COG OPERATING LLC,ANDREWS,MABEE DDA A30,1110LH,2026-07-13,,
0917008,COG OPERATING LLC,ANDREWS,MABEE DDA A31,1111JH,2026-07-13,,
0917009,COG OPERATING LLC,ANDREWS,MABEE DDA A32,1112LH,2026-07-13,,
0917021,COG OPERATING LLC,ANDREWS,MABEE DDA A33,1112BH,2026-07-13,,
0917022,COG OPERATING LLC,ANDREWS,MABEE DDA A34,1112MH,2026-07-13,,
0917132,COG OPERATING LLC,ANDREWS,MABEE DDA A35,1001JH,2026-07-16,,
0917133,COG OPERATING LLC,ANDREWS,MABEE DDA A36,1001AH,2026-07-16,,
0917135,COG OPERATING LLC,ANDREWS,MABEE DDA A37,1002LH,2026-07-16,,
0917136,COG OPERATING LLC,ANDREWS,MABEE DDA A38,1003MH,2026-07-16,,
0917139,COG OPERATING LLC,ANDREWS,MABEE DDA A39,1003BH,2026-07-16,,
0917180,COG OPERATING LLC,ANDREWS,MABEE DDA A40,1004LH,2026-07-16,,
0916848,COG OPERATING LLC,ANDREWS,MABEE DDA A41,1005JH,2026-07-29,,
0917181,COG OPERATING LLC,ANDREWS,MABEE DDA A42,1005AH,2026-07-16,,
0917182,COG OPERATING LLC,ANDREWS,MABEE DDA A43,1006BH,2026-07-16,,
0916850,COG OPERATING LLC,ANDREWS,MABEE DDA A44,1006MH,2026-07-29,,
0916851,COG OPERATING LLC,ANDREWS,MABEE DDA A45,1006LH,2026-07-29,,
0916878,COG OPERATING LLC,ANDREWS,MABEE DDA A47,1008LH,2026-07-07,,
0916879,COG OPERATING LLC,ANDREWS,MABEE DDA A48,1008BH,2026-07-07,,
0917193,COG OPERATING LLC,ANDREWS,MABEE DDA A50,1009MH,2026-07-16,,
0917195,COG OPERATING LLC,ANDREWS,MABEE DDA A51,1010LH,2026-07-16,,
0917196,COG OPERATING LLC,ANDREWS,MABEE DDA A52,1010BH,2026-07-16,,
0917197,COG OPERATING LLC,ANDREWS,MABEE DDA A54,1011AH,2026-07-16,,
0916884,COG OPERATING LLC,ANDREWS,MABEE DDA A56,204AH,2026-07-08,,
0916885,COG OPERATING LLC,ANDREWS,MABEE DDA A57,204JH,2026-07-07,,
0916887,COG OPERATING LLC,ANDREWS,MABEE DDA A58,205LH,2026-07-07,,
0916888,COG OPERATING LLC,ANDREWS,MABEE DDA A59,206MH,2026-07-07,,
0916889,COG OPERATING LLC,ANDREWS,MABEE DDA A60,206BH,2026-07-07,,
0916890,COG OPERATING LLC,ANDREWS,MABEE DDA A61,207JH,2026-07-07,,
0916909,COG OPERATING LLC,ANDREWS,MABEE DDA A62,207LH,2026-07-08,,
0916910,COG OPERATING LLC,ANDREWS,MABEE DDA A63,208AH,2026-07-13,,
0916911,COG OPERATING LLC,ANDREWS,MABEE DDA A64,209MH,2026-07-07,,
0916917,COG OPERATING LLC,ANDREWS,MABEE DDA A65,209LH,2026-07-31,,
0916921,COG OPERATING LLC,ANDREWS,MABEE DDA A66,209BH,2026-07-31,,
0916924,COG OPERATING LLC,ANDREWS,MABEE DDA A67,210JH,2026-07-31,,
0917436,COG OPERATING LLC,ANDREWS,UNIMAK A,3707LH,2026-07-30,,
0917466,COG OPERATING LLC,ANDREWS,UNIMAK B,3709JH,2026-07-31,,
0917465,COG OPERATING LLC,ANDREWS,UNIMAK D,3712JH,2026-07-31,,
0917416,"FASKEN OIL AND RANCH, LTD.",ANDREWS,FEE 'BV',2707MS,2026-07-29,,
0917417,"FASKEN OIL AND RANCH, LTD.",ANDREWS,FEE 'BV',2708JM,2026-07-29,,
0917418,"FASKEN OIL AND RANCH, LTD.",ANDREWS,FEE 'BV',2709LS,2026-07-29,,
0917420,"FASKEN OIL AND RANCH, LTD.",ANDREWS,FEE 'BV',2710DN,2026-07-29,,
0917421,"FASKEN OIL AND RANCH, LTD.",ANDREWS,FEE 'BV',2711WA,2026-07-29,,
0917422,"FASKEN OIL AND RANCH, LTD.",ANDREWS,FEE 'BV',2712WB,2026-07-29,,
0911508,OCCIDENTAL PERMIAN LTD.,ANDREWS,KTM 4793OP,2H,2025-10-31,2026-01-12,
0917086,OLSEN ENERGY INC.,ANDREWS,STATE OF TEXAS -V-,3,2026-07-14,,
0917281,"SABALO II OPERATING, LLC",ANDREWS,BIGHORN 28-33 B,1JM,2026-07-21,,
0917283,"SABALO II OPERATING, LLC",ANDREWS,BIGHORN 28-33 B,1LS,2026-07-21,,
0917284,"SABALO II OPERATING, LLC",ANDREWS,BIGHORN 28-33 D,1CF,2026-07-21,,
0917285,"SABALO II OPERATING, LLC",ANDREWS,BIGHORN 28-33 D,2JM,2026-07-21,,
0917286,"SABALO II OPERATING, LLC",ANDREWS,BIGHORN 28-33 D,2LS,2026-07-21,,
0914234,"SABALO II OPERATING, LLC",ANDREWS,FOUR WINDS 26-20 A,1JM,2026-04-16,2026-04-29,
0914233,"SABALO II OPERATING, LLC",ANDREWS,FOUR WINDS 26-20 A,1WA,2026-04-16,2026-04-30,
0914237,"SABALO II OPERATING, LLC",ANDREWS,FOUR WINDS 26-20 B,1WB,2026-04-16,2026-04-26,
0914235,"SABALO II OPERATING, LLC",ANDREWS,FOUR WINDS 26-20 C,1CF,2026-04-16,2026-04-28,
0914238,"SABALO II OPERATING, LLC",ANDREWS,FOUR WINDS 26-20 C,2JM,2026-04-16,2026-04-25,
0917288,"SABALO II OPERATING, LLC",ANDREWS,MONARCH 28-33 B,2JM,2026-07-21,,
0917289,"SABALO II OPERATING, LLC",ANDREWS,MONARCH 28-33 B,2LS,2026-07-21,,
0845359,BPX OPERATING COMPANY,ANGELINA,BRONTO GAS UNIT,3HB,2018-12-31,2019-02-16,
0914728,HILCORP ENERGY COMPANY,ARANSAS,STATE TRACT 356,2,2026-04-29,2026-07-20,
0914852,"B.O.L.D. OIL AND GAS, LLC",ARCHER,CAMPBELL 400,1,2026-05-12,2026-05-20,
0916416,EAGLE OIL & GAS CO.,ARCHER,MUSTANG,6,2026-07-01,,
0916627,"GUIDANCE OIL DEVELOPERS,INC.(1)",ARCHER,MATUS,9,2026-07-06,,
0917016,"NEWPORT OPERATING, LLC",ARCHER,PROTHRO,108,2026-07-10,,
0916733,WILCOX ENERGY COMPANY LLC,ARCHER,BENSON ESTATE -E-,14,2026-07-01,2026-07-14,
0916991,ALVARADO 2014 LLC,ATASCOSA,DALLY UNIT,1H,2026-07-13,,
0917451,"EOG RESOURCES, INC.",ATASCOSA,WEST LAKE,1H,2026-07-31,,
0917452,"EOG RESOURCES, INC.",ATASCOSA,WEST LAKE,2H,2026-07-31,,
0917453,"EOG RESOURCES, INC.",ATASCOSA,WEST LAKE,3H,2026-07-31,,
0917455,"EOG RESOURCES, INC.",ATASCOSA,WEST LAKE,4H,2026-07-31,,
0917457,"EOG RESOURCES, INC.",ATASCOSA,WEST LAKE,5H,2026-07-31,,
0917459,"EOG RESOURCES, INC.",ATASCOSA,WEST LAKE,6H,2026-07-31,,
0917463,"EOG RESOURCES, INC.",ATASCOSA,WEST LAKE,7H,2026-07-31,,
0917464,"EOG RESOURCES, INC.",ATASCOSA,WEST LAKE,8H,2026-07-31,,
0917389,JAVELIN ENERGY PARTNERS MGMT LLC,ATASCOSA,DROP TINE 101HA,101HA,2026-07-31,,
0917390,JAVELIN ENERGY PARTNERS MGMT LLC,ATASCOSA,DROP TINE 101HB,101HB,2026-07-31,,
0917391,JAVELIN ENERGY PARTNERS MGMT LLC,ATASCOSA,DROP TINE 101HX,101HX,2026-07-29,,
0917392,JAVELIN ENERGY PARTNERS MGMT LLC,ATASCOSA,DROP TINE 101HY,101HY,2026-07-29,,
0917394,JAVELIN ENERGY PARTNERS MGMT LLC,ATASCOSA,DROP TINE 101HZ,101HZ,2026-07-29,,
0917175,"TRAILBLAZER ENERGY RESOURCES,LLC",ATASCOSA,CHACHALACA AW,2H,2026-07-21,,
0917174,"TRAILBLAZER ENERGY RESOURCES,LLC",ATASCOSA,CHACHALACA B AW,3H,2026-07-21,,
0917176,"TRAILBLAZER ENERGY RESOURCES,LLC",ATASCOSA,GAC AW,1H,2026-07-27,,
0917172,"WAGGONER OPERATING, L.L.C.",BAYLOR,WAGGONER DNTT,265B,2026-07-17,,
0917301,"HIGHPEAK ENERGY HOLDINGS, LLC",BORDEN,GRIFFIN-JBT 67-53 B UNIT,A 6H,2026-07-29,,
0917302,"HIGHPEAK ENERGY HOLDINGS, LLC",BORDEN,H C WOLF,1,2026-07-20,,
0916083,"HIGHPEAK ENERGY HOLDINGS, LLC",BORDEN,WOLF RANCHES 40-45 B UNIT,M 7H,2026-06-01,2026-06-03,
0917366,"SURGE OPERATING, LLC",BORDEN,CRAZY HORSE 24-12,3JH,2026-07-24,,
0917367,"SURGE OPERATING, LLC",BORDEN,CRAZY HORSE 24-12,4MH,2026-07-24,,
0917160,"SURGE OPERATING, LLC",BORDEN,PENG UNIT 14-02,6AH,2026-07-17,,
0917348,"SURGE OPERATING, LLC",BORDEN,SPHINX UNIT 13-01,1NH,2026-07-28,,
0917257,"SURGE OPERATING, LLC",BORDEN,SPHINX UNIT 13-01,2AH,2026-07-20,,
0917258,"SURGE OPERATING, LLC",BORDEN,SPHINX UNIT 13-01,3AH,2026-07-20,,
0917259,"SURGE OPERATING, LLC",BORDEN,SPHINX UNIT 13-01,4AH,2026-07-20,,
0916832,"YUKON EXPLORATION OPERATING, LLC",BORDEN,"CLAYTON, A. M. 'E' NCT-2",2,2026-07-06,,
0913793,"YUKON EXPLORATION OPERATING, LLC",BORDEN,GUNSMOKE 30-31,1JM,2026-03-03,2026-03-09,
0900025,"YUKON EXPLORATION OPERATING, LLC",BORDEN,GUNSMOKE 30-31,5U,2024-06-07,2025-07-29,
0909769,"YUKON EXPLORATION OPERATING, LLC",BORDEN,RAIDER 42-43 A,1JM,2025-08-13,2026-03-07,
0916497,"DENBURY ONSHORE, LLC",BRAZORIA,WEST HASTINGS UNIT,7930,2026-06-19,,
0916829,WILDFIRE ENERGY OPERATING LLC,BURLESON,FAIRWAY A,11HA,2026-07-06,,
0916830,WILDFIRE ENERGY OPERATING LLC,BURLESON,FAIRWAY B,13HA,2026-07-06,,
0916843,"HAMILTON, CLAY",CALDWELL,YOUNG-CLARK UNIT,1H,2026-07-07,,
0917386,WILSON WELL SERVICE INC.,CALLAHAN,"HENDERSON, E.E. 'B'",3,2026-07-29,,
0917270,CHEVRON U. S. A. INC.,CASS,JUNIPER,1,2026-07-23,,
0915860,"ROSE CITY RESOURCES, LLC",CASS,FULLER,1H,2026-07-01,,
0916401,"ROSE CITY RESOURCES, LLC",CASS,PERRY,1H,2026-07-28,,
0911232,"JAMEX, INC.",CHEROKEE,FRANKSTON,1H,2025-10-24,2026-01-08,
0916764,GO OPCO T LLC,COKE,MARIENA,1,2026-07-10,,
0916776,ATOKA ENERGY LLC,COOKE,CAROLYN COLLUMS,1,2026-07-06,,
0916118,"OIL CAPITAL OPERATING, LLC",COOKE,CLEGG,2H,2026-06-09,,
0916997,"OIL CAPITAL OPERATING, LLC",COOKE,CLEGG 1,1,2026-07-10,,
0917384,"TRIPLE G WELL SERVICE, INC.",COOKE,SMITH#1,12,2026-07-28,,
0917261,"BLACKBEARD OPERATING, LLC",CRANE,WADDELL TR A,4099H,2026-07-20,,
0917263,"BLACKBEARD OPERATING, LLC",CRANE,WADDELL TR A,4324,2026-07-20,,
0917260,"BLACKBEARD OPERATING, LLC",CRANE,WADDELL TR A,4829H,2026-07-20,,
0916955,"GREEN CENTURY EXP & PROD, LLC",CRANE,SYNDICATE FEE 'A',4,2026-07-10,,
0917028,SEM OPERATING COMPANY LLC,CROCKETT,UNIVERSITY 40,1503WC,2026-07-13,,
0917031,SEM OPERATING COMPANY LLC,CROCKETT,UNIVERSITY 40,1507WC,2026-07-13,2026-07-20,
0917032,SEM OPERATING COMPANY LLC,CROCKETT,UNIVERSITY 40,1509WC,2026-07-13,2026-07-19,
0917033,SEM OPERATING COMPANY LLC,CROCKETT,UNIVERSITY 40,1511WC,2026-07-13,2026-07-18,
0917232,"CAPITAN ENERGY, INCORPORATED",CULBERSON,ALICE FEE 34,7H,2026-07-17,,
0917233,"CAPITAN ENERGY, INCORPORATED",CULBERSON,ALICE FEE 34,8H,2026-07-17,,
0905989,CHEVRON U. S. A. INC.,CULBERSON,HAY LANDON 9,0033WC,2025-03-26,2025-05-20,
0905119,COTERRA ENERGY OPERATING CO.,CULBERSON,TYPHOON 42 UNIT,15H,2025-01-14,2025-02-15,
0905120,COTERRA ENERGY OPERATING CO.,CULBERSON,TYPHOON 42 UNIT,16H,2025-01-14,2025-02-09,
0917510,"NORTH TEXAS CARBON, LLC",DEAF SMITH,ALPHA,3,2026-07-31,,
0917225,"NORTH TEXAS CARBON, LLC",DEAF SMITH,OFL,2,2026-07-20,,
0546920,"BKV BARNETT II, LLC",DENTON,SEXTON,3,2004-07-30,2004-08-05,
0755191,BPX OPERATING COMPANY,DEWITT,A.J. BAKER A,5H,2013-01-25,2013-05-14,
0917316,BURLINGTON RESOURCES O & G CO LP,DEWITT,RUCKMAN RANCH UNIT,27,2026-07-23,,
0917317,BURLINGTON RESOURCES O & G CO LP,DEWITT,RUCKMAN RANCH UNIT,28,2026-07-23,,
0917318,BURLINGTON RESOURCES O & G CO LP,DEWITT,RUCKMAN RANCH UNIT,29,2026-07-29,,
0917319,BURLINGTON RESOURCES O & G CO LP,DEWITT,RUCKMAN RANCH UNIT,41,2026-07-23,,
0917322,BURLINGTON RESOURCES O & G CO LP,DEWITT,RUCKMAN RANCH UNIT,43,2026-07-23,,
0917325,BURLINGTON RESOURCES O & G CO LP,DEWITT,RUCKMAN RANCH UNIT,45,2026-07-24,,
0917328,BURLINGTON RESOURCES O & G CO LP,DEWITT,RUCKMAN RANCH UNIT,46,2026-07-24,,
0908908,"DEVON ENERGY PRODUCTION CO, L.P.",DEWITT,BIG OAK B,7H,2025-07-01,2025-11-08,
0910369,"DEVON ENERGY PRODUCTION CO, L.P.",DEWITT,CARSON A,14H,2025-09-23,2025-11-13,
0916964,"DEVON ENERGY PRODUCTION CO, L.P.",DEWITT,HEIBEL A,10H,2026-07-10,,
0916965,"DEVON ENERGY PRODUCTION CO, L.P.",DEWITT,HEIBEL A,11H,2026-07-10,,
0916966,"DEVON ENERGY PRODUCTION CO, L.P.",DEWITT,HEIBEL A,12H,2026-07-10,,
0916967,"DEVON ENERGY PRODUCTION CO, L.P.",DEWITT,HEIBEL A,13H,2026-07-10,,
0916968,"DEVON ENERGY PRODUCTION CO, L.P.",DEWITT,HEIBEL A,14H,2026-07-10,,
0916969,"DEVON ENERGY PRODUCTION CO, L.P.",DEWITT,HEIBEL A,15H,2026-07-10,,
0916970,"DEVON ENERGY PRODUCTION CO, L.P.",DEWITT,HEIBEL A,16H,2026-07-10,,
0916055,MARATHON OIL EF LLC,DEWITT,HOPE-DWOR-SAUN B SA A,1,2026-06-30,,
0916049,MARATHON OIL EF LLC,DEWITT,HOPE-SAUNDERS B SA D,1,2026-06-29,2026-07-01,
0916038,MARATHON OIL EF LLC,DEWITT,SCHORLEMER QUAD SA A,1,2026-07-01,,
0915207,CYTEX SOUTH TEXAS OPERATING LLC,DIMMIT,ARSENAL A,1H,2026-07-09,,
0917034,EL TORO RESOURCES LLC,DIMMIT,COMANCHE,6061H,2026-07-10,,
0917035,EL TORO RESOURCES LLC,DIMMIT,COMANCHE,6062H,2026-07-10,,
0917036,EL TORO RESOURCES LLC,DIMMIT,COMANCHE,6063H,2026-07-13,,
0916972,JONAH ENERGY LLC,DIMMIT,SAN PEDRO RANCH,3709BH,2026-07-09,,
0916973,JONAH ENERGY LLC,DIMMIT,SAN PEDRO RANCH,3710BH,2026-07-09,,
0916974,JONAH ENERGY LLC,DIMMIT,SAN PEDRO RANCH,3711BH,2026-07-09,,
0916975,JONAH ENERGY LLC,DIMMIT,SAN PEDRO RANCH,3712BH,2026-07-09,,
0916977,JONAH ENERGY LLC,DIMMIT,SPR,3714AH,2026-07-20,,
0916607,"ROSEWOOD RESOURCES, INC.",DIMMIT,WILSON A,1H,2026-07-21,,
0916608,"ROSEWOOD RESOURCES, INC.",DIMMIT,WILSON B,1H,2026-07-22,,
0916610,"ROSEWOOD RESOURCES, INC.",DIMMIT,WILSON C,1H,2026-07-22,,
0917189,ARRINGTON OIL&GAS OPERATING LLC,ECTOR,OPTIMUS PRIME EAST,H110LS,2026-07-16,,
0917115,ARRINGTON OIL&GAS OPERATING LLC,ECTOR,OPTIMUS PRIME EAST,H110NB,2026-07-16,,
0917187,ARRINGTON OIL&GAS OPERATING LLC,ECTOR,OPTIMUS PRIME EAST,H110UH,2026-07-16,,
0917188,ARRINGTON OIL&GAS OPERATING LLC,ECTOR,OPTIMUS PRIME EAST,H110WB,2026-07-16,,
0917191,ARRINGTON OIL&GAS OPERATING LLC,ECTOR,OPTIMUS PRIME EAST,H120SS,2026-07-20,,
0917190,ARRINGTON OIL&GAS OPERATING LLC,ECTOR,OPTIMUS PRIME EAST,H120UH,2026-07-20,,
0917192,ARRINGTON OIL&GAS OPERATING LLC,ECTOR,OPTIMUS PRIME EAST,H120WA,2026-07-20,,
0917116,ARRINGTON OIL&GAS OPERATING LLC,ECTOR,OPTIMUS PRIME EAST,H130NB,2026-07-20,,
0917023,"BASIN OIL & GAS OPERATING, LLC",ECTOR,"JOHNSON, J. L. -AB-",91W,2026-07-17,,
0917437,DIAMONDBACK E&P LLC,ECTOR,SHERIFF 11-14 B,2BN,2026-07-29,,
0917438,DIAMONDBACK E&P LLC,ECTOR,SHERIFF 11-14 C,3BN,2026-07-30,,
0917439,DIAMONDBACK E&P LLC,ECTOR,SHERIFF 11-14 D,4BN,2026-07-30,,
0916721,FIREBIRD ENERGY II LLC,ECTOR,POCKET PAIR 2715 A,801H,2026-07-01,,
0916722,FIREBIRD ENERGY II LLC,ECTOR,POCKET PAIR 2715 B,901H,2026-07-01,,
0916723,FIREBIRD ENERGY II LLC,ECTOR,POCKET PAIR 2715 C,802H,2026-07-01,,
0916682,FIREBIRD ENERGY II LLC,ECTOR,POCKET PAIR 2722 A,804H,2026-07-01,,
0916683,FIREBIRD ENERGY II LLC,ECTOR,POCKET PAIR 2722 B,902H,2026-07-01,,
0916684,FIREBIRD ENERGY II LLC,ECTOR,POCKET PAIR 2722 C,803H,2026-07-01,,
0913084,OCCIDENTAL PERMIAN LTD.,ECTOR,MAZDA,4691OP,2026-01-27,,
0912688,OCCIDENTAL PERMIAN LTD.,ECTOR,MITSUBISHI 2291OP,1H,2026-01-20,,
0912692,OCCIDENTAL PERMIAN LTD.,ECTOR,MITSUBISHI 2295OP,3H,2026-01-20,,
0912694,OCCIDENTAL PERMIAN LTD.,ECTOR,MITSUBISHI 2297OP,4H,2026-01-20,,
0912696,OCCIDENTAL PERMIAN LTD.,ECTOR,MITSUBISHI 2299OP,5H,2026-01-20,,
0917165,MAGNOLIA OIL & GAS OPERATING LLC,FAYETTE,CYCLONE EIGHT,H 08CC,2026-07-24,,
0917163,MAGNOLIA OIL & GAS OPERATING LLC,FAYETTE,CYCLONE FOUR,H 04CC,2026-07-20,,
0917164,MAGNOLIA OIL & GAS OPERATING LLC,FAYETTE,CYCLONE SIX,H 06CC,2026-07-23,,
0917166,MAGNOLIA OIL & GAS OPERATING LLC,FAYETTE,CYCLONE TEN,H 10CC,2026-07-24,,
0917167,MAGNOLIA OIL & GAS OPERATING LLC,FAYETTE,CYCLONE TWELVE,H 12CC,2026-07-24,,
0917162,MAGNOLIA OIL & GAS OPERATING LLC,FAYETTE,CYCLONE TWO,H 02CC,2026-07-23,,
0916875,COKE CO. OPERATING,FISHER,"CASSLE, H. O.",5,2026-07-10,,
0916876,COKE CO. OPERATING,FISHER,"CASSLE, H. O.",9,2026-07-10,,
0916886,COKE CO. OPERATING,FISHER,MARY K. KENNEDY,2,2026-07-10,,
0916891,COKE CO. OPERATING,FISHER,MARY K. KENNEDY,3,2026-07-10,,
0916892,COKE CO. OPERATING,FISHER,MARY K. KENNEDY,4,2026-07-10,,
0917024,HILCORP ENERGY COMPANY,FREESTONE,BEST SWD,4,2026-07-10,,
0917361,HILCORP ENERGY COMPANY,FREESTONE,C. N. WILLIFORD,4,2026-07-29,,
0916807,HILCORP ENERGY COMPANY,FREESTONE,H. L. & P. GAS UNIT,17,2026-07-01,,
0917360,HILCORP ENERGY COMPANY,FREESTONE,NORTHEN GAS UNIT,11,2026-07-27,,
0916904,HILCORP ENERGY COMPANY,FREESTONE,NORTHEN GAS UNIT,14,2026-07-07,,
0917173,HILCORP ENERGY COMPANY,FREESTONE,REED 'E' GAS UNIT,6,2026-07-16,,
0917140,CENTRAL GULF PETROLEUM INC,FRIO,BORDOVSKY J S 'A',191 A,2026-07-10,,
0913236,FORMENTERA OPERATIONS LLC,FRIO,DONUT PALACE-STX-UNIT,S725H,2026-02-06,2026-03-27,
0917320,"ROSEWOOD RESOURCES, INC.",FRIO,OPPENHEIMER A,1H,2026-07-22,,
0917321,"ROSEWOOD RESOURCES, INC.",FRIO,OPPENHEIMER B,2H,2026-07-22,,
0917323,"ROSEWOOD RESOURCES, INC.",FRIO,OPPENHEIMER C,3H,2026-07-27,,
0917324,"ROSEWOOD RESOURCES, INC.",FRIO,TWIN CREEKS A,1H,2026-07-22,,
0916777,BCE-MACH III LLC,GAINES,MOULTON,2305H,2026-07-10,,
0916791,BCE-MACH III LLC,GAINES,NORTH RILEY UNIT,2270H,2026-07-13,,
0916789,BCE-MACH III LLC,GAINES,NORTH RILEY UNIT,2290H,2026-07-13,,
0916786,BCE-MACH III LLC,GAINES,NORTH RILEY UNIT,2310H,2026-07-13,,
0916774,BCE-MACH III LLC,GAINES,NORTH RILEY UNIT,2320H,2026-07-20,,
0916793,BCE-MACH III LLC,GAINES,NORTH ROBERTSON UNIT,6370H,2026-07-13,,
0916775,BCE-MACH III LLC,GAINES,WHITNEY,6345H,2026-07-09,,
0917200,"MCCLURE OIL COMPANY, INC.",GAINES,BRUSHFOOT,8,2026-07-17,,
0917202,"MCCLURE OIL COMPANY, INC.",GAINES,MOC WATERS 22,6,2026-07-16,,
0917429,"MCCLURE OIL COMPANY, INC.",GAINES,SWALLOWTAIL,6,2026-07-27,,
0917428,"MCCLURE OIL COMPANY, INC.",GAINES,SWALLOWTAIL,8,2026-07-27,,
0917114,OCCIDENTAL PERMIAN LTD.,GAINES,DENVER UNIT,6405,2026-07-15,,
0916928,OXY USA INC.,GAINES,SEMINOLE SAN ANDRES UNIT,2316,2026-07-08,,
0916929,OXY USA INC.,GAINES,SEMINOLE SAN ANDRES UNIT,2316,2026-07-08,,
0917385,OXY USA INC.,GAINES,SEMINOLE SAN ANDRES UNIT,2713,2026-07-27,,
0917027,OXY USA INC.,GAINES,SEMINOLE SAN ANDRES UNIT,3115,2026-07-10,,
0917030,OXY USA INC.,GAINES,SEMINOLE SAN ANDRES UNIT,3115,2026-07-10,,
0916119,OXY USA INC.,GAINES,SEMINOLE SAN ANDRES UNIT,3811H,2026-07-29,,
0916930,OXY USA WTP LP,GAINES,WEST SEMINOLE SA UNIT,0613R,2026-07-08,,
0916931,OXY USA WTP LP,GAINES,WEST SEMINOLE SA UNIT,0613R,2026-07-09,,
0916817,"FRIO RESOURCES, LLC",GALVESTON,STEWART TITLE,1,2026-07-06,,
0916838,"BLACK SWAN OPCO, LLC",GLASSCOCK,PEFFERCORN,3H,2026-07-01,,
0916849,"BLACK SWAN OPCO, LLC",GLASSCOCK,PEFFERCORN,4H,2026-07-02,,
0916836,"BLACK SWAN OPCO, LLC",GLASSCOCK,SQUINTS,1H,2026-07-02,,
0916837,"BLACK SWAN OPCO, LLC",GLASSCOCK,SQUINTS,2H,2026-07-09,,
0912590,"CIVITAS PERMIAN OPERATING, LLC",GLASSCOCK,PICKLE RICK A,301HD,2026-01-16,2026-01-30,
0912591,"CIVITAS PERMIAN OPERATING, LLC",GLASSCOCK,PICKLE RICK B,302HD,2026-01-16,2026-01-30,
0914824,"DE CENTRAL OPERATING, LLC",GLASSCOCK,GOLDEN WINGS EAST I 33-21,4209H,2026-05-12,2026-06-10,
0914826,"DE CENTRAL OPERATING, LLC",GLASSCOCK,GOLDEN WINGS EAST J 33-21,4310H,2026-05-12,2026-06-11,
0914827,"DE CENTRAL OPERATING, LLC",GLASSCOCK,GOLDEN WINGS EAST K 33-21,4211H,2026-05-12,2026-06-12,
0914829,"DE CENTRAL OPERATING, LLC",GLASSCOCK,GOLDEN WINGS EAST M 33-21,4313H,2026-05-12,,
0914830,"DE CENTRAL OPERATING, LLC",GLASSCOCK,GOLDEN WINGS EAST N 33-21,4214H,2026-05-12,2026-06-13,
0914833,"DE CENTRAL OPERATING, LLC",GLASSCOCK,GOLDEN WINGS EAST O 33-21,4315H,2026-05-12,2026-06-14,
0916902,OXY USA INC.,GLASSCOCK,APOLLO 0184CP,2H,2026-07-27,,
0915925,OXY USA INC.,GLASSCOCK,POWELL 1035SP,8H,2026-05-29,,
0915927,OXY USA INC.,GLASSCOCK,POWELL 1043DP,7H,2026-05-29,,
0915919,OXY USA INC.,GLASSCOCK,POWELL 1091OP,1H,2026-05-29,,
0915920,OXY USA INC.,GLASSCOCK,POWELL 1093OP,4H,2026-05-29,,
0915924,OXY USA INC.,GLASSCOCK,POWELL 1097OP,9H,2026-05-29,,
0916084,"PIONEER NATURAL RES. USA, INC.",GLASSCOCK,HURT-BRUNSON 32A,1H,2026-07-08,,
0916085,"PIONEER NATURAL RES. USA, INC.",GLASSCOCK,HURT-BRUNSON 32B,2H,2026-07-08,,
0916086,"PIONEER NATURAL RES. USA, INC.",GLASSCOCK,HURT-BRUNSON 32C,3H,2026-07-08,,
0916087,"PIONEER NATURAL RES. USA, INC.",GLASSCOCK,HURT-BRUNSON 32D,4H,2026-07-08,,
0916088,"PIONEER NATURAL RES. USA, INC.",GLASSCOCK,HURT-BRUNSON 32E,5H,2026-07-08,,
0916089,"PIONEER NATURAL RES. USA, INC.",GLASSCOCK,HURT-BRUNSON 32F,6H,2026-07-08,,
0916090,"PIONEER NATURAL RES. USA, INC.",GLASSCOCK,HURT-BRUNSON 32G,7H,2026-07-08,,
0916091,"PIONEER NATURAL RES. USA, INC.",GLASSCOCK,HURT-BRUNSON 32H,8H,2026-07-08,,
0916092,"PIONEER NATURAL RES. USA, INC.",GLASSCOCK,HURT-BRUNSON 32I,9H,2026-07-08,,
0916093,"PIONEER NATURAL RES. USA, INC.",GLASSCOCK,HURT-BRUNSON 32J,10H,2026-07-08,,
0916094,"PIONEER NATURAL RES. USA, INC.",GLASSCOCK,HURT-BRUNSON 32K,11H,2026-07-09,,
0916095,"PIONEER NATURAL RES. USA, INC.",GLASSCOCK,HURT-BRUNSON 32L,12H,2026-07-08,,
0916096,"PIONEER NATURAL RES. USA, INC.",GLASSCOCK,HURT-BRUNSON 32M,13H,2026-07-08,,
0916097,"PIONEER NATURAL RES. USA, INC.",GLASSCOCK,HURT-BRUNSON 32N,14H,2026-07-08,,
0916098,"PIONEER NATURAL RES. USA, INC.",GLASSCOCK,HURT-BRUNSON 32O,15H,2026-07-08,,
0916099,"PIONEER NATURAL RES. USA, INC.",GLASSCOCK,HURT-BRUNSON 32P,16H,2026-07-09,,
0908021,"EOG RESOURCES, INC.",GONZALES,GAHAN A,1H,2025-06-18,2025-11-17,
0910487,"FW EAGLE FORD I, LLC",GONZALES,CEDAR C,3H,2025-09-18,2025-10-04,
0917336,"FW EAGLE FORD I, LLC",GONZALES,CYCLONE X,16H,2026-07-28,,
0910983,"FW EAGLE FORD I, LLC",GONZALES,GEONOSIS B,2H,2025-10-14,,
0917037,"FW EAGLE FORD I, LLC",GONZALES,SARLACC A,1H,2026-07-31,,
0917217,MARATHON OIL EF LLC,GONZALES,BARNHART (EF),205H,2026-07-16,,
0917218,MARATHON OIL EF LLC,GONZALES,BARNHART (EF),206H,2026-07-16,,
0917219,MARATHON OIL EF LLC,GONZALES,BARNHART (EF),207H,2026-07-16,,
0917223,MARATHON OIL EF LLC,GONZALES,BARNHART (EF)-HFS SA10,140H,2026-07-21,,
0917222,MARATHON OIL EF LLC,GONZALES,BARNHART (EF)-HFS SA9,139H,2026-07-21,,
0904552,MARATHON OIL EF LLC,GONZALES,CHERRY BERGEY SA1,1H,2024-12-13,,
0904553,MARATHON OIL EF LLC,GONZALES,CHERRY BERGEY SELMAN SA4,4H,2024-12-13,,
0917371,ATOKA ENERGY LLC,GRAYSON,BROOKS-SHORT,1,2026-07-28,,
0917369,ATOKA ENERGY LLC,GRAYSON,HAZLIP,3,2026-07-28,,
0916908,ATOKA ENERGY LLC,GRAYSON,MAX,1,2026-07-08,,
0917105,"BLS PRODUCTION CO., INC.",GRAYSON,MAGGIE HUNT,3,2026-07-15,,
0917103,"BLS PRODUCTION CO., INC.",GRAYSON,PERRY WALKER,1,2026-07-14,,
0916805,BUFFCO PRODUCTION INC.,HARRISON,FLYING LL TRUST,1,2026-07-02,,
0916867,"COMSTOCK OIL & GAS, LLC",HARRISON,BRYANT RAINS BMP,1H,2026-07-17,,
0916871,"COMSTOCK OIL & GAS, LLC",HARRISON,BRYANT RAINS EB,1H,2026-07-20,,
0916685,SABINE ENERGY INC.,HARRISON,BONNER NORTH B CV (AW),2H,2026-07-27,,
0916687,SABINE ENERGY INC.,HARRISON,BONNER NORTH B HS (AW),2H,2026-07-27,,
0916692,SABINE ENERGY INC.,HARRISON,BONNER NORTH C HS (AW),3H,2026-07-28,,
0916695,SABINE ENERGY INC.,HARRISON,BONNER NORTH D HS (AW),4H,2026-07-28,,
0915105,"SPONTE OPERATING, INC.",HARRISON,GEORGE-MATTHEWS A,1H,2026-05-07,,
0915107,"SPONTE OPERATING, INC.",HARRISON,GEORGE-MATTHEWS B,2H,2026-04-30,,
0915109,"SPONTE OPERATING, INC.",HARRISON,GEORGE-MATTHEWS C,3H,2026-04-30,,
0915157,"SPONTE OPERATING, INC.",HARRISON,GEORGE-MATTHEWS D,4H,2026-04-30,,
0915682,TGNR EAST TEXAS II LLC,HARRISON,H06A HOYT BN,2HH,2026-05-19,,
0912728,MEWBOURNE OIL COMPANY,HEMPHILL,NIX 72/71 A,W001MD,2026-01-14,2026-02-05,
0912729,MEWBOURNE OIL COMPANY,HEMPHILL,NIX 73/74 A,W001DM,2026-01-14,2026-01-25,
0916771,"CAMERON EXPLORATION, INC.",HENDERSON,MALAKOFF SOUTH (BACON LIME) UNIT,26,2026-07-08,,
0916946,"HET LEVELLAND, LLC",HOCKLEY,FELA,1C,2026-07-08,,
0917224,"ROGERS, S. K. OIL, INC.",HOCKLEY,"HAMILTON, B. C.",6,2026-07-20,,
0917358,EMPIRE TEXAS OPERATING LLC,HOUSTON,SHELLY D,1,2026-07-31,,
0917419,BAYSWATER OPERATING COMPANY LLC,HOWARD,C CITY 20-18,H 1WD,2026-07-29,,
0901683,BAYSWATER OPERATING COMPANY LLC,HOWARD,MR. HOBBS 11-14-23B,H 3W,2024-09-06,2024-09-13,
0917247,ENERGY TRANSFER COMPANY,HOWARD,CP #26-132 CATHODIC PROTECTION,38,2026-07-28,,
0915314,OXY USA INC.,HOWARD,LONG SPRING 3083CP,2H,2026-05-19,,
0915315,OXY USA INC.,HOWARD,LONG SPRING 3085CP,3H,2026-05-05,,
0915854,"OXYROCK OPERATING, LLC",HOWARD,GREEN SPRANGLETOP,1HD,2026-05-27,,
0915855,"OXYROCK OPERATING, LLC",HOWARD,GREEN SPRANGLETOP E,2HD,2026-05-27,,
0915851,"OXYROCK OPERATING, LLC",HOWARD,SPIKED ALOE,3HD,2026-05-27,,
0915852,"OXYROCK OPERATING, LLC",HOWARD,SPIKED ALOE E,2HD,2026-05-27,,
0915853,"OXYROCK OPERATING, LLC",HOWARD,SPIKED ALOE G,1HD,2026-05-27,,
0910864,DALLAS PRODUCTION COMPANY LLC,IRION,DALLAS,1009H,2025-10-06,2025-10-08,
0910865,DALLAS PRODUCTION COMPANY LLC,IRION,DALLAS,1010H,2025-10-06,2025-10-08,
0917106,SEM OPERATING COMPANY LLC,IRION,UNIVERSITY 40,1102WA,2026-07-14,,
0917475,"FX ENERGY OPERATING, LLC",JACK,SUTTON,1,2026-07-31,,
0917280,"OAKRIDGE OIL AND GAS, LP",JACK,"CHERRYHOMES, MIKE",D 47,2026-07-22,,
0917102,"OAKRIDGE OIL AND GAS, LP",JACK,PARKER,2,2026-07-10,,
0917001,"OAKRIDGE OIL AND GAS, LP",JACK,PARKER,O 4,2026-07-10,2026-07-27,
0917084,"OAKRIDGE OIL AND GAS, LP",JACK,RICHARDS RANCH,O 4,2026-07-10,,
0917330,"OAKRIDGE OIL AND GAS, LP",JACK,SIMPSON,O 2,2026-07-21,,
0916794,"WHITEHEAD RESOURCES, LTD.",JASPER,ARIES,1,2026-07-01,,
0916795,"WHITEHEAD RESOURCES, LTD.",JASPER,PREDATOR,1,2026-07-01,,
0917179,GEPARD ENERGY INC,JEFFERSON,MCFADDIN TRUST,91ST,2026-07-29,,
0916905,"GOLDEN TRIANGLE STORAGE, LLC",JEFFERSON,GOLDEN TRIANGLE STORAGE,10,2026-07-07,,
0917427,"GOLDEN TRIANGLE STORAGE, LLC",JEFFERSON,GOLDEN TRIANGLE STORAGE,11,2026-07-27,,
0917269,KINGWOOD EXPLORATION LLC,JEFFERSON,MCFADDIN RANCH,13ST,2026-07-20,,
0917282,KINGWOOD EXPLORATION LLC,JEFFERSON,MCFADDIN RANCH,15ST,2026-07-20,,
0909478,BPX OPERATING COMPANY,KARNES,MAYER A,6H,2026-07-14,,
0917235,BPX OPERATING COMPANY,KARNES,MAYER C,3H,2026-07-21,,
0917236,BPX OPERATING COMPANY,KARNES,MAYER C,4H,2026-07-20,,
0917237,BPX OPERATING COMPANY,KARNES,MAYER C,5H,2026-07-22,,
0917238,BPX OPERATING COMPANY,KARNES,MAYER C,6H,2026-07-22,,
0917239,BPX OPERATING COMPANY,KARNES,MAYER C,7H,2026-07-22,,
0917240,BPX OPERATING COMPANY,KARNES,MAYER C,8H,2026-07-23,,
0917241,BPX OPERATING COMPANY,KARNES,MAYER C,9H,2026-07-22,,
0917242,BPX OPERATING COMPANY,KARNES,MAYER C,10H,2026-07-22,,
0917243,BPX OPERATING COMPANY,KARNES,MAYER C,11H,2026-07-22,,
0917244,BPX OPERATING COMPANY,KARNES,MAYER C AC,1H,2026-07-27,,
0917245,BPX OPERATING COMPANY,KARNES,MAYER C AC,2H,2026-07-23,,
0917246,BPX OPERATING COMPANY,KARNES,MAYER C AC,3H,2026-07-24,,
0916194,BURLINGTON RESOURCES O & G CO LP,KARNES,JOHN-FOR-FLY USW E,1,2026-07-06,,
0916195,BURLINGTON RESOURCES O & G CO LP,KARNES,JOHNSON-FORISTER USW F,1,2026-07-06,,
0916893,"SALIDA EXPLORATION, LLC",KENT,BEADLE,1A,2026-07-23,,
0917520,"CIMARRON ENGINEERING, LLC",KLEBERG,WELCH,1,2026-07-31,,
0916403,"WAGGONER OPERATING, L.L.C.",KNOX,WAGGONER SWWI,421SW,2026-06-16,,
0916169,"EOG RESOURCES, INC.",LA SALLE,PETER B,2H,2026-06-09,,
0909344,VERDUN OIL EF II LLC,LA SALLE,FROIDETERRE B,2H,2025-07-30,2025-08-12,
0916953,VERDUN OIL EF II LLC,LA SALLE,SOPWITH CAMEL C,3H,2026-07-08,,
0916954,VERDUN OIL EF II LLC,LA SALLE,SOPWITH CAMEL D,4H,2026-07-08,,
0914208,"EOG RESOURCES, INC.",LAVACA,GIBSON UNIT,1H,2026-03-20,2026-03-30,
0914211,"EOG RESOURCES, INC.",LAVACA,WORTHINGTON UNIT,1H,2026-03-24,2026-05-07,
0912046,"FW EAGLE FORD I, LLC",LAVACA,BAJOR D,4H,2025-12-05,2025-12-13,
0910754,"FW EAGLE FORD I, LLC",LAVACA,DAGOBAH A,1H,2025-10-03,2026-01-03,
0917091,"FW EAGLE FORD I, LLC",LAVACA,KORRIBAN A,1H,2026-07-17,,
0917215,"FW EAGLE FORD I, LLC",LAVACA,KORRIBAN B,2H,2026-07-22,,
0917100,"FW EAGLE FORD I, LLC",LAVACA,KORRIBAN C,201H,2026-07-17,,
0909261,"FW EAGLE FORD I, LLC",LAVACA,NOVERIA A,1H,2025-07-17,2025-08-11,
0909262,"FW EAGLE FORD I, LLC",LAVACA,NOVERIA B,2H,2025-07-17,2025-08-12,
0917104,"ROYAL PRODUCTION COMPANY, INC.",LAVACA,WASKA,1,2026-07-14,,
0917170,"IRONBLOOM OPERATING, LLC",LEE,NELDA,1H,2026-07-16,,
0916801,MAGNOLIA OIL & GAS OPERATING LLC,LEE,BUCK TRAVIS TWO,H 02BT,2026-07-08,,
0916816,SAGE NATURAL RESOURCES LLC,LEE,ALBERT LUECKE EF NORTH,1H,2026-07-01,,
0916745,SAGE NATURAL RESOURCES LLC,LEE,ALBERT LUECKE EF SOUTH,2H,2026-07-01,,
0908119,"COMSTOCK OIL & GAS, LLC",LEON,ERICSON KN,1H,2025-05-22,2025-07-03,
0917469,"COMSTOCK OIL & GAS, LLC",LEON,HOLT MH C,3H,2026-07-31,,
0917468,"COMSTOCK OIL & GAS, LLC",LEON,HOLT MHP B,2H,2026-07-31,,
0917040,"MAXIMUS OPERATING, LTD.",LEON,TRINITY BLUFF,1,2026-07-16,,
0917344,BURLINGTON RESOURCES O & G CO LP,LIVE OAK,F MALEK L-1893-KOER SA A,1,2026-07-24,,
0917345,BURLINGTON RESOURCES O & G CO LP,LIVE OAK,F MALEK L-1893-KOER SA B,1,2026-07-28,,
0917350,BURLINGTON RESOURCES O & G CO LP,LIVE OAK,F MALEK L-1893-KOER SA C,1,2026-07-24,,
0917063,BURLINGTON RESOURCES O & G CO LP,LIVE OAK,F. MALEK UNIT U,3,2026-07-17,,
0917069,BURLINGTON RESOURCES O & G CO LP,LIVE OAK,F. MALEK UNIT U-M ULW,1,2026-07-20,,
0914415,BURLINGTON RESOURCES O & G CO LP,LIVE OAK,PLOMERO-IVAS-TS USW A,1,2026-04-01,,
0917450,BURLINGTON RESOURCES O & G CO LP,LIVE OAK,"TAYLOR FARMS, INC.",18,2026-07-31,,
0917454,BURLINGTON RESOURCES O & G CO LP,LIVE OAK,"TAYLOR FARMS, INC.",23,2026-07-31,,
0917256,"HYDROCARBON OPERATING, INC.",LIVE OAK,SANGER HEIRS 226,1,2026-07-21,,
0908212,SILVER HILL ENERGY OPERATING LLC,LIVE OAK,LR FEE C,1H,2025-06-18,2025-10-12,
0917380,ANADARKO E&P ONSHORE LLC,LOVING,GOLDEN STATE 1-0-46-68 A,51H,2026-07-27,,
0917381,ANADARKO E&P ONSHORE LLC,LOVING,GOLDEN STATE 1-0-46-68 B,52H,2026-07-29,,
0917382,ANADARKO E&P ONSHORE LLC,LOVING,GOLDEN STATE 1-0-46-68 C,61H,2026-07-29,,
0917383,ANADARKO E&P ONSHORE LLC,LOVING,GOLDEN STATE 1-0-46-68 D,54H,2026-07-27,,
0914158,ANADARKO E&P ONSHORE LLC,LOVING,SILVERTIP 76-13 X,12HA,2026-03-19,2026-06-11,
0914161,ANADARKO E&P ONSHORE LLC,LOVING,SILVERTIP 76-13 X,13HA,2026-03-19,2026-06-13,
0914163,ANADARKO E&P ONSHORE LLC,LOVING,SILVERTIP 76-13 X,14HA,2026-03-19,2026-06-15,
0914172,ANADARKO E&P ONSHORE LLC,LOVING,SILVERTIP 76-13 X,15HA,2026-03-19,,
0917373,ANADARKO E&P ONSHORE LLC,LOVING,THRESHER 54-1-17,11U,2026-07-24,,
0917375,ANADARKO E&P ONSHORE LLC,LOVING,THRESHER 54-1-17,12U,2026-07-24,,
0917378,ANADARKO E&P ONSHORE LLC,LOVING,THRESHER 54-1-17,13U,2026-07-24,,
0917372,ANADARKO E&P ONSHORE LLC,LOVING,THRESHER 54-1-17,21U,2026-07-24,,
0917377,ANADARKO E&P ONSHORE LLC,LOVING,THRESHER 54-1-17,22U,2026-07-24,,
0917379,ANADARKO E&P ONSHORE LLC,LOVING,THRESHER 54-1-17,201U,2026-07-24,,
0909782,BPX OPERATING COMPANY,LOVING,BOLD JOHNSON 56-T1-42 2H,B218H,2025-08-26,2025-11-19,
0914937,PDEH LLC,LOVING,CABIMERO 54-2 UNIT,2701H,2026-04-21,,
0917142,"SOLARIS WATER MIDSTREAM, LLC",LOVING,DBM 54-2-21,1D,2026-07-10,,
0917357,WATERBRIDGE STATELINE LLC,LOVING,FPW SWD,16,2026-07-22,,
0917359,WATERBRIDGE STATELINE LLC,LOVING,FPW SWD,19,2026-07-22,,
0917146,WES WATER HOLDINGS LLC,LOVING,DBM 54-2-9,1D,2026-07-15,,
0917039,WES WATER HOLDINGS LLC,LOVING,DBM 55-1-47,1D,2026-07-14,,
0916923,WES WATER HOLDINGS LLC,LOVING,DBM 55-1-47,2D,2026-07-07,,
0916138,BURLINGTON RESOURCES O & G CO LP,MCMULLEN,MORRILL RANC-PEEL A SA A,1,2026-07-20,,
0917042,"CATURUS ENERGY, LLC",MCMULLEN,HILL CREEK-HUFF,102H,2026-07-20,,
0917137,"CATURUS ENERGY, LLC",MCMULLEN,HILL CREEK-LAZY FORK,111H,2026-07-10,,
0916780,"EOG RESOURCES, INC.",MCMULLEN,LOVELAND A,1H,2026-07-02,,
0916785,"EOG RESOURCES, INC.",MCMULLEN,LOVELAND B,2H,2026-07-02,,
0916787,"EOG RESOURCES, INC.",MCMULLEN,LOVELAND C,3H,2026-07-02,,
0916788,"EOG RESOURCES, INC.",MCMULLEN,LOVELAND D,4H,2026-07-02,,
0916738,"EOG RESOURCES, INC.",MCMULLEN,OLIVEIRA H,8H,2026-06-29,,
0916739,"EOG RESOURCES, INC.",MCMULLEN,OLIVEIRA J,9H,2026-06-29,,
0907854,"BIRCH OPERATIONS, INC.",MARTIN,SUPERFROG 12-24 F,7WD,2025-05-13,2025-05-28,
0917206,DEEP BLUE OPERATING I LLC,MARTIN,ONDIGO,1,2026-07-16,,
0914866,DIAMONDBACK E&P LLC,MARTIN,AUTRY 32-8 C,3WB,2026-04-22,,
0914867,DIAMONDBACK E&P LLC,MARTIN,AUTRY 32-8 D,3MS,2026-04-21,,
0914878,DIAMONDBACK E&P LLC,MARTIN,AUTRY 32-8 D,3WA,2026-04-21,2026-06-04,
0914886,DIAMONDBACK E&P LLC,MARTIN,AUTRY 32-8 D,4WB,2026-04-21,,
0914890,DIAMONDBACK E&P LLC,MARTIN,AUTRY 32-8 E,4MS,2026-04-21,,
0914889,DIAMONDBACK E&P LLC,MARTIN,AUTRY 32-8 E,4WA,2026-04-21,2026-05-09,
0914888,DIAMONDBACK E&P LLC,MARTIN,AUTRY 32-8 E,5WB,2026-04-21,,
0914892,DIAMONDBACK E&P LLC,MARTIN,AUTRY 32-8 F,2US,2026-04-21,,
0914891,DIAMONDBACK E&P LLC,MARTIN,AUTRY 32-8 F,5WA,2026-04-21,,
0914893,DIAMONDBACK E&P LLC,MARTIN,AUTRY 32-8 F,6WB,2026-04-22,,
0905222,DIAMONDBACK E&P LLC,MARTIN,CAMPBELL,3LS,2025-01-21,2025-02-09,
0909079,DIAMONDBACK E&P LLC,MARTIN,GREYSTOKE 1-5 A,1LS,2025-07-10,2025-08-06,
0909355,DIAMONDBACK E&P LLC,MARTIN,PIRANHA 6-3 A,1JM,2025-07-23,2025-08-20,
0909354,DIAMONDBACK E&P LLC,MARTIN,PIRANHA 6-3 A,1LS,2025-07-23,2025-08-23,
0909358,DIAMONDBACK E&P LLC,MARTIN,PIRANHA 6-3 B,1MS,2025-07-23,2025-08-19,
0909397,DIAMONDBACK E&P LLC,MARTIN,PIRANHA 6-3 B,2LS,2025-07-23,2025-08-18,
0909398,DIAMONDBACK E&P LLC,MARTIN,PIRANHA 6-3 B,2WB,2025-07-23,2025-08-26,
0909400,DIAMONDBACK E&P LLC,MARTIN,PIRANHA 6-3 C,2JM,2025-07-23,2025-08-14,
0909402,DIAMONDBACK E&P LLC,MARTIN,PIRANHA 6-3 C,2WA,2025-07-23,2025-08-16,
0909345,DIAMONDBACK E&P LLC,MARTIN,PIRANHA 6-3 D,2MS,2025-07-21,2025-08-12,
0909346,DIAMONDBACK E&P LLC,MARTIN,PIRANHA 6-3 D,3LS,2025-07-22,2025-08-15,
0915756,DIAMONDBACK E&P LLC,MARTIN,UL COMANCHE 42-28 A,1WD,2026-05-27,,
0915758,DIAMONDBACK E&P LLC,MARTIN,UL COMANCHE 42-28 B,2WD,2026-06-04,,
0915761,DIAMONDBACK E&P LLC,MARTIN,UL COMANCHE 42-28 C,3WD,2026-06-04,,
0917424,ENERGY TRANSFER COMPANY,MARTIN,CP# 26-140 CATHODIC PROTECTION,40,2026-07-28,,
0916669,OVINTIV USA INC.,MARTIN,STAR PARTY 253O,101HG,2026-07-27,,
0916696,OVINTIV USA INC.,MARTIN,STAR PARTY 253O,102HC,2026-07-27,,
0916653,OVINTIV USA INC.,MARTIN,STAR PARTY 253O,103HR,2026-07-27,,
0916701,OVINTIV USA INC.,MARTIN,STAR PARTY 253OO,104HJ,2026-07-27,,
0916705,OVINTIV USA INC.,MARTIN,STAR PARTY 253Q,106HC,2026-07-27,,
0916703,OVINTIV USA INC.,MARTIN,STAR PARTY 253Q,107HG,2026-07-27,,
0916702,OVINTIV USA INC.,MARTIN,STAR PARTY 253QQ,105HR,2026-07-27,,
0916709,OVINTIV USA INC.,MARTIN,STAR PARTY 253R,108HJ,2026-07-27,,
0916711,OVINTIV USA INC.,MARTIN,STAR PARTY 253R,109HC,2026-07-27,,
0916215,OVINTIV USA INC.,MARTIN,TERLINGUA 255Q,101HF,2026-06-10,,
0910234,"PIONEER NATURAL RES. USA, INC.",MARTIN,CROSS-HAZELWOOD 35F,106H,2025-10-03,2025-10-30,
0912308,"PIONEER NATURAL RES. USA, INC.",MARTIN,GLASS-NAIL 24K,11H,2026-01-14,2026-02-28,
0916842,"GEOSURVEYS, INC.",MENARD,ALDA DAVIS,2,2026-07-10,,
0915320,"AQUA TERRA PERMIAN, LLC",MIDLAND,ROSCOE SWD,1,2026-05-05,,
0907233,CHEVRON U. S. A. INC.,MIDLAND,CMC SNAPDRAGON 19-31 UNIT,2264JM,2025-05-27,2025-08-27,
0829890,CHEVRON U. S. A. INC.,MIDLAND,MIDLAND 'AC/AF' FEE B,0163LS,2017-08-18,2017-12-04,
0915569,COG OPERATING LLC,MIDLAND,COUNTRY MAC A7,703MH,2026-07-09,,
0916659,"CONTINENTAL RESOURCES, INC.",MIDLAND,NOBLES RED,3002BL,2026-07-09,,
0916664,"CONTINENTAL RESOURCES, INC.",MIDLAND,NOBLES RED,3003BL,2026-07-09,,
0916665,"CONTINENTAL RESOURCES, INC.",MIDLAND,NOBLES RED,3004BL,2026-07-09,,
0916818,DIAMONDBACK E&P LLC,MIDLAND,RIVERCREST 47-11 A,3WD,2026-07-30,,
0916819,DIAMONDBACK E&P LLC,MIDLAND,RIVERCREST 47-11 B,4JM,2026-07-06,,
0916821,DIAMONDBACK E&P LLC,MIDLAND,RIVERCREST 47-11 D,4WA,2026-07-06,,
0916822,DIAMONDBACK E&P LLC,MIDLAND,RIVERCREST 47-11 E,4WB,2026-07-31,,
0916823,DIAMONDBACK E&P LLC,MIDLAND,RIVERCREST 47-11 F,4WD,2026-07-30,,
0916824,DIAMONDBACK E&P LLC,MIDLAND,RIVERCREST 47-11 G,5JM,2026-07-31,,
0916825,DIAMONDBACK E&P LLC,MIDLAND,RIVERCREST 47-11 G,5WA,2026-07-31,,
0916826,DIAMONDBACK E&P LLC,MIDLAND,RIVERCREST 47-11 H,5LS,2026-07-06,,
0916827,DIAMONDBACK E&P LLC,MIDLAND,RIVERCREST 47-11 H,5WB,2026-07-06,,
0917234,"DISCOVERY OPERATING, INC.",MIDLAND,JW L,2MS,2026-07-20,2026-07-24,
0903506,OVINTIV USA INC.,MIDLAND,DAVIDSON B 34E,207HM,2024-11-26,2025-01-24,
0816434,OVINTIV USA INC.,MIDLAND,MIDKIFF,1WA,2016-06-22,2017-01-30,
0816438,OVINTIV USA INC.,MIDLAND,MIDKIFF,2LS,2016-06-22,2018-01-25,
0816433,OVINTIV USA INC.,MIDLAND,MIDKIFF,2WB,2016-06-22,2017-02-01,
0834445,OVINTIV USA INC.,MIDLAND,MIDKIFF,3LS,2017-12-22,2018-01-23,
0834436,OVINTIV USA INC.,MIDLAND,MIDKIFF,3MS,2017-12-20,2018-01-24,
0816437,OVINTIV USA INC.,MIDLAND,MIDKIFF,3WA,2016-06-22,2018-01-21,
0834444,OVINTIV USA INC.,MIDLAND,MIDKIFF,4LS,2018-01-03,2018-01-19,
0816435,OVINTIV USA INC.,MIDLAND,MIDKIFF,4WB,2016-06-22,2018-01-20,
0816432,OVINTIV USA INC.,MIDLAND,MIDKIFF,1821H,2016-06-22,2016-07-23,
0817922,OVINTIV USA INC.,MIDLAND,MIDKIFF,1836HR,2016-08-23,2016-08-23,
0915958,"PIONEER NATURAL RES. USA, INC.",MIDLAND,GOLLADAY-MCALISTER 51F,6H,2026-06-26,2026-07-17,
0917168,"PIONEER NATURAL RES. USA, INC.",MIDLAND,SHAUNA E42K,111H,2026-07-16,,
0917171,"PIONEER NATURAL RES. USA, INC.",MIDLAND,SHAUNA E42M,113H,2026-07-17,,
0917065,"PIONEER NATURAL RES. USA, INC.",MIDLAND,TURNER EC42B,102H,2026-07-16,,
0916198,"PIONEER NATURAL RES. USA, INC.",MIDLAND,TURNER E41H,8H,2026-07-02,2026-07-29,
0916199,"PIONEER NATURAL RES. USA, INC.",MIDLAND,TURNER E41I,9H,2026-07-06,2026-07-27,
0916236,"PIONEER NATURAL RES. USA, INC.",MIDLAND,TURNER W39A,1H,2026-07-06,,
0916245,"PIONEER NATURAL RES. USA, INC.",MIDLAND,TURNER W39B,2H,2026-07-06,,
0916249,"PIONEER NATURAL RES. USA, INC.",MIDLAND,TURNER W39C,3H,2026-07-06,,
0916253,"PIONEER NATURAL RES. USA, INC.",MIDLAND,TURNER W39D,4H,2026-07-06,,
0916254,"PIONEER NATURAL RES. USA, INC.",MIDLAND,TURNER W39D,5H,2026-07-06,,
0916255,"PIONEER NATURAL RES. USA, INC.",MIDLAND,TURNER W39F,6H,2026-07-06,2026-07-23,
0916259,"PIONEER NATURAL RES. USA, INC.",MIDLAND,TURNER W39G,7H,2026-07-06,2026-07-25,
0916262,"PIONEER NATURAL RES. USA, INC.",MIDLAND,TURNER W39H,8H,2026-07-07,2026-07-21,
0916261,"PIONEER NATURAL RES. USA, INC.",MIDLAND,TURNER W39H,10H,2026-07-06,,
0916263,"PIONEER NATURAL RES. USA, INC.",MIDLAND,TURNER W39I,9H,2026-07-13,2026-07-27,
0916203,"PIONEER NATURAL RES. USA, INC.",MIDLAND,TURNER W41M,13H,2026-07-06,2026-07-26,
0916204,"PIONEER NATURAL RES. USA, INC.",MIDLAND,TURNER W41N,14H,2026-07-06,,
0917061,"PIONEER NATURAL RES. USA, INC.",MIDLAND,TURNER W43,3H,2026-07-13,,
0917060,"PIONEER NATURAL RES. USA, INC.",MIDLAND,TURNER W43,101H,2026-07-14,,
0917074,"PIONEER NATURAL RES. USA, INC.",MIDLAND,TURNER-BUCHANAN 42B,2H,2026-07-16,,
0917121,BAYSWATER OPERATING COMPANY LLC,MITCHELL,LUXOR 9-3-60,H 1W,2026-07-16,,
0917122,BAYSWATER OPERATING COMPANY LLC,MITCHELL,MEMPHIS 9-3-60,H 3W,2026-07-16,,
0915887,"ROSE CITY RESOURCES, LLC",MORRIS,COSMOPOLITAN,1H,2026-07-01,,
0915886,"ROSE CITY RESOURCES, LLC",MORRIS,HARRAHS,1H,2026-07-07,,
0912166,ADAMAS ENERGY LLC,NACOGDOCHES,MYLO-MILLER TRUST GAS UNIT,1H,2025-12-15,2026-06-04,
0915593,ARENOS ENERGY,NACOGDOCHES,RED GENTRY GAS UNIT,1H,2026-05-20,,
0916994,REVENANT ENERGY OPERATING LLC,NACOGDOCHES,BEAR CLAW,1HR,2026-07-10,,
0916995,REVENANT ENERGY OPERATING LLC,NACOGDOCHES,BEAR CLAW,2HR,2026-07-10,,
0917248,ENERGY TRANSFER COMPANY,NOLAN,CP #26-136 CATHODIC PROTECTION,39,2026-07-24,,
0916883,SCOUT ENERGY MANAGEMENT LLC,NOLAN,JOE YOUNG,9R,2026-07-08,,
0907002,"TDC ENGINEERING, INC.",NOLAN,CHERRY WRIGHT,1,2025-04-01,2025-04-07,
0916168,"TDC ENGINEERING, INC.",NOLAN,MRS KILGORE,1,2026-07-21,,
0917101,"BRUINGTON OPERATING II, LLC",ORANGE,POWELL GROUP,1,2026-07-16,,
0917052,AGIS ENERGY LLC,PANOLA,WERNER J 'A',1H,2026-07-24,,
0917055,AGIS ENERGY LLC,PANOLA,WERNER J 'B',2H,2026-07-24,,
0916773,BUFFCO PRODUCTION INC.,PANOLA,BOWEN,6,2026-07-06,2026-06-04,
0916257,"R. LACY SERVICES, LTD.",PANOLA,TERLINGUA A HV A,1HH,2026-07-08,,
0916258,"R. LACY SERVICES, LTD.",PANOLA,TERLINGUA A HV B,2HH,2026-07-14,,
0916260,"R. LACY SERVICES, LTD.",PANOLA,TERLINGUA A HV C,3HH,2026-07-08,,
0907998,SABINE ENERGY INC.,PANOLA,HILL CV A (AW),1H,2025-05-16,,
0907999,SABINE ENERGY INC.,PANOLA,HILL CV B (AW),2H,2025-05-16,,
0916952,SABINE ENERGY INC.,PANOLA,HILL CV C (AW),3H,2026-07-09,2026-07-15,
0915031,SABINE ENERGY INC.,PANOLA,SOCAGEE CREEK A (AW),1H,2026-05-21,,
0915032,SABINE ENERGY INC.,PANOLA,SOCAGEE CREEK B (AW),2H,2026-05-21,,
0914382,SABINE ENERGY INC.,PANOLA,SOCAGEE CREEK C (AW),3H,2026-03-27,,
0914384,SABINE ENERGY INC.,PANOLA,SOCAGEE CREEK D (AW),4H,2026-03-31,,
0916844,TGNR PANOLA LLC,PANOLA,E13C REGAN AN,1HH,2026-07-07,,
0916845,TGNR PANOLA LLC,PANOLA,E13C REGAN BN,2HH,2026-07-07,,
0916846,TGNR PANOLA LLC,PANOLA,E13C REGAN CS,3HH,2026-07-07,,
0917410,TGNR PANOLA LLC,PANOLA,F14D MESA DS,4HH,2026-07-28,,
0917411,TGNR PANOLA LLC,PANOLA,F14D MESA ES,5HH,2026-07-28,,
0917303,"CONTINENTAL RESOURCES, INC.",PECOS,CHERRY STATE UNIT 3228A,06H,2026-07-30,,
0917304,"CONTINENTAL RESOURCES, INC.",PECOS,CHERRY STATE UNIT 3228B,07H,2026-07-30,,
0917305,"CONTINENTAL RESOURCES, INC.",PECOS,CHERRY STATE UNIT 3228C,08H,2026-07-30,,
0917306,"CONTINENTAL RESOURCES, INC.",PECOS,CHERRY STATE UNIT 3228D,09H,2026-07-30,,
0917307,"CONTINENTAL RESOURCES, INC.",PECOS,CHERRY STATE UNIT 3228E,10H,2026-07-30,,
0917308,"CONTINENTAL RESOURCES, INC.",PECOS,CHERRY STATE UNIT 3228F,11H,2026-07-30,,
0909434,"CONTINENTAL RESOURCES, INC.",PECOS,HIDEAWAY,6304H,2025-08-08,2025-09-17,
0909435,"CONTINENTAL RESOURCES, INC.",PECOS,HIDEAWAY,6305H,2025-08-07,2025-09-19,
0916808,KINDER MORGAN PRODUCTION CO LLC,PECOS,YATES FIELD UNIT,47B14,2026-07-02,,
0916828,"SUNLIGHT EXPLORATION, INC.",POTTER,EXELL RANCH 'A',5401,2026-07-08,,
0916809,"BLACK SWAN OPCO, LLC",REAGAN,UL ACFD 4475 A,0801WA,2026-07-01,,
0916810,"BLACK SWAN OPCO, LLC",REAGAN,UL ACFD 4475 A,0802LB,2026-07-01,,
0916811,"BLACK SWAN OPCO, LLC",REAGAN,UL ACFD 4475 B,0803UB,2026-07-01,,
0916812,"BLACK SWAN OPCO, LLC",REAGAN,UL ACFD 4475 B,0807,2026-07-01,,
0916813,"BLACK SWAN OPCO, LLC",REAGAN,UL ACFD 4475 C,0804WA,2026-07-01,,
0916814,"BLACK SWAN OPCO, LLC",REAGAN,UL ACFD 4475 C,0805LB,2026-07-01,,
0916815,"BLACK SWAN OPCO, LLC",REAGAN,UL ACFD 4475 C,0806,2026-07-01,,
0916555,"DE CENTRAL OPERATING, LLC",REAGAN,BB EAST M 1210-1209,4313H,2026-07-24,,
0916557,"DE CENTRAL OPERATING, LLC",REAGAN,BB EAST O 1210-1209,4215H,2026-07-24,,
0916556,"DE CENTRAL OPERATING, LLC",REAGAN,BB EAST O 1210-1209,4415H,2026-07-24,,
0916551,"DE CENTRAL OPERATING, LLC",REAGAN,BB EAST UL I 1210-30,4309H,2026-07-24,,
0916554,"DE CENTRAL OPERATING, LLC",REAGAN,BB EAST UL K 1210-30,4211H,2026-07-24,,
0916553,"DE CENTRAL OPERATING, LLC",REAGAN,BB EAST UL K 1210-30,4411H,2026-07-24,,
0916536,"DE CENTRAL OPERATING, LLC",REAGAN,BB WEST A 1210-1209,4301H,2026-07-24,,
0916544,"DE CENTRAL OPERATING, LLC",REAGAN,BB WEST C 1210-1209,4203H,2026-07-24,,
0916540,"DE CENTRAL OPERATING, LLC",REAGAN,BB WEST C 1210-1209,4403H,2026-07-24,,
0916547,"DE CENTRAL OPERATING, LLC",REAGAN,BB WEST UL E 1210-30,4305H,2026-07-24,,
0916550,"DE CENTRAL OPERATING, LLC",REAGAN,BB WEST UL G 1210-30,4207H,2026-07-24,,
0916549,"DE CENTRAL OPERATING, LLC",REAGAN,BB WEST UL G 1210-30,4407H,2026-07-24,,
0917085,"DE CENTRAL OPERATING, LLC",REAGAN,STL 15 EAST H 1216-1215,4308H,2026-07-14,,
0917088,"DE CENTRAL OPERATING, LLC",REAGAN,STL 15 EAST J 1216-1215,4210H,2026-07-14,,
0917087,"DE CENTRAL OPERATING, LLC",REAGAN,STL 15 EAST J 1216-1215,4410H,2026-07-14,,
0917089,"DE CENTRAL OPERATING, LLC",REAGAN,STL 15 EAST L 1216-1215,4312H,2026-07-14,,
0917093,"DE CENTRAL OPERATING, LLC",REAGAN,STL 15 EAST M 1216-1215,4213H,2026-07-14,,
0917090,"DE CENTRAL OPERATING, LLC",REAGAN,STL 15 EAST M 1216-1215,4413H,2026-07-14,,
0917095,"DE CENTRAL OPERATING, LLC",REAGAN,STL 15 EAST O 1216-1215,4315H,2026-07-14,,
0917125,FELDERHOFF PRODUCTION COMPANY,REAGAN,FRANCINE,1,2026-07-20,,
0915897,"PIONEER NATURAL RES. USA, INC.",REAGAN,ALDWELL 2B,302H,2026-07-22,,
0915901,"PIONEER NATURAL RES. USA, INC.",REAGAN,ALDWELL 2D,304H,2026-07-22,,
0915903,"PIONEER NATURAL RES. USA, INC.",REAGAN,ALDWELL 2F,306H,2026-07-22,,
0915904,"PIONEER NATURAL RES. USA, INC.",REAGAN,ALDWELL 2G,307H,2026-07-23,,
0916102,"PIONEER NATURAL RES. USA, INC.",REAGAN,ALDWELL 2H,308H,2026-07-22,,
0916103,"PIONEER NATURAL RES. USA, INC.",REAGAN,ALDWELL 2I,309H,2026-07-23,,
0916104,"PIONEER NATURAL RES. USA, INC.",REAGAN,ALDWELL 2J,310H,2026-07-22,,
0916105,"PIONEER NATURAL RES. USA, INC.",REAGAN,ALDWELL 2K,311H,2026-07-23,,
0916106,"PIONEER NATURAL RES. USA, INC.",REAGAN,ALDWELL 2L,312H,2026-07-23,,
0916107,"PIONEER NATURAL RES. USA, INC.",REAGAN,ALDWELL 2M,313H,2026-07-23,,
0916108,"PIONEER NATURAL RES. USA, INC.",REAGAN,ALDWELL 2N,314H,2026-07-23,,
0917047,"PIONEER NATURAL RES. USA, INC.",REAGAN,SPRABERRY DRIVER UNIT,2705H,2026-07-13,,
0917048,"PIONEER NATURAL RES. USA, INC.",REAGAN,SPRABERRY DRIVER UNIT,2708H,2026-07-13,,
0917049,"PIONEER NATURAL RES. USA, INC.",REAGAN,SPRABERRY DRIVER UNIT,2716H,2026-07-13,,
0917050,"PIONEER NATURAL RES. USA, INC.",REAGAN,SPRABERRY DRIVER UNIT,2727H,2026-07-13,,
0916778,ANADARKO E&P ONSHORE LLC,REEVES,SASQUATCH STATE 56-2-38 UNIT,11H,2026-07-01,,
0916781,ANADARKO E&P ONSHORE LLC,REEVES,SASQUATCH STATE 56-2-38 UNIT,12H,2026-07-02,,
0916782,ANADARKO E&P ONSHORE LLC,REEVES,SASQUATCH STATE 56-2-38 UNIT,13H,2026-07-02,,
0916783,ANADARKO E&P ONSHORE LLC,REEVES,SASQUATCH STATE 56-2-38 UNIT,14H,2026-07-02,,
0916784,ANADARKO E&P ONSHORE LLC,REEVES,SASQUATCH STATE 56-2-38 UNIT,15H,2026-07-02,,
0916779,ANADARKO E&P ONSHORE LLC,REEVES,SASQUATCH STATE 56-2-38 UNIT,21H,2026-07-02,,
0773388,"BLUE ARROW OPERATING, LLC",REEVES,STEWART 30,1H,2013-11-19,2013-12-03,
0916558,BPX OPERATING COMPANY,REEVES,STATE BARLOW 57-T2-47X2 CE,W305H,2026-07-16,,
0916587,BPX OPERATING COMPANY,REEVES,STATE PROJECTS 57-T2-47X2 CA,W301H,2026-07-21,,
0907685,"CIVITAS PERMIAN OPERATING, LLC",REEVES,NICE MARMOT B,131H,2025-05-01,2025-06-10,
0917449,"CONTINENTAL RESOURCES, INC.",REEVES,AMERICANO 1503A,01H,2026-07-30,,
0917262,"EOG RESOURCES, INC.",REEVES,STATE HARRISON RANCH 56,2516H,2026-07-20,,
0917264,"EOG RESOURCES, INC.",REEVES,STATE HARRISON RANCH 56,2517H,2026-07-20,,
0917266,"EOG RESOURCES, INC.",REEVES,STATE HARRISON RANCH 56,2537H,2026-07-20,,
0917267,"EOG RESOURCES, INC.",REEVES,STATE HARRISON RANCH 56,2538H,2026-07-20,,
0917273,"EOG RESOURCES, INC.",REEVES,STATE HARRISON RANCH 57,2131H,2026-07-20,,
0917274,"EOG RESOURCES, INC.",REEVES,STATE HARRISON RANCH 57,2132H,2026-07-20,,
0917275,"EOG RESOURCES, INC.",REEVES,STATE HARRISON RANCH 57,2133H,2026-07-20,,
0917249,"EOG RESOURCES, INC.",REEVES,STATE MINT B UNIT,713H,2026-07-20,,
0917250,"EOG RESOURCES, INC.",REEVES,STATE MINT B UNIT,714H,2026-07-20,,
0917251,"EOG RESOURCES, INC.",REEVES,STATE MINT B UNIT,715H,2026-07-20,,
0917252,"EOG RESOURCES, INC.",REEVES,STATE MINT B UNIT,733H,2026-07-20,,
0917253,"EOG RESOURCES, INC.",REEVES,STATE MINT B UNIT,734H,2026-07-20,,
0917254,"EOG RESOURCES, INC.",REEVES,STATE MINT B UNIT,735H,2026-07-20,,
0916840,"GREENLAKE ENERGY OPERATING, LLC",REEVES,STILL TIPPIN A1 UNIT,3805U,2026-07-08,,
0916841,"GREENLAKE ENERGY OPERATING, LLC",REEVES,STILL TIPPIN A2 UNIT,4505U,2026-07-08,2026-07-27,
0916831,"GREENLAKE ENERGY OPERATING, LLC",REEVES,STILL TIPPIN UNIT,3801H,2026-07-06,,
0916834,"GREENLAKE ENERGY OPERATING, LLC",REEVES,STILL TIPPIN UNIT,4103H,2026-07-06,2026-07-25,
0916835,"GREENLAKE ENERGY OPERATING, LLC",REEVES,STILL TIPPIN UNIT,4107H,2026-07-06,,
0916833,"GREENLAKE ENERGY OPERATING, LLC",REEVES,STILL TIPPIN UNIT,4501H,2026-07-06,,
0917075,MEWBOURNE OIL COMPANY,REEVES,DIK DIK 17-18 A,F101DA,2026-07-14,,
0917078,MEWBOURNE OIL COMPANY,REEVES,DIK DIK 17-18 B,F101EH,2026-07-14,,
0917079,MEWBOURNE OIL COMPANY,REEVES,DIK DIK 17-18 C,F101LI,2026-07-14,,
0917128,MEWBOURNE OIL COMPANY,REEVES,DIK DIK 17-18 D,F101MP,2026-07-14,,
0916981,MEWBOURNE OIL COMPANY,REEVES,GOODRICH 12/10 A,F101DA,2026-07-10,,
0916982,MEWBOURNE OIL COMPANY,REEVES,GOODRICH 12/10 B,F101EH,2026-07-10,,
0916983,MEWBOURNE OIL COMPANY,REEVES,GOODRICH 12/10 C,F101LI,2026-07-10,,
0916984,MEWBOURNE OIL COMPANY,REEVES,GOODRICH 12/10 D,F101MP,2026-07-10,,
0916985,MEWBOURNE OIL COMPANY,REEVES,MICHELIN MAN 1/3 A,F101DA,2026-07-10,,
0916986,MEWBOURNE OIL COMPANY,REEVES,MICHELIN MAN 1/3 B,F101EH,2026-07-10,,
0916988,MEWBOURNE OIL COMPANY,REEVES,MICHELIN MAN 1/3 C,F101LI,2026-07-10,,
0916989,MEWBOURNE OIL COMPANY,REEVES,MICHELIN MAN 1/3 D,F101MP,2026-07-10,,
0917277,MEWBOURNE OIL COMPANY,REEVES,STATE GAGE 2/5,W101BO,2026-07-20,,
0917278,MEWBOURNE OIL COMPANY,REEVES,STATE GAGE 2/5,W102BO,2026-07-20,2026-07-22,
0916998,"NGL WATER SOLUTIONS PERMIAN, LLC",REEVES,WILKINSON SWD,1,2026-07-09,,
0916999,"NGL WATER SOLUTIONS PERMIAN, LLC",REEVES,WILKINSON SWD,2,2026-07-09,,
0917434,PERUN ENERGY LLC,REEVES,HATCH,2,2026-07-28,,
0916710,TRP OPERATING LLC,REEVES,LONGFELLOW 3-13-22 A,101H,2026-07-23,,
0916712,TRP OPERATING LLC,REEVES,LONGFELLOW 3-13-22 B,201H,2026-07-23,,
0916713,TRP OPERATING LLC,REEVES,LONGFELLOW 3-13-22 C,102H,2026-07-23,,
0916714,TRP OPERATING LLC,REEVES,LONGFELLOW 3-13-22 D,202H,2026-07-23,,
0914207,U.S. ENERGY DEVELOPMENT CORP,REEVES,TYCOON U,1TU,2026-03-20,,
0914210,U.S. ENERGY DEVELOPMENT CORP,REEVES,TYCOON U,2BU,2026-03-31,,
0914269,U.S. ENERGY DEVELOPMENT CORP,REEVES,TYCOON UC,3XU,2026-03-31,,
0914212,"VTX ENERGY OPERATING, LLC",REEVES,BARRACUDA UNIT 2,34H,2026-07-10,2023-09-08,
0917425,"VTX ENERGY OPERATING, LLC",REEVES,STATE HIPPO E12,12H,2026-07-31,,
0915405,"VTX ENERGY OPERATING, LLC",REEVES,STATE HIPPO E32,32H,2026-05-08,,
0917426,"VTX ENERGY OPERATING, LLC",REEVES,STATE HIPPO E33,33H,2026-07-29,,
0916945,"VTX ENERGY OPERATING, LLC",REEVES,WAHA,W 11H,2026-07-06,,
0916947,"VTX ENERGY OPERATING, LLC",REEVES,WAHA,W 12H,2026-07-06,,
0916949,"VTX ENERGY OPERATING, LLC",REEVES,WAHA,W 21H,2026-07-06,,
0916948,"VTX ENERGY OPERATING, LLC",REEVES,WAHA,W 31H,2026-07-06,,
0916950,"VTX ENERGY OPERATING, LLC",REEVES,WAHA,W 61H,2026-07-06,,
0916951,"VTX ENERGY OPERATING, LLC",REEVES,WAHA,W 62H,2026-07-06,,
0917064,HILCORP ENERGY COMPANY,REFUGIO,"O'CONNOR, THOMAS -C-",4G,2026-07-22,,
0917364,SUMMIT PETROLEUM LLC,ROBERTS,COURSON RANCH 133A,1133H,2026-07-28,,
0874564,"TEXAKOMA E & P, LLC",ROBERTS,MCMORDIE,409,2021-11-22,2022-01-22,
0916599,"TEXAKOMA E & P, LLC",ROBERTS,MCMORDIE,509,2026-07-09,,
0916032,ADAMAS ENERGY LLC,ROBERTSON,CAMP A,4HB,2026-06-03,,
0916033,ADAMAS ENERGY LLC,ROBERTSON,CAMP B,6HB,2026-06-03,,
0917276,BUCKHORN OPERATING LLC,RUSK,PAT GRATTON B,2H,2026-07-23,,
0917347,BUFFCO PRODUCTION INC.,RUSK,BENTON 'A',2,2026-07-22,,
0917349,BUFFCO PRODUCTION INC.,RUSK,BENTON 'C',5,2026-07-22,,
0917355,BUFFCO PRODUCTION INC.,RUSK,BENTON 'Q',20,2026-07-22,,
0917053,BUFFCO PRODUCTION INC.,RUSK,HENDERSON 'E',8,2026-07-13,,
0914562,"RFE OPERATING, LLC",RUSK,MUSTANG NORTH (AW),1H,2026-04-16,,
0917041,SABINE ENERGY INC.,RUSK,COLEMAN A CV (AW),1H,2026-07-15,,
0917043,SABINE ENERGY INC.,RUSK,COLEMAN A OU,1H,2026-07-23,,
0917130,SABINE ENERGY INC.,RUSK,COLEMAN B CV (AW),2H,2026-07-20,,
0917051,SABINE ENERGY INC.,RUSK,COLEMAN B OU,2H,2026-07-15,,
0917005,SABINE ENERGY INC.,RUSK,HELVENSTON C CV (AW),3H,2026-07-13,,
0916316,"TANOS EXPLORATION IV, LLC",RUSK,BETHANY-LOWE (AW),1H,2026-06-11,2026-07-07,
0915708,ADAMAS ENERGY LLC,SAN AUGUSTINE,BYRD-BARET A,3H,2026-05-21,,
0915709,ADAMAS ENERGY LLC,SAN AUGUSTINE,PIKE-BARET,1H,2026-05-29,,
0915710,ADAMAS ENERGY LLC,SAN AUGUSTINE,PIKE-ERICSSON-BARET,1H,2026-05-29,,
0917291,ROCKCLIFF ENERGY OPERATING III,SAN AUGUSTINE,GRIFFIN-LYONS A,1HB,2026-07-21,,
0917178,ROCKCLIFF ENERGY OPERATING III,SAN AUGUSTINE,GRIFFIN-LYONS B,2HB,2026-07-22,,
0914456,ROCKCLIFF ENERGY OPERATING III,SAN AUGUSTINE,HATCH 'A',1HB,2026-04-02,2026-04-10,
0914457,ROCKCLIFF ENERGY OPERATING III,SAN AUGUSTINE,HATCH 'B',2HB,2026-04-02,2026-04-12,
0916062,ROCKCLIFF ENERGY OPERATING III,SAN AUGUSTINE,ROYAL TROON RA,1HB,2026-06-09,,
0917216,AURORA RESOURCES CORPORATION,SAN PATRICIO,BARRETT-BERRY,1,2026-07-20,,
0917184,KINDER MORGAN PRODUCTION CO LLC,SCURRY,LION DIAMOND 'M' UNIT,F 9B,2026-07-17,,
0917388,KINDER MORGAN PRODUCTION CO LLC,SCURRY,SACROC UNIT,306-5,2026-07-28,,
0917393,KINDER MORGAN PRODUCTION CO LLC,SCURRY,SACROC UNIT,306-6,2026-07-28,,
0917395,KINDER MORGAN PRODUCTION CO LLC,SCURRY,SACROC UNIT,306-7,2026-07-28,,
0917397,KINDER MORGAN PRODUCTION CO LLC,SCURRY,SACROC UNIT,307-5,2026-07-28,,
0917398,KINDER MORGAN PRODUCTION CO LLC,SCURRY,SACROC UNIT,307-6,2026-07-28,,
0917399,KINDER MORGAN PRODUCTION CO LLC,SCURRY,SACROC UNIT,307-7,2026-07-28,,
0917403,KINDER MORGAN PRODUCTION CO LLC,SCURRY,SACROC UNIT,309-9,2026-07-28,,
0917387,KINDER MORGAN PRODUCTION CO LLC,SCURRY,SACROC UNIT,304-1A,2026-07-28,,
0917396,KINDER MORGAN PRODUCTION CO LLC,SCURRY,SACROC UNIT,307-4A,2026-07-28,,
0917400,KINDER MORGAN PRODUCTION CO LLC,SCURRY,SACROC UNIT,309-1A,2026-07-28,,
0916792,"STASNEY WELL SERVICE, LLC",SHACKELFORD,SIMPSON,6,2026-07-02,,
0916796,"STASNEY WELL SERVICE, LLC",SHACKELFORD,SIMPSON,7,2026-07-02,,
0917010,"SELECT WATER SOLUTIONS, LLC",SHELBY,HARVCO,8,2026-07-09,,
0917183,SILVER HILL ENERGY OPERATING LLC,SHELBY,CREST-LOWERY 3 ALLOC A,3H,2026-07-23,,
0917185,SILVER HILL ENERGY OPERATING LLC,SHELBY,CREST-LOWERY 3 ALLOC B,5H,2026-07-23,,
0915617,SILVER HILL ENERGY OPERATING LLC,SHELBY,USA JACKSON C,11B,2026-05-19,,
0915620,SILVER HILL ENERGY OPERATING LLC,SHELBY,USA JACKSON C,12H,2026-05-19,,
0910284,SILVER HILL ENERGY OPERATING LLC,SHELBY,USA POLK 'E',3B,2025-09-10,,
0910285,SILVER HILL ENERGY OPERATING LLC,SHELBY,USA POLK 'E',4H,2025-09-10,,
0917141,"FAULCONER ENERGY, LLC",SMITH,WILSON VERNON 6,1,2026-07-10,,
0913392,VALENCE OPERATING COMPANY,SMITH,MELODYE,1H,2026-02-12,,
0916959,"IKE OPERATING, LLC",STERLING,DANA POINT,2H,2026-07-10,,
0916958,"IKE OPERATING, LLC",STERLING,SAN MARINO,1H,2026-07-09,,
0917401,L.C.S. PRODUCTION COMPANY,TAYLOR,KISSELL UNIT,30WI,2026-07-29,,
0901437,L.C.S. PRODUCTION COMPANY,TAYLOR,KISSELL UNIT,31WI,2024-07-22,,
0916444,"VX OPERATING, LLC",TAYLOR,FORREST-KENNEDY,1,2026-06-22,2026-07-20,
0916980,"BASIN OIL & GAS OPERATING, LLC",TERRY,SUNTURA (LOWER CLEAR FORK) UNIT,520,2026-07-16,,
0916438,WALKER OPERATING COMPANY,TRINITY,DUE,1,2026-06-22,,
0917315,DAVIS SOUTHERN OPERATING CO LLC,TYLER,BP HONKY TONKIN,2,2026-07-21,,
0917161,DAVIS SOUTHERN OPERATING CO LLC,TYLER,BP SITTIN ON GO,2,2026-07-24,,
0917431,ADMIRAL PERMIAN OPERATING LLC,UPTON,BILLY JOEL,1WB,2026-07-30,,
0914902,ADMIRAL PERMIAN OPERATING LLC,UPTON,BILLY JOEL,2WB,2026-05-06,,
0917003,APACHE CORPORATION,UPTON,CONNELL 38 D,U 5HM,2026-07-14,,
0803870,APACHE CORPORATION,UPTON,CONNELL 38A,2HM,2015-02-19,2015-03-30,
0809319,APACHE CORPORATION,UPTON,CONNELL 38B,2HM,2015-08-20,2016-01-06,
0806072,APACHE CORPORATION,UPTON,CONNELL 38C,2HM,2015-05-05,2015-12-02,
0916277,CHEVRON U. S. A. INC.,UPTON,RWT BRAZOS 9-28 UNIT,1521US,2026-07-06,,
0916278,CHEVRON U. S. A. INC.,UPTON,RWT BRAZOS 9-28 UNIT,1522LS,2026-07-06,,
0916279,CHEVRON U. S. A. INC.,UPTON,RWT BRAZOS 9-28 UNIT,1523WB,2026-07-06,,
0916280,CHEVRON U. S. A. INC.,UPTON,RWT BRAZOS 9-28 UNIT,1524US,2026-07-06,,
0916281,CHEVRON U. S. A. INC.,UPTON,RWT BRAZOS 9-28 UNIT,1525LS,2026-07-06,,
0916282,CHEVRON U. S. A. INC.,UPTON,RWT BRAZOS 9-28 UNIT,1526WB,2026-07-07,,
0916283,CHEVRON U. S. A. INC.,UPTON,RWT BRAZOS 9-28 UNIT,1527US,2026-07-07,,
0916284,CHEVRON U. S. A. INC.,UPTON,RWT BRAZOS 9-28 UNIT,1528LS,2026-07-07,,
0916147,CHEVRON U. S. A. INC.,UPTON,RWT KATY 9-28 UNIT,1511US,2026-07-02,,
0916181,CHEVRON U. S. A. INC.,UPTON,RWT KATY 9-28 UNIT,1512LS,2026-07-02,,
0916182,CHEVRON U. S. A. INC.,UPTON,RWT KATY 9-28 UNIT,1513US,2026-07-02,,
0916332,CHEVRON U. S. A. INC.,UPTON,RWT KATY 9-28 UNIT,1514LS,2026-07-08,,
0916333,CHEVRON U. S. A. INC.,UPTON,RWT KATY 9-28 UNIT,1515US,2026-07-14,,
0916183,CHEVRON U. S. A. INC.,UPTON,RWT KATY 9-28 UNIT,1516LS,2026-07-02,,
0916184,CHEVRON U. S. A. INC.,UPTON,RWT KATY 9-28 UNIT,1517WB,2026-07-14,,
0916186,CHEVRON U. S. A. INC.,UPTON,RWT KATY 9-28 UNIT,1518WB,2026-07-02,,
0916335,CHEVRON U. S. A. INC.,UPTON,RWT KATY 9-28 UNIT,1519WB,2026-07-08,,
0916357,CHEVRON U. S. A. INC.,UPTON,RWT KATY 9-28 UNIT,1551WB,2026-07-08,,
0912206,"CIVITAS PERMIAN OPERATING, LLC",UPTON,ODIN A,174H,2025-12-16,,
0912212,"CIVITAS PERMIAN OPERATING, LLC",UPTON,ODIN A,244H,2025-12-16,,
0912207,"CIVITAS PERMIAN OPERATING, LLC",UPTON,ODIN B,154H,2025-12-16,,
0912213,"CIVITAS PERMIAN OPERATING, LLC",UPTON,ODIN B,224H,2025-12-16,,
0912208,"CIVITAS PERMIAN OPERATING, LLC",UPTON,ODIN C,133H,2025-12-16,,
0912214,"CIVITAS PERMIAN OPERATING, LLC",UPTON,ODIN C,173H,2025-12-16,,
0912215,"CIVITAS PERMIAN OPERATING, LLC",UPTON,ODIN C,243H,2025-12-16,,
0912209,"CIVITAS PERMIAN OPERATING, LLC",UPTON,ODIN D,153H,2025-12-16,,
0912216,"CIVITAS PERMIAN OPERATING, LLC",UPTON,ODIN D,223H,2025-12-16,,
0912457,FIREBIRD ENERGY II LLC,UPTON,BEVERLY 4726 A,101H,2026-01-12,2026-02-03,
0912786,FIREBIRD ENERGY II LLC,UPTON,BEVERLY 4726 E,402H,2026-02-20,2026-03-07,
0912819,FIREBIRD ENERGY II LLC,UPTON,BEVERLY 4726 F,502H,2026-02-20,2026-03-06,
0916803,"PIONEER NATURAL RES. USA, INC.",UPTON,SHAUNA-WINDHAM 42F,206H,2026-07-27,,
0916804,"PIONEER NATURAL RES. USA, INC.",UPTON,SHAUNA-WINDHAM 42G,207H,2026-07-31,,
0911458,"PIONEER NATURAL RES. USA, INC.",UPTON,WINDHAM 17E,205H,2025-12-02,2026-01-08,
0905136,SUMMIT PETROLEUM LLC,UPTON,ARIA 2,03LS,2025-01-17,,
0905175,SUMMIT PETROLEUM LLC,UPTON,ARIA 5,09BU,2025-01-14,2025-06-11,
0916572,SUMMIT PETROLEUM LLC,UPTON,MARY LOU 1,02BU,2026-07-02,2026-07-20,
0916690,SUMMIT PETROLEUM LLC,UPTON,MARY LOU 12,24MS,2026-07-02,,
0916691,SUMMIT PETROLEUM LLC,UPTON,MARY LOU 13,26BU,2026-07-02,,
0916694,SUMMIT PETROLEUM LLC,UPTON,MARY LOU 14,28JM,2026-07-02,,
0916579,SUMMIT PETROLEUM LLC,UPTON,MARY LOU 4,08MS,2026-07-02,,
0916631,SUMMIT PETROLEUM LLC,UPTON,MARY LOU 5,10BL,2026-07-02,,
0916641,SUMMIT PETROLEUM LLC,UPTON,MARY LOU 6,12JM,2026-07-02,,
0916646,SUMMIT PETROLEUM LLC,UPTON,MARY LOU 7,14DN,2026-07-02,,
0911591,"VELOCITY WATER SOLUTIONS, LP",UPTON,BRADEN SWD,1,2025-11-07,2026-01-01,
0917363,BIG LAKE CORPORATION,VICTORIA,"SALINAS, J.",14,2026-07-27,,
0907134,"FORZA OPERATING, LLC",VICTORIA,STEVENS,1,2025-05-05,,
0903017,APACHE CORPORATION,WARD,UL 18 33-32B,4AH,2024-10-08,2024-12-10,
0903019,APACHE CORPORATION,WARD,UL 18 33-32D,2AH,2024-10-08,2024-12-06,
0915374,"GOODNIGHT MIDSTREAM PERMIAN, LLC",WARD,KOEHN,8,2026-07-23,,
0915376,"GOODNIGHT MIDSTREAM PERMIAN, LLC",WARD,LAWRENCE,3,2026-05-06,,
0915377,"GOODNIGHT MIDSTREAM PERMIAN, LLC",WARD,LAWRENCE,6,2026-05-06,,
0915378,"GOODNIGHT MIDSTREAM PERMIAN, LLC",WARD,LAWRENCE,10,2026-05-06,,
0917220,"PETRO-HUNT PERMIAN, LLC",WARD,SMASHBOY 1-29 A,B101HS,2026-07-21,,
0917221,"PETRO-HUNT PERMIAN, LLC",WARD,SMASHBOY 1-29 B,B201HS,2026-07-21,,
0917004,PITTS ENERGY CO.,WARD,"EDWARDS, JNO. ET AL 'B'",7,2026-07-10,,
0917025,PITTS ENERGY CO.,WARD,"EDWARDS, JNO. ET AL 'B'",9,2026-07-10,,
0916700,PITTS ENERGY CO.,WARD,"EDWARDS, JNO. ET AL B",3,2026-07-07,,
0916749,PITTS ENERGY CO.,WARD,"EDWARDS, JNO. ET AL B",5,2026-07-01,,
0917000,PITTS ENERGY CO.,WARD,"EDWARDS, JNO. ETAL -B-",6,2026-07-10,,
0916901,MAGNOLIA OIL & GAS OPERATING LLC,WASHINGTON,BIG AL ELEVEN,H 11BE,2026-07-09,,
0916900,MAGNOLIA OIL & GAS OPERATING LLC,WASHINGTON,BIG AL NINE,H 09BE,2026-07-09,,
0916899,MAGNOLIA OIL & GAS OPERATING LLC,WASHINGTON,BIG AL SEVEN,H 07BE,2026-07-09,,
0916882,MAGNOLIA OIL & GAS OPERATING LLC,WASHINGTON,CRIMSON BEAR,H 02BE,2026-07-08,,
0916896,MAGNOLIA OIL & GAS OPERATING LLC,WASHINGTON,MEANS 'C',H 03BE,2026-07-09,,
0916897,MAGNOLIA OIL & GAS OPERATING LLC,WASHINGTON,MEANS 'C',H 05BE,2026-07-09,,
0916960,"CATURUS ENERGY, LLC",WEBB,GALVAN RANCH,B923H,2026-07-09,2026-07-19,
0916961,"CATURUS ENERGY, LLC",WEBB,GALVAN RANCH,B925H,2026-07-09,2026-07-18,
0916962,"CATURUS ENERGY, LLC",WEBB,GALVAN RANCH,B927H,2026-07-09,2026-07-16,
0916963,"CATURUS ENERGY, LLC",WEBB,GALVAN RANCH,B929H,2026-07-09,2026-07-16,
0917057,JAVELIN ENERGY PARTNERS MGMT LLC,WEBB,STANLEY RANCH,104HA,2026-07-16,2026-07-28,
0917058,JAVELIN ENERGY PARTNERS MGMT LLC,WEBB,STANLEY RANCH,104HB,2026-07-16,2026-07-29,
0917062,JAVELIN ENERGY PARTNERS MGMT LLC,WEBB,STANLEY RANCH,104HC,2026-07-13,2026-07-30,
0917143,JAVELIN ENERGY PARTNERS MGMT LLC,WEBB,WORTHEY RANCH,103HA,2026-07-21,,
0917144,JAVELIN ENERGY PARTNERS MGMT LLC,WEBB,WORTHEY RANCH,103HB,2026-07-21,,
0917145,JAVELIN ENERGY PARTNERS MGMT LLC,WEBB,WORTHEY RANCH,103HC,2026-07-21,,
0917353,"KILLAM OIL CO., LTD.",WEBB,STATE OF TEXAS RAFTER O UNIT B,8H,2026-07-23,,
0917290,"KILLAM OIL CO., LTD.",WEBB,STATE OF TEXAS RAFTER O UNIT C,7H,2026-07-22,,
0917226,"LEWIS PETRO PROPERTIES, INC.",WEBB,LA MESA SA A,1000H,2026-07-20,,
0917227,"LEWIS PETRO PROPERTIES, INC.",WEBB,LA MESA SA B,100H,2026-07-29,,
0917229,"LEWIS PETRO PROPERTIES, INC.",WEBB,LA MESA SA D,1001H,2026-07-29,,
0917230,"LEWIS PETRO PROPERTIES, INC.",WEBB,LA MESA SA E,101H,2026-07-29,,
0917231,"LEWIS PETRO PROPERTIES, INC.",WEBB,LA MESA SA F,501H,2026-07-29,,
0917539,"LEWIS PETRO PROPERTIES, INC.",WEBB,LEWIS-GILPIN A,100HR,2026-07-30,,
0916797,"LEWIS PETRO PROPERTIES, INC.",WEBB,TREVINO RANCH,16H,2026-07-10,,
0916798,"LEWIS PETRO PROPERTIES, INC.",WEBB,TREVINO RANCH,17H,2026-07-10,,
0916894,SM ENERGY COMPANY,WEBB,BRISCOE B (SA35),1479H,2026-07-08,,
0916895,SM ENERGY COMPANY,WEBB,BRISCOE B (SA36),1488H,2026-07-08,,
0916898,SM ENERGY COMPANY,WEBB,BRISCOE B (SA37),1499H,2026-07-08,,
0917071,"WARWICK POSEIDON, GP",WEBB,AI SAN ROMAN,116H,2026-07-13,2026-07-27,
0917082,"WARWICK POSEIDON, GP",WEBB,AI SAN ROMAN,206H,2026-07-14,,
0917083,"WARWICK POSEIDON, GP",WEBB,AI SAN ROMAN,208H,2026-07-14,2026-07-29,
0917073,"WARWICK POSEIDON, GP",WEBB,AI SAN ROMAN,313H,2026-07-13,,
0917080,"WARWICK POSEIDON, GP",WEBB,AI SAN ROMAN,314H,2026-07-20,,
0916800,"BURK ROYALTY CO., LTD.",WILBARGER,CADDIS,1,2026-07-01,,
0916854,"BURK ROYALTY CO., LTD.",WILBARGER,CONDON,3,2026-07-06,,
0916855,"BURK ROYALTY CO., LTD.",WILBARGER,CONDON,4,2026-07-06,,
0917017,"BURK ROYALTY CO., LTD.",WILBARGER,CONDON,5,2026-07-10,,
0917018,"BURK ROYALTY CO., LTD.",WILBARGER,CONDON,6,2026-07-10,,
0917212,"BURK ROYALTY CO., LTD.",WILBARGER,CONDON,7,2026-07-17,,
0917213,"BURK ROYALTY CO., LTD.",WILBARGER,CONDON,8,2026-07-20,,
0917333,"BURK ROYALTY CO., LTD.",WILBARGER,CONDON,9,2026-07-24,,
0917334,"BURK ROYALTY CO., LTD.",WILBARGER,CONDON,10,2026-07-24,,
0916877,"BURK ROYALTY CO., LTD.",WILBARGER,WAGGONER DN,19,2026-07-02,,
0916689,"PALOMA OPERATING, LLC",WILSON,MCBEE-MATTKE UNIT,1H,2026-07-02,,
0916526,"WARWICK-ARTEMIS, LLC",WILSON,ADRIAN POLLOK,1H,2026-06-19,,
0916735,"WARWICK-ARTEMIS, LLC",WILSON,DIETER C,2H,2026-06-26,,
0917481,"BASIN OIL & GAS OPERATING, LLC",WINKLER,"BAIRD, W. E.",1211,2026-07-31,,
0916925,"BASIN OIL & GAS OPERATING, LLC",WINKLER,"BAIRD, W. E.",1218,2026-07-08,,
0917482,"BASIN OIL & GAS OPERATING, LLC",WINKLER,"BAIRD, W. E.",1801,2026-07-30,,
0916926,"BASIN OIL & GAS OPERATING, LLC",WINKLER,"BAIRD, W. E.",1828,2026-07-08,,
0917474,"BASIN OIL & GAS OPERATING, LLC",WINKLER,"BAIRD, W. E.",1904,2026-07-30,,
0917483,"BASIN OIL & GAS OPERATING, LLC",WINKLER,"BAIRD, W. E.",1937,2026-07-31,,
0916927,"BASIN OIL & GAS OPERATING, LLC",WINKLER,KEYSTONE HOLT UNIT,2503,2026-07-10,,
0916762,"BASIN OIL & GAS OPERATING, LLC",WINKLER,STATE-WALTON,1C,2026-07-02,,
0916042,"BLACKBEARD OPERATING, LLC",WINKLER,KRAKEN 12-11 1G,327H,2026-06-08,2026-06-12,
0916635,"BLACKBEARD OPERATING, LLC",WINKLER,SEALY SMITH FOUNDATION -A-,329H,2026-07-02,,
0916636,"BLACKBEARD OPERATING, LLC",WINKLER,SEALY SMITH FOUNDATION -A-,330H,2026-07-02,,
0916453,BOSQUE TEXAS OIL LLC,WINKLER,SEALY SMITH SA9503,1H,2026-07-20,,
0905865,"CONTINENTAL RESOURCES, INC.",WINKLER,ALBATROSS 0214C,03H,2025-02-20,2025-04-13,
0917011,"CONTINENTAL RESOURCES, INC.",WINKLER,BIRDIE 2803E,01H,2026-07-15,,
0917012,"CONTINENTAL RESOURCES, INC.",WINKLER,BIRDIE 2803F,02H,2026-07-15,,
0917013,"CONTINENTAL RESOURCES, INC.",WINKLER,BIRDIE 2803H,04H,2026-07-15,,
0917014,"CONTINENTAL RESOURCES, INC.",WINKLER,BIRDIE 2803I,05H,2026-07-15,,
0917015,"CONTINENTAL RESOURCES, INC.",WINKLER,BIRDIE 2803K,07H,2026-07-10,,
0916863,"CONTINENTAL RESOURCES, INC.",WINKLER,BOGEY 0409A,01H,2026-07-20,,
0916864,"CONTINENTAL RESOURCES, INC.",WINKLER,BOGEY 0409B,02H,2026-07-21,,
0916865,"CONTINENTAL RESOURCES, INC.",WINKLER,BOGEY 0409C,03H,2026-07-21,,
0916866,"CONTINENTAL RESOURCES, INC.",WINKLER,BOGEY 0409D,04H,2026-07-21,,
0916868,"CONTINENTAL RESOURCES, INC.",WINKLER,BOGEY 0409E,05H,2026-07-20,,
0916869,"CONTINENTAL RESOURCES, INC.",WINKLER,BOGEY 0409F,06H,2026-07-21,,
0916870,"CONTINENTAL RESOURCES, INC.",WINKLER,BOGEY 0409G,07H,2026-07-02,,
0916872,"CONTINENTAL RESOURCES, INC.",WINKLER,BOGEY 0409H,08H,2026-07-02,,
0916873,"CONTINENTAL RESOURCES, INC.",WINKLER,BOGEY 0409I,09H,2026-07-02,,
0916874,"CONTINENTAL RESOURCES, INC.",WINKLER,BOGEY 0409J,10H,2026-07-02,,
0917473,MEWBOURNE OIL COMPANY,WINKLER,DANDY DON 28/16 B,F101OJ,2026-07-31,,
0917470,MEWBOURNE OIL COMPANY,WINKLER,ELEANOR 50/49 D,F101DM,2026-07-31,,
0915528,MEWBOURNE OIL COMPANY,WINKLER,ROGER DODGER 19/30 B,F101CN,2026-05-14,,
0915529,MEWBOURNE OIL COMPANY,WINKLER,ROGER DODGER 19/30 C,F101BO,2026-05-18,,
0917471,MEWBOURNE OIL COMPANY,WINKLER,TOO TALL 27/22 D,F101MD,2026-07-31,,
0917312,"XRI DISPOSAL HOLDINGS, LLC",WINKLER,LEACO 5 SWD,1,2026-07-27,2026-07-28,
0917313,"XRI DISPOSAL HOLDINGS, LLC",WINKLER,LEACO 5 SWD,2,2026-07-27,,
0917314,"XRI DISPOSAL HOLDINGS, LLC",WINKLER,LEACO 6 SWD,3,2026-07-27,,
0916470,"BKV NORTH TEXAS, LLC",WISE,VINSON FEE B 4 (AW),4H,2026-07-22,,
0916478,"BKV NORTH TEXAS, LLC",WISE,VINSON FEE B 5 (AW),5H,2026-07-02,,
0916477,"BKV NORTH TEXAS, LLC",WISE,VINSON FEE B 7 (AW),7H,2026-07-28,,
0916903,"LAKOTA ENERGY, LTD.",WISE,STEVENS,1H,2026-07-08,,
0916790,"BURK ROYALTY CO., LTD.",YOAKUM,AURORA,1H,2026-07-02,2026-07-24,
0916799,"BURK ROYALTY CO., LTD.",YOAKUM,STROMNESS,1H,2026-07-01,,
0917279,HILCORP ENERGY COMPANY,YOAKUM,ROBERTS UNIT,362H,2026-07-20,,
0917342,OCCIDENTAL PERMIAN LTD.,YOAKUM,BENNETT RANCH UNIT,3404R,2026-07-24,,
0917351,OCCIDENTAL PERMIAN LTD.,YOAKUM,BENNETT RANCH UNIT,4343,2026-07-28,,
0917340,OCCIDENTAL PERMIAN LTD.,YOAKUM,DENVER UNIT,2930,2026-07-29,,
0917341,OCCIDENTAL PERMIAN LTD.,YOAKUM,DENVER UNIT,3659,2026-07-28,,
0916852,OCCIDENTAL PERMIAN LTD.,YOAKUM,DENVER UNIT,5605,2026-07-06,,
0916880,"RILEY PERMIAN OPERATING CO, LLC",YOAKUM,CASSIDY 575-544,6XH,2026-07-10,,
0916881,"RILEY PERMIAN OPERATING CO, LLC",YOAKUM,CASSIDY 575-544,7XH,2026-07-10,,
0917029,"RILEY PERMIAN OPERATING CO, LLC",YOAKUM,DESPERADO W 538,35H,2026-07-14,,
0916535,"RILEY PERMIAN OPERATING CO, LLC",YOAKUM,ROWDY YATES 596-585,1XH,2026-06-19,,
0916534,"RILEY PERMIAN OPERATING CO, LLC",YOAKUM,ROWDY YATES 596-585,15XH,2026-06-18,,
0917446,"RILEY PERMIAN OPERATING CO, LLC",YOAKUM,SHIPROCK 671,1W,2026-07-30,,
0917489,"B.O.L.D. OIL AND GAS, LLC",YOUNG,C.R. PERRY,2R,2026-07-31,,
0917186,MAMMOTH OPERATING LLC,YOUNG,"MCCLURG, M. L.",18,2026-07-17,,
0917255,RIDGE OIL COMPANY,YOUNG,SECTION 606 'A',15,2026-07-24,,
0917019,"ROGERS DRILLING CO., INC.",YOUNG,S. R. DOZIER,1,2026-07-15,,
0916476,"CML EXPLORATION, LLC",ZAVALA,TLAPEK,1RE,2026-07-10,,
0916466,"ROSEWOOD RESOURCES, INC.",ZAVALA,PUCKETT B,1H,2026-06-18,,
0916248,"TSAR ENERGY, LLC",ANDERSON,THOMPSON,3,2026-08-04,,
0918006,"UPSTREAM RESOURCE PARTNERS, LLC",ANDERSON,MAY WX,1,2026-08-24,,
0917883,ADMIRAL PERMIAN OPERATING LLC,ANDREWS,RUNNING MAN UNIT,1B,2026-08-20,,
0917885,ADMIRAL PERMIAN OPERATING LLC,ANDREWS,RUNNING MAN UNIT,2B,2026-08-20,,
0916853,COG OPERATING LLC,ANDREWS,MABEE DDA A46,1007JH,2026-08-13,,
0916856,COG OPERATING LLC,ANDREWS,MABEE DDA A49,1008AH,2026-08-13,,
0916862,COG OPERATING LLC,ANDREWS,MABEE DDA A53,1011JH,2026-08-13,,
0917198,COG OPERATING LLC,ANDREWS,MABEE DDA A55,1012MH,2026-08-04,,
0917203,COG OPERATING LLC,ANDREWS,MABEE DDA A68,1012LH,2026-08-04,,
0917467,COG OPERATING LLC,ANDREWS,UNIMAK C,3710LH,2026-08-04,,
0917842,"FASKEN OIL AND RANCH, LTD.",ANDREWS,FEE 'BQ',413UL,2026-08-17,,
0917843,"FASKEN OIL AND RANCH, LTD.",ANDREWS,FEE 'BQ',414MS,2026-08-17,,
0917845,"FASKEN OIL AND RANCH, LTD.",ANDREWS,FEE 'BQ',415JM,2026-08-17,,
0917847,"FASKEN OIL AND RANCH, LTD.",ANDREWS,FEE 'BQ',416LS,2026-08-17,,
0917848,"FASKEN OIL AND RANCH, LTD.",ANDREWS,FEE 'BQ',417DN,2026-08-17,,
0917849,"FASKEN OIL AND RANCH, LTD.",ANDREWS,FEE 'BQ',418WA,2026-08-17,,
0917850,"FASKEN OIL AND RANCH, LTD.",ANDREWS,FEE 'BQ',419WB,2026-08-17,,
0917851,"FASKEN OIL AND RANCH, LTD.",ANDREWS,FEE 'BQ',420WD,2026-08-17,,
0917971,HILCORP ENERGY COMPANY,ANDREWS,FULLERTON CLEARFORK UNIT,6734,2026-08-21,,
0917683,"MONTARE OPERATING, LTD.",ANDREWS,UNIVERSITY 13-45,16,2026-08-10,,
0917442,OVINTIV USA INC.,ANDREWS,UL CHATFIELD 36B,107HF,2026-08-04,,
0917441,OVINTIV USA INC.,ANDREWS,UL CHATFIELD 36B,108HD,2026-08-04,,
0917443,OVINTIV USA INC.,ANDREWS,UL CHATFIELD 36C,109HF,2026-08-04,,
0917445,OVINTIV USA INC.,ANDREWS,UL CHATFIELD 36D,110HD,2026-08-04,,
0917444,OVINTIV USA INC.,ANDREWS,UL CHATFIELD 36D,111HF,2026-08-04,,
0917044,OVINTIV USA INC.,ANDREWS,UL CHATFIELD 36E,101HF,2026-08-18,,
0917046,OVINTIV USA INC.,ANDREWS,UL CHATFIELD 36E,102HD,2026-08-18,,
0917045,OVINTIV USA INC.,ANDREWS,UL CHATFIELD 36F,103HF,2026-08-20,,
0917059,OVINTIV USA INC.,ANDREWS,UL CHATFIELD 36G,104HF,2026-08-19,,
0917076,OVINTIV USA INC.,ANDREWS,UL CHATFIELD 36X,105HD,2026-08-19,,
0917068,OVINTIV USA INC.,ANDREWS,UL CHATFIELD 36X,106HF,2026-08-19,,
0872476,OVINTIV USA INC.,ANDREWS,UNIVERSITY 8-4B S,H 2MS,2021-09-23,2021-11-08,
0917898,"PIONEER NATURAL RES. USA, INC.",ANDREWS,UNIVERSITY 6-16A,1H,2026-08-19,,
0917899,"PIONEER NATURAL RES. USA, INC.",ANDREWS,UNIVERSITY 6-16B,2H,2026-08-19,,
0917901,"PIONEER NATURAL RES. USA, INC.",ANDREWS,UNIVERSITY 6-16C,3H,2026-08-19,,
0917905,"PIONEER NATURAL RES. USA, INC.",ANDREWS,UNIVERSITY 6-16D,4H,2026-08-19,,
0917906,"PIONEER NATURAL RES. USA, INC.",ANDREWS,UNIVERSITY 6-16E,5H,2026-08-19,,
0917907,"PIONEER NATURAL RES. USA, INC.",ANDREWS,UNIVERSITY 6-16F,6H,2026-08-19,,
0917908,"PIONEER NATURAL RES. USA, INC.",ANDREWS,UNIVERSITY 6-16G,7H,2026-08-19,,
0917909,"PIONEER NATURAL RES. USA, INC.",ANDREWS,UNIVERSITY 6-16H,8H,2026-08-19,,
0914239,"SABALO II OPERATING, LLC",ANDREWS,FOUR WINDS 26-20 D,2WA,2026-04-16,2026-04-21,
0917828,"SABALO II OPERATING, LLC",ANDREWS,UL WILD CARD 3-15 A,1CF,2026-08-14,,
0917829,"SABALO II OPERATING, LLC",ANDREWS,UL WILD CARD 3-15 A,1JM,2026-08-17,,
0917830,"SABALO II OPERATING, LLC",ANDREWS,UL WILD CARD 3-15 A,1WA,2026-08-17,,
0917831,"SABALO II OPERATING, LLC",ANDREWS,UL WILD CARD 3-15 B,1LS,2026-08-17,,
0917833,"SABALO II OPERATING, LLC",ANDREWS,UL WILD CARD 3-15 B,1WB,2026-08-17,,
0917878,"TEXLAND PETROLEUM, L.P.",ANDREWS,"LOGSDON, ETAL -B-",22,2026-08-18,,
0917564,"CATURUS ENERGY, LLC",ANGELINA,STONEROLLER,1HB,2026-08-07,,
0917568,"CATURUS ENERGY, LLC",ANGELINA,STURGEON,1HB,2026-08-11,,
0917515,BORDERLINE OPERATING CORP.,ARCHER,ANDREWS 'A',14,2026-08-03,,
0917519,"JMH PRODUCTION, LLC",ARCHER,ANDREWS LONGLEY,5,2026-08-03,,
0916011,"WBI ENERGY MIDSTREAM, LLC",ARCHER,HF SINCLAIR,T012MP,2026-08-05,,
0916015,"WBI ENERGY MIDSTREAM, LLC",ARCHER,HF SINCLAIR,T013MP,2026-08-03,,
0915292,MARATHON OIL EF LLC,ATASCOSA,FOUSHEE-WRIGHT KEATHLEY SA5,5H,2026-05-06,,
0915293,MARATHON OIL EF LLC,ATASCOSA,FOUSHEE-WRIGHT KEATHLEY SA6,6H,2026-05-06,,
0915290,MARATHON OIL EF LLC,ATASCOSA,MAUCH-WRIGHT HENKE SA1,1H,2026-05-04,,
0915291,MARATHON OIL EF LLC,ATASCOSA,MAUCH-WRIGHT HENKE SA2,2H,2026-05-04,,
0917177,"TRAILBLAZER ENERGY RESOURCES,LLC",ATASCOSA,GROUSE AW,9H,2026-08-04,,
0917764,ENHANCED ENERGY PARTNERS CORP,AUSTIN,"WALTON, J.C. 'A'",21,2026-08-13,,
0917695,"WAGGONER OPERATING, L.L.C.",BAYLOR,WAGGONER DNTK,247DN,2026-08-11,,
0917694,"WAGGONER OPERATING, L.L.C.",BAYLOR,WAGGONER DNTK,248DN,2026-08-11,,
0916017,"WBI ENERGY MIDSTREAM, LLC",BAYLOR,HF SINCLAIR,T006MP,2026-08-05,2026-08-10,
0917268,EVEREST RESOURCE COMPANY,BEE,BRINKOETER,1,2026-07-22,,
0915605,"HIGHPEAK ENERGY HOLDINGS, LLC",BORDEN,ALLEN 114-138 A UNIT,A 1H,2026-05-15,,
0917300,"HIGHPEAK ENERGY HOLDINGS, LLC",BORDEN,GRIFFIN-JBT 67-53 B UNIT,L 7H,2026-08-03,,
0915606,"HIGHPEAK ENERGY HOLDINGS, LLC",BORDEN,MAC 113-137 B UNIT,L 7H,2026-05-19,,
0917957,"HIGHPEAK ENERGY HOLDINGS, LLC",BORDEN,MCDOWELL,1,2026-08-18,,
0917960,"HIGHPEAK ENERGY HOLDINGS, LLC",BORDEN,W. D. EVERETT,1,2026-08-18,,
0917951,SEABOARD OPERATING CO.,BORDEN,GUNSIGHT MESA,1,2026-08-20,,
0917729,"SURGE OPERATING, LLC",BORDEN,CHIMERA UNIT A 07-18,3AH,2026-08-12,,
0917735,"SURGE OPERATING, LLC",BORDEN,CHIMERA UNIT B 07-18,4NH,2026-08-11,,
0918029,"SURGE OPERATING, LLC",BORDEN,JOTUNN UNIT A 25-24,1AH,2026-08-25,,
0918030,"SURGE OPERATING, LLC",BORDEN,JOTUNN UNIT A 25-24,1JH,2026-08-25,,
0917643,"YUKON EXPLORATION OPERATING, LLC",BORDEN,BRAHMA 42-43,3JM,2026-08-07,,
0917644,"YUKON EXPLORATION OPERATING, LLC",BORDEN,RAIDER 42-43 B,2JM,2026-08-07,,
0917523,"CHISOS, LTD.",BRAZORIA,PERRY,1,2026-08-04,,
0917545,"CIMARRON ENGINEERING, LLC",BRAZORIA,BLACKSTONE 369,1,2026-08-05,,
0917742,LYNCO OILFIELD SERVICES LLC,CALDWELL,"DAVIS, J. J. ESTATE -A-",1SW,2026-08-17,,
0917557,QUAIL RIDGE OPERATING LLC,CLAY,BELLEVUE UNIT,304,2026-08-05,,
0917923,"OUT WEST OPERATING, LLC",CONCHO,CHOAT,1,2026-08-24,,
0917640,FELDERHOFF PRODUCTION COMPANY,COOKE,"KLEMENT, ROBERT",1,2026-08-07,2026-08-12,
0917947,FELDERHOFF PRODUCTION COMPANY,COOKE,TRUBENBACH,1,2026-08-20,,
0909379,"BTA OIL PRODUCERS, LLC",CRANE,UL DANA POINT 22501 A 29-20-17,02H,2025-07-24,2025-09-03,
0917967,"BTA OIL PRODUCERS, LLC",CRANE,UL SIDE CAR 22303 G 27-22,1H,2026-08-21,,
0917975,"BTA OIL PRODUCERS, LLC",CRANE,UL SIDE CAR 22303 H 27-22,2H,2026-08-21,,
0917556,"BTA OIL PRODUCERS, LLC",CRANE,UL SKI CABIN 22303 I 28-21,13H,2026-08-04,,
0917594,"BTA OIL PRODUCERS, LLC",CRANE,UL SKI CABIN 22303 J 28-21,14H,2026-08-04,,
0916593,"RING ENERGY, INC.",CRANE,"LEA, P.J. ET AL",4023MH,2026-06-24,2026-07-08,
0916592,"RING ENERGY, INC.",CRANE,"LEA, P.J. ET AL",4024TH,2026-06-24,2026-07-07,
0916591,"RING ENERGY, INC.",CRANE,"LEA, P.J. ET AL",4028TH,2026-06-24,2026-07-06,
0917603,"RING ENERGY, INC.",CRANE,RING RIPPLE SWD,1,2026-08-05,,
0917595,SM ENERGY COMPANY,CRANE,VERNON A,0991WF,2026-08-06,,
0917596,SM ENERGY COMPANY,CRANE,VERNON B,0992WF,2026-08-07,,
0917597,SM ENERGY COMPANY,CRANE,VERNON C,0993WF,2026-08-06,,
0917984,SCOUT ENERGY MANAGEMENT LLC,CROCKETT,"HATTON, E.H. ESTATE '14'",4,2026-08-21,,
0917613,SCOUT ENERGY MANAGEMENT LLC,CROCKETT,"HATTON, E.H. ESTATE '14B'",3,2026-08-07,,
0917949,SCOUT ENERGY MANAGEMENT LLC,CROCKETT,"HATTON, E.H. ESTATE '8D'",3,2026-08-20,,
0917924,SCOUT ENERGY MANAGEMENT LLC,CROCKETT,"WARREN, W. K. FOUNDATION '24'",12,2026-08-20,,
0917671,SCOUT ENERGY MANAGEMENT LLC,CROCKETT,"WARREN,W. K. FOUNDATION '24'",1,2026-08-07,,
0904522,COTERRA ENERGY OPERATING CO.,CULBERSON,ANIMAL KINGDOM 44 UNIT Q,19H,2024-12-16,2025-02-02,
0904523,COTERRA ENERGY OPERATING CO.,CULBERSON,ANIMAL KINGDOM 44 UNIT R,20H,2024-12-16,2025-01-19,
0904130,COTERRA ENERGY OPERATING CO.,CULBERSON,BROKERS TIP 13 SWD,9,2024-11-19,2024-12-17,
0907892,COTERRA ENERGY OPERATING CO.,CULBERSON,CITATION 32 SWD,1,2025-05-13,,
0904401,COTERRA ENERGY OPERATING CO.,CULBERSON,CITATION 41-32 B,5H,2024-12-05,2025-01-26,
0904397,COTERRA ENERGY OPERATING CO.,CULBERSON,CITATION 41-32 D,7H,2024-12-05,2025-01-29,
0904411,COTERRA ENERGY OPERATING CO.,CULBERSON,CITATION 41-32 L,15H,2024-12-05,,
0904412,COTERRA ENERGY OPERATING CO.,CULBERSON,CITATION 41-32 M,16H,2024-12-05,2025-01-17,
0907973,COTERRA ENERGY OPERATING CO.,CULBERSON,FLYING EBONY 19-30 UNIT,1H,2025-05-21,2025-08-29,
0907975,COTERRA ENERGY OPERATING CO.,CULBERSON,FLYING EBONY 19-30 UNIT,2H,2025-05-21,2025-09-02,
0907976,COTERRA ENERGY OPERATING CO.,CULBERSON,FLYING EBONY 19-30 UNIT,3H,2025-05-21,2025-09-01,
0907977,COTERRA ENERGY OPERATING CO.,CULBERSON,FLYING EBONY 19-30 UNIT,4H,2025-05-21,2025-09-03,
0907981,COTERRA ENERGY OPERATING CO.,CULBERSON,FLYING EBONY 19-30 UNIT,5H,2025-05-21,2025-08-02,
0907978,COTERRA ENERGY OPERATING CO.,CULBERSON,FLYING EBONY 19-30 UNIT,6H,2025-05-21,2025-08-03,
0907979,COTERRA ENERGY OPERATING CO.,CULBERSON,FLYING EBONY 19-30 UNIT,7H,2025-05-21,2025-08-01,
0907980,COTERRA ENERGY OPERATING CO.,CULBERSON,FLYING EBONY 19-30 UNIT,8H,2025-05-21,,
0904246,COTERRA ENERGY OPERATING CO.,CULBERSON,FOOLISH PLEASURE 43 SWD,8,2024-11-25,,
0905168,COTERRA ENERGY OPERATING CO.,CULBERSON,FOOLISH PLEASURE 43-6 UNIT,11H,2025-01-16,2025-02-21,
0905170,COTERRA ENERGY OPERATING CO.,CULBERSON,FOOLISH PLEASURE 43-6 UNIT,12H,2025-01-16,2025-02-14,
0905171,COTERRA ENERGY OPERATING CO.,CULBERSON,FOOLISH PLEASURE 43-6 UNIT,13H,2025-01-16,2025-02-08,
0907895,COTERRA ENERGY OPERATING CO.,CULBERSON,LORD MURPHY 10 SWD,1,2025-05-14,,
0907897,COTERRA ENERGY OPERATING CO.,CULBERSON,LUCKY DEBONAIR 16 SWD,1,2025-05-14,,
0905155,COTERRA ENERGY OPERATING CO.,CULBERSON,NEEDLES 39 UNIT,12H,2025-01-16,2025-04-05,
0905156,COTERRA ENERGY OPERATING CO.,CULBERSON,NEEDLES 39 UNIT,13H,2025-01-16,2025-04-02,
0905159,COTERRA ENERGY OPERATING CO.,CULBERSON,NEEDLES 39 UNIT,14H,2025-01-16,2025-01-28,
0905163,COTERRA ENERGY OPERATING CO.,CULBERSON,NEEDLES 39 UNIT,16H,2025-01-16,2025-01-24,
0903063,COTERRA ENERGY OPERATING CO.,CULBERSON,RICH STRIKE 21-28 K,13H,2024-10-09,2025-01-10,
0903065,COTERRA ENERGY OPERATING CO.,CULBERSON,RICH STRIKE 21-28 L,14H,2024-10-09,2025-01-05,
0903066,COTERRA ENERGY OPERATING CO.,CULBERSON,RICH STRIKE 21-28 M,15H,2024-10-09,2024-12-02,
0903067,COTERRA ENERGY OPERATING CO.,CULBERSON,RICH STRIKE 21-28 N,16H,2024-10-09,2024-11-27,
0907899,COTERRA ENERGY OPERATING CO.,CULBERSON,SPECTACULAR BID 22 SWD,1,2025-05-14,,
0908268,COTERRA ENERGY OPERATING CO.,CULBERSON,STATE CHARISMATIC 5-8 UNIT,2H,2025-05-30,2025-11-10,
0908271,COTERRA ENERGY OPERATING CO.,CULBERSON,STATE CHARISMATIC 5-8 UNIT,3H,2025-05-30,2025-11-25,
0908272,COTERRA ENERGY OPERATING CO.,CULBERSON,STATE CHARISMATIC 5-8 UNIT,4H,2025-05-30,2024-11-22,
0908270,COTERRA ENERGY OPERATING CO.,CULBERSON,STATE CHARISMATIC 5-8 UNIT,5H,2025-05-30,2025-11-13,
0908273,COTERRA ENERGY OPERATING CO.,CULBERSON,STATE CHARISMATIC 5-8 UNIT,6H,2025-05-30,2025-11-16,
0908274,COTERRA ENERGY OPERATING CO.,CULBERSON,STATE CHARISMATIC 5-8 UNIT,11H,2025-05-30,2025-11-19,
0911923,COTERRA ENERGY OPERATING CO.,CULBERSON,STATE KINGMAN UNIT,5H,2025-11-24,2026-01-30,
0911924,COTERRA ENERGY OPERATING CO.,CULBERSON,STATE KINGMAN UNIT,6H,2025-11-24,,
0911925,COTERRA ENERGY OPERATING CO.,CULBERSON,STATE KINGMAN UNIT,7H,2025-11-25,2026-02-09,
0911926,COTERRA ENERGY OPERATING CO.,CULBERSON,STATE KINGMAN UNIT,8H,2025-11-25,2026-02-03,
0917868,COTERRA ENERGY OPERATING CO.,CULBERSON,STATE LUCKY DEBONAIR UNIT,1H,2026-08-14,,
0917869,COTERRA ENERGY OPERATING CO.,CULBERSON,STATE LUCKY DEBONAIR UNIT,2H,2026-08-14,,
0917871,COTERRA ENERGY OPERATING CO.,CULBERSON,STATE LUCKY DEBONAIR UNIT,3H,2026-08-14,,
0917872,COTERRA ENERGY OPERATING CO.,CULBERSON,STATE LUCKY DEBONAIR UNIT,4H,2026-08-14,,
0917873,COTERRA ENERGY OPERATING CO.,CULBERSON,STATE LUCKY DEBONAIR UNIT,5H,2026-08-14,,
0917874,COTERRA ENERGY OPERATING CO.,CULBERSON,STATE LUCKY DEBONAIR UNIT,6H,2026-08-14,,
0917875,COTERRA ENERGY OPERATING CO.,CULBERSON,STATE LUCKY DEBONAIR UNIT,7H,2026-08-14,,
0917876,COTERRA ENERGY OPERATING CO.,CULBERSON,STATE LUCKY DEBONAIR UNIT,8H,2026-08-14,,
0917886,COTERRA ENERGY OPERATING CO.,CULBERSON,STATE MAGE 21-4 A,9H,2026-08-19,,
0917889,COTERRA ENERGY OPERATING CO.,CULBERSON,STATE MAGE 21-4 B,10H,2026-08-19,,
0911599,COTERRA ENERGY OPERATING CO.,CULBERSON,STATE SECRETARIAT UNIT,1H,2025-11-06,,
0911603,COTERRA ENERGY OPERATING CO.,CULBERSON,STATE SECRETARIAT UNIT,2H,2025-11-06,2025-11-27,
0911606,COTERRA ENERGY OPERATING CO.,CULBERSON,STATE SECRETARIAT UNIT,3H,2025-11-06,2025-12-06,
0911609,COTERRA ENERGY OPERATING CO.,CULBERSON,STATE SECRETARIAT UNIT,4H,2025-11-06,2025-11-30,
0911610,COTERRA ENERGY OPERATING CO.,CULBERSON,STATE SECRETARIAT UNIT,5H,2025-11-06,2025-12-04,
0911611,COTERRA ENERGY OPERATING CO.,CULBERSON,STATE SECRETARIAT UNIT,6H,2025-11-06,2025-12-01,
0911612,COTERRA ENERGY OPERATING CO.,CULBERSON,STATE SECRETARIAT UNIT,7H,2025-11-06,2025-12-02,
0910307,COTERRA ENERGY OPERATING CO.,CULBERSON,STATE WINNING COLORS 28-33,1H,2025-09-11,2025-10-17,
0910326,COTERRA ENERGY OPERATING CO.,CULBERSON,STATE WINNING COLORS 28-33,2H,2025-09-11,2025-10-18,
0910309,COTERRA ENERGY OPERATING CO.,CULBERSON,STATE WINNING COLORS 28-33,3H,2025-09-11,2025-10-19,
0910311,COTERRA ENERGY OPERATING CO.,CULBERSON,STATE WINNING COLORS 28-33,4H,2025-09-11,,
0910312,COTERRA ENERGY OPERATING CO.,CULBERSON,STATE WINNING COLORS 28-33,5H,2025-09-11,2025-10-23,
0910314,COTERRA ENERGY OPERATING CO.,CULBERSON,STATE WINNING COLORS 28-33,6H,2025-09-11,,
0910315,COTERRA ENERGY OPERATING CO.,CULBERSON,STATE WINNING COLORS 28-33,7H,2025-09-11,2025-10-23,
0910317,COTERRA ENERGY OPERATING CO.,CULBERSON,STATE WINNING COLORS 28-33,8H,2025-09-11,2025-10-16,
0910318,COTERRA ENERGY OPERATING CO.,CULBERSON,STATE WINNING COLORS 28-33,9H,2025-09-11,2025-10-12,
0910844,COTERRA ENERGY OPERATING CO.,CULBERSON,STATE WINTERGREEN UNIT,1H,2025-10-03,2025-10-30,
0910845,COTERRA ENERGY OPERATING CO.,CULBERSON,STATE WINTERGREEN UNIT,2H,2025-10-03,2025-10-26,
0910847,COTERRA ENERGY OPERATING CO.,CULBERSON,STATE WINTERGREEN UNIT,3H,2025-10-03,2025-10-29,
0910848,COTERRA ENERGY OPERATING CO.,CULBERSON,STATE WINTERGREEN UNIT,4H,2025-10-03,2025-10-22,
0910849,COTERRA ENERGY OPERATING CO.,CULBERSON,STATE WINTERGREEN UNIT,5H,2025-10-03,2025-10-28,
0910850,COTERRA ENERGY OPERATING CO.,CULBERSON,STATE WINTERGREEN UNIT,6H,2025-10-03,2025-10-21,
0910851,COTERRA ENERGY OPERATING CO.,CULBERSON,STATE WINTERGREEN UNIT,7H,2025-10-03,2025-10-27,
0910852,COTERRA ENERGY OPERATING CO.,CULBERSON,STATE WINTERGREEN UNIT,8H,2025-10-03,,
0903768,COTERRA ENERGY OPERATING CO.,CULBERSON,STREET SENSE 40 UNIT,13H,2024-11-04,2024-11-15,
0903769,COTERRA ENERGY OPERATING CO.,CULBERSON,STREET SENSE 40 UNIT,14H,2024-11-04,2024-11-19,
0903770,COTERRA ENERGY OPERATING CO.,CULBERSON,STREET SENSE 40 UNIT,15H,2024-11-04,2024-11-23,
0903771,COTERRA ENERGY OPERATING CO.,CULBERSON,STREET SENSE 40 UNIT,16H,2024-11-04,2024-11-25,
0907795,COTERRA ENERGY OPERATING CO.,CULBERSON,TOMY LEE 20-29 L,11H,2025-05-15,,
0905112,COTERRA ENERGY OPERATING CO.,CULBERSON,TYPHOON 42 UNIT,11H,2025-01-14,2025-02-06,
0905117,COTERRA ENERGY OPERATING CO.,CULBERSON,TYPHOON 42 UNIT,13H,2025-01-14,2025-03-01,
0904512,COTERRA ENERGY OPERATING CO.,CULBERSON,VAGRANT 38 FEE UNIT,12H,2024-12-10,2024-12-26,
0904513,COTERRA ENERGY OPERATING CO.,CULBERSON,VAGRANT 38 FEE UNIT,13H,2024-12-10,2024-12-29,
0904514,COTERRA ENERGY OPERATING CO.,CULBERSON,VAGRANT 38 FEE UNIT,14H,2024-12-10,2024-12-28,
0904515,COTERRA ENERGY OPERATING CO.,CULBERSON,VAGRANT 38 FEE UNIT,15H,2024-12-10,2024-12-26,
0917499,"BURLESON PETROLEUM, INC.",DAWSON,BUFFALO TRACE 15-6,2WA,2026-08-03,,
0917884,"HIBERNIA RESOURCES IV, LLC",DAWSON,KATHERINE H,8H,2026-08-21,,
0917781,"LAGUNA TEXAS RESOURCES, LLC",DAWSON,OVERTON A UNIT,L 5H,2026-08-14,,
0917809,"LAGUNA TEXAS RESOURCES, LLC",DAWSON,OVERTON B UNIT,L 6H,2026-08-18,,
0913490,"PBEX-MCM OPERATING, LLC",DAWSON,CAESARS 36-24 UNIT,311H,2026-02-19,2026-02-22,
0913408,"PBEX-MCM OPERATING, LLC",DAWSON,NY NY 37-1 UNIT,321H,2026-02-13,2026-02-18,
0913409,"PBEX-MCM OPERATING, LLC",DAWSON,NY NY 37-1 UNIT,341H,2026-02-13,,
0914481,"PBEX-MCM OPERATING, LLC",DAWSON,VEGAS VIC 44-32 UNIT,311H,2026-04-06,2026-04-11,
0917514,"NORTH TEXAS CARBON, LLC",DEAF SMITH,BRAVO,4,2026-08-11,,
0917487,"BKV BARNETT, LLC",DENTON,DCCO 2 - DCCO 4 (SA),1H,2026-08-04,,
0917578,"BKV BARNETT, LLC",DENTON,"HARDEMAN, DOROTHY JEAN 11 (AW)",11H,2026-08-06,,
0918024,BPX OPERATING COMPANY,DEWITT,W. BUTLER A,14H,2026-08-25,,
0918023,BPX OPERATING COMPANY,DEWITT,W. BUTLER A,15H,2026-08-25,,
0918025,BPX OPERATING COMPANY,DEWITT,W. BUTLER A,16H,2026-08-25,,
0917953,ENSIGN NATURAL RESOURCES II LLC,DEWITT,STEEN-MUSSELMAN F,6H,2026-08-21,,
0917952,ENSIGN NATURAL RESOURCES II LLC,DEWITT,STEEN-STEEN E,5H,2026-08-21,,
0915208,CYTEX SOUTH TEXAS OPERATING LLC,DIMMIT,ARSENAL B,2H,2026-07-09,,
0917712,EL TORO RESOURCES LLC,DIMMIT,YETT RANCH,8231H,2026-08-11,,
0917713,EL TORO RESOURCES LLC,DIMMIT,YETT RANCH,8232H,2026-08-11,,
0917714,EL TORO RESOURCES LLC,DIMMIT,YETT RANCH,8233H,2026-08-11,,
0917979,JAVELIN ENERGY PARTNERS MGMT LLC,DIMMIT,ROGERS DENTONIO 27U 104HA,104HA,2026-08-21,,
0917980,JAVELIN ENERGY PARTNERS MGMT LLC,DIMMIT,ROGERS DENTONIO 27U 104HB,104HB,2026-08-21,,
0917981,JAVELIN ENERGY PARTNERS MGMT LLC,DIMMIT,ROGERS DENTONIO 27U 104HC,104HC,2026-08-21,,
0917838,JONAH ENERGY LLC,DIMMIT,SAN PEDRO RANCH,4501CH,2026-08-17,,
0917839,JONAH ENERGY LLC,DIMMIT,SAN PEDRO RANCH,4503CH,2026-08-17,,
0917837,JONAH ENERGY LLC,DIMMIT,SAN PEDRO RANCH,4505CH,2026-08-14,,
0917920,JONAH ENERGY LLC,DIMMIT,SAN PEDRO RANCH - LOVE,1201H,2026-08-20,,
0917818,"ROSEWOOD RESOURCES, INC.",DIMMIT,BEINHORN AC,C 2H,2026-08-17,,
0917788,"ROSEWOOD RESOURCES, INC.",DIMMIT,BEINHORN AC C A,1H,2026-08-14,,
0908649,VERDUN OIL & GAS LLC,DIMMIT,TROMMELFEUER UNIT,1H,2025-06-17,2025-06-23,
0917853,TEXAS SOUTHERN PETROLEUM CORP.,DUVAL,ALMA 1560,1,2026-08-25,,
0917605,ARRINGTON OIL&GAS OPERATING LLC,ECTOR,OPTIMUS PRIME EAST,H130LS,2026-08-07,,
0917604,ARRINGTON OIL&GAS OPERATING LLC,ECTOR,OPTIMUS PRIME EAST,H130WB,2026-08-06,,
0917976,ATMOS PIPELINE - TEXAS,ECTOR,CATHODIC PROTECTION,41,2026-08-25,,
0917494,"CONTINENTAL RESOURCES, INC.",ECTOR,BRIAN GRIFFIN 1248A,01BL,2026-08-03,,
0917495,"CONTINENTAL RESOURCES, INC.",ECTOR,BRIAN GRIFFIN 1248B,02BL,2026-08-03,,
0917496,"CONTINENTAL RESOURCES, INC.",ECTOR,BRIAN GRIFFIN 1248C,03BL,2026-08-03,,
0917497,"CONTINENTAL RESOURCES, INC.",ECTOR,BRIAN GRIFFIN 1248D,04BL,2026-08-03,,
0917897,DAVIS SOUTHERN OPERATING CO LLC,ECTOR,"CONNELL, W.E. -A-",5E,2026-08-19,,
0917910,DAVIS SOUTHERN OPERATING CO LLC,ECTOR,"CONNELL, W.E. -A-",6E,2026-08-19,,
0917862,DIAMONDBACK E&P LLC,ECTOR,CHARLIN 39-46 H,1HR,2026-08-20,,
0917460,DIAMONDBACK E&P LLC,ECTOR,SHERIFF 2-38 B,2BN,2026-08-04,2026-08-21,
0917461,DIAMONDBACK E&P LLC,ECTOR,SHERIFF 2-38 C,3BN,2026-08-11,2026-08-24,
0917462,DIAMONDBACK E&P LLC,ECTOR,SHERIFF 2-38 D,4BN,2026-08-11,2026-08-23,
0917752,FIREBIRD ENERGY II LLC,ECTOR,GOSIER 0416,804H,2026-08-14,,
0917751,FIREBIRD ENERGY II LLC,ECTOR,GOSIER 0508,801H,2026-08-14,,
0917755,FIREBIRD ENERGY II LLC,ECTOR,JAKE P A,801H,2026-08-14,,
0917757,FIREBIRD ENERGY II LLC,ECTOR,JAKE P B,802H,2026-08-14,,
0917758,FIREBIRD ENERGY II LLC,ECTOR,JAKE P C,803H,2026-08-19,,
0917759,FIREBIRD ENERGY II LLC,ECTOR,JAKE P D,804H,2026-08-19,,
0913139,OCCIDENTAL PERMIAN LTD.,ECTOR,MAZDA,4693OP,2026-01-28,,
0913143,OCCIDENTAL PERMIAN LTD.,ECTOR,MAZDA,4695OP,2026-01-29,,
0917844,SOJOURNER DRILLING CORPORATION,FISHER,RICE BROS. (CANYON) UNIT,201,2026-08-17,,
0917985,HILCORP ENERGY COMPANY,FREESTONE,COLEMAN GAS UNIT,3,2026-08-21,,
0917966,HILCORP ENERGY COMPANY,FREESTONE,DAUGHERTY GAS UNIT,1,2026-08-21,,
0917936,FORMENTERA OPERATIONS LLC,FRIO,FLAVIA-UNIT,N731H,2026-08-19,,
0917763,FORMENTERA OPERATIONS LLC,FRIO,NEPTUNE,A211VW,2026-08-12,,
0917937,FORMENTERA OPERATIONS LLC,FRIO,NERO-UNIT,S731H,2026-08-19,,
0917939,FORMENTERA OPERATIONS LLC,FRIO,NEXT IN LINE-UNIT,N731H,2026-08-19,,
0917940,FORMENTERA OPERATIONS LLC,FRIO,NEXT IN LINE-UNIT,N734H,2026-08-19,,
0916251,FORMENTERA OPERATIONS LLC,FRIO,OLD LAREDO-UNIT-A,S735H,2026-06-09,,
0916250,FORMENTERA OPERATIONS LLC,FRIO,OLD LAREDO-UNIT-B,S738H,2026-06-09,,
0917199,"MCCLURE OIL COMPANY, INC.",GAINES,BRUSHFOOT,5,2026-07-17,,
0917846,"MCCLURE OIL COMPANY, INC.",GAINES,SWALLOWTAIL,5,2026-08-14,,
0917852,"MCCLURE OIL COMPANY, INC.",GAINES,SWALLOWTAIL,7,2026-08-14,,
0917892,OXY USA INC.,GAINES,SEMINOLE SAN ANDRES UNIT,1004,2026-08-18,,
0917782,OXY USA INC.,GAINES,SEMINOLE SAN ANDRES UNIT,2807,2026-08-12,,
0917628,OXY USA INC.,GAINES,SEMINOLE SAN ANDRES UNIT,2918,2026-08-07,,
0917771,OXY USA INC.,GAINES,SEMINOLE SAN ANDRES UNIT,3001 R,2026-08-13,,
0917627,OXY USA INC.,GAINES,SEMINOLE SAN ANDRES UNIT,3502,2026-08-06,,
0917992,OXY USA INC.,GAINES,SEMINOLE SAN ANDRES UNIT,3504,2026-08-21,,
0917530,OXY USA INC.,GAINES,SEMINOLE SAN ANDRES UNIT,3510R,2026-08-03,,
0917531,OXY USA INC.,GAINES,SEMINOLE SAN ANDRES UNIT,3517R,2026-08-03,,
0917963,OXY USA INC.,GAINES,SEMINOLE SAN ANDRES UNIT,3529,2026-08-20,,
0917779,OXY USA INC.,GAINES,SEMINOLE SAN ANDRES UNIT,5503 R,2026-08-12,,
0917580,OXY USA INC.,GAINES,SEMINOLE SAN ANDRES UNIT,6225,2026-08-05,,
0917943,OXY USA INC.,GAINES,WEST SEMINOLE SA UNIT,605R,2026-08-19,,
0917944,OXY USA INC.,GAINES,WEST SEMINOLE SA UNIT,605R,2026-08-19,,
0915317,"CIVITAS PERMIAN OPERATING, LLC",GLASSCOCK,FT SUMTER A,74H,2026-05-05,,
0915321,"CIVITAS PERMIAN OPERATING, LLC",GLASSCOCK,FT SUMTER A,144H,2026-05-06,,
0917896,"TRILOGY OPERATING, INC.",GLASSCOCK,JBL,1R,2026-08-19,,
0917476,"T-C OIL COMPANY, LLC",GOLIAD,DUKE RANCH -21-,1,2026-08-03,,
0908499,"EOG RESOURCES, INC.",GONZALES,ROOSEVELT A,1H,2025-07-08,2025-12-27,
0908500,"EOG RESOURCES, INC.",GONZALES,ROOSEVELT B,2H,2025-07-08,2025-12-28,
0908501,"EOG RESOURCES, INC.",GONZALES,ROOSEVELT C,3H,2025-07-08,2025-12-29,
0908502,"EOG RESOURCES, INC.",GONZALES,ROOSEVELT D,4H,2025-07-08,2025-12-14,
0908503,"EOG RESOURCES, INC.",GONZALES,ROOSEVELT E,5H,2025-07-08,2025-12-23,
0908504,"EOG RESOURCES, INC.",GONZALES,ROOSEVELT F,6H,2025-07-08,,
0908505,"EOG RESOURCES, INC.",GONZALES,ROOSEVELT G,7H,2025-07-08,2025-12-24,
0908506,"EOG RESOURCES, INC.",GONZALES,ROOSEVELT H,8H,2025-07-08,2025-12-25,
0917335,"FW EAGLE FORD I, LLC",GONZALES,CYCLONE E UNIT,15H,2026-08-03,,
0917038,"FW EAGLE FORD I, LLC",GONZALES,SARLACC B,2UH,2026-08-03,,
0916409,"LP OPERATING, LLC",GONZALES,FARRAR FARMS,3,2026-08-07,,
0899208,MARATHON OIL EF LLC,GONZALES,BARNHART (EF),98H,2024-04-25,2024-07-17,
0917370,ATOKA ENERGY LLC,GRAYSON,BROOKS-JEWELL,1,2026-08-07,,
0905153,CRATON OPERATING LLC,GREGG,FISHER-DUNCAN,1B,2025-01-21,1990-11-21,
0917516,"FAULCONER ENERGY, LLC",GREGG,HAMBY 4,1,2026-08-03,,
0918028,OCCIDENTAL PERMIAN LTD.,HALE,ANTON-IRISH CLEARFORK UNIT,221,2026-08-24,,
0918027,OCCIDENTAL PERMIAN LTD.,HALE,ANTON-IRISH CLEARFORK UNIT,221,2026-08-24,,
0918019,OCCIDENTAL PERMIAN LTD.,HALE,ANTON-IRISH CLEARFORK UNIT,224,2026-08-24,,
0918020,OCCIDENTAL PERMIAN LTD.,HALE,ANTON-IRISH CLEARFORK UNIT,224,2026-08-24,,
0917956,OCCIDENTAL PERMIAN LTD.,HALE,ANTON-IRISH CLEARFORK UNIT,283,2026-08-20,,
0917959,OCCIDENTAL PERMIAN LTD.,HALE,ANTON-IRISH CLEARFORK UNIT,283,2026-08-21,,
0916589,OCCIDENTAL PERMIAN LTD.,HALE,ANTON-IRISH CLEARFORK UNIT,299,2026-06-23,,
0917766,OCCIDENTAL PERMIAN LTD.,HALE,ANTON-IRISH CLEARFORK UNIT,299,2026-08-17,,
0917783,OCCIDENTAL PERMIAN LTD.,HALE,ANTON-IRISH CLEARFORK UNIT,586,2026-08-17,,
0917785,OCCIDENTAL PERMIAN LTD.,HALE,ANTON-IRISH CLEARFORK UNIT,586,2026-08-17,,
0917815,"WHITEHEAD RESOURCES, LTD.",HARDIN,ARRIOLA FEE,197,2026-08-14,,
0917502,RISE PETROLEUM INVESTMENTS LLC,HARRIS,JC STRIBLING,2,2026-08-11,,
0915038,"BROOKSTON ENERGY, INC.",HARRISON,CRAWFORD OIL UNIT,8,2026-04-24,,
0916956,"PWEP OPERATING, LLC",HARRISON,CANNON CF,1H,2026-07-16,,
0915052,"PWEP OPERATING, LLC",HARRISON,HUNT HL,1H,2026-06-12,2026-08-10,
0916978,"PWEP OPERATING, LLC",HARRISON,HUNT HL A,2H,2026-07-16,,
0916957,"PWEP OPERATING, LLC",HARRISON,JENNIFER STEWART JR,1H,2026-08-24,,
0909723,"RFE OPERATING, LLC",HARRISON,OAKMONT-SAWGRASS 1 (AW),1H,2025-08-12,,
0909703,"RFE OPERATING, LLC",HARRISON,OAKMONT-SAWGRASS 11 (AW),11H,2025-08-12,2025-08-16,
0909792,"RFE OPERATING, LLC",HARRISON,OAKMONT-SAWGRASS 6 (AW),6H,2025-08-13,,
0915166,"RFE OPERATING, LLC",HARRISON,THUNDER VALLEY 2 (AW),2H,2026-05-07,,
0915165,"RFE OPERATING, LLC",HARRISON,THUNDER VALLEY 8 (AW),8H,2026-05-06,,
0911644,SABINE ENERGY INC.,HARRISON,BOLDING-STRONG A (AW),1H,2026-01-27,,
0917625,DELTA OIL & GAS LTD.,HASKELL,BEARD,1,2026-08-07,,
0917624,DELTA OIL & GAS LTD.,HASKELL,GRISHAM BREWER,1,2026-08-07,,
0909856,PLAINS PIPELINE MIDCON LLC,HASKELL,BS-10,01,2026-08-06,,
0917521,"FX ENERGY OPERATING, LLC",HEMPHILL,YOUNG -2-,1,2026-08-10,,
0917762,MEWBOURNE OIL COMPANY,HEMPHILL,HAMMER 56/55 A,C001MD,2026-08-13,,
0917805,MEWBOURNE OIL COMPANY,HEMPHILL,JONES TRUST 21/20 A,C001GB,2026-08-14,,
0917806,MEWBOURNE OIL COMPANY,HEMPHILL,JONES TRUST 21/22 A,C001JO,2026-08-18,,
0916996,"TEXLAND PETROLEUM, L.P.",HOCKLEY,STINGER,1,2026-07-10,,
0917612,PICKTON GAS STORAGE LLC,HOPKINS,PICKTON PROJECT UNIT,1H,2026-08-06,,
0917614,PICKTON GAS STORAGE LLC,HOPKINS,PICKTON PROJECT UNIT,2H,2026-08-06,,
0917346,EMPIRE TEXAS OPERATING LLC,HOUSTON,FT TRINIDAD UPPER GLEN ROSE UNIT,173,2026-08-03,,
0917343,EMPIRE TEXAS OPERATING LLC,HOUSTON,FT TRINIDAD UPPER GLEN ROSE UNIT,481,2026-08-03,,
0917271,"HIGHPEAK ENERGY HOLDINGS, LLC",HOWARD,THE PEAKS 29-17 A UNIT,A 3H,2026-07-20,,
0917272,"HIGHPEAK ENERGY HOLDINGS, LLC",HOWARD,THE PEAKS 29-17 B UNIT,A 5H,2026-07-20,2026-08-07,
0917526,SM ENERGY COMPANY,HOWARD,JACUZZIE A,211H,2026-08-13,,
0917527,SM ENERGY COMPANY,HOWARD,JACUZZIE B,212H,2026-08-13,,
0917485,SM ENERGY COMPANY,HOWARD,WACO KID MARION RAVENWOOD A,0781WD,2026-08-11,,
0917484,SM ENERGY COMPANY,HOWARD,WACO KID MARION RAVENWOOD AA,1821LS,2026-08-05,,
0917486,SM ENERGY COMPANY,HOWARD,WACO KID MARION RAVENWOOD B,1824LS,2026-08-13,,
0917488,SM ENERGY COMPANY,HOWARD,WACO KID MARION RAVENWOOD C,0746WA,2026-08-13,,
0917415,SM ENERGY COMPANY,HOWARD,WILLIE SCOTT AA,0841WA,2026-08-18,,
0917423,SM ENERGY COMPANY,HOWARD,WILLIE SCOTT AA,0882WD,2026-08-18,,
0917432,SM ENERGY COMPANY,HOWARD,WILLIE SCOTT B,0825LS,2026-08-06,,
0917430,SM ENERGY COMPANY,HOWARD,WILLIE SCOTT B,0848WA,2026-08-06,,
0917440,SM ENERGY COMPANY,HOWARD,WILLIE SCOTT B,0885WD,2026-08-13,,
0914730,SM ENERGY COMPANY,HOWARD,ZISSOU B,3243WA,2026-04-17,2026-06-24,
0914729,SM ENERGY COMPANY,HOWARD,ZISSOU 32-41 A,3245WA,2026-04-20,2026-06-23,
0917836,"B.O.L.D. OIL AND GAS, LLC",JACK,WISE STEWART,9S,2026-08-14,,
0917287,BORDERLINE OPERATING CORP.,JACK,"STEWART, ORNEE",2,2026-08-19,,
0917827,DAVIS SOUTHERN OPERATING CO LLC,JASPER,JOHNSON,4,2026-08-14,,
0917866,DAVIS SOUTHERN OPERATING CO LLC,JASPER,JOHNSON,7,2026-08-24,,
0918022,"WHITEHEAD RESOURCES, LTD.",JASPER,PREDATOR,2,2026-08-25,,
0917691,"PALADIN PETROLEUM III, L.L.C.",JIM WELLS,RUSSELL,8,2026-08-10,,
0917565,"PALOMA OPERATING, LLC",JIM WELLS,KOEHN,1,2026-08-04,,
0917626,DELTA OIL & GAS LTD.,JONES,PITTARD,1,2026-08-07,2026-08-25,
0917739,"STAR PRODUCTION, INC.",JONES,BAUCUM,3,2026-08-12,2026-08-17,
0916025,"WBI ENERGY MIDSTREAM, LLC",JONES,HF SINCLAIR,T015MP,2026-08-05,2026-08-24,
0917573,BURLINGTON RESOURCES O & G CO LP,KARNES,KIMBLE-G MALIK SA C,1,2026-08-05,,
0917575,BURLINGTON RESOURCES O & G CO LP,KARNES,KIMBLE-G MALIK SA E,1,2026-08-05,,
0917576,BURLINGTON RESOURCES O & G CO LP,KARNES,KIMBLE-G MALIK SA F,1,2026-08-05,,
0917577,BURLINGTON RESOURCES O & G CO LP,KARNES,KIMBLE-G MALIK SA G,1,2026-08-05,,
0917863,SILVER HILL ENERGY OPERATING LLC,KARNES,CHRISTINE,4H,2026-08-18,,
0917864,SILVER HILL ENERGY OPERATING LLC,KARNES,CHRISTINE,103H,2026-08-18,,
0917865,SILVER HILL ENERGY OPERATING LLC,KARNES,CHRISTINE,104H,2026-08-18,,
0917997,"HIGH RIVER RES OPERATING, LLC",KING,BURNETT RANCH CO2 FLOOD 'PA1',1MI,2026-08-24,,
0917855,INEOS USA OIL & GAS LLC,LA SALLE,KINSEL D HC6,6H,2026-08-18,,
0917856,INEOS USA OIL & GAS LLC,LA SALLE,KINSEL D HC7,7H,2026-08-18,,
0917629,SILVER HILL ENERGY OPERATING LLC,LA SALLE,FLORES,3H,2026-08-11,,
0917630,SILVER HILL ENERGY OPERATING LLC,LA SALLE,FLORES,4H,2026-08-11,,
0917631,SILVER HILL ENERGY OPERATING LLC,LA SALLE,FLORES,5H,2026-08-11,,
0917633,SILVER HILL ENERGY OPERATING LLC,LA SALLE,FLORES,6H,2026-08-11,,
0909343,VERDUN OIL EF II LLC,LA SALLE,FROIDETERRE A,1H,2025-07-25,2025-08-13,
0917927,WILDFIRE ENERGY OPERATING LLC,LEE,LAGUNA B,2HE,2026-08-21,,
0917941,"COMSTOCK OIL & GAS, LLC",LEON,NEYLAND ML,1H,2026-08-25,,
0918004,HILCORP ENERGY COMPANY,LIMESTONE,ROBERT SHAW GAS UNIT NO. 1,1,2026-08-24,,
0917054,BURLINGTON RESOURCES O & G CO LP,LIVE OAK,F. MALEK UNIT M,2,2026-07-16,,
0917056,BURLINGTON RESOURCES O & G CO LP,LIVE OAK,F. MALEK UNIT M,3,2026-07-16,,
0917456,BURLINGTON RESOURCES O & G CO LP,LIVE OAK,1893 OIL & GAS LTD UNIT A,12,2026-08-03,,
0917458,BURLINGTON RESOURCES O & G CO LP,LIVE OAK,1893 OIL & GAS LTD UNIT A,13,2026-08-03,,
0917536,BURLINGTON RESOURCES O & G CO LP,LIVE OAK,"1893 OIL & GAS, LTD. UNIT A",3,2026-08-03,,
0917537,BURLINGTON RESOURCES O & G CO LP,LIVE OAK,"1893 OIL & GAS, LTD. UNIT A",4,2026-08-03,,
0917538,BURLINGTON RESOURCES O & G CO LP,LIVE OAK,"1893 OIL & GAS, LTD. UNIT D",12,2026-08-03,,
0909974,SILVER HILL ENERGY OPERATING LLC,LIVE OAK,USA LARK,2DH,2025-08-22,2025-12-12,
0908142,ANADARKO E&P ONSHORE LLC,LOVING,DUSK 54-1-39-34 B,61HA,2025-06-04,2025-09-23,
0917405,"EOG RESOURCES, INC.",LOVING,NIGHTWRANGLER A,754H,2026-08-04,,
0917406,"EOG RESOURCES, INC.",LOVING,NIGHTWRANGLER B,755H,2026-08-04,,
0917407,"EOG RESOURCES, INC.",LOVING,NIGHTWRANGLER C,756H,2026-08-04,,
0915365,"NGL WATER SOLUTIONS PERMIAN, LLC",LOVING,FISHHOOK 5,4,2026-05-05,2026-06-08,
0915364,"NGL WATER SOLUTIONS PERMIAN, LLC",LOVING,FISHHOOK 5,5,2026-05-06,2026-06-04,
0917945,PDEH LLC,LOVING,CYCLONE 54-2 STATE UNIT,2241H,2026-08-24,,
0917946,PDEH LLC,LOVING,CYCLONE 54-2 STATE UNIT,2242H,2026-08-24,,
0917650,WATERBRIDGE STATELINE LLC,LOVING,AERMOTOR SWD,6,2026-08-06,,
0917682,WATERBRIDGE STATELINE LLC,LOVING,FPW SWD,4,2026-08-10,,
0916634,"WPX ENERGY PERMIAN, LLC",LOVING,CROSS MOUNTAIN 4045-28,314H,2026-06-30,,
0916637,"WPX ENERGY PERMIAN, LLC",LOVING,CROSS MOUNTAIN 4045-28,315H,2026-06-30,,
0916643,"WPX ENERGY PERMIAN, LLC",LOVING,CROSS MOUNTAIN 4045-28,316H,2026-07-02,,
0916605,"WPX ENERGY PERMIAN, LLC",LOVING,CROSS MOUNTAIN 4045-28,412H,2026-08-20,,
0916617,"WPX ENERGY PERMIAN, LLC",LOVING,CROSS MOUNTAIN 4045-28 WEST,311H,2026-06-30,,
0916629,"WPX ENERGY PERMIAN, LLC",LOVING,CROSS MOUNTAIN 4045-28 WEST,312H,2026-06-30,,
0916604,"WPX ENERGY PERMIAN, LLC",LOVING,CROSS MOUNTAIN 4045-28 WEST,411H,2026-08-20,,
0918042,VERDUN OIL & GAS LLC,MCMULLEN,MORRILL-WARSPITE A,1H,2026-08-25,,
0918043,VERDUN OIL & GAS LLC,MCMULLEN,MORRILL-WARSPITE B,2H,2026-08-25,,
0918044,VERDUN OIL & GAS LLC,MCMULLEN,MORRILL-WARSPITE C,3H,2026-08-25,,
0918045,VERDUN OIL & GAS LLC,MCMULLEN,MORRILL-WARSPITE D,4H,2026-08-25,,
0793849,EMPIRE TEXAS OPERATING LLC,MADISON,FORREST C,303,2014-09-09,2014-11-18,
0916990,EMPIRE TEXAS OPERATING LLC,MADISON,FORREST D STATE UNIT,802,2026-07-10,,
0917352,EMPIRE TEXAS OPERATING LLC,MADISON,FT TRINIDAD UPPER GLEN ROSE UNIT,14,2026-08-03,,
0911141,DIAMONDBACK E&P LLC,MARTIN,BLACK CAIMAN 21-24 E,2MS,2025-11-12,2025-11-22,
0917824,DIAMONDBACK E&P LLC,MARTIN,GW WOLCOTT,R 1JM,2026-08-17,,
0916729,DIAMONDBACK E&P LLC,MARTIN,STANTON 28-16 A,1DN,2026-08-05,,
0916730,DIAMONDBACK E&P LLC,MARTIN,STANTON 28-16 A,5JM,2026-08-05,,
0916731,DIAMONDBACK E&P LLC,MARTIN,STANTON 28-16 B,5LS,2026-08-05,,
0916734,DIAMONDBACK E&P LLC,MARTIN,STANTON 28-16 C,4JM,2026-08-05,,
0916736,DIAMONDBACK E&P LLC,MARTIN,STANTON 28-16 C,4WA,2026-08-11,,
0916740,DIAMONDBACK E&P LLC,MARTIN,STANTON 28-16 D,4LS,2026-08-11,,
0916737,DIAMONDBACK E&P LLC,MARTIN,STANTON 28-16 D,4WB,2026-08-11,,
0916746,DIAMONDBACK E&P LLC,MARTIN,STANTON 28-16 E,2LS,2026-08-11,,
0916747,DIAMONDBACK E&P LLC,MARTIN,STANTON 28-16 E,2WB,2026-08-11,,
0916748,DIAMONDBACK E&P LLC,MARTIN,STANTON 28-16 F,1JM,2026-08-12,,
0916750,DIAMONDBACK E&P LLC,MARTIN,STANTON 28-16 F,1WA,2026-08-12,,
0916751,DIAMONDBACK E&P LLC,MARTIN,STANTON 28-16 G,1LS,2026-08-11,,
0916752,DIAMONDBACK E&P LLC,MARTIN,STANTON 28-16 G,1WB,2026-08-11,,
0916741,DIAMONDBACK E&P LLC,MARTIN,STANTON 28-16 H,3JM,2026-08-05,,
0916742,DIAMONDBACK E&P LLC,MARTIN,STANTON 28-16 H,3WA,2026-08-11,,
0916753,DIAMONDBACK E&P LLC,MARTIN,STANTON 28-16 I,2JM,2026-08-11,,
0916754,DIAMONDBACK E&P LLC,MARTIN,STANTON 28-16 I,2WA,2026-08-11,,
0916755,DIAMONDBACK E&P LLC,MARTIN,STANTON 28-16 J,3LS,2026-08-11,,
0916757,DIAMONDBACK E&P LLC,MARTIN,STANTON 28-16 J,3WB,2026-08-11,,
0911075,HOPE MIDSTREAM LLC,MARTIN,HOPE SWD,1,2026-08-05,,
0915856,"OXYROCK OPERATING, LLC",MARTIN,WRS HESPERALOE F,1HD,2026-05-27,,
0916218,"OXYROCK OPERATING, LLC",MARTIN,WRS HESPERALOE G,2HD,2026-06-23,,
0906949,"PIONEER NATURAL RES. USA, INC.",MARTIN,NAIL-TILLMAN W1K,411H,2025-04-01,2025-11-25,
0917743,"PIONEER NATURAL RES. USA, INC.",MARTIN,UNIVERSITY 7-28 PU,104H,2026-08-13,,
0917749,"PIONEER NATURAL RES. USA, INC.",MARTIN,UNIVERSITY 7-28 PU,105H,2026-08-13,,
0917748,"PIONEER NATURAL RES. USA, INC.",MARTIN,UNIVERSITY 7-28 PU,106H,2026-08-13,,
0917744,"PIONEER NATURAL RES. USA, INC.",MARTIN,UNIVERSITY 7-28 PU,107H,2026-08-13,,
0917745,"PIONEER NATURAL RES. USA, INC.",MARTIN,UNIVERSITY 7-28 PU,219H,2026-08-13,,
0917746,"PIONEER NATURAL RES. USA, INC.",MARTIN,UNIVERSITY 7-28 PU,220H,2026-08-13,,
0917861,"PIONEER NATURAL RES. USA, INC.",MARTIN,UNIVERSITY 7-28 PU,221H,2026-08-18,,
0917747,"PIONEER NATURAL RES. USA, INC.",MARTIN,UNIVERSITY 7-28 PU,222H,2026-08-13,,
0915930,APACHE CORPORATION,MIDLAND,BOB,1HM,2026-07-10,,
0915978,APACHE CORPORATION,MIDLAND,BOB,2HM,2026-06-25,,
0915981,APACHE CORPORATION,MIDLAND,BOB,3HM,2026-06-25,,
0915905,APACHE CORPORATION,MIDLAND,BOB,4HM,2026-05-28,,
0916007,APACHE CORPORATION,MIDLAND,BOB,9HJ,2026-06-26,,
0915614,APACHE CORPORATION,MIDLAND,BOB,U 5HS,2026-05-19,,
0915985,APACHE CORPORATION,MIDLAND,BOB,U 6HS,2026-06-25,,
0915615,APACHE CORPORATION,MIDLAND,BOB,U 7HJ,2026-05-19,,
0915616,APACHE CORPORATION,MIDLAND,BOB,U 8HS,2026-05-19,,
0829899,CHEVRON U. S. A. INC.,MIDLAND,MIDLAND 'AC/AF' FEE 10B,0172LS,2017-09-01,2017-10-29,
0829877,CHEVRON U. S. A. INC.,MIDLAND,MIDLAND 'AC/AF' FEE 11B,0161LS,2017-09-01,2017-12-02,
0832270,CHEVRON U. S. A. INC.,MIDLAND,MIDLAND 'AC/AF' FEE 12B,0173LS,2017-10-27,2017-10-28,
0829880,CHEVRON U. S. A. INC.,MIDLAND,MIDLAND 'AC/AF' FEE 3B,0162LS,2017-08-18,2017-12-03,
0829893,CHEVRON U. S. A. INC.,MIDLAND,MIDLAND 'AC/AF' FEE 6B,0171LS,2017-08-18,2017-10-29,
0914591,"CONTINENTAL RESOURCES, INC.",MIDLAND,FOSTER 1201C,03H,2026-04-08,2026-06-17,
0914592,"CONTINENTAL RESOURCES, INC.",MIDLAND,FOSTER 1201D,04H,2026-04-08,2026-06-18,
0918026,"CONTINENTAL RESOURCES, INC.",MIDLAND,NOBLES RED,3101BL,2026-08-25,,
0917581,"CONTINENTAL RESOURCES, INC.",MIDLAND,TXL L,2302WB,2026-08-06,,
0917582,"CONTINENTAL RESOURCES, INC.",MIDLAND,TXL L,2303WB,2026-08-05,,
0917583,"CONTINENTAL RESOURCES, INC.",MIDLAND,TXL L,2304WA,2026-08-05,,
0917584,"CONTINENTAL RESOURCES, INC.",MIDLAND,TXL L,2305LS,2026-08-05,,
0912601,DIAMONDBACK E&P LLC,MIDLAND,BATTLEGROUND 30-7 K,3WA,2026-01-27,2026-02-21,
0915252,DIAMONDBACK E&P LLC,MIDLAND,BERMAN 3-33 A,1BN,2026-06-03,,
0915256,DIAMONDBACK E&P LLC,MIDLAND,BERMAN 3-33 B,2BN,2026-06-03,,
0915259,DIAMONDBACK E&P LLC,MIDLAND,BERMAN 3-33 C,3BN,2026-06-03,,
0915263,DIAMONDBACK E&P LLC,MIDLAND,BERMAN 3-33 D,4BN,2026-06-03,,
0917207,DIAMONDBACK E&P LLC,MIDLAND,GEORGIA 37-32 A,1BN,2026-08-20,,
0917208,DIAMONDBACK E&P LLC,MIDLAND,GEORGIA 37-32 B,2BN,2026-08-18,,
0917209,DIAMONDBACK E&P LLC,MIDLAND,GEORGIA 37-32 C,3BN,2026-08-18,,
0917210,DIAMONDBACK E&P LLC,MIDLAND,GEORGIA 37-32 D,4BN,2026-08-18,,
0904080,DIAMONDBACK E&P LLC,MIDLAND,MARSHALL 34 UNIT C,1WB,2024-11-18,2024-12-11,
0909879,DIAMONDBACK E&P LLC,MIDLAND,PEGGY 20-17 C,3WD,2025-09-15,2025-09-20,
0909880,DIAMONDBACK E&P LLC,MIDLAND,PEGGY 20-8 A,1WD,2025-12-29,2026-02-10,
0909878,DIAMONDBACK E&P LLC,MIDLAND,PEGGY 20-8 B,2WD,2025-08-20,2025-09-19,
0909881,DIAMONDBACK E&P LLC,MIDLAND,PEGGY 20-8 D,4WD,2025-12-29,2026-02-11,
0917928,DIAMONDBACK E&P LLC,MIDLAND,RIO TRINITY 22-23 F,2WB,2026-08-18,,
0917092,DIAMONDBACK E&P LLC,MIDLAND,RIVERCREST 2-11 A,1JM,2026-08-10,,
0917094,DIAMONDBACK E&P LLC,MIDLAND,RIVERCREST 2-11 A,1WA,2026-08-10,,
0917096,DIAMONDBACK E&P LLC,MIDLAND,RIVERCREST 2-11 B,1LS,2026-08-10,,
0917098,DIAMONDBACK E&P LLC,MIDLAND,RIVERCREST 2-11 B,1WD,2026-08-10,,
0917099,DIAMONDBACK E&P LLC,MIDLAND,RIVERCREST 2-11 C,2WD,2026-08-10,,
0917109,DIAMONDBACK E&P LLC,MIDLAND,RIVERCREST 2-11 D,2LS,2026-08-18,,
0917112,DIAMONDBACK E&P LLC,MIDLAND,RIVERCREST 2-11 D,2WB,2026-08-21,,
0917113,DIAMONDBACK E&P LLC,MIDLAND,RIVERCREST 2-11 E,3JM,2026-08-10,,
0917117,DIAMONDBACK E&P LLC,MIDLAND,RIVERCREST 2-11 E,3WA,2026-08-10,,
0917120,DIAMONDBACK E&P LLC,MIDLAND,RIVERCREST 2-11 F,3LS,2026-08-10,,
0917124,DIAMONDBACK E&P LLC,MIDLAND,RIVERCREST 2-11 F,3WB,2026-08-10,,
0917127,DIAMONDBACK E&P LLC,MIDLAND,RIVERCREST 2-11 G,2JM,2026-08-10,,
0917129,DIAMONDBACK E&P LLC,MIDLAND,RIVERCREST 2-11 G,2WA,2026-08-12,,
0916820,DIAMONDBACK E&P LLC,MIDLAND,RIVERCREST 47-11 C,4LS,2026-08-05,2026-08-14,
0917665,DIAMONDBACK E&P LLC,MIDLAND,RUTTER 1-12 A,1WD,2026-08-12,,
0917666,DIAMONDBACK E&P LLC,MIDLAND,RUTTER 1-12 B,1LS,2026-08-12,,
0917667,DIAMONDBACK E&P LLC,MIDLAND,RUTTER 1-12 B,1WB,2026-08-13,,
0917715,DIAMONDBACK E&P LLC,MIDLAND,RUTTER 1-12 E,2WD,2026-08-12,,
0917916,DIAMONDBACK E&P LLC,MIDLAND,TEXAS TEN 48-6 A,1BN,2026-08-19,,
0917917,DIAMONDBACK E&P LLC,MIDLAND,TEXAS TEN 48-6 B,2BN,2026-08-19,,
0917918,DIAMONDBACK E&P LLC,MIDLAND,TEXAS TEN 48-6 C,3BN,2026-08-19,,
0917919,DIAMONDBACK E&P LLC,MIDLAND,TEXAS TEN 48-6 D,4BN,2026-08-19,,
0917914,MID-STATES OPERATING COMPANY,MIDLAND,SPINKS 47,2D,2026-08-17,,
0917912,MID-STATES OPERATING COMPANY,MIDLAND,SPINKS 54,1D,2026-08-17,,
0917890,"OVERFLOW ENERGY PERMIAN, LLC",MIDLAND,ECHO SWD,2,2026-08-19,,
0916340,"PERMIAN DEEP ROCK OIL CO., LLC",MIDLAND,BULLDOG B,H135NB,2026-06-24,,
0916341,"PERMIAN DEEP ROCK OIL CO., LLC",MIDLAND,BULLDOG B,H155NB,2026-06-18,2026-07-14,
0916548,"PERMIAN DEEP ROCK OIL CO., LLC",MIDLAND,REBEL,H115NB,2026-06-22,,
0917118,"PIONEER NATURAL RES. USA, INC.",MIDLAND,BROOKS-CRESPI 30M,13H,2026-08-11,,
0917123,"PIONEER NATURAL RES. USA, INC.",MIDLAND,BROOKS-CRESPI 30N,14H,2026-08-12,,
0917107,"PIONEER NATURAL RES. USA, INC.",MIDLAND,CRESPI-GOLLADAY E30G,7H,2026-08-12,,
0917726,"PIONEER NATURAL RES. USA, INC.",MIDLAND,DONALD L HUTT C,1150H,2026-08-13,,
0917727,"PIONEER NATURAL RES. USA, INC.",MIDLAND,DONALD L HUTT C,1151H,2026-08-13,,
0917326,"PIONEER NATURAL RES. USA, INC.",MIDLAND,ODANIEL-FLOYD 1E,105H,2026-08-24,,
0917329,"PIONEER NATURAL RES. USA, INC.",MIDLAND,ODANIEL-FLOYD 60B,102H,2026-08-24,,
0917119,"PIONEER NATURAL RES. USA, INC.",MIDLAND,SHAUNA-WINDHAM 42J,210H,2026-08-10,,
0917169,"PIONEER NATURAL RES. USA, INC.",MIDLAND,SHAUNA-WINDHAM 42L,212H,2026-08-12,,
0917365,"PIONEER NATURAL RES. USA, INC.",MIDLAND,SPOONBILL-DONOVAN 10O,15H,2026-08-19,,
0917368,"PIONEER NATURAL RES. USA, INC.",MIDLAND,SPOONBILL-DONOVAN 10P,16H,2026-08-19,,
0917066,"PIONEER NATURAL RES. USA, INC.",MIDLAND,TURNER EC42C,103H,2026-08-11,,
0917067,"PIONEER NATURAL RES. USA, INC.",MIDLAND,TURNER EC42DD,104H,2026-08-11,,
0917070,"PIONEER NATURAL RES. USA, INC.",MIDLAND,TURNER-OXY 42A,1H,2026-08-12,,
0917072,"PIONEER NATURAL RES. USA, INC.",MIDLAND,TURNER-WINKLEMAN 42D,4H,2026-08-12,,
0917331,"PIONEER NATURAL RES. USA, INC.",MIDLAND,WINKLEMAN-DONOVAN 10I,109H,2026-08-20,,
0917332,"PIONEER NATURAL RES. USA, INC.",MIDLAND,WINKLEMAN-DONOVAN 10J,110H,2026-08-20,,
0906917,BAYSWATER OPERATING COMPANY LLC,MITCHELL,RAMESSES 6-73,H 1W,2025-03-27,2025-04-12,
0917911,"TEXXOL OPERATING COMPANY, INC.",MONTAGUE,HARDY,1,2026-08-21,,
0916906,"ROSE CITY RESOURCES, LLC",MORRIS,EL CORTEZ,1H,2026-08-17,,
0915802,ARENOS ENERGY,NACOGDOCHES,RED GENTRY GAS UNIT,1HB,2026-05-26,2026-06-01,
0915829,ARENOS ENERGY,NACOGDOCHES,RED GENTRY GAS UNIT,2H,2026-05-27,2026-06-03,
0917962,SONERRA RESOURCES CORPORATION,NACOGDOCHES,SUN DANCER,1,2026-08-21,,
0917609,"GOODROCK NATURAL RESOURCES, LLC",NOLAN,"HANKS, BILLIE 'C'",1,2026-08-06,,
0917615,"GOODROCK NATURAL RESOURCES, LLC",NOLAN,"HANKS, BILLIE 'C'",2,2026-08-07,,
0917362,CARSON BUCKLES EXPLORATION LLC,OCHILTREE,LANCE,2011,2026-08-18,,
0917517,KING OPERATING CORPORATION,OCHILTREE,MCLARTY-LAWRENCE,1H,2026-08-03,,
0917894,"ARROW OIL & GAS, LLC",OLDHAM,B. CREEK,101,2026-08-17,,
0917798,"ARROW OIL & GAS, LLC",OLDHAM,W. RIFT,2,2026-08-24,,
0917649,"G & F OIL, INC.",PALO PINTO,COFFEE GROUP K.L. BRIDGES,9,2026-08-13,,
0917598,TGNR EAST TEXAS II LLC,PANOLA,G11A WINSTON AN,1HH,2026-08-11,,
0917599,TGNR EAST TEXAS II LLC,PANOLA,G11A WINSTON BN,2HH,2026-08-11,,
0917600,TGNR EAST TEXAS II LLC,PANOLA,G11A WINSTON CN,3HH,2026-08-11,,
0917601,TGNR EAST TEXAS II LLC,PANOLA,G11A WINSTON DN,4HH,2026-08-11,,
0917602,TGNR EAST TEXAS II LLC,PANOLA,G11A WINSTON EN,5HH,2026-08-11,,
0916847,TGNR PANOLA LLC,PANOLA,E13C REGAN DS,4HH,2026-07-07,,
0917412,TGNR PANOLA LLC,PANOLA,F14H AVALON DS,4HH,2026-07-29,,
0917413,TGNR PANOLA LLC,PANOLA,F14H AVALON ES,5HH,2026-07-29,,
0917414,TGNR PANOLA LLC,PANOLA,F14H AVALON FS,6HH,2026-07-29,,
0891759,"BLUE ARROW OPERATING, LLC",PECOS,BLACK STONE 10-3 UNIT,3TB,2023-07-11,2023-08-01,
0891760,"BLUE ARROW OPERATING, LLC",PECOS,BLACK STONE 10-3 UNIT,4SB,2023-07-11,2023-08-03,
0917893,KINDER MORGAN PRODUCTION CO LLC,PECOS,YATES FIELD UNIT,98B08,2026-08-19,,
0917880,MBX OPERATING LLC,PECOS,ATKINS STATE '26',2,2026-08-17,,
0914775,"DE CENTRAL OPERATING, LLC",REAGAN,MERCHANT DANIEL EAST K 14-7,4211H,2026-04-13,2026-05-27,
0917591,"DE CENTRAL OPERATING, LLC",REAGAN,MERCHANT DANIEL EAST K 14-7,4411HR,2026-08-05,2026-08-23,
0917149,"DE CENTRAL OPERATING, LLC",REAGAN,SIDEWINDER EAST I 12-8,4209H,2026-08-10,2026-08-15,
0917148,"DE CENTRAL OPERATING, LLC",REAGAN,SIDEWINDER EAST I 12-8,4409H,2026-08-10,2026-08-16,
0917150,"DE CENTRAL OPERATING, LLC",REAGAN,SIDEWINDER EAST K 12-8,4311H,2026-08-10,2026-08-16,
0917152,"DE CENTRAL OPERATING, LLC",REAGAN,SIDEWINDER EAST M 12-8,4213H,2026-08-10,2026-08-17,
0917151,"DE CENTRAL OPERATING, LLC",REAGAN,SIDEWINDER EAST M 12-8,4413H,2026-08-10,2026-08-17,
0917153,"DE CENTRAL OPERATING, LLC",REAGAN,SIDEWINDER EAST O 12-8,4315H,2026-08-10,2026-08-18,
0917155,"DE CENTRAL OPERATING, LLC",REAGAN,SIDEWINDER WEST A 12-8,4201H,2026-08-11,2026-08-11,
0917154,"DE CENTRAL OPERATING, LLC",REAGAN,SIDEWINDER WEST A 12-8,4401H,2026-08-11,2026-08-11,
0917156,"DE CENTRAL OPERATING, LLC",REAGAN,SIDEWINDER WEST C 12-8,4303H,2026-08-11,2026-08-13,
0917158,"DE CENTRAL OPERATING, LLC",REAGAN,SIDEWINDER WEST E 12-8,4205H,2026-08-11,2026-08-13,
0917157,"DE CENTRAL OPERATING, LLC",REAGAN,SIDEWINDER WEST E 12-8,4405H,2026-08-11,2026-08-14,
0917159,"DE CENTRAL OPERATING, LLC",REAGAN,SIDEWINDER WEST G 12-8,4307H,2026-08-11,2026-08-14,
0917623,"DE IV FLOW, LLC",REAGAN,GOLDENROD 13,1D,2026-08-06,,
0917686,DISCOVERY NATURAL RESOURCES LLC,REAGAN,BULLHEAD,0472DC,2026-08-11,,
0917692,DISCOVERY NATURAL RESOURCES LLC,REAGAN,NORTH CREEK B,0444SB,2026-08-12,,
0917696,DISCOVERY NATURAL RESOURCES LLC,REAGAN,NORTH CREEK M,0261DC,2026-08-12,,
0917860,"HANNATHON PETROLEUM II, LLC",REAGAN,BODINE E2 09,9H,2026-08-18,2026-08-20,
0914089,"PERMIAN RESOURCES OPERATING, LLC",REAGAN,HUGHES EAST C,212H,2026-03-17,2026-04-03,
0914091,"PERMIAN RESOURCES OPERATING, LLC",REAGAN,HUGHES EAST E,333H,2026-03-17,2026-04-03,
0914092,"PERMIAN RESOURCES OPERATING, LLC",REAGAN,HUGHES EAST F,331H,2026-03-17,2026-04-03,
0914093,"PERMIAN RESOURCES OPERATING, LLC",REAGAN,HUGHES EAST G,442H,2026-03-17,2026-04-03,
0916941,"PIONEER NATURAL RES. USA, INC.",REAGAN,DRIVER S27AB,28H,2026-08-05,2026-08-20,
0916942,"PIONEER NATURAL RES. USA, INC.",REAGAN,DRIVER S27AC,29H,2026-08-05,2026-08-21,
0916943,"PIONEER NATURAL RES. USA, INC.",REAGAN,DRIVER S27AD,30H,2026-08-05,2026-08-22,
0916944,"PIONEER NATURAL RES. USA, INC.",REAGAN,DRIVER S27AE,31H,2026-08-05,2026-08-23,
0916932,"PIONEER NATURAL RES. USA, INC.",REAGAN,DRIVER S27E,5H,2026-08-05,2026-08-19,
0916933,"PIONEER NATURAL RES. USA, INC.",REAGAN,DRIVER S27F,6H,2026-08-05,2026-08-21,
0916934,"PIONEER NATURAL RES. USA, INC.",REAGAN,DRIVER S27G,7H,2026-08-05,2026-08-22,
0916935,"PIONEER NATURAL RES. USA, INC.",REAGAN,DRIVER S27H,8H,2026-08-05,2026-08-23,
0916936,"PIONEER NATURAL RES. USA, INC.",REAGAN,DRIVER S27I,9H,2026-08-05,,
0917721,"PIONEER NATURAL RES. USA, INC.",REAGAN,DRIVER S27J,10HM,2026-08-13,,
0916937,"PIONEER NATURAL RES. USA, INC.",REAGAN,DRIVER S27O,15H,2026-08-05,,
0916938,"PIONEER NATURAL RES. USA, INC.",REAGAN,DRIVER S27Q,17H,2026-08-05,,
0917723,"PIONEER NATURAL RES. USA, INC.",REAGAN,DRIVER S27R,18HM,2026-08-14,,
0916939,"PIONEER NATURAL RES. USA, INC.",REAGAN,DRIVER S27Y,25H,2026-08-05,,
0916940,"PIONEER NATURAL RES. USA, INC.",REAGAN,DRIVER S27Z,26H,2026-08-05,2026-08-18,
0907728,ANADARKO E&P ONSHORE LLC,REEVES,GOLEM STATE 56-2-43-13 I,18HD,2025-05-01,,
0907730,ANADARKO E&P ONSHORE LLC,REEVES,GOLEM STATE 56-2-43-13 K,23HD,2025-05-01,,
0915668,APACHE CORPORATION,REEVES,FOWLER STATE UNIT 1720,201H,2026-05-20,,
0915669,APACHE CORPORATION,REEVES,FOWLER STATE UNIT 1720,301H,2026-05-20,,
0915675,APACHE CORPORATION,REEVES,FOWLER STATE UNIT 1720,311H,2026-05-19,,
0915676,APACHE CORPORATION,REEVES,FOWLER STATE UNIT 1720,312H,2026-05-20,,
0915678,APACHE CORPORATION,REEVES,FOWLER STATE UNIT 1720,401H,2026-05-20,,
0915679,APACHE CORPORATION,REEVES,FOWLER STATE UNIT 1720,402H,2026-05-19,,
0915680,APACHE CORPORATION,REEVES,FOWLER STATE UNIT 1720,501H,2026-05-20,,
0917657,BPX OPERATING COMPANY,REEVES,STATE CARSON 57-T3-8X20 A,W101H,2026-08-11,,
0917658,BPX OPERATING COMPANY,REEVES,STATE CARSON 57-T3-8X20 B,W102H,2026-08-07,,
0917659,BPX OPERATING COMPANY,REEVES,STATE CARSON 57-T3-8X20 C,W103H,2026-08-07,,
0917660,BPX OPERATING COMPANY,REEVES,STATE CARSON 57-T3-8X20 D,W105H,2026-08-07,,
0917661,BPX OPERATING COMPANY,REEVES,STATE CARSON 57-T3-8X20 E,W104H,2026-08-07,,
0917662,BPX OPERATING COMPANY,REEVES,STATE CARSON 57-T3-8X20 YA,X101H,2026-08-07,,
0917663,BPX OPERATING COMPANY,REEVES,STATE CARSON 57-T3-8X20 YB,X102H,2026-08-07,,
0917664,BPX OPERATING COMPANY,REEVES,STATE CARSON 57-T3-8X20 YC,X103H,2026-08-07,,
0917895,"BTA OIL PRODUCERS, LLC",REEVES,ARPENT 21602 25,05H,2026-08-20,,
0917915,"BTA OIL PRODUCERS, LLC",REEVES,ARPENT 21602 25,06H,2026-08-20,,
0912376,"BTA OIL PRODUCERS, LLC",REEVES,HIGHWAY 22506 A 1-7-10,01H,2026-01-14,2026-02-20,
0912401,"BTA OIL PRODUCERS, LLC",REEVES,HIGHWAY 22506 B 1-7-10,02H,2026-01-14,2026-02-20,
0917616,COTERRA ENERGY OPERATING CO.,REEVES,STATE BLACK DIAMOND A,1H,2026-08-25,,
0917617,COTERRA ENERGY OPERATING CO.,REEVES,STATE BLACK DIAMOND B,2H,2026-08-25,,
0917618,COTERRA ENERGY OPERATING CO.,REEVES,STATE BLACK DIAMOND C,3H,2026-08-25,,
0917619,COTERRA ENERGY OPERATING CO.,REEVES,STATE BLACK DIAMOND D,5H,2026-08-25,,
0917620,COTERRA ENERGY OPERATING CO.,REEVES,STATE BLACK DIAMOND E,8H,2026-08-25,,
0917606,COTERRA ENERGY OPERATING CO.,REEVES,STATE BLACK DIAMOND UNIT,4H,2026-08-24,,
0917608,COTERRA ENERGY OPERATING CO.,REEVES,STATE BLACK DIAMOND UNIT,6H,2026-08-24,,
0917611,COTERRA ENERGY OPERATING CO.,REEVES,STATE BLACK DIAMOND UNIT,7H,2026-08-24,,
0906090,COTERRA ENERGY OPERATING CO.,REEVES,TELLURIDE STATE 29-32 UNIT H,8H,2025-02-24,2025-10-16,
0906096,COTERRA ENERGY OPERATING CO.,REEVES,TELLURIDE STATE 29-32 UNIT I,9H,2025-02-24,2025-10-17,
0906098,COTERRA ENERGY OPERATING CO.,REEVES,TELLURIDE STATE 29-32 UNIT J,10H,2025-02-24,2025-09-16,
0906099,COTERRA ENERGY OPERATING CO.,REEVES,TELLURIDE STATE 29-32 UNIT K,11H,2025-02-24,2025-09-17,
0906100,COTERRA ENERGY OPERATING CO.,REEVES,TELLURIDE STATE 29-32 UNIT L,12H,2025-02-24,,
0917265,"EOG RESOURCES, INC.",REEVES,STATE HARRISON RANCH 56,2536H,2026-08-20,,
0909171,"GREENLAKE ENERGY OPERATING, LLC",REEVES,MIKE JONES,4102H,2025-07-15,2025-08-28,
0917647,LAKEWOOD ENERGY LLC,REEVES,BARILLA DRAW,1H,2026-08-07,,
0917648,LAKEWOOD ENERGY LLC,REEVES,BARILLA DRAW,2HU,2026-08-07,,
0917832,MEWBOURNE OIL COMPANY,REEVES,STATE FIREWALKER 8/20,W102CN,2026-08-14,,
0917834,MEWBOURNE OIL COMPANY,REEVES,STATE FIREWALKER 8/20,W102DM,2026-08-14,,
0917477,MEWBOURNE OIL COMPANY,REEVES,STATE GAGE 2/5 A1,W102AP,2026-08-14,,
0917478,MEWBOURNE OIL COMPANY,REEVES,STATE GAGE 2/5 A2,W201AP,2026-08-14,,
0915444,"PERMIAN RESOURCES OPERATING, LLC",REEVES,BIG WHISKEY STATE A,332H,2026-05-18,2026-07-06,
0915421,"PERMIAN RESOURCES OPERATING, LLC",REEVES,BLANTONS 20-23E UNIT,313H,2026-05-14,2026-05-19,
0915422,"PERMIAN RESOURCES OPERATING, LLC",REEVES,BLANTONS 20-23E UNIT,334H,2026-05-12,2026-05-20,
0915419,"PERMIAN RESOURCES OPERATING, LLC",REEVES,BLANTONS 20-23E UNIT,402H,2026-05-12,2026-05-19,
0915618,"PERMIAN RESOURCES OPERATING, LLC",REEVES,BUFFALO TRACE STATE 22-21 UNIT,311H,2026-05-19,2026-05-31,
0915619,"PERMIAN RESOURCES OPERATING, LLC",REEVES,BUFFALO TRACE STATE 22-21 UNIT,331H,2026-05-19,2026-05-30,
0917621,"PERMIAN RESOURCES OPERATING, LLC",REEVES,CHEVRON MINERALS 19,1H,2026-08-13,,
0917622,"PERMIAN RESOURCES OPERATING, LLC",REEVES,CHEVRON MINERALS 19,2H,2026-08-13,,
0917503,"PERMIAN RESOURCES OPERATING, LLC",REEVES,LOCH NESS STATE A,1H,2026-08-05,,
0917505,"PERMIAN RESOURCES OPERATING, LLC",REEVES,LOCH NESS STATE B,2H,2026-08-05,,
0917506,"PERMIAN RESOURCES OPERATING, LLC",REEVES,LOCH NESS STATE C,3H,2026-08-05,,
0917509,"PERMIAN RESOURCES OPERATING, LLC",REEVES,LOCH NESS STATE D,4H,2026-08-05,,
0917513,"PERMIAN RESOURCES OPERATING, LLC",REEVES,LOCH NESS STATE E,5H,2026-08-05,,
0915441,"PERMIAN RESOURCES OPERATING, LLC",REEVES,PAPPY VAN WINKLE STATE 20-23,312H,2026-05-14,2026-07-05,
0915442,"PERMIAN RESOURCES OPERATING, LLC",REEVES,PAPPY VAN WINKLE STATE 20-23,333H,2026-05-14,,
0915443,"PERMIAN RESOURCES OPERATING, LLC",REEVES,PAPPY VAN WINKLE STATE 20-23,401H,2026-05-14,2026-05-18,
0917610,"PERMIAN RESOURCES OPERATING, LLC",REEVES,ZUTOPIA A,3H,2026-08-07,,
0918007,PERUN ENERGY LLC,REEVES,BCA UNIT,5H,2026-08-21,,
0918009,PERUN ENERGY LLC,REEVES,BCA UNIT,6H,2026-08-21,,
0918018,PERUN ENERGY LLC,REEVES,BCA UNIT,7H,2026-08-21,,
0917435,PERUN ENERGY LLC,REEVES,HATCH WB,1UH,2026-07-28,2026-08-05,
0917819,TRP OPERATING LLC,REEVES,CHECKERS A,702H,2026-08-17,,
0917821,TRP OPERATING LLC,REEVES,CHECKERS B,802H,2026-08-17,,
0917822,TRP OPERATING LLC,REEVES,CHECKERS C,703H,2026-08-17,,
0917825,TRP OPERATING LLC,REEVES,CHECKERS D,803H,2026-08-17,,
0917826,TRP OPERATING LLC,REEVES,CHECKERS E,804H,2026-08-17,,
0917760,TRP OPERATING LLC,REEVES,CHECKERS STATE UNIT 54-12-21,801H,2026-08-12,,
0917504,U.S. ENERGY DEVELOPMENT CORP,REEVES,LION STATE,1SU,2026-08-04,,
0917507,U.S. ENERGY DEVELOPMENT CORP,REEVES,LION STATE,3XU,2026-08-04,,
0917508,U.S. ENERGY DEVELOPMENT CORP,REEVES,LION STATE,5TU,2026-08-05,,
0917511,U.S. ENERGY DEVELOPMENT CORP,REEVES,LION STATE,6SU,2026-08-04,,
0914241,U.S. ENERGY DEVELOPMENT CORP,REEVES,TYCOON UD,4SH,2026-03-31,,
0914501,U.S. ENERGY DEVELOPMENT CORP,REEVES,W STATE B,2BH,2026-08-24,,
0914502,U.S. ENERGY DEVELOPMENT CORP,REEVES,W STATE F,6BH,2026-08-25,,
0914503,U.S. ENERGY DEVELOPMENT CORP,REEVES,W STATE I,9BH,2026-08-25,,
0917969,"VTX ENERGY OPERATING, LLC",REEVES,BABOON E14,14H,2026-08-21,,
0917972,"VTX ENERGY OPERATING, LLC",REEVES,BABOON E22,22H,2026-08-21,,
0917968,"VTX ENERGY OPERATING, LLC",REEVES,BABOON E23,23H,2026-08-21,,
0917974,"VTX ENERGY OPERATING, LLC",REEVES,BABOON W11,11H,2026-08-21,,
0917977,"VTX ENERGY OPERATING, LLC",REEVES,BABOON W12,12H,2026-08-21,,
0917973,"VTX ENERGY OPERATING, LLC",REEVES,BABOON W13,13H,2026-08-21,,
0917964,"VTX ENERGY OPERATING, LLC",REEVES,PANTHER 23 UNIT,15H,2026-08-21,,
0917965,"VTX ENERGY OPERATING, LLC",REEVES,PANTHER 23 UNIT,21H,2026-08-21,,
0917929,"RISING STAR ENERGY PARTNERS II,",REFUGIO,ROOKE. B.D.,6901PR,2026-08-20,,
0916201,"RISING STAR ENERGY PARTNERS II,",REFUGIO,ROOKE. B.D.,6903P,2026-06-05,,
0917534,SUMMIT PETROLEUM LLC,ROBERTS,COURSON RANCH 133B,2133H,2026-08-06,,
0917693,SUMMIT PETROLEUM LLC,ROBERTS,COURSON RANCH 133C,3133H,2026-08-13,,
0917704,SUMMIT PETROLEUM LLC,ROBERTS,MAYO CLINIC,4133H,2026-08-11,,
0917879,SUMMIT PETROLEUM LLC,ROBERTS,MAYO CLINIC 133,5133H,2026-08-20,,
0917978,"COMSTOCK OIL & GAS, LLC",ROBERTSON,WHEELER ECW,1H,2026-08-21,,
0917698,HILCORP ENERGY COMPANY,ROBERTSON,BUCHANAN SWD,2,2026-08-10,,
0917795,WILDFIRE ENERGY OPERATING LLC,ROBERTSON,GREAT EAGLE B,2HA,2026-08-14,,
0917607,CEDAR OIL COMPANY,RUNNELS,RICHARD,1,2026-08-06,,
0917722,NODDING DONKEY RESOURCES LLC,RUNNELS,EVANS,3A,2026-08-12,2026-08-14,
0916613,BUCKHORN OPERATING LLC,RUSK,PAT GRATTON,1H,2026-06-30,,
0917765,BUFFCO PRODUCTION INC.,RUSK,HENDERSON 'E',8,2026-08-13,,
0916992,SABINE ENERGY INC.,RUSK,HELVENSTON C HS (AW),3H,2026-08-13,,
0917020,SABINE ENERGY INC.,RUSK,HELVENSTON D CV (AW),4H,2026-08-14,,
0917002,SABINE ENERGY INC.,RUSK,HELVENSTON D HS (AW),4H,2026-08-13,,
0917970,"TANOS EXPLORATION IV, LLC",RUSK,BROWN SWD,1,2026-08-20,,
0917990,VALENCE OPERATING COMPANY,RUSK,BLACKBURN,1,2026-08-24,,
0917680,ADAMAS ENERGY LLC,SAN AUGUSTINE,LEON VALLEY EAST,1H,2026-08-11,,
0917681,ADAMAS ENERGY LLC,SAN AUGUSTINE,LEON VALLEY EAST,2HB,2026-08-11,,
0917887,ADAMAS ENERGY LLC,SAN AUGUSTINE,SACAGAWEA,9H,2026-08-20,,
0917888,ADAMAS ENERGY LLC,SAN AUGUSTINE,SACAGAWEA,11H,2026-08-20,,
0913953,"APEX NATURAL GAS, LLC",SAN AUGUSTINE,POOL A,1HB,2026-03-12,,
0916563,ROCKCLIFF ENERGY OPERATING III,SAN AUGUSTINE,BSM NORTH UNIT,1HB,2026-06-24,,
0916564,ROCKCLIFF ENERGY OPERATING III,SAN AUGUSTINE,BSM NORTH UNIT,2H,2026-06-24,,
0916565,ROCKCLIFF ENERGY OPERATING III,SAN AUGUSTINE,BSM NORTH UNIT,3HB,2026-06-24,,
0914458,ROCKCLIFF ENERGY OPERATING III,SAN AUGUSTINE,HATCH 'C',3HB,2026-04-02,2026-04-14,
0913985,ROCKCLIFF ENERGY OPERATING III,SAN AUGUSTINE,ROYAL TROON B,2H,2026-03-18,2026-04-10,
0917697,OCCIDENTAL PERMIAN LTD.,SCURRY,FULLER,6018,2026-08-11,,
0917823,OCCIDENTAL PERMIAN LTD.,SCURRY,FULLER,6028,2026-08-14,,
0917820,OCCIDENTAL PERMIAN LTD.,SCURRY,FULLER,6046,2026-08-19,,
0917711,OCCIDENTAL PERMIAN LTD.,SCURRY,FULLER,6053,2026-08-11,,
0912168,"THREE SPAN OIL & GAS, INC.",SCURRY,MAPACHE GRANDE 008B,1H,2026-01-09,,
0916024,"WBI ENERGY MIDSTREAM, LLC",SHACKELFORD,HF SINCLAIR,T027MP,2026-08-05,,
0917590,"WBI ENERGY MIDSTREAM, LLC",SHACKELFORD,HF SINCLAIR MP27,T027MP,2026-08-13,,
0910281,SILVER HILL ENERGY OPERATING LLC,SHELBY,USA POLK 'E',1B,2025-09-09,,
0910283,SILVER HILL ENERGY OPERATING LLC,SHELBY,USA POLK 'E',2H,2025-09-09,,
0917338,XTO ENERGY INC.,SHELBY,BOM,1H,2026-08-07,,
0917500,"FAULCONER ENERGY, LLC",SMITH,ALLRED 1,1,2026-08-06,,
0917522,"PATTON EXPLORATION, INC.",STONEWALL,WOOD,1,2026-08-03,2026-08-15,
0917479,"BKV NORTH TEXAS, LLC",TARRANT,DIDO B 2 (AW),2H,2026-08-06,,
0917750,"DELEK CRUDE LOGISTICS, LLC",TAYLOR,TYE-SOUTH STREET,1,2026-08-14,,
0917448,L.C.S. PRODUCTION COMPANY,TAYLOR,KISSELL UNIT,21,2026-08-06,,
0917559,L.C.S. PRODUCTION COMPANY,TAYLOR,KISSELL UNIT,23WS,2026-08-04,,
0917433,L.C.S. PRODUCTION COMPANY,TAYLOR,KISSELL UNIT,27WI,2026-08-04,,
0917408,L.C.S. PRODUCTION COMPANY,TAYLOR,KISSELL UNIT,28WI,2026-08-03,2026-08-21,
0917532,L.C.S. PRODUCTION COMPANY,TAYLOR,KISSELL UNIT,29,2026-08-04,2026-08-07,
0917409,L.C.S. PRODUCTION COMPANY,TAYLOR,KISSELL UNIT,31WI,2026-08-04,,
0917776,"BASIN OIL & GAS OPERATING, LLC",TERRY,SUNTURA (LOWER CLEAR FORK) UNIT,605,2026-08-20,,
0917639,"BASIN OIL & GAS OPERATING, LLC",TERRY,SUNTURA (LOWER CLEAR FORK) UNIT,704,2026-08-06,,
0914541,"MORIAH OPERATING,LLC",TOM GREEN,CORAL SEA UNIT,1H,2026-04-08,2026-05-30,
0916529,DAVIS SOUTHERN OPERATING CO LLC,TYLER,WILLIAMS,1,2026-08-03,,
0915797,APACHE CORPORATION,UPTON,CC 4144 A,1JM,2026-05-22,2026-05-29,
0915798,APACHE CORPORATION,UPTON,CC 4144 A,2HA,2026-05-22,2026-05-29,
0915799,APACHE CORPORATION,UPTON,CC 4144 B,3HS,2026-05-28,2026-05-30,
0915803,APACHE CORPORATION,UPTON,CC 4144 D,6HS,2026-05-27,2026-05-31,
0915805,APACHE CORPORATION,UPTON,CC 4144 E,7JM,2026-05-26,2026-06-16,
0914030,APACHE CORPORATION,UPTON,CC 4243 E,10HU,2026-03-26,2026-04-13,
0914037,APACHE CORPORATION,UPTON,CC 4243 F,9HS,2026-03-27,2026-04-14,
0917077,APACHE CORPORATION,UPTON,CONNELL 3847 A,1JM,2026-08-24,,
0916971,APACHE CORPORATION,UPTON,CONNELL 3847 B,2HS,2026-08-07,2026-08-20,
0916976,APACHE CORPORATION,UPTON,CONNELL 3847 B,3HA,2026-08-07,2026-08-22,
0916979,APACHE CORPORATION,UPTON,CONNELL 3847 C,4HU,2026-08-17,2026-08-22,
0917081,APACHE CORPORATION,UPTON,CONNELL 3847 D,5JM,2026-08-24,,
0916987,APACHE CORPORATION,UPTON,CONNELL 3847 E,6HS,2026-08-07,2026-08-23,
0916993,APACHE CORPORATION,UPTON,CONNELL 3847 E,7HA,2026-08-07,,
0917131,APACHE CORPORATION,UPTON,CONNELL 3847 F,8JM,2026-08-24,,
0917194,APACHE CORPORATION,UPTON,CONNELL 3847 G,9HS,2026-08-17,,
0917204,APACHE CORPORATION,UPTON,CONNELL 3847 H,10HA,2026-08-17,,
0917134,APACHE CORPORATION,UPTON,CONNELL 3847 I,11JM,2026-08-24,,
0917026,APACHE CORPORATION,UPTON,LATZEL 3946 A,7HA,2026-08-06,2026-08-21,
0917858,"AQUA TERRA PERMIAN, LLC",UPTON,NEAL '14-B',3903,2026-08-14,,
0912458,FIREBIRD ENERGY II LLC,UPTON,BEVERLY 4726 B,401H,2026-01-12,2026-02-04,
0912459,FIREBIRD ENERGY II LLC,UPTON,BEVERLY 4726 C,501H,2026-01-12,2026-02-02,
0912473,FIREBIRD ENERGY II LLC,UPTON,BEVERLY 4726 D,301H,2026-01-12,2026-02-01,
0917501,PETX OPERATING LLC,UPTON,O'HARROW,1T,2026-08-06,,
0916912,"PIONEER NATURAL RES. USA, INC.",UPTON,NEAL 9A,101H,2026-08-07,,
0916913,"PIONEER NATURAL RES. USA, INC.",UPTON,NEAL 9B,102H,2026-08-03,,
0916914,"PIONEER NATURAL RES. USA, INC.",UPTON,NEAL 9C,103H,2026-08-11,,
0916915,"PIONEER NATURAL RES. USA, INC.",UPTON,NEAL 9D,104H,2026-08-07,,
0916916,"PIONEER NATURAL RES. USA, INC.",UPTON,NEAL 9E,105H,2026-08-07,,
0916918,"PIONEER NATURAL RES. USA, INC.",UPTON,NEAL 9F,106H,2026-08-07,,
0916919,"PIONEER NATURAL RES. USA, INC.",UPTON,NEAL 9G,107H,2026-08-07,,
0916920,"PIONEER NATURAL RES. USA, INC.",UPTON,NEAL 9H,108H,2026-08-03,,
0916922,"PIONEER NATURAL RES. USA, INC.",UPTON,NEAL 9I,109H,2026-08-07,,
0917111,"PIONEER NATURAL RES. USA, INC.",UPTON,SHAUNA-WINDHAM 42H,208H,2026-08-12,,
0917110,"PIONEER NATURAL RES. USA, INC.",UPTON,SHAUNA-WINDHAM 42I,209H,2026-08-10,,
0905138,SUMMIT PETROLEUM LLC,UPTON,ARIA 3,05MS,2025-01-17,2025-06-13,
0917480,ZARVONA ENERGY LLC,UPTON,UNIVERSITY MISTY RED,5022A,2026-08-04,,
0917376,"BASA RESOURCES, INC.",VAN ZANDT,CENTRAL VAN WOODBINE UNIT,437,2026-08-11,,
0917740,"KEBO OIL & GAS, INC.",VICTORIA,PATAGONIA,1,2026-08-12,,
0917799,"MCM OPERATING, LLC",WARD,VULCAN SECTION 2 UNIT,402H,2026-08-21,,
0917801,"MCM OPERATING, LLC",WARD,VULCAN 2-3 F,302H,2026-08-14,,
0917804,"MCM OPERATING, LLC",WARD,VULCAN 2-3 G,403H,2026-08-14,,
0917807,"MCM OPERATING, LLC",WARD,VULCAN 2-3 H,303H,2026-08-14,,
0917810,"MCM OPERATING, LLC",WARD,VULCAN 2-3 I,404H,2026-08-14,,
0917811,"MCM OPERATING, LLC",WARD,VULCAN 2-3 J,304H,2026-08-14,,
0915112,"PERMIAN RESOURCES OPERATING, LLC",WARD,DAVIS 201-200-199 UNIT,221H,2026-05-01,2026-05-15,
0916575,"PERMIAN RESOURCES OPERATING, LLC",WARD,DAVIS 201-200-199 UNIT,222HR,2026-06-22,2026-06-26,
0915114,"PERMIAN RESOURCES OPERATING, LLC",WARD,DAVIS 201-200-199 UNIT,331H,2026-04-30,2026-05-14,
0916576,"PERMIAN RESOURCES OPERATING, LLC",WARD,JAKE 201-200 UNIT,223HR,2026-06-22,2026-06-25,
0917642,PITTS ENERGY CO.,WARD,C. W. EDWARDS ET AL,8,2026-08-10,,
0917524,PITTS ENERGY CO.,WARD,"EDWARDS, C. W. ET AL",9,2026-08-10,,
0917374,PITTS ENERGY CO.,WARD,"EDWARDS, C. W. ET AL",15,2026-08-04,,
0917934,PITTS ENERGY CO.,WARD,"EDWARDS, C. W. ET AL",19,2026-08-20,,
0917761,PITTS ENERGY CO.,WARD,"EDWARDS, JACK -L-",3,2026-08-13,,
0917882,WILLIAMS OIL COMPANY,WARD,EDWARDS 4,2,2026-08-17,,
0918039,AETHON ENERGY OPERATING LLC,WASHINGTON,CLAY CREEK WEST UNIT,259,2026-08-25,,
0918040,AETHON ENERGY OPERATING LLC,WASHINGTON,CLAY CREEK WEST UNIT,260,2026-08-25,,
0918041,AETHON ENERGY OPERATING LLC,WASHINGTON,CLAY CREEK WEST UNIT,261,2026-08-25,,
0918048,AETHON ENERGY OPERATING LLC,WASHINGTON,CLAY CREEK WEST UNIT,262,2026-08-25,,
0917730,MAGNOLIA OIL & GAS OPERATING LLC,WASHINGTON,MAC ARTHUR UNIT,H 02TM,2026-08-12,,
0917814,MAGNOLIA OIL & GAS OPERATING LLC,WASHINGTON,MAC ARTHUR UNIT,H 04TM,2026-08-14,,
0917731,MAGNOLIA OIL & GAS OPERATING LLC,WASHINGTON,MAC ARTHUR UNIT,H 06TM,2026-08-12,,
0917859,MAGNOLIA OIL & GAS OPERATING LLC,WASHINGTON,TRUMAN FIVE,H 05TM,2026-08-18,,
0917732,MAGNOLIA OIL & GAS OPERATING LLC,WASHINGTON,TRUMAN ONE,H 01TM,2026-08-13,,
0917733,MAGNOLIA OIL & GAS OPERATING LLC,WASHINGTON,TRUMAN SEVEN,H 07TM,2026-08-12,,
0917816,MAGNOLIA OIL & GAS OPERATING LLC,WASHINGTON,TRUMAN THREE,H 03TM,2026-08-18,,
0917588,"CATURUS ENERGY, LLC",WEBB,GALVAN RANCH,B950H,2026-08-06,,
0917592,"CATURUS ENERGY, LLC",WEBB,GALVAN RANCH,B952H,2026-08-06,,
0917593,"CATURUS ENERGY, LLC",WEBB,GALVAN RANCH,B954H,2026-08-06,,
0917900,"CATURUS ENERGY, LLC",WEBB,NEEDMORE,25H,2026-08-19,,
0917902,"CRESCENT ENERGY OPERATING, LLC",WEBB,FASKEN STATE,223H,2026-08-18,,
0917903,"CRESCENT ENERGY OPERATING, LLC",WEBB,FASKEN STATE,224H,2026-08-18,,
0917904,"CRESCENT ENERGY OPERATING, LLC",WEBB,FASKEN STATE,225H,2026-08-18,,
0917541,"EOG RESOURCES, INC.",WEBB,CODIGO,23H,2026-08-11,,
0917543,"EOG RESOURCES, INC.",WEBB,CODIGO,24H,2026-08-12,,
0917544,"EOG RESOURCES, INC.",WEBB,CODIGO,25H,2026-08-13,,
0917547,"EOG RESOURCES, INC.",WEBB,CODIGO,26H,2026-08-13,,
0917548,"EOG RESOURCES, INC.",WEBB,CODIGO,27H,2026-08-13,,
0917549,"EOG RESOURCES, INC.",WEBB,CODIGO,28H,2026-08-13,,
0917550,"EOG RESOURCES, INC.",WEBB,CODIGO,29H,2026-08-13,,
0917551,"EOG RESOURCES, INC.",WEBB,CODIGO,30H,2026-08-13,,
0917558,"EOG RESOURCES, INC.",WEBB,CODIGO,113H,2026-08-17,,
0917560,"EOG RESOURCES, INC.",WEBB,CODIGO,114H,2026-08-17,,
0917562,"EOG RESOURCES, INC.",WEBB,CODIGO,115H,2026-08-17,,
0917563,"EOG RESOURCES, INC.",WEBB,CODIGO,116H,2026-08-17,,
0917724,"EOG RESOURCES, INC.",WEBB,G-B STATE E,302H,2026-08-13,,
0917717,"EOG RESOURCES, INC.",WEBB,G-B STATE F,102H,2026-08-17,,
0911179,"ESCONDIDO RESOURCES OPER CO, LLC",WEBB,MATRIX CASPIAN AA,63H,2025-10-22,2026-01-18,
0911177,"ESCONDIDO RESOURCES OPER CO, LLC",WEBB,MATRIX CASPIAN C,108H,2025-10-22,,
0917356,"KILLAM OIL CO., LTD.",WEBB,STATE OF TEXAS RAFTER O UNIT B,12H,2026-08-07,2026-08-17,
0917651,"LEWIS PETRO PROPERTIES, INC.",WEBB,GATES 07-DR,1020H,2026-08-06,,
0917652,"LEWIS PETRO PROPERTIES, INC.",WEBB,GATES 07-DR,1021H,2026-08-06,,
0917653,"LEWIS PETRO PROPERTIES, INC.",WEBB,GATES 07-DR,1022H,2026-08-06,,
0917654,"LEWIS PETRO PROPERTIES, INC.",WEBB,GATES 07-DR,1023H,2026-08-06,,
0917228,"LEWIS PETRO PROPERTIES, INC.",WEBB,LA MESA SA C,500H,2026-07-31,,
0916001,"LEWIS PETRO PROPERTIES, INC.",WEBB,LAUREL SA B,500H,2026-06-03,,
0916002,"LEWIS PETRO PROPERTIES, INC.",WEBB,LAUREL SA C,1004H,2026-06-03,,
0913201,MITSUI E&P USA LLC,WEBB,JUSTAPOR A,102H,2026-02-12,,
0917546,"PURSUIT OIL & GAS STX, LLC",WEBB,SPRINGER NORTH AA,1H,2026-08-05,,
0917552,"PURSUIT OIL & GAS STX, LLC",WEBB,SPRINGER NORTH AA,2H,2026-08-06,,
0917553,"PURSUIT OIL & GAS STX, LLC",WEBB,SPRINGER NORTH AA,3H,2026-08-06,,
0917402,"RIO GRANDE E&P II, LLC",WEBB,JUNCO RANCH,6H,2026-07-29,2026-08-10,
0917404,"RIO GRANDE E&P II, LLC",WEBB,JUNCO RANCH,7H,2026-07-29,2026-08-14,
0917812,SM ENERGY COMPANY,WEBB,BRISCOE C,0129H,2026-08-18,,
0917813,SM ENERGY COMPANY,WEBB,BRISCOE C,0139H,2026-08-18,,
0917938,"KODIAK OIL & GAS, INC.",WICHITA,THROCKMORTON,1,2026-08-24,,
0917572,"BURK ROYALTY CO., LTD.",WILBARGER,CONDON,1U,2026-08-04,,
0917569,"BURK ROYALTY CO., LTD.",WILBARGER,CONDON,11,2026-08-04,,
0917570,"BURK ROYALTY CO., LTD.",WILBARGER,CONDON,12,2026-08-04,,
0917571,"BURK ROYALTY CO., LTD.",WILBARGER,CONDON,13,2026-08-04,,
0917668,"BURK ROYALTY CO., LTD.",WILBARGER,HANNA TRUST,1,2026-08-06,,
0917672,"BURK ROYALTY CO., LTD.",WILBARGER,SUMNER,2,2026-08-18,,
0917673,"BURK ROYALTY CO., LTD.",WILBARGER,SUMNER,3,2026-08-07,,
0917734,"BURK ROYALTY CO., LTD.",WILBARGER,SUMNER HEIRS,5,2026-08-12,,
0917736,"BURK ROYALTY CO., LTD.",WILBARGER,WHITEFISH A,1,2026-08-12,,
0917737,"BURK ROYALTY CO., LTD.",WILBARGER,WHITEFISH A,2,2026-08-12,,
0917738,"BURK ROYALTY CO., LTD.",WILBARGER,WHITEFISH B,1,2026-08-12,,
0917589,"WAGGONER OPERATING, L.L.C.",WILBARGER,WAGGONER SOUTH RED,362EP,2026-08-06,,
0917835,"PALOMA OPERATING, LLC",WILSON,WISEMAN,1H,2026-08-14,,
0917942,"WARWICK-ARTEMIS, LLC",WILSON,KOLENDA B,2H,2026-08-20,,
0916584,"BLACKBEARD OPERATING, LLC",WINKLER,SHIELD MAIDEN 54-55,353H,2026-06-26,2026-07-07,
0914293,MEWBOURNE OIL COMPANY,WINKLER,BULLET BOB 18/7 B,F101NC,2026-03-30,,
0914294,MEWBOURNE OIL COMPANY,WINKLER,BULLET BOB 18/7 C,F101OB,2026-03-27,,
0914296,MEWBOURNE OIL COMPANY,WINKLER,BULLET BOB 18/7 D,F101PA,2026-03-27,,
0917472,MEWBOURNE OIL COMPANY,WINKLER,DANDY DON 28/16 A,F101PI,2026-08-04,,
0917528,"BKV BARNETT, LLC",WISE,"MCALISTER, O H GU 21 (AW)",21H,2026-08-12,,
0917645,"LAKOTA ENERGY, LTD.",WISE,MURPHY,1H,2026-08-07,,
0917646,"LAKOTA ENERGY, LTD.",WISE,MURPHY,2H,2026-08-13,,
0917790,"FAIR OIL, LTD.",WOOD,MCALLISTER,1,2026-08-13,,
0916758,"MONTARE OPERATING, LTD.",WOOD,NEUHOFF (BUDA-WOODBINE) UNIT,10ST,2026-06-29,,
0916760,"MONTARE OPERATING, LTD.",WOOD,NEUHOFF (BUDA-WOODBINE) UNIT,18ST,2026-06-29,,
0916759,"MONTARE OPERATING, LTD.",WOOD,SASI RANCH UNIT,2XT,2026-06-26,,
0916761,"MONTARE OPERATING, LTD.",WOOD,SASI RANCH UNIT,4ST,2026-06-26,,
0917784,OCCIDENTAL PERMIAN LTD.,YOAKUM,WASSON ODC UNIT,595,2026-08-13,,
0917540,OCCIDENTAL PERMIAN LTD.,YOAKUM,WASSON ODC UNIT,698,2026-08-04,,
0917770,OCCIDENTAL PERMIAN LTD.,YOAKUM,WASSON ODC UNIT,918H,2026-08-13,,
0917780,OCCIDENTAL PERMIAN LTD.,YOAKUM,WASSON ODC UNIT,919H,2026-08-14,,
0917777,OCCIDENTAL PERMIAN LTD.,YOAKUM,WASSON ODC UNIT,921H,2026-08-13,,
0917774,OCCIDENTAL PERMIAN LTD.,YOAKUM,WASSON ODC UNIT,922,2026-08-13,,
0917787,OCCIDENTAL PERMIAN LTD.,YOAKUM,YOAKUM WASSON CLEARFORK UNIT,8653H,2026-08-14,,
0917789,OCCIDENTAL PERMIAN LTD.,YOAKUM,YOAKUM WASSON CLEARFORK UNIT,8654H,2026-08-13,,
0917533,OXY USA WTP LP,YOAKUM,WILLARD UNIT,116B,2026-08-03,,
0917840,OXY USA WTP LP,YOAKUM,WILLARD UNIT,140 C,2026-08-17,,
0917841,OXY USA WTP LP,YOAKUM,WILLARD UNIT,156 A,2026-08-17,,
0917542,OXY USA WTP LP,YOAKUM,WILLARD UNIT,184B,2026-08-06,,
0917778,"RILEY PERMIAN OPERATING CO, LLC",YOAKUM,CLEVELAND A 601,5H,2026-08-14,,
0917817,"RILEY PERMIAN OPERATING CO, LLC",YOAKUM,CLEVELAND A 601,35H,2026-08-13,,
0917147,"RILEY PERMIAN OPERATING CO, LLC",YOAKUM,LAZY HORSE 581-600 D,35XH,2026-07-10,,
0917881,"RING ENERGY, INC.",YOAKUM,BOOMS FARM 710 - 727,1XH,2026-08-20,,
0917555,"TEXLAND PETROLEUM, L.P.",YOAKUM,"HOOKER, L.H.",3,2026-08-04,,
0917554,"TEXLAND PETROLEUM, L.P.",YOAKUM,"HOOKER, L.H.",7,2026-08-04,,
0914365,"TEXLAND PETROLEUM, L.P.",YOAKUM,"HOOKER, L.H.",8,2026-04-23,2026-07-10,
0917753,"TEXLAND PETROLEUM, L.P.",YOAKUM,"HOOKER, L.H.",9,2026-08-12,,
0914217,"TEXLAND PETROLEUM, L.P.",YOAKUM,"HOOKER, L.H.",10,2026-03-19,2026-07-23,
0917561,"TEXLAND PETROLEUM, L.P.",YOAKUM,"POWELL, MATTIE 'A'",5,2026-08-04,,
0917566,"TEXLAND PETROLEUM, L.P.",YOAKUM,"POWELL, MATTIE 'A'",7,2026-08-04,,
0917518,"B.O.L.D. OIL AND GAS, LLC",YOUNG,BULLOCK 280,2S,2026-08-04,,
0918000,BORDERLINE OPERATING CORP.,YOUNG,LOVING RANCH,11,2026-08-24,,
0917925,"RUTHSON ENERGY, INC.",YOUNG,S HUGHES UNIT,7,2026-08-24,,
0916274,"BLACKBRUSH O & G, LLC",ZAVALA,CHITTIM HEIRS,405H,2026-06-12,2026-06-24,
0915192,"GULFTEX ENERGY, LLC",ZAVALA,BLACKMON,1H,2026-04-30,,
0915262,"GULFTEX ENERGY, LLC",ZAVALA,URBAN,1H,2026-05-04,2026-05-13,
